channel_id,channel_title,channel_description,created_at,country,topic_category,custom_url,uploads_playlist_id,discovery_keyword,is_active
UC-2JsFNClcIesgd7UmtGnpw,빗시,"☾ 주 3회 업로드
☾ 발로란트 파트너


☾ Avatar : Chocolate rice
",2023-01-16 14:58:08,KR,Video_game_culture,@빗시,,,1
UC-2wa6jvprl7hfCpvw0ULzg,오버워치,"오버워치는 무료 플레이 가능한 슈팅 게임으로, 50명이 넘는 개성 있는 영웅과 전세를 뒤집는 능력을 만나볼 수 있습니다. 영웅을 선택하고 친구들과 팀을 이뤄 색다른 전장과 모드에서 궁극의 팀 기반 슈팅 게임을 플레이하세요.",2014-10-07 22:54:54,KR,Role-playing_video_game,@overwatchkr,,,1
UC-8S20Ll1gzPiu_YY8BgyaQ,캐인유튜브," 비주류챔 ,뉴메타를 주로합니다


비즈니스 문의 : sj009468@naver.com
",2016-05-18 13:04:24,KR,Role-playing_video_game,@캐인유튜브,,,1
UC1Ns07Rw0lQK-KuaPHfRRTw,아저씨,"아저씨의 인생이야기 입니다.
예전 아이디는 써니이드 입니다.
오버워치, 스크린 골프 좋아하는 영포티 입니다.
여러가지 게임을 좋아합니다.
38살이구요 
인생은 게임이라고 생각합니다.
클럽하우스, 유튜브 라이브  합니다.
매일 KST 21:00 ~ 24:00 (컴퓨터 앞에서 방송 합니다, 개인사정으로 못할때도 있어요)

구독, 좋아요, 알림설정, 좋아요 전체 설정 더 좋아요.

아저씨였습니다.
인생이야기 브랜드 채널도 있어요

디스코드 주소
https://discord.gg/ZsxXFt8z

인스타그램(아저씨)
https://www.instagram.com/taeyang7860/

아저씨 채널 주소
https://www.youtube.com/channel/UC1Ns07Rw0lQK-KuaPHfRRTw

인생이야기 주소
https://www.youtube.com/@%EC%95%84%EC%A0%80%EC%94%A8-u4d/streams

#아저씨, #오버워치2, #game,   #clubhouse,    #overwatch2 , #kakaotalk, #screengolf ,#golf

",2011-10-19 15:57:55,KR,Video_game_culture,@아저씨-u4d,,,1
UC1WeiR54H5DCDUUdo1kD9ig,와팬 Wapan,"안녕하세요~ 저는...어,..엏어, 아니에요
",2016-11-06 12:31:55,KR,Role-playing_video_game,@wapan_,,,1
UC1aBdmKvC6yAiq4xgPLOzKA,롤체고찌 [롤체하는 다마고찌],"롤체를 잘 하고 싶어 유튜브를 시작했지만 낭만을 포기할 수 없었던 햄스터
",2021-11-17 10:29:06,KR,Video_game_culture,@롤체고찌,,,1
UC3RUc7q8XLdPQtG16A9ad6A,🎮불랙,저는블랙입니다,2022-11-12 08:38:35,,Video_game_culture,@순둥이게임방송,,,1
UC3RzmV2LX3AmWhZVx0A7u0A,뒷목잡는맹꽁이방,"이곳은 당신의 시신경과 달팽이관을 자극하는 채널입니다. 
시청후 생기는 문제에 뒷목잡아도 일절 책임지지않습니다. 

팬아트 보내는곳 or 문의사항, 궁금한것들: : zkvlzot1234@gmail.com",2014-08-29 20:36:10,KR,Video_game_culture,@the_rage_frog,,,1
UC3ST9mXJaXpuuOfIa6rqLTQ,모바일 퍼즐 게임 로얄 매치 플레이어,"모바일 퍼즐 게임 로얄 매치
하루 1개 꼭 업로드

[themost] 길드 운영
댓글 달아 주시면
가입 가능하도록 조치하겠습니다
여쭤보실게 있으시면 언제나 여쭤보세요:)
",2015-06-27 04:33:14,KR,Video_game_culture,@royalmatchplayer,,,1
UC3Z9lUjG5BU60sce2-Axbjw,생갈치와메이플스토리,생갈치와 메이플스토리 옛날영상 모음집,2019-05-15 14:10:01,KR,Role-playing_video_game,@생갈치와메이플스토리,,,1
UC3_QWAvQRhPW4CDoQU8acKw,주루,"오버워치를 주로 하지만 다른 것도 많이 함.

개인문의 : sjkm12345@naver.com
비즈니스 문의 : marketing@parble-asia.com
",2013-05-08 05:27:21,,Video_game_culture,@juru123,,,1
UCDHGqgpiHQAsE0UiltRqhfQ,팀갈연구소,"fc온라인 피파온라인4 공식경기용 선수 추천

tglaboratory11@gmail.com
",2024-11-17 07:28:48,KR,Video_game_culture,@팀갈연구소,,,1
UCDLDbittWhk2KXvaCT0YpZQ,플레임TV,"각종 문의 : flametv@sandboxnetwork.net

청소게임 전문이자 종합 게임 유튜버
",2012-02-19 11:16:53,KR,Role-playing_video_game,@플레임tv,,,1
UCDMD0pvXx42K8z8l8at6Huw,춘식,발로란트 하이라이트 장면을 올리는 계정입니다,2022-11-29 06:45:51,,Video_game_culture,@춘식-kr-c3n,,,1
UCDUpJh1Ek3plo34sGriwe-w,Let me solo her,"Elden Ring player known as ""Let me solo her""

discord.gg/LMSH






business inquiries: letmesoloher@geexplus.co.jp


",2016-01-06 03:26:24,US,Video_game_culture,@lmsh,,,1
UCDYAog4sNhwQ5pXtAZiT0Og,스카우터,"- 뇌지컬 피파 연구소 스카우터 -
피파는 지능순이다.
문의: smelong93@gmail.com
",2014-07-12 16:40:01,KR,Video_game_culture,@스카우터,,,1
UCEg24oF81p-THPtp3otdmTA,아야,치지직 생방송에서 만나요 ! ✨,2021-09-30 07:57:24,KR,Video_game_culture,@아야aya,,,1
UCEjXNNB9IKEa4HfLQVt8VEg,찰스의 고전게임,고전게임 공략 컨텐츠 입니다.,2021-05-13 04:28:37,KR,Role-playing_video_game,@찰스의고전게임,,,1
UCHeg3ApmuXQbqqszaD1fR9g,남다름TV,"노래와 게임을 좋아하는 남다름입니다
SOOP , 유튜브에서 동시 송출을 하고 있습니다!

문의 : namdareum0331@naver.com
",2019-10-10 20:28:02,KR,Video_game_culture,@남다름입니다,,,1
UCHoo90P0hvh2rrbGvX53G0A,RattyRy,Check me out on twitch at twitch.tv/rattyry I do challenge runs and stream most days. Business email rattyry@mythictalent.com,2023-05-27 02:05:43,US,Role-playing_video_game,@rattyry,,,1
UC4VWaR3R17Ruc7j1Cy1-PKQ,게임찍먹 전문 겜노인,"평생 게임만 하다가 늙을 대로 늙어버린 겜노인. 하지만 게임만큼은 버릴 수 없다!
여기저기 산적해 있는 게임들만 찾아서, 이제 막 출시된 따끈한 게임, 남들이 안하는 게임만 찾아서 찍먹 해봅니다.
오늘도 계속되는 찍먹 라이프, 언젠가 부먹할 게임 나오겠죠?

-게임 종합채널! 플스, 엑박, 스팀, 에픽스토어, 스위치, 고전게임까지 몽땅 합니다!
-신작게임 찍먹 갑니다! 첫 플레이 및 한줄평!
-수다 떨며 신작 함께 즐겨요! 게임찍먹 녹방!
-끝까지 달려봐요! 시작부터엔딩까지
-이달의 찍먹 게임은 무엇? 찍먹랭킹!

WWE 2K 시리즈와 무쌍 시리즈, 모탈컴뱃, 건담 게임 시리즈는 부먹으로 달립니다!
",2013-10-02 06:11:15,KR,Video_game_culture,@gamnoin,,,1
UCBexUDlBSJM2h4xZB3ch53g,Zang,"혼자 RTS +  영지경영 + 디펜스 요소가 들어간 게임 DawnKeep을 만들고 있는 고등학생 개발자입니다.
현재 GIGDC 와 BIC 출품을 목표로 개발 중입니다.
문의 : whjang09@gmail.com
",2019-11-27 12:05:19,KR,Role-playing_video_game,@zang_gamedev,,,1
UCBidluUUxzT_5jVOI_2x2MQ,미스터호두TV,"생방송은 저녁 7시 전후로  치지직에서 하고 있습니다. 
고전게임과 스팀 등의 종합게임을 하는 스트리머 입니다.",2009-06-07 19:03:22,KR,Puzzle_video_game,@song20038,,,1
UC86C8ooWL5F9NDMT6o-AZjQ,배그튜브 - 배틀그라운드 하이라이트,"안녕하세요! 배틀그라운드의 재밌는 장면, 웃긴 장면, 인상깊은 장면 등을 볼 수 있는 하이라이트 채널입니다 :)

문의 및 제보는 battlegroundtube@naver.com로 연락주시면 됩니다!",2020-08-19 07:26:32,KR,Video_game_culture,@battlegroundtube,,,1
UC86GXx7Ap-Cahlb0r0xT-ZQ,GTA Crash,"Since my inception with games, GTA loved the fun of missions, especially the crashes. I loved smashing cars in GTA SAN ANDREAS until the release of GTA 4 appeared. The modification of the game is now very cool, and the control of cars in the game is very real. That is why I decided to share with you every day recordings of crashes that are almost In fact, I hope you like it. Welcome to your second home .
🔹Birth Of My Channel🔹 17/02/2023
🔹100 SUBSCRIBES    🔹  08/04/2023
🔹1‌K SUBSCRIBES      🔹  05/05/2023
🔹10‌K SUBSCRIBES    🔹  25/09/2023
🔹20‌K SUBSCRIBES    🔹  11/02/2024
🔹50K SUBSCRIBES    🔹  05/03/2025
🔹My Next GooL,      🔥✨100K ✨🔥",2023-02-16 17:34:39,DZ,Simulation_video_game,@gtaivcrash,,,1
UC8C0Yd20ke5XqOiZvMVgM9w,Google Play Korea,"Google Play의 공식 YouTube 채널입니다.

#GooglePlay
",2018-08-29 02:58:16,KR,Video_game_culture,@googleplaykorea,,,1
UC8CIM3d3zDYMk-3T5aAz0yw,혜안,여러분의 유튜버 혜안입니다,2017-03-23 21:58:04,KR,Video_game_culture,@hxxax,,,1
UC9M8GGVwPqc9ubNruArCNPg,발로란트,"발로란트 한국 공식 채널입니다.

구독과 알림설정은 필수! 홈페이지에서 무료로 다운받고 게임 플레이도 필수!

여러분의 실력을 마음껏 펼칠 수 있는 새로운 무대 발로란트를 선보입니다. 
발로란트는 라이엇 게임즈에서 만든 5대5 캐릭터 기반 전술 슈팅 게임입니다.

발로란트에 대한 더 자세한 내용을 PlayVALORANT.com 사이트에서 확인하시고, 
다양한 공식 소셜 채널을 통해 최신 소식도 놓치지 마세요.

유튜브 채널 : https://www.youtube.com/c/VALORANTkr
발로란트 인스타그램 : https://www.instagram.com/valorantkr/
발로란트 페이스북 : https://www.facebook.com/VALORANTKR/
발로란트 챔피언스 투어 : https://www.youtube.com/@ValorantEsportsKR
",2020-01-31 05:11:52,KR,Video_game_culture,@valorantkr,,,1
UC9_jYyQpclAhI2qNo3Yf_4A,히향,"종합 게임 스트리머 히향 입니다
치지직 - 생방은 화 / 목 / 토 
저녁 10시~ 1시에 진행됩니다.
",2026-03-07 02:59:08,,Video_game_culture,@hihyang1,,,1
UC9bicYGdrx2YllCCg5H81Cw,주둥이방송 게임,,2024-06-19 09:30:50,KR,Video_game_culture,@joodoonge_game,,,1
UCPv0av3PfTUeTnHGgcXkk8w,린에이지의 게임 실황 (원본 채널),"스트리밍은 오전 9시 언저리에 시작합니다.
진행 중인 게임을 우선하고 가끔 하고 싶은거 할 때도 있습니다.
ㅡㅡㅡㅡㅡㅡㅡㅡㅡㅡㅡㅡㅡㅡㅡㅡㅡㅡㅡㅡㅡㅡㅡㅡㅡㅡㅡㅡㅡㅡㅡ
오전 스트리밍 이후에(2부~3부)는 11~22시 사이에 진행합니다.
해당 시간에 시작하지 않는다면 그 날의 추가 방송은 없습니다.
ㅡㅡㅡㅡㅡㅡㅡㅡㅡㅡㅡㅡㅡㅡㅡㅡㅡㅡㅡㅡㅡㅡㅡㅡㅡㅡㅡㅡㅡㅡㅡ

게임을 좋아해서 재미있게 즐기려고 노력하는 편입니다.

다양한 장르와 플랫폼의 게임을 플레이하고
가급적 모든 도전과제(모든 트로피 획득)를
완료하는 것을 목표로 게임을 진행합니다.

RPG식 레벨링, 경험치, 재화 파밍(즉, 노가다)을 즐기고
에디터나 모드를 사용한 플레이도 좋아합니다.

기본적으로 쉽고 편한 플레이 선호.

특정 조건 만족 전까지는 멘트가 없습니다.(채팅만 함)
",2012-12-22 17:25:36,KR,Video_game_culture,@yjkgo,,,1
UCQ5KMP03ifjJ8mDeyjWeZ7g,스타어때,스타크래프트의 추억 명경기 어때?,2023-11-28 14:45:24,KR,Strategy_video_game,@스타어때,,,1
UCQ9eDVhFn_jq7eTpjf21ouA,발__젭,고민중,2015-06-05 13:11:34,,Video_game_culture,@발__젭,,,1
UCQDGJQe8X9tbk_i8Na3VVXg,Tommy Starcraft,"Starcraft  스타크래프트  星海爭霸  スタークラフト
10000000000
  





",2017-09-23 21:01:16,DE,Strategy_video_game,@tommystarcraft2,,,1
UCV7WE8I_UiAN0fa6Arezx_w,롤 관전 매니저,"롤 관전, 장인 관전 채널입니다
매일 오후 1시 업로드 롤 관전 채널 롤 관전 매니저
* 좋아요와 구독은 큰 힘이 됩니다! / Don't forget to subscribe! : https://bit.ly/3cVxpsK
",2020-09-08 23:38:16,KR,Strategy_video_game,@롤관전매니저,,,1
UCT-UsvGz4gm7lezXvCEex9A,다인,"🎧 소리와 함께 즐기는 리듬 건축 | Satisfying Rhythm Building

안녕하세요! 건축하는 다인(Dine)입니다. 
블록이 쌓이는 소리와 박자에 맞춰 완성되는 건축을 감상해보세요. 
눈과 귀가 즐거운 마인크래프트 아이디어와 힐링을 선물해 드립니다. 
(이어폰을 착용하시면 더 생생하게 즐기실 수 있습니다!)

#마인크래프트 #건축 #MinecraftBuild #Satisfying #ASMR

📌 저작권 안내 (Copyright)

이 채널의 모든 영상은 저작권법에 의해 보호됩니다. 
영상의 무단 다운로드, 재업로드(유튜브 포함) 및 2차 편집을 금지합니다. 
위반 시 법적 책임을 물을 수 있습니다.

ⓒ 2025 ~  Dine. All rights reserved.

📩 협업·비즈니스 문의  
mdinebusiness@gmail.com


",2025-08-08 05:16:00,KR,Video_game_culture,@d_ine,,,1
UCT1rPAer42HB9bYwE-hTCzA,메이플스토리그대생각,오픈프로필 : https://open.kakao.com/o/sYSIOXbf,2019-02-18 23:42:18,,Video_game_culture,@메이플스토리그대생각,,,1
UCT6Vy6E3x4Rk2iRUuyETD2g,모리의게임방송 ,"저희 모리의게임방송 멤버채널입니다
게임멤버:검뜨,꿀,비잼,김수피",2025-07-22 10:17:06,,Video_game_culture,@모리의게임방송,,,1
UCT807kAu6fmwES8B5698e2w,헤비 Hebi,"
",2025-04-24 07:46:03,KR,Video_game_culture,@헤비_hebi,,,1
UCKY2DOkLOyPLlvGHI3XQw0Q,겜알못,"게임회사에서 일했지만 정작 게임은 많이 해보지 못한 서버 개발자입니다.

회사를 나와서 AI로 혼자 인디게임을 만들고 있어요.
우당탕탕 시행착오, 개발 과정, 비용 공개, 출시 후 결과까지 그대로 공유합니다.

문의 : juhyup12@naver.com

",2026-03-14 09:24:33,KR,Video_game_culture,@gamealmot-dev,,,1
UCKYdD83f363lIzcAwwhB-_A,메이플 딘썽,안녕하세요! 스카니아 서버 딘썽입니다! 즐거운 메이플이 되는 그날까지!(๑•̀ㅂ•́)و✧,2019-06-06 05:19:12,KR,Video_game_culture,@maple_dinssung,,,1
UCKYqtXYbSqaEwBmX43Q13Tw,두니주니,TFT 챌린저 & 10시즌 동아시아 챔피언 두니주니 유튜브 입니다.,2019-10-21 15:33:03,KR,Video_game_culture,@dumoring,,,1
UCKdMKb1IohGntRynCspmhZg,IrieGenie,"안녕하세요 이리지니입니다.
마인크래프트 초보자도 쉽게 따라할 수 있는 건축 영상을 만들고 있어요!
재밌게 시청해 주시면 감사하겠습니다. :)

Welcome to my channel!
I make Minecraft building tutorials that anyone can easily follow.
Hope you enjoy them! :)",2020-02-29 12:59:29,KR,Role-playing_video_game,@iriegenie,,,1
UCKiCT33Gmj3mlJ5xh-9ZUqw,이재석,,2019-04-09 00:09:44,KR,Strategy_video_game,@이재석,,,1
UCKmOaDLQpgbsmGsHpV9688g,발컨의게임리뷰,"공지 꼭 확인 부탁드립니다: https://youtu.be/07gzc4ezKDM
멤버십 가입하셔서 ""압도적 킹컨""이 되어보세요!
https://www.youtube.com/channel/UCKmOaDLQpgbsmGsHpV9688g/join

발컨의 게임 리뷰입니다. 주로 게임 속 스토리에 중점을 두고 리뷰를 합니다. 댓글을 통해 게임과 제 영상에 대한 많은 이야기들이 오고갔으면 좋겠습니다. 감사합니다!",2015-02-13 01:38:42,KR,Role-playing_video_game,@발컨의게임리뷰,,,1
UCKrprPfevcAZpPuRnCO6xOA,푸딩2,"치지직에서 방송한 영상은 이 채널로 올라옵니다!

치지직 : https://chzzk.naver.com/c49bf0f2ace91d2ec9f3bd21bff57a32
",2021-01-21 09:15:25,,Strategy_video_game,@푸딩2,,,1
UCNu00qhYj4nPeMNdxuwV6sg,밀핀 모바일 게임채널,"🔴광고 문의 : mkt@metaplug.co.kr
🔴계좌후원 : 토스뱅크 1000-0162-9182 김X인

투네이션(toon)후원  :   https://toon.at/donate/636720065765788857
YouTube서포터 후원주소입니다!  :   https://www.youtube.com/channel/UCNu00qhYj4nPeMNdxuwV6sg/join

안녕하세요 밀핀 모바일 게임채널 입니다 
항상 즐거운 마음으로 여러분들과 함께 즐기고 웃을수 있는 방송 하겠습니다 

*확률형 아이템 포함하고 있습니다*

U-4443793
",2018-07-31 09:07:45,KR,Role-playing_video_game,@밀핀tv,,,1
UCNymqCXr3sxL8dnmO_jScuA,주식회사 중계진,"20년간 중계만 한 사람들이 직접 컨텐츠를 만드는 유튜브 채널 (주)중계진입니다.
친한 동료들 끼리 다양한 컨텐츠를 만들기 위해서 직접 스튜디오를 만들었고 매주 컨텐츠를 진행하고 있습니다.

같은 취미를 가진 분들이 오랫동안 함께 즐길 수 있는 컨텐츠를 꾸준히 만들겠습니다.
항상 정신 없이 바쁘게 돌아가는 세상에서 조금이라도 즐거움을 느낄 수 있으면 하는 바람입니다.
 
여러분께 감사하는 마음으로 항상 즐겁게 방송하고 있습니다.
 

컨텐츠 제작 후원사를 모집하고 있습니다. 후원&협찬 문의 메일 : rx003@etalent.co.kr",2019-05-14 10:25:15,KR,Role-playing_video_game,@etalent-tv,,,1
UCO203d-HvWROK_vpGbWASDw,인디,"이런저런 게임을 하는 종합게임 채널입니다

자주 찾아와주시면 큰 힘이 됩니다
",2016-09-12 07:27:19,KR,Role-playing_video_game,@indieyoutube,,,1
UCO8ToDSM2Gvt3EZdOdosxTw,쭌베 ,"전프로 챌린저 미드 쭌베입니다!
모든 미드 챔피언을 다루는 강의 채널이에요.
TMI : 혀는 짧지만 실력은 깁니다

비즈니스 문의 - zunebay@naver.com
",2017-11-25 07:43:02,KR,Strategy_video_game,@쭌베,,,1
UCPGl9DV2WUgaqGVXtVrhJWQ,모스최고 한대영 2026년 런게임 유튜버,재미있는 에픽 미니게임즈와 파티 엘리베이터 탑사기와 슈퍼밤 서바이벌과 앵그리버드 게임과 더 흥미진진 한 메가 숨바꼭질 술래 뽑기를 계속 올려드리겠습니다! (기대해 주세요!),2020-02-22 01:40:54,,Video_game_culture,@run5495,,,1
UCby0vMKcLR05ZdS90aZd5og,유튜브구비,"●구비소개●

👉채널명: 구비

👉콘텐츠: 꿀잼빡겜

👉나이:서른마흔다섯살

👉출신:한국

신입 유튜버 입니다
아직 스크리밍과 편집에 대해서 잘모르지만 
잘해보려고 열심히 노력중입니다
기대해주세요 감사합니다
구독과 좋아요☆☆

https://toon.at/donate/gubi


오버워치 꿀잼 빡겜 유저",2013-06-01 01:51:44,KR,Video_game_culture,@user-gooby,,,1
UCgO8sNnksVuKcuTVTQKSK3A,영듀 유튜브,"치지직 영듀 공식 유튜브 채널임다 ㅇㅅㅇ
",2023-01-03 11:56:54,KR,Video_game_culture,@0due_youtube,,,1
UCgRJPSNPfkne9kBdy7TBgHw,미츠mich - rlcraft전문공략채널,"안녕하세요

rl크래프트, RLcraft, 마인크래프트를 포함한 종합게임 및 일상유튜브입니다.

한국 유일한 Rlcraft 전문 공략 채널입니다.

초보자분들을 위한 공략으로 최대한 쉽고 가성비 있게 잘 적응할 수 있는 공략을 올립니다.
더한 고인물들과 정확한 리딩은 언제나 환영입니다

https://discord.gg/BKT3frwJeM 미츠TV 디스코드 입장하기

https://www.youtube.com/@%EB%85%B8%EB%9E%98%EB%B6%80%EB%A5%B4%EB%8A%94%EB%AF%B8%EC%B8%A0/videos
노래부르는미츠 채널주소
https://toon.at/donate/mich-rlcraft 미츠 투네이션 후원 주소
",2019-12-06 00:51:51,KR,Strategy_video_game,@mich-rlcraft,,,1
UCgT-gb3favw2jQgwxbbwwaA,잡상싱,"승상싱 잡동사니 유튜브 부채널입니ㄷ ㅏㅡㅑ
mg.winupsing@gmail.com 
",2022-04-11 07:45:41,KR,Role-playing_video_game,@잡상싱,,,1
UCkrJBQAut47U8xMUuv8D_3g,옌룡,"크아아아아앙!!!! 짱 쎈 옌룡이 울부짖었따.
옌룡 하이라이트 영상이 올라옵니다.
",2021-04-16 13:10:00,KR,Video_game_culture,@옌룡,,,1
UCkrNv6xF8j7QZmWb3UeAH8A,최과장,"롤토체스 연구원 최과장입니다.
승진하기 위해서 열심히 일하겠습니다
문의 : yd000505@gmail.com
",2012-11-16 11:08:16,KR,Strategy_video_game,@gwa_jang_choi,,,1
UCksGX0hODm1Ev6mysrToMqg,상덕,광고 및 모든 문의 : starfish@starfishentertainment.co.kr,2021-10-05 13:14:56,KR,Role-playing_video_game,@sangduck,,,1
UCW1FuNP_2X03y7H0HIujOTA,동네 백수의 게임이야기,"안녕하세요. 게임과 결혼한 남자 동네백수입니다.
스팀게임 및 각종 PC게임과 온라인게임 등 가리지 않고 플레이합니다.
",2022-06-30 11:57:37,KR,Role-playing_video_game,@baek_soo_gamer,,,1
UCWH9vqm4yM9MHiSUPTfdJYg,로마,"심심할 때 밥 먹을 때 화장실 갈 때 학교 갈 때 학원 갈 때 야동 볼 때 게임 할 때 데이트 할 때 여행 갈 때 결혼 할 때 목욕탕가서 아저씨 등 밀어줄 때 왁싱 할 때 미용실 갈 때 보기 좋은 발로란트 채널

디스코드 팬서버, 간단한 문의 - https://discord.gg/7THVGgXUwj

개인 문의 - gold.pig.0305@gmail.com
비즈니스 문의 - ad@lolq.co.kr
",2024-07-27 06:49:06,,Video_game_culture,@킴러마,,,1
UCWKOw78U77xw8alsPSW_AeA,재그,"발로란트 파트너 크리에이터 재그입니다!
개인 문의 : JAGkorea5@gmail.com
",2018-12-23 10:42:15,KR,Video_game_culture,@재그,,,1
UCWU2V62eLE3oQ7AjIGS2STQ,꽉변호사Live 다시보기,"꽉변호사 라이브영상이 업로드되는 채널입니다.
https://chzzk.naver.com/9f027ef0227871aa1dbce2a1c3350226
*본 채널의 영상 중 일부 요소는 생성형AI를 활용하여 생성되었습니다.",2025-09-08 02:03:20,KR,Role-playing_video_game,@꽉변호사live,,,1
UCWVS5IJOkNnkKS5rjiAt9rw,참타호,"디아하는 사람

비즈니스 문의 : gotjd7999@naver.com
",2021-10-26 10:08:32,KR,Video_game_culture,@cham-taho,,,1
UCWWbq-bWMCC3eCaGjdyU10w,김만덕의 극한야생,"(축) 야생인 김만덕 야생 채널 오픈
시청자분이 원하는 극한 야생에 도전합니다.
",2024-01-14 09:13:58,,Role-playing_video_game,@극한야생인김만덕,,,1
UCWXQEzwzcvDryogN2e5XuDw,유저게임카페 발로란트 대회,유저게임카페 발로란트 대회 채널입니다!,2025-05-13 11:36:19,,Video_game_culture,@ugcvalronat,,,1
UCWZqSCSNZT3X8e_HyCJoXMg,씨익,"모든 게임을 예능으로 하는 씨익입니다.
",2020-10-21 06:42:47,KR,Video_game_culture,@씨익,,,1
UCY_vDlvG-BTDRIOk_I9QQ6g,레트로챔프★,"재미와 휴식☕, 고전명작 & 전략게임 실황~

💿 [레트로 챔프★]는 깊이 있는 전략과 스토리를 담은 고전 PC게임 공략 콘텐츠를 제공합니다.

• 90년대 게임 잡지의 설렘과 향수를 되살리는 여정
• 역사와 판타지 세계관을 품은 인문학적 게임들 중심
• 턴제 전략, SRPG, 덱빌딩, 4X 시뮬 등

✔️ ASMR스타일의 편안한 시청 경험을 선사합니다.
✔️ 깊이 있는 공략과 유익한 지식 전달에 진심을 담고 있습니다.

📌 영상이 마음에 드셨다면
구독✨과 좋아요👍로 응원 부탁드립니다!
좋은 콘텐츠로 보답하겠습니다.

협업문의 : sky4162@naver.com
",2023-06-23 12:51:50,KR,Strategy_video_game,@레트로챔프,,,1
UCZRH94I89Ps7giJYeK6DlWA,버니버니,"- 비즈니스 문의: biz@onsidecompany.co.kr
- 크리에이터 관련 문의: manager@onsidecompany.co.kr
- 팬 선물: 서울 중구 청계천로 40, 1315호 버니버니 (우: 04521, 주소에 크리에이터 명 포함)
* 우편 도착 확인 여부는 모두 안내드리기 어려운 점 양해 부탁드리며, 확인을 희망하시는 경우 http://pf.kakao.com/_SxlyCn 로 문의 부탁드립니다.
",2017-02-08 12:51:33,KR,Video_game_culture,@bunnychannel___,,,1
UCZX4g_FvyOfyTIKxbMfKfIg,김진슈 shu,"오버워치 프로게이머 shu입니다 
Overwatch professional player

⚡ZETA DIVISION
X - https://x.com/zetadivision
Instagram - https://www.instagram.com/zetadivision/
Web - https://zetadivision.com/
STORE - https://store.zetadivision.com/

🤝Partners
TOYOTA - https://global.toyota/
JCB - https://www.jcb.jp/
LEVEL∞ - https://www.pc-koubou.jp/pc/game.php
ZENAIM - https://zenaim.com/
Geekly - https://www.geekly.co.jp/
INZONE - https://www.sony.jp/inzone/
Void Gaming - https://voidgaming.jp
Herman Miller - https://www.hermanmiller.com/ja_jp/
Red Bull - https://www.redbull.com/jp-ja/energydrink
",2026-03-24 21:06:47,,Video_game_culture,@shu0712,,,1
UCZ_xE8U6MVnpwefrYvl2uvA,인디다이브,"인디게임을 비롯하여 게임과 관련한 주제와
행사, 컨퍼런스 등을 다루는 채널입니다. 

비즈니스 문의: qwemu.hai@gmail.com
",2025-06-12 06:35:02,KR,Video_game_culture,@인디다이브,,,1
UCd-Ziz8pAMZBWl7juEghsag,은환,"ehdmsghks@gmail.com
",2023-09-16 02:49:35,KR,Video_game_culture,@dmsghks,,,1
UCd4PDK0JYfPf0DUeYZThguw,우니,,2013-11-14 14:25:51,,Video_game_culture,@우니,,,1
UCd6CX2LiQE2dEAPXwk2N0jg,눈파티,"포켓몬스터에 관한 모든것! 

포켓몬 배틀과 스토리를 중심으로 다양한 게임 영상을 업로드 하고 있습니다
시청자 분들께 즐거움을 드릴 수 있도록 노력하는 채널이 되겠습니다 

비지니스 문의 : charon@gysent.com 
기타 문의 : 1209sung@naver.com 으로 부탁 드립니다 
",2016-01-02 17:24:38,KR,Video_game_culture,@눈파티,,,1
UCd9oeoY-jLSkhd-J5y_1aYg,페오 PEO,"
",2016-02-05 13:25:32,KR,Video_game_culture,@페오,,,1
UCdF0eCyf5np3lPO4y1fJVdw,표커,,2019-06-17 10:39:53,KR,Video_game_culture,@표커,,,1
UCrR_fhiJjoW8OJFzUcmlMMA,SODA님,"안녕하세요 :) FC모바일 아시아 챔피언 소다 샷또 베이비~!

광고 맛있게 찍습니다!
언제든 편하게 문의 주세요 :)
nadunadu777@naver.com
",2021-01-27 10:46:31,KR,Video_game_culture,@soda_,,,1
UCt8CJiye87FMbEwt0npPMuQ,Indie Games Hub,"Indie Games Hub is your source of Indie Games news.

Here you will discover the best indie games, the upcoming title, game trailers, and the hidden gems.

Wanna get a shootout and showcase? Just contact me via email below.


",2021-10-02 04:43:33,ID,Video_game_culture,@indiehub01,,,1
UCuWDza8A_ntbjwBZgW0ZSNw,안사원,"▶피파4(FC온라인) 스쿼드 맛집◀

배너광고 문의 : hbsm1219@gmail.com


",2020-04-25 11:42:58,KR,Video_game_culture,@안사원,,,1
UCnkytUgy0CtWd06up9CjNxg,가재명,"안녕하세요 롤실력방송 가재맨입니다

매주 월수금 밤 12시 유튜브업로드
 화목토 저녁 8시 유튜브 생방송!!

많은 시청부탁드려요😍😍

- 생방송: https://www.twitch.tv/rlgus1006
- 비즈니스/출연 문의: biz@treasurehunter.co.kr
- 팬 선물 보내는 곳: 서울특별시 성동구 성수이로20길 16, JK타워 2층 트레져헌터 가재맨님 앞


",2015-12-10 00:33:02,KR,Video_game_culture,@가재맨,,,1
UCpI-AhCT02iQRGLC2ZcY0Jw,영미터,"FC 모바일 (피파 모바일) 플레이하는 영미터입니다!

● 광고 문의 : biz@stealtheshow.studio

NBMD9B@AICOMPANY
",2019-07-02 00:47:15,KR,Video_game_culture,@영미터,,,1
UCpcTrCXblq78GZrTUTLWeBw,FIFA,The official FIFA account on YouTube.,2006-09-06 03:52:41,CH,Sports_game,@fifa,,,1
UCvPGGL-OTEAQlwAUxbcJO8g,정준홍,"2005/12.21/정준호 O형
메일 : joon5793@naver.com
",2015-02-02 10:23:11,KR,Video_game_culture,@junho_j,,,1
UCvUKUkIM67eWFbQemjj2-eA,마플의 잡다한채널,,2017-04-06 11:17:30,,Role-playing_video_game,@마플의잡다한채널,,,1
UCvagJYsZ_uvB3jJoNwuimZQ,선광오락실 철권태그1,"수도권 철권태그1 선광오락실 모임.    주말이나 일요일에 모이는편입니다. 
(서울 강동구 양재대로136길 18 지하)",2020-04-08 17:17:55,,Video_game_culture,@sunkwang-kozzil,,,1
UCvfEv6nBnL0QlKqyGmL0orQ,옥선생,게임 운동,2012-11-12 14:28:45,KR,Video_game_culture,@mrdhrcjs14,,,1
UCvjzWMh2bihwlIN-WRtddkg,프리월드,"안녕하세요, 모바일게임 전문 채널 프리월드입니다.

신작 모바일게임 리뷰, 출시예정 작품 정보, 무과금 추천 게임, 모바일게임 순위 TOP 영상까지 모바일 게이머가 궁금해할 다양한 정보를 자세히 전해드립니다. 가끔 PC와 콘솔 게임도 함께 다룹니다.

▶ 주요 콘텐츠
• 신작 모바일게임 리뷰 및 첫인상
• 월간 출시예정 모바일게임 총정리
• 무과금/소과금 추천 게임 TOP 랭킹
• 오픈월드/RPG 등 장르별 신작 모바일게임 추천

매주 2~3회 새로운 모바일게임 정보로 찾아뵙겠습니다.
구독과 알림 설정으로 신작 소식을 가장 먼저 받아보세요!

부족한 부분이나 다루어줬으면 하는 게임은 댓글로 편하게 남겨주세요.
시청해 주셔서 감사합니다.

▶ 비즈니스 문의: kwz.enter@gmail.com
▶ 채널 후원: https://toon.at/donate/freeworld
",2011-11-16 01:37:04,KR,Video_game_culture,@프리월드,,,1
UCyiKhng8Mr3xlm-rgec6mWQ,후안 종합게임채널,"치지직에서 활동하는 종합게임 스트리머 후안입니다. 
21시부터 방송하며 여러 게임을 한 영상들을 올릴 것이니 재미있게 봐주세요.
치지직주소 : https://chzzk.naver.com/15db03cab8df0975b1554ed34ed0376c
",2016-02-13 12:02:48,,Video_game_culture,@후안종합게임채널,,,1
UCyiKngyUPUb1bka4yFrn65g,오찬녕,"FPS 배틀그라운드 유튜버 오찬녕입니다! 
📧 Business Inquiry / tkmedic875@gmail.com",2017-02-14 14:57:19,,Video_game_culture,@ohchannyeong,,,1
UCyoKcrOcBEY4rmLYkDuXErA,지류의 삶,"공포마크 전문 유튜버 지류입니다
",2022-06-15 05:33:21,KR,Video_game_culture,@지류의삶,,,1
UCw1DsweY9b2AKGjV4kGJP1A,LCK,"리그 오브 레전드 챔피언스 코리아 (LCK) 공식 유튜브 채널입니다.  
.
.
[안내 말씀] 

라이엇 게임즈가 운영하는 리그오브레전드 챔피언스 코리아 (이하 ""LCK"") 와 모든 국제 대회 관련된 영상(과거 영상 포함)은 라이엇 게임즈의 소중한 자산입니다. 

위에 언급된 대회의 중계 방송 영상 및 LCK 유튜브 채널의 영상을 무단으로 복제, 도용하거나 상업적으로 이용하는 행위는 저작권 관련 법규에 의거 처벌될 수 있음을 안내드립니다. (2차 편집도 금지)

더불어 저작권 침해 사례로 인해 개별 유튜브에서 받는 어떤 종류의 손해나 벌칙에 대해서도 라이엇 게임즈와 LCK는 어떠한 경우에도 배상해드리거나 지원해드리지 않으니, 이 점 참고하시기 바랍니다. 

감사합니다. 

______

■ LIVE & LIVE VOD
- LoL e스포츠 홈페이지: https://lolesports.com/
- 치지직: https://m.site.naver.com/1Z0Bn
- SOOP: https://ch.sooplive.co.kr/aflol

■ LCK SNS
- LCK 공식 페이스북: https://www.facebook.com/officiallck
- LCK 공식 인스타그램: https://www.instagram.com/lckofficial/
- LCK 공식 틱톡: https://tiktok.com/@lck_official
- LCK 공식 트위터 (영문): https://twitter.com/LCK

■ LCK 스토어: https://lckstore.com

",2019-01-14 08:42:08,KR,Role-playing_video_game,@lck,,,1
UCN8L7Z-dyzu9FzT39RM0fvw,이원상,"안녕하세요 FC모바일 유튜버 이원상입니다!!
팩깡, 스쿼드 그리고 멋진 게임 플레이 리뷰 위주로 하고있습니다!!

스케줄 링크입니다 : http://pf.kakao.com/_rSxfxkxj/chat
SOOP 링크입니다. https://bj.afreecatv.com/dnjstkd0903\
후원은 여기!! https://toon.at/donate/wonsangisgerji


광고,제휴 문의: CrazyWin1982@gmail.com
메일 보내실  때 제목에 [이원상] 붙여주세요
AICOMPANY@N9PBLV

",2021-05-06 08:22:35,KR,Video_game_culture,@이원상,,,1
UC8a9-ubjMyQkDH9Jr8EX0JQ,태천하의 게임방송,"안녕하세요. 태천하 에요. 
",2024-03-11 05:17:56,KR,Video_game_culture,@taecheonha,,,1
UC8aCmG_y4DqqVI9Xlcym1Jg,XXII,"Hey, my name is XXII (or you can also call me Twenty Two.Inc,Pizzaman,T2T2,Bad English), on this channel I bring exclusive information and leaks about GTA 6, GTA Online and Upcoming Content via Datamining from the latest update archives, plus I bring mixed content such as Concepts,Concepts Trailers,Concept Arts, Fan-Made Music Themes as well as contents varied,are welcome

In addition I am:

- Graphic Design
 - Illustrator
 - Music Producer",2016-01-05 22:40:21,,Video_game_culture,@xxiitwentytwoofficial,,,1
UCAl4HWznMn7KhKBRFO5eiFA,배틀그라운드 이스포츠,"배틀그라운드 이스포츠 한국 공식 유튜브 채널입니다.

#배틀그라운드 #배그 #PUBG #PWS #PGS #PNC #PGC
",2018-06-26 03:26:33,KR,Video_game_culture,@pubgesportskr,,,1
UCY9MrcOJikcf3Xux9WOwRHA,스타크래프트 Play 클랜,"안녕하세요. 스타크래프트 PlayClan 입니다.
컨텐츠 다시보기를 즐기실수 있으십니다.

감사합니다.
",2026-05-06 13:44:46,,Role-playing_video_game,@starplayclan,,,1
UCYDg0_mq6Ik8V2nF72mfDPw,T1 Keria,"𝐓𝐡𝐞 𝐋𝐞𝐠𝐞𝐧𝐝𝐚𝐫𝐲 𝐆𝐞𝐧𝐢𝐮𝐬 𝐌𝐨𝐧𝐬𝐭𝐞𝐫

T1 'Keria' 공식 유튜브 채널입니다.🐶
Official Ryu 'Keria' Min-seok YouTube

#TogetherAs1
",2022-02-04 07:11:42,KR,Role-playing_video_game,@t1keria,,,1
UCYG8tuvbQzWsDeoADyJFU8Q,안기효 TV,"[안기효TV 공식 채널] 스타 빨무 래더 공방 헌터 소통 먹방 하루의 마무리는 안기효와

💎 안기효 후원하기 (방송 발전에 큰 힘이 됩니다)

투네이션 : https://toon.at/donate/637577326174013068

계좌후원 : 우리은행 1002-333-833015 (안X호)

멤버십 가입 : https://www.youtube.com/channel/UCYG8tuvbQzWsDeoADyJFU8Q/join

📢 소통 및 문의

인스타그램 : https://www.instagram.com/aghhi1234/?hl=ko

광고 및 섭외 : aghhi1234@gmail.com


#안기효 #빨무 #스타크래프트 #빠른무한 #전프로 #안기효TV #래더 #공방 #헌터 #안교수 #교순신 #소통 #먹방
",2016-06-15 08:11:19,KR,Video_game_culture,@aghhi1234,,,1
UCYGF_xk5RDpltyZDSx040uw,싸커러리 Soccerary,"또 하나의 축구 커뮤니티

메일 youtubrary@gmail.com
인스타 https://www.instagram.com/soccerary_


",2018-07-11 06:59:20,KR,Video_game_culture,@싸커러리,,,1
UCOV7VUv7pBCETy6VrpFraoQ,한국 게임 거지씌,,2024-02-07 07:45:24,,Video_game_culture,@하하웃는감,,,1
UCOX0M9VYOm2FVBORW9XLChg,쌓여있는 스팀게임 한번씩 해보기 ,스팀게임이 1000개나 쌓여있어서 하나씩 플레이 해보며 영상으로 남기자는 취지로 만들어진 채널,2010-09-04 17:32:09,KR,Video_game_culture,@dragonpie,,,1
UCOaUB8RzbLXB7QZtCmMO-8A,메탈킴,"게임 리뷰어 메탈킴입니다.

리뷰채널 : https://www.youtube.com/@메탈킴
편집채널 : https://www.youtube.com/@헤비메탈킴
풀영상 : https://www.youtube.com/@풀메탈킴
",2013-06-18 02:20:38,KR,Role-playing_video_game,@메탈킴,,,1
UCOaUTqrtz1yBBiwziVJEAmQ,전략적 팀 전투,"전략적 팀 전투 공식 유튜브 채널입니다.

전략적 팀 전투는 팀 구성 능력을 시험하는 멀티플레이어 PvP 오토 배틀러입니다. 지금 모바일과 PC에서 무료로 플레이 하세요.
전략적 팀 전투는 확률형 아이템이 포함된 게임입니다.
👉 PC 다운로드: https://download.kr.riotgames.com/league
👉 구글 플레이 스토어: https://riotgames.sng.link/Dgggu/30vs
👉 앱스토어: https://riotgames.sng.link/Dgggu/v5ms
",2022-10-28 00:07:59,KR,Strategy_video_game,@teamfighttacticskr,,,1
UCOgXOOKbZRtfQvlggBpN6zw,뽀뇸 - 포켓몬 게임,"‼️화 금 8시 라이브 (치치직 동시송출)‼️
포덕들은 모두 모여라(ˊσ̴̶̷̤⌄σ̴̶̷̤ˋ)੭⁾⁾
-•-•-•-•-•-•-•-•-•-•-•-•-•-•-•-•-•-•-
포코피아 엔딩까진 본 레벨 +1업 뉴비입니다°˖✧˖°
주접은 전문이지만 실력은 허접한 뉴비에게 훈수 환영입니다!!

좋아요+댓글+구독+알림설정은 큰힘이 됩니다♡ ",2019-07-08 07:29:27,KR,Role-playing_video_game,@뽀뇸pponyom,,,1
UCOnoejkoN7qZM7OvesBJkqQ,웰컴성,"종합 게임채널 웰컴성입니다

mail : sho199212@gmail.com
",2015-09-21 08:50:22,KR,Video_game_culture,@웰컴성,,,1
UCOwgg4IVhPQtq6qtxEeX3XA,깐선생,던스피어 사퍼트롤 배그존버 데아빌초보,2015-04-20 13:39:00,,Video_game_culture,@깐선생,,,1
UCP4LFmTW3VGxXSJ1pIA-tfw,인디게임개발청년,주로 언리얼엔진을 이용해서 게임을 개발합니다.,2026-06-28 12:19:13,,,@indiegamedevblueyear,,,1
UCqI5lyTpC79pOy2D-VXAMdA,프로관전러 P.S,"환영합니다! 프로관전러 PS입니다. 

구독, 좋아요는 저희에게 큰 힘이 됩니다.

새로운 패치가 적용될 때마다
프로선수들은 어떻게 생각하고 있을지 영상으로 정리하여(관전하여) 보여드립니다.",2018-05-19 06:08:54,KR,Role-playing_video_game,@professionalspectator,,,1
UCqIwPYLfMd3EoWYwvyTjPnA,해물파전TV,"해물파전의 긍정롤세상 입니다!
유튜브, SOOP(숲)으로 진행되는 생방송의
게임 영상들을 꾸준히 업로드 할 예정이며
생방송은 랜덤 방송으로 진행됩니다~! 빠셍!
모든 비지니스 문의: qltnl7@naver.com
",2014-01-24 17:52:27,KR,Role-playing_video_game,@해물파전tv,,,1
UCs7mzshFv0PbUMUM0x1Waug,노종민,"축구게임 (FM, FC온라인, FC시리즈) 위주의 종합게임 영상을 올리고 있습니다. 문의: djfjffj624@naver.com",2018-12-05 09:32:47,KR,Video_game_culture,@노종민입니다,,,1
UCsBQCMHRP7dMZnfWNdXSRtg,drip,"minecraft speedrunner 
7:01 rsg pb, 
fwr duos, 
pfp by @cherryyy__ 05
 banner by @luminiciant",2020-10-04 00:15:36,,Role-playing_video_game,@drip120_,,,1
UCsRiYH-VrZ2mYsohk7GhLdQ,Untara,"운타라의 롤방송, 재밌는이야기들",2017-02-28 04:47:02,,Role-playing_video_game,@untara5383,,,1
UCsYhDrv21N78Yt5wCQL_soA,비책상,"안녕하세요. 마인크래프트의 모든 비책 비책상이라고 합니다!
여러 가지 마크 공장을 소개하고, 모드 야생 생존기도 합니다!
여러분들이 제 채널에서 유용한 정보와 재미를 얻어 가셨으면 좋겠습니다!
",2023-01-24 02:38:47,KR,Video_game_culture,@raindesk,,,1
UCs_WRbzQddt52LuUQUFUMog,우융,"
",2019-07-05 17:22:16,KR,Video_game_culture,@우융,,,1
UCsbo5VemDR505Etd5ZKnWNA,살타 Salta,"다음 장난감은 너야!
배틀그라운드 낚시 & 재밌는 순간들 편집
PUBG - Baiting & Funny moments

개인 문의 : eosl0507@naver.com
비즈니스 문의 : ad@lolq.co.kr
",2017-08-10 17:11:33,KR,Video_game_culture,@saltayoutube,,,1
UCsii9gve3wx7kHDfVlM2Stw,쪼만,"
",2019-01-23 13:21:17,KR,Role-playing_video_game,@쪼만,,,1
UCsmsw8102lekPyVYwKMHxmA,남섭,던파하는 로봇,2025-03-19 15:57:09,KR,Video_game_culture,@인남섭,,,1
UCsrLyevZL_AEZY0LaYVCYzA,TBS(철권티비에스),"TEKKEN ASUKA, JUN Player TBS

철권 아스카, 준 플레이어 TBS입니다🙂

사용중인 스틱 : 아이디얼리
사용중인 레버 : VIMIL 레버
사용중인 버튼 : 게이머핑거

방송플렛폼 : 치지직
철권티비에스(TBSTEKKEN)
https://chzzk.naver.com/0142dd85bbf3179c3462d14c16e440ff


",2017-01-30 15:19:33,KR,Video_game_culture,@tbstekken,,,1
UCsuanL5kXO29Uzz3MWlBsMQ,메이플스토리 월드 크리에이터,"세상에 없던 나만의 메이플스토리, 메이플스토리 월드!

메이플스토리 월드(MapleStory Worlds) 크리에이터 센터는 게임과 아바타 제작에 관심이 있는 모든 창작자분들을 위한 공간입니다.
바로 여기 크리에이터 센터에서 메이플스토리 월드의 다양한 제작 가이드와 교육 자료, 새로운 소식들을 확인하세요!

※ 비즈니스 & 콜라보 문의 : msw_contact@nexon.co.kr
",2025-04-11 06:18:12,KR,Role-playing_video_game,@mswcreator,,,1
UCt15X5eHLwyP8PpNtQTkuDQ,Official dopa,"비즈니스 문의 - charon@gysent.com
",2016-05-13 11:36:05,KR,Strategy_video_game,@dopagod,,,1
UC6JB_a6rD1lZ_aZgQvORfrQ,이설렁게임방송,"사람을 보는 방송인이 될꼬애요 
게임은 못하지만 좋아합니다 

광고 및 문의사항 :  ssuull0307@gmail.com


",2023-05-30 00:14:33,KR,Video_game_culture,@sulhwa_,,,1
UC6JTm9ObvQFuTEOxOsbmYwA,Rie 리에,"원신 프로
rie2334@gmail.com

For Chinese Business: Rie2334@youdaoads.com
",2020-11-03 06:20:06,KR,Role-playing_video_game,@rie2334,,,1
UC6LLMkdyses2ugPRNEXutMQ,호감게임티비,"고전게임부터 최신게임까지  모든게임을 사랑하는 게임중독자 '호감' 입니다.

추억의오락실게임과 유명한게임 플레이,  원코인엔딩, 게임비기를 소개하며 해당게임에대한 연관된 내용을 설명하며 플레이하는 방송을 합니다.  가끔은 똥게임이라 불리는  유명한 망작도 플레이하며 리뷰합니다.


모든영상은 100%  제가 직접 플레이하며  느끼고  제작사의 생각들 당시 게이머의 생각들 등을 종합하여 말씀드리고자 노력합니다

게임에 관련된 영상을  자주 올리도록 하겠습니다. 

작지만  속이 꽉찬  호감게임티비영상을 찾아주셔서 감사합니다.

호감게임티비를 찾아주신 모든분들 늘 행복하시길 바랍니다.^^

I'm 'Like' a game addict who loves everything from classic games to the latest games.

It introduces old arcade games, famous game play, one-coin ending, and game secret, and broadcasts to explain related contents of the game. Sometimes I play and review famous mangoes called dung games.


I try to express 100% of all videos by myself, feeling it, thinking of the production company, and thinking of the gamers at the time

I'll upload videos related to games more often.

Thank you for finding a small but full-filled likability game TV video.

I hope everyone who came to like game TV will always be happy.^^
",2019-04-02 12:12:48,KR,Video_game_culture,@hogamtv,,,1
UCSfhr4gDPFsKuwdmTOWp2jw,언어의 게임방송,"스팀게임 생존게임 오픈월드 게임을 주로 하는 아자씨

방송시간 : 월~금 오후 3~4시 생방송(가끔 주말도 함)
유튜브 업로드 시간은 오후 6시 30분으로 고정.

문의 eoneo1@naver.com",2013-10-24 16:52:57,KR,Strategy_video_game,@언어의게임방송,,,1
UCSgvQDek_7CQj08fu7kp1Iw,중년게이머 김실장,게임업계에 오랜 기간 종사하며 인사이트를 쌓아온 김실장이 남다른 시각으로 게임의 명과 암을 분석합니다.,2020-05-19 06:46:26,KR,Role-playing_video_game,@memolkim,,,1
UCv1tOT645xHOJrwdGlzjMaA,발로란트 챔피언스 투어,"발로란트 대회 공식 채널 발로란트 챔피언스 투어 유튜브 채널입니다.
발로란트 이스포츠 대회의 공식 중계 및 대회 하이라이트, 명장면, 분석과 매드무비 등, 다양한 콘텐츠들이 업데이트 됩니다. 
",2021-01-23 00:12:21,KR,Video_game_culture,@valorantesportskr,,,1
UC-yb5eNBQyXBE9nZnht9u-g,NS RedForce Valorant,"[농심 레드포스 VALORANT팀 공식 유튜브 채널]
THE GREATEST RED

This is the official channel of NS RedForce VALORANT

#NSRedForce #NSwin #농심레드포스
#Dambi #Ivy #Rb #Francis #Xross
",2021-06-17 17:12:11,KR,Video_game_culture,@nsr_valorant,,,1
UC-yc6w2Sa6jOhMuY8motwDA,QRQ,"""그레이트소드를 아트의 경지로""
    한국 엘든링 pvp전문 유져",2019-03-25 12:33:49,,Video_game_culture,@qrq-gugs,,,1
UCei_ecYpQqFjYhjLaDPr2Lw,모바일 게임하는 냥코,음,2020-11-21 08:46:46,,Video_game_culture,@첫만남-i2t,,,1
UCepHesz_5Lwr7qRaqjB-p1A,Dplus Kia,"Dplus Kia 공식 유튜브 채널입니다.
",2013-07-31 04:13:34,KR,Strategy_video_game,@dpluskia_lol,,,1
UCerhqgFd8dnypewC3yjAlbg,이브,"바텀 라인전의 기초부터 심화까지!
",2023-04-22 03:21:06,KR,Video_game_culture,@이브유튜브,,,1
UCJj2vuQIpFnk5pbTAtCi3yw,실크로,"총잘하고 말잘쏘는 유튜버

치지직 https://chzzk.naver.com/e024c12aad76317f79ede5d0ed7b9541",2013-08-02 16:35:12,KR,Video_game_culture,@실크로,,,1
UCJmnOEp1-OITEU0mk4icM5A,일루전 ILLUSION,"유튜브 크리에이터 일루전입니다.

문의 메일 - byounghyunee@gmail.com
비즈니스 문의 - ad@lolq.co.kr",2013-06-20 12:38:37,KR,Video_game_culture,@일루전,,,1
UC0FUMakBJHsRrfKCGQuWnRA,E-Sports_GG【VALORANT 大会ハイライト】,"「E-Sports_GG」は、VALORANTをはじめとする競技シーンを応援するメディアです。

情報メディアサイトでは、ニュースやインタビューなどを取り扱っています。
当Youtubeチャンネルでは、皆様の求めるハイライト動画を中心に取り扱っています。

本チャンネルの動画はRiot Gamesが定める、Legal Jibber Jabber ポリシーに従って許可される範囲で制作を行っています。

Bringing Japan's Esports Information to the World.
This is not an income-generating activity.

《Contact》
esportstories.gg@gmail.com

《Links》
X：https://x.com/Esports_stories
Web：https://e-sportsgg.com/
VALORANT：https://www.youtube.com/@EsportsGG-VALORANT
ALGS：https://www.youtube.com/@EsportsGG-ALGS
",2021-08-03 14:30:27,JP,Role-playing_video_game,@esportsgg-valorant,,,1
UC0PMQXAwF6O6aeTpv962miA,MrBossFTW,"Daily gaming videos From GTA 5 & GTA Online - GTA 5 News, GTA 5 Tips, GTA 5 Guides & Much More!",2010-03-20 18:47:49,US,Video_game_culture,@mrbossftw,,,1
UC2yOBpLVwB7kzt9C5ZPbB7w,이그루,"재밌게 삽시다 즐겁게 삽시다


문의 olok6677@gmail.com
디스코드 qxe123
",2025-09-18 13:36:55,,Video_game_culture,@이그루no.1,,,1
UC-FiQR2gg8oiNw98ZdsSX6Q,득끼,"구독자 4500만명
",2019-03-10 10:44:08,KR,Video_game_culture,@deugggi,,,1
UC2NFRq9s2neD_Ml0tPhNC2Q,우주하마,"우주하마 게임방송 :ㅕ

",2016-10-04 14:38:43,KR,Video_game_culture,@uzuhama,,,1
UC2OFe8XUEqDT3eJGO-0EDNQ,구름 철권태그 - Cloud Tekken,"●●● 국내 철권태그 유튜브 채널 ●●● ↓↓↓
",2015-03-21 09:46:13,KR,Video_game_culture,@cloudtekken,,,1
UC2Q9aDRNOLcOiMcKpF0Ylhg,DaNa,"VLRT Radiant GC Player for Gen.G

GMAIL: josewon68@gmail.com",2020-07-15 03:32:41,KR,Video_game_culture,@danaaaa1661,,,1
UC2S314EqosI7kpTvxdrKUfA,PEAK,"
",2017-09-05 13:23:34,,Video_game_culture,@어피크,,,1
UC2U8C7lmbQpfBeAW8fTP_jg,말 많은 게이머 듀리,"게임할인 정보 / 무료게임 정보 
1. 듀리는 매주 할인하는 게임 정리, 추천 영상과 무료게임을 알려드립니다.
2. 한국어화 되어서 출시하는 스팀 신작을 미리 소개합니다.
3. 새롭게 유저 한국어패치가 나오는 게임들을 소개합니다.
4. 신작게임을 플레이하고 옥석을 가려냅니다.

끝!
문의 : haircutchief@gmail.com",2018-12-02 09:25:56,KR,Video_game_culture,@tmtg_duri,,,1
UCLiiCThIzQr4VexZCka40Pw,로프,마인크래프트 유튜버입니다.,2025-09-08 08:23:59,KR,,@마인크래프트유튜버,,,1
UCLuDznROytXtnMSDwo5aGJQ,GCL 지씨엘,"게임 스토리 전문 채널 『GCL 지씨엘』 입니다!

게임이라는 이 너무나도 멋지고 훌륭한 문화 콘텐츠를, 남녀노소 누구나 이해하기 쉽고 몰입할 수 있도록 온 정성을 다해 영상을 제작하고 있습니다.

단순히 게임이 가진 스토리만을 간단하게 요약해 전달하는 것이 아닌, 게임이 담고 있는 메시지, 반전, 경험, 플레이, 전율, 감동 모두를 느끼실 수 있도록 “게임 플레이 경험”을 영상에 담고자 노력하고 있습니다.

마치 영상을 시청한 것 만으로도, 그 게임을 “직접 플레이 해본 것과 같은” 게임 플레이 경험을 느끼실 수 있도록 말이죠!

이는 멋진 게임을 만들어 준 게임사에 표할 수 있는 최대한의 경의라고 생각하며, 저는 언제나 게임사가 만들어낸 이 훌륭한 게임들에 누가 되지 않도록 언제나 최선을 다하리라 약속 드리겠습니다.

오늘도 찾아주셔서 감사드립니다. 게임으로 행복한 삶이 되시길!
",2015-03-20 03:55:22,KR,Role-playing_video_game,@gcl,,,1
UCM7ccuD_XdAXSTuhVrLUo9A,고전게임 코코리TV,고전 GMAE 채널,2015-02-16 13:32:24,,Role-playing_video_game,@코코리-y2c,,,1
UCM81CAJ2_Y42-bvK1OQnAAA,정글선생 진 영준,"정글공식, 날빌, 모든 챔피언 강의 유튜브 멤버십 가입하시면 시청 가능합니다.",2014-01-11 07:42:26,KR,Role-playing_video_game,@진영준,,,1
UChLqHuZV0PENIBYxDgXyPLQ,밴쿠버,"캐나다 + 한국 = 밴쿠버
구독하면 영어 잘해짐

🌐브랜드 협찬 및 개인 문의:
vancouvervalorant@gmail.com

- 비즈니스 문의: biz@onsidecompany.co.kr
- 크리에이터 관련 문의: manager@onsidecompany.co.kr
- 팬 선물: 서울 중구 청계천로 40, 1315호 밴쿠버 (우: 04521, 주소에 크리에이터 명 포함)
* 우편 도착 확인 여부는 모두 안내드리기 어려운 점 양해 부탁드리며, 확인을 희망하시는 경우 http://pf.kakao.com/_SxlyCn 로 문의 부탁드립니다.

인스타그램:
@vancouverkr

PETER 4:10
",2023-08-13 05:25:11,KR,Video_game_culture,@vancouverkr,,,1
UChT8p_5ebGSg3rn8qzskP3g,올타쿠나 오락실,"세상엔 재밌는 게임이 너무 많다
",2021-11-21 08:57:43,KR,Role-playing_video_game,@올타쿠나,,,1
UChUNd9Dt96PzfB24BtVviHg,하모,"구독 감사합니다. 항상 좋은일 가득하세요!

생방송: 치지직 '하 모' 
화 목 토일 오후9시! 
",2013-11-08 12:05:04,KR,Role-playing_video_game,@hamo16.5,,,1
UChfA8Yu8dk5k78UzaM6tsRw,서찬범,"🎮게임으로 사람들이 하나 되는 콘텐츠를 업로드 하고 있습니다!🎮

※댓글 작성 시 아래 수칙을 어기면 통제될 수 있습니다※

1. 영상 출연진에 대한 지나친 비방 및 신상 기재
2. 관련 없는 타 스트리머 및 유튜버 언급 및 비교
3. 해당 영상 내용과 관련 없이 댓글 분위기를 흐릴 수 있는 내용 (다른 게임 요구, 이전 영상 출연진 촉구 등)
4. 외에 논란이 될만한 댓글 기재 등등
",2024-01-20 10:44:34,KR,Video_game_culture,@서찬범,,,1
UCgvtwZJPhSfbKOxh3EoVXng,고전게임공략,"마이트앤매직레거시 공략 입니다.
모든 유물, 납골당, 퍼즐및 DLC;까지도 다룰예정입니다.
같은취미를 가진 분들에게 도움이 되었으면 합니다.
",2026-04-24 10:10:45,KR,Role-playing_video_game,@마이트앤매직레거시,,,1
UCgwFckIyCAj4Znu3c8A1dOQ,냥이게임놀이터,"안녕하세요 신입 유튜버 냥이게임놀이터에 냥이에요
적응하기 위해 처음에는 다양하게 영상을 올려볼게요
이쁘게 봐주세요 구독과 좋아요는 사랑입니다",2026-06-27 10:50:26,,,@냥이게임놀이터,,,1
UCgyDKBTgkBfa8jWrBb8Npig,Ksejune21,,2026-06-05 16:27:00,,Video_game_culture,@ksejune21,,,1
UCikKJvpU0Ylua4hRW6faQRg,NaDa이윤열,"안녕하세요, 이윤열의 스타크래프트 채널에 오신걸 환영합니다.

🎮 생방송 안내  
- 방송 시간: 랜덤
- 방송 요일: 수 / 목 / 금 / 토 / 일  
- 휴방일: 월요일, 화요일

📺 영상 업로드  
- 매일 낮 12:00에 새로운 영상이 업로드됩니다!

📩 광고/비즈니스 문의  
nadatvbz@gmail.com

💸 후원 안내  
💳 계좌 후원: 카카오뱅크 3333-30-4454045 이윤열  

함께 재밌는 스타크래프트 추억 만들어봐요! 감사합니다 😄
",2015-12-07 04:16:12,KR,Role-playing_video_game,@nadaup,,,1
UCim7oePrB5hdfhcYwgUY6Jw,표면,"TFT 챌린저 표면입니다


협업 : OP.GG

메타트렌드 : https://op.gg/ko/tft/meta-trends/comps?&utm_source=youtube&utm_medium=video&utm_campaign=pyoman_meta_trend_set16

배치툴 : https://op.gg/ko/tft/tools/team-builder?&utm_source=youtube&utm_medium=video&utm_campaign=pyoman_team_builder_set16

데스크탑앱 다운로드 : https://op.gg/desktop/ko?&utm_source=youtube&utm_medium=video&utm_campaign=pyoman_desktop_download_set16

#롤체 #롤토체스 #롤토체스3성 #전략적팀전투 #표면 #리롤덱 #밸류덱 
",2017-02-06 00:05:26,KR,Role-playing_video_game,@pyoman,,,1
UCifCesg-EUkjKyQedaB3hRg,VALORANT Champions Tour Americas,"Official account for the VALORANT Champions Tour Americas!

Subscribe for live broadcasts and exclusive content from VCT Americas and international events like VALORANT Champions.

Get the latest updates at valorantesports.com
",2023-03-04 01:21:09,US,Strategy_video_game,@valorant_americas,,,1
UCUbOogiD-4PKDqaJfSOTC0g,테스터훈 TesterHoon,"[문의는 이메일로 부탁드립니다.]
📩 이메일 : tester_hoon@naver.com",2015-06-17 09:41:45,KR,Video_game_culture,@테스터훈,,,1
UCUt2AEhC-OOC2EPCzj4DkCw,루아나 발로란트,"💜

- 비즈니스 문의: biz@onsidecompany.co.kr
- 크리에이터 관련 문의: manager@onsidecompany.co.kr
- 팬 선물: 서울 중구 청계천로 40, 1315호 루아나 (우: 04521, 주소에 크리에이터 명 포함)
* 우편 도착 확인 여부는 모두 안내드리기 어려운 점 양해 부탁드리며, 확인을 희망하시는 경우 http://pf.kakao.com/_SxlyCn 로 문의 부탁드립니다.
",2017-01-22 06:23:17,KR,Video_game_culture,@luanavlrt,,,1
UCV6mNrW8CrmWtcxWfQXy11g,DarkViperAU,"GTA 6 Voice Actor
",2012-10-31 23:03:09,AU,Video_game_culture,@darkviperau,,,1
UCJDXc9JWCZo-nLNKr_-L2Ng,Mike The Goon,"Hey there, welcome to my channel!  
Here you can relax, relieve stress and enjoy GTA 5 videos with my custom scenarios and modifications that improve the original game. 
Have fun and subscribe for more content :) 
",2013-05-26 03:21:43,CZ,Role-playing_video_game,@mikethegoon,,,1
UCO94iFhOhtdGb4Ze5DUAtbw,Starboard 우현,"인디 공포 게임을 주로 플레이하는 Starboard 우현입니다.

문의: dngusab@gmail.com
",2024-10-27 09:30:35,KR,Video_game_culture,@starboard우현,,,1
UCOKQpmfKrtu7Nu719CVSw1A,리그 오브 레전드: 와일드 리프트,"리그 오브 레전드: 와일드 리프트 한국 공식 채널입니다.

✅ 와일드 리프트 소개
리그 오브 레전드를 모바일 및 콘솔 플랫폼에 맞춰 재탄생시킨 와일드 리프트에서 스킬과 전략을 뽐내며 5대5 MOBA 전투를 즐겨보세요. 실력과 상관없이 모든 플레이어가 새로운 조작법과 빠른 게임 흐름을 즐기며 친구들과 함께 내 챔피언으로 멋진 플레이를 연출할 수 있습니다.

와일드 리프트는 확률형 아이템이 포함된 게임입니다.
",2019-10-01 22:47:49,KR,Role-playing_video_game,@wildriftkr,,,1
UCXAXCxTCCYYKsLJNzEvjqfw,나무늘보,"안녕하세요! 오버워치로 즐거운 컨텐츠를 진행하는 나무늘보입니다~

개인 문의 - skansmfqh0510@naver.com
비지니스 문의 - ad@lolq.co.kr

AICOMPANY@VD013J
",2017-04-26 03:33:50,KR,Role-playing_video_game,@fast_sloth,,,1
UCXCa03lRK6tlntZoJ7TUWRw,요루루유튜브,로블록스를 좋아하는 벚꽃 토끼 요루루 🌸🐰,2016-08-14 12:21:57,,Role-playing_video_game,@달요커플,,,1
UCXNh3eUHXEkL7h1w1KYQRKQ,팬케이크,이메일: paenkeikeu19@gmail.com,2023-03-09 11:29:42,KR,Video_game_culture,@windy_20235,,,1
UCW_Ptq0v8ck67w9oKiwXz2g,서연플레이,"💜 피기 킹덤 Shorts
🎮 같이 즐기는 게임 놀이터
🎯 구독자 50명 달성시 라이브 GO!
💸 가끔 영상이 어색하게 이어진다면,   죽음을 현질로 덮은 흔적입니다. 🤣


🕹구독. 좋아요로  Start


📢 e-mail
csy0373@naver.com ",2014-07-02 03:47:21,KR,Puzzle_video_game,@서연play,,,1
UCMswODzU1ZjjrLyUk7NfwPA,안내메시지,"방송은 매주 월.화.수.목.금.일 저녁 9시에 유튜브, 치지직에서 방송해요 !

▶ 질문 및 문의 :  annemecg@naver.com
▶ 비지니스 문의 : ad@lolq.co.kr
",2011-12-24 15:03:21,KR,Video_game_culture,@안내,,,1
UCN9VGDvz2M3vdR0czEUp6lQ,요돼지 게임평가단,"꾸웩꾸웩 같이 오락이나 합시다!! 오락 최고!!
",2021-09-09 04:47:55,KR,Role-playing_video_game,@yopig,,,1
UCNHzi1aZaQZOgVX38E2M4iw,맛좋은호박벌,게임하는 호박벌,2023-07-04 00:13:53,KR,Video_game_culture,@yummybumblebee.,,,1
UCNNR1-x2NhZARsNGnQlh2sQ,프론,"베라 서버에서 섀도어를 육성중인 프론입니다.
",2016-08-01 16:57:23,KR,Video_game_culture,@프론,,,1
UCNOj6xtKWCtPbjJV8XPlbLg,바보온돌,"로스트아크 및 게임 공략 유튜버 ""바보온돌"" 입니다~!

광고문의
ad.stupidondol@gmail.com

개인문의
surgeon011@gmail.com
",2012-09-25 08:05:51,KR,Role-playing_video_game,@바보온돌,,,1
UCYpAzQQtw1YKS4gstkJTyzQ,멍개 MungGgae,"중국, 퍼시픽, 한국 컨텐 대회를 각각 뛰어본 경험이있는 전프로 멍개라고합니다.
애쉬, 위도우와 같은 히트스캔 챔프를 위주로 하고있습니다!
항상 노력하여 최상의 에임을 유지하려 노력하고있습니다.
좋은 영상과 에임으로 보답하겠습니다!",2013-05-07 13:32:16,KR,Video_game_culture,@mungggae_ow,,,1
UCYsRymb9vAsOOLBy-Wo1kRg,게임 유튜브의 법칙,"👇 국내 유일 50명 이상을 성장시킨 게임 유튜브 강의
주소 : https://www.ytbrule1.com/

3개월 30만 싸모스, 45일 10만 마추, 동영상 6개 2만 오틱 등
재능이 아닌 전략으로 검증된 30명 이상의 성공 사례,
8명의 게임별 코치, 40개+ 강의로 구성되었습니다.

개인 문의 : aq5652@naver.com
비즈니스 문의 : ad@lolq.co.kr
",2026-01-17 07:35:55,KR,Video_game_culture,@게임유튜브의법칙,,,1
UCYxwKnNRv4FurQxeKcuR0Sw,k-hunk,"인생이 타임어택 + 스토리와  함께 시작 ~ 퀘스트,이벤트 ~",2013-10-19 20:42:44,,Video_game_culture,@hunk2013,,,1
UCPuD5ZRQWa_JCaY5NokNhtg,게임달고나,"달고나 같이 달달한 혜자BM겜 + 고퀄리티 신작 추천 게임을 항상 찾아다니는 '게임달고나'입니다.

[문의처]
광고 문의: mkt@metaplug.co.kr
디스코드(discord): @GameDalgona
스팀 큐레이터 커넥트: https://store.steampowered.com/curator/43213805-GAMEDALGONA/

언제나 재밌는, 그리고 할만한 괜찮은 신박한 기대작 추천 게임을 찾아다니며, 한국 최고의 게임 큐레이터가 되기 위해서 쉬지 않고 영상을 만들고 있습니다. 무편집 (노코멘트) 게임 플레이 영상을 주로 업로드하나, 편집 게임 리뷰 및 소개 영상과 게임 뉴스 영상이 간간히 올라옵니다. 아래 장르 또는 컨셉을 가진 게임들을 선호합니다.

[선호도 순 나열]
RPG (특히 SRPG)
수집형 RPG (방치형 RPG)
서브컬처 (서브컬쳐) 게임
PVP 게임
가챠 게임
액션 게임
어드벤처 게임 (원신라이크)
턴제 게임
애니메이션 게임
MOBA 게임
로그라이크 게임 (로그라이트 게임)
전략 (4X, RTS)
퍼즐 게임
캐주얼 게임
멀티플레이 게임
온라인 게임
경영 게임 (경영 시뮬레이션 게임)
시뮬레이션 게임
귀여운 게임
추억의 게임
오픈월드 게임
알만툴 게임
쯔꾸르 게임

소울라이크 게임, FPS, TPS 슈팅 게임은 선호하는 편은 아닙니다.

매주 나오는 신작 PC 게임과 모바일게임 달력을 작성합니다. 콘솔게임은 제가 콘솔이 없다보니 잘 다루지 않습니다.
https://newgamecalender.notion.site/pc-b672193ee56a48539e5bd54d57017a70

구조선 게임 목록은 현재 작성중이지 않습니다만, 수요가 있으면 다시 작성할 예정입니다.
https://newgamecalender.notion.site/newgamecalender/PC-2f89c269e76140f18179016def846c8c
",2017-08-07 09:29:49,KR,Strategy_video_game,@모바일게임,,,1
UCQfISxq5legTqOt1h1us6lg,노력왕먼치,"메이플스토리 그 자체
유니온 11128 스카니아
캐슈 293 먼갓 
비숍 292 먼측 
엔버 290 먼앞 
섀도 290 먼뒷 
윈브 290 먼웜 
나로 290 먼웹 
캡틴 290 캡틴먼메리카
유니온 9911 스카니아
렌     294 먼갔
듀블 292 먼찻
블래 292 먼짭
레테 282 먼잚
유니온 9035 에오스
섀도 291 먼탭
▣먼치의 유튜브채널 구독하기 https://www.youtube.com/channel/UCQfISxq5legTqOt1h1us6lg?sub_confirmation=1

▣먼치의 방송을 응원해주실 분들은 아래 링크를 참고해주세요!
멤버쉽 가입 : https://www.youtube.com/channel/UCQfISxq5legTqOt1h1us6lg/join
투네이션 후원하기 : https://toon.at/donate/munchi

▣먼치의 풀버전은 유튜브 실시간 VOD에 자동 업로드가 됩니다.
      https://www.youtube.com/@MapleKing/streams
",2015-03-24 13:22:56,KR,Role-playing_video_game,@mapleking,,,1
UCTVkjiEiaiSbEq0Qwd5XTPA,불법스님,"대한불교조계종 승려 버튜버 불법스님
문의: illegalmonkvtuber@gmail.com
",2022-12-31 04:13:39,KR,Video_game_culture,@illegalmonk_v,,,1
UCT_AS9Vfdi1RLtP4MIeIZow,젤다돌고,"초딩이 되고싶은 중딩인 초딩링크입니다
스토리가 개 쩌는 게임 합니다 예) 젤다, 산나비



문의하기 (메일 보내기)
grade6last@gmail.com
",2025-02-17 01:59:56,,Video_game_culture,@zelda_dolgo,,,1
UCTbwgCCBrI-4XU8b5B0uGPg,노루,"안녕하세요!

개인 문의 - norootube@gmail.com
비지니스 문의 - ad@lolq.co.kr
",2018-01-17 11:37:40,KR,Role-playing_video_game,@noroowang,,,1
UCTizVc_OD9jdhWZOnrQnUeQ,고마GOMA, 발로란트 스킨에 진심인 고마입니다 😎,2019-10-29 02:47:30,KR,Video_game_culture,@goma_fps,,,1
UCTk7fou1HyXqlmmB4G0hZFQ,GamePara,"🎮 게임은 많지만, 진짜 재미있는 게임은 찾기 어렵습니다.

GAMER’S PARADISE는 직접 플레이하고 검증한 게임만 소개하는 채널입니다.

✔ 스팀 신작 리뷰
✔ 데모 버전 후기
✔ 인디 게임 추천
✔ 게임 공략 & 꿀팁
✔ 게임 뉴스 및 출시 정보

유행만 따라가는 채널이 아니라, 재미있는 게임을 발견하고 함께 공유하는 공간을 만들고 싶습니다.

당신의 다음 인생 게임을 찾는 여정,
GAMER’S PARADISE와 함께 시작해 보세요.

🎮 좋은 게임, 함께 즐겨요!

#게임 #게임추천 #게임리뷰 #게임플레이 #게임영상 #게임정보 #게임업데이트 #게임유머 #게임수집 #게임공략 #게임뉴스 
",2026-07-02 16:46:20,KR,Video_game_culture,@gamepara_0507,,,1
UCTmniSiCVyG_UKVCEa9PNKA,류은유의 서브컬처 ,스트리머 류은유의 서브컬처 게임 및 생방송 풀영상 (다시보기) 채널입니다.,2022-03-10 09:35:30,KR,Role-playing_video_game,@rueunufull,,,1
UCR0aLp4aIvxS07g6rGWZr_g,개구릿대,"메이플스토리 무자본, 무과금 육성을 주로 하고 있어요

시청자 여러분의 다양한 의견 수렴하여
재미있고 유익한 영상 올릴 수 있도록 노력하겠습니다.

• 문의: maple8195@gmail.com

*동시송출
아프리카(SOOP) : https://ch.sooplive.co.kr/gafo2000
치지직 : https://chzzk.naver.com/1debfb7d3608330a0af5261d0c2fb5dd
",2013-12-12 18:01:09,KR,Video_game_culture,@gaeguritdae,,,1
UCR1ctqL11HoxQkbSkoUAYeA,휘바TV,"각종 게임 뉴스,소식,정보,리뷰 등 다양한 콘텐츠를 다루는 종합 게임 방송입니다.

동영상 공유(URL)는 가능하지만, 무단 재업로드 및 수정은 불법입니다.
이메일 사칭 및 사기를(게임 코드 및 결제 요구) 주의해 주세요.

※비즈니스 문의는 아래 메일로 부탁드립니다",2019-01-30 00:47:13,KR,Role-playing_video_game,@tvhj,,,1
UCRBNiwBsPydOaIxV-jTe5hA,참외몬,"발로란트 쇼츠 유튜버 참외몬 입니다

●생방송 : https://www.twitch.tv/realkoreanmellon/about
●개인 문의 : realkoreanmellon@naver.com
●비즈니스 문의 : ad@lolq.co.kr
",2015-09-09 15:50:45,KR,Role-playing_video_game,@realkoreanmelon,,,1
UCRCK5FCJtomQT3b88jXI_DA,한국닌텐도 공식 채널,"한국닌텐도(https://www.nintendo.com/kr/)의 공식 유튜브 채널입니다.
한국닌텐도의 동영상을 가장 먼저 만나보실 수 있습니다.",2014-04-10 05:29:33,KR,Role-playing_video_game,@nintendo_kr,,,1
UCRE-9quk3OT2OKgZFAgdN_g,롤고래,,2026-02-13 00:31:54,KR,Video_game_culture,@롤고래-s3h,,,1
UCdK9h1ILxS49c2LguBUY3rw,Jaycee 고전게임TV,"#오락실게임 , #고전게임 라이브 방송 진행합니다. 

오락실게임, 고전게임, #그란투리스모, #슈퍼로봇대전, #레이싱게임 을 좋아하시는 분이라면 언제든 환영합니다💖 #retrogaming #game #racinggames #granturismo #スーパーロボット大戦 
",2022-08-13 06:39:27,KR,Racing_video_game,@제이시고전게임tv,,,1
UCdoTrHNHnoRbaQenxK5PEUg,검은곰의 게임실황,"- 닌텐도 스위치, 엑스박스, 플레이스테이션으로 발매된 콘솔 게임의 방송을 진행하고 있습니다. 주로 저녁 10시부터 12시 반까지 플레이하며, 불규칙적으로 진행하고 있습니다. 잘 부탁드려요!

► 디스코드 채널 (방송 알림용)
- https://discord.gg/6jVwSm4
► 치지직
- https://chzzk.naver.com/dd017c202f1ef54d5118d8bcd13d59c2

",2011-10-31 09:37:14,KR,Role-playing_video_game,@blackbearsgamelive,,,1
UCdrNdOaDhiGzDSx0ZCEjOUQ,고전게임 하는 포항의 고블린,"장르불문하고 게임을 다 좋아하는 30대 청년 포블린입니다.

문의는 tjdcks1225@naver.com 로 메일 주세요.
",2015-01-25 03:56:54,KR,Video_game_culture,@poblinretro,,,1
UCdtV_sB8WUWo-P_q3OwNfcw,흑운장TV [BLACKTUBE],"재밌는 스타크래프트 영상은 여기 다 있지롱

안녕하세요 게임 & 컨텐츠 크리에이터 흑운장의 공식 유튜브입니다.
꿀잼 영상 팍팍 업데이트 하니 많은 구독 부탁드립니다 :)

광고 & 비즈니스 : firebathero@naver.com",2014-01-15 18:03:58,KR,Role-playing_video_game,@blackwoonjang,,,1
UCdvY3MgO_BGrNbhbmxQC73Q,WTFMAN과 함께 보는 패키지 게임 리뷰,"- 이 채널은 똥게임을 리뷰하는 채널이 아닙니다
- 이 채널은 제가 실물로 가지고 있는 게임만 리뷰합니다
- 이 채널은 PC 게임만 다룹니다. 종류 막론하고 콘솔 게임은 다루지 않습니다
- 온라인 게임은 패키지로 있는 경우에만 다룹니다
- 이 채널에서 다루는 게임들은 현재 기기에서 실행이 어려울 경우 스팀이나 GOG의 동일 게임으로 대체할 수 있습니다
",2024-01-28 17:24:48,KR,Role-playing_video_game,@wtfman_review,,,1
UCe-7GwWL1XNlCJyfqBhgrHA,해보자시리즈,"[라이브 방송] 일/월/화/수/목 (오후 7시) 치지직 송출😚

[라이브 다시보기] 🌻다보자시리즈 채널 오픈🌻

[리포 모드 공유]  🍀네이버 카페 공지 확인🍀

- 비즈니스 문의: dntjr513@gmail.com


- 팬 선물:  🌻 아래 링크 참고 🌻 

",2015-01-12 10:25:33,KR,Video_game_culture,@doitseries_official,,,1
UCPI40-XQA9-GBGj2k8PPqfg,김왼팔,"쫄보인생 23년 공포게임을 전혀못하지만 저 보다 더 겁이많은분들을위한 공포게임 대리만족 해주는 방송 김왼팔 채널입니다!!
------------------------------------------------------------------------
문의 - kimleftarm@sandboxnetwork.net
0MKQXM@AICOMPANY
",2013-02-18 05:47:17,KR,Role-playing_video_game,@dmltjdzoq123,,,1
UCPJGXrPIVKBR8PJY7w33WZw,10B,"십비 여깄다~
메일: ttenb2@gmail.com
",2022-04-26 16:14:32,KR,Video_game_culture,@10btenb,,,1
UCPN9TrChCye1s97iEUOsIeA,하뭄 마인크래프트,"🫐 뭄하~! 마인크래프트 건축 스트리머 하뭄입니다! 🫐

 마인크레프트로 아기자기 한 인테리어 건축과 
웅장한 성, 높은 마천루까지!

 다양한 건축콘텐츠를 도전하고 있습니다! 🏠


ㅡㅡㅡㅡㅡㅡㅡㅡㅡㅡㅡㅡㅡㅡㅡㅡㅡㅡㅡㅡㅡㅡㅡㅡㅡ


https://chzzk.naver.com/",2026-06-23 16:12:48,,Role-playing_video_game,@하뭄마인크래프트,,,1
UCab17MxxnFtAhGsJVTkSkCg,Tekken 8 Replays Telly,Enjoy the top level T8 gameplay!,2020-10-24 20:25:05,US,Video_game_culture,@tekken8replaystelly,,,1
UCZ6mNZTiTUrUSbSYPlclI4A,레벤,"여러 게임 스토리와 다양한 쇼츠를 업로드 하고 있습니다 ^^
오늘도 좋은 하루 되세요~
",2012-10-09 14:54:29,KR,Role-playing_video_game,@레벤,,,1
UCfjMjhfjRRy8B0mfqbO_43w,카사노박TV [CASANOPARK],"스팀게임 4성 장군 카사노박[★★★★]
노박엠파이어에 오신것을 환영합니다.   

◈소개
RPG/오픈월드/생존/기지건설/생활류 게임 매니아입니다.
저는 누구나 다 알만한 뻔한 게임들보다는, 새롭고 
참신하고 알려지지 않은 비주류 게임들에 관심이 많은 겜덕후입니다.
물론 비주류 게임 특성상 가끔 똥겜스러운게 많이 올라 올 수는 있지만,
제 하늘 같은 안목으로 최대한 멀쩡한 게임들로 잘 걸러 오겠습니다.

◈부탁
- 저는 어떤 게임이든 재밌게 즐기는 사람입니다.
반대로 어떤 사람들은 하는 게임마다 단점만 찾아내려하는 사람들이 있습니다.
근데 그런 마음을 가지면 그 어떤 갓게임도 단점을 찾아 낼 수 있습니다. 
부디 본인 스스로 불행을 쫓아다니지 마시고 게임은 그냥 즐거운 마음으로 즐기시면 좋겠습니다.

- 가끔 광고를 올릴때마다 눈치주고 악플을 다시는 분들도 계십니다.
근데 저는 영상 한편당 하나의 게임값도 안나올때가 더 많기 때문에
저에게 있어 광고는 필수입니다. 부디 이해 부탁드리겠습니다 (_ _) 꾸벅!

◈Business Inquiry
→ 비즈니스 문의: sangwhan10@naver.com
(I won't request for any game(steam) keys,
If you want me to check out your game,
please feel free to send me your Steam Key)

많은 구독과 좋아요 부탁드립니다! 
",2017-08-15 11:24:15,KR,Video_game_culture,@casanoparktv,,,1
UCfq-5-0b5Lzj7cKCrp6-flA,소바는 한조다,"""한 사람을 돕는 것은, 모두를 돕는 것이다""
당신의 친절한 활잡이 보우새입니다",2024-01-04 00:42:24,KR,Video_game_culture,@보우새,,,1
UC_yxsHiFh1_j174x4AxICSg,강오목,"기타 문의 메일
0mok113@gmail.com
ad@lolq.co.kr
",2014-02-28 23:49:49,,Video_game_culture,@강오목,,,1
UCa2liSwjQST4AGcg6LFQakQ,게임하는 직장인,"낮에는 중소기업에서 열심히 일하는 평범한 직장인들.

하지만 퇴근 후에는 모니터 앞에 모여
게임도 하고, 웃음도 만들고,
언젠가는 월급 외 수입도 만들어보겠다는
야심 찬(?) 도전을 시작했습니다.

배틀그라운드를 중심으로 다양한 게임을 플레이하며
실력보다는 재미, 결과보다는 과정,
그리고 친구들과의 케미를 담아내고 있습니다.
",2026-01-21 11:45:54,KR,Video_game_culture,@게임하는직장인-n2d,,,1
UC_9W6Z5Y3lDpLk47Y_y5ITQ,Daily Valorant,"On this channel, you can watch educational highlight videos from all the top leagues and tournaments in Valorant.
►Play Valorant  - https://playvalorant.com
►Contact me - ytdailyvalorant@gmail.com
© This is our original video with many high-quality edits and original creative ideas. We try our best to bring you the best and most unique videos, we hope you enjoy it!
We spend 8-10 hours working on videos (search/filtering/editing) and showing the best game clips combined with creative and high-quality editing.
",2020-03-01 11:59:39,UA,Video_game_culture,@dailyvalorantqq,,,1
UC_e83kYlGHWbsrr8QCfV_ag,SOOP 게임&e스포츠,"SOOP 게임&e스포츠 채널입니다.

공식 방송국 바로가기: https://ch.sooplive.com/afesports/vods
비즈니스 문의: contentsad_biz@sooplive.com
",2019-05-14 05:18:23,KR,Video_game_culture,@soopesports,,,1
UCabScupufwcOzAdcVXZrmlg,춘삼_CHOONSAM,"생방송은 유튜브로 송출!!
게임회사 8년 차 정병걸려
집에서 냥이와 퇴직금 우주방어중인 
장르 안가리는 잡식성 게이머입니다.


각 종 문의는 
vkfdnjfdlfdlf@naver.com





",2024-05-27 07:39:19,KR,Strategy_video_game,@춘삼게임방송,,,1
UCah0w9n_eAyjUBG7eHbj8vw,이시아exia,"배우 이시아, 고해 형 ( 임재범이 부릅니다. 고해~ go해~)

",2023-01-16 10:26:10,KR,Role-playing_video_game,@xiae3067,,,1
UCaj7p2XHGqfBYb2OI-7Q2DA,강태풍의 로블록스,"여러분이 제 영상을 보고 즐겁고 행복했으면 합니다.

오로지 건강한 즐거움을 전달하기 위해 영상을 만들겠습니다.

재미를 위해 다소 영상에서 각색하거나 편집의 힘을 빌리거나 혹은 상황극을 하는 경우가 많이 있습니다.

즐겁게 봐주세요

제 영상을 봐주셔서 항상 사랑하고 감사합니다

풍뎅아 사랑해!!!!
",2022-10-14 06:03:36,KR,Role-playing_video_game,@강태풍로블록스,,,1
UCamHctB9_ZaFO9vZElnl_Yw,디지털포커스게임,"게임과 디지털 이야기, 디지털포커스입니다.
www.digitalfocus.news
",2013-05-13 09:11:51,,Video_game_culture,@digitalfocus_games,,,1
UCaova9Q4UZLPqFnSvq8VxzA,메이플 대장메린이,"
메린이들 파이팅!
-대장메린이-

비지니스 문의 : ad@lolq.co.kr
개인 문의 : protamine2@gmail.com
",2025-06-20 00:55:45,KR,Video_game_culture,@대장메린이,,,1
UCADf92tisOOh90hrZee4-LA,힘쎈너구리,STUDIO STRONG,2017-08-17 07:42:13,KR,Video_game_culture,@힘쎈너구리,,,1
UCAEQiQ4Mg6fFkPshBMhPaxw,멀럭킹 하이라이트,치지직 스트리버 멀럭킹의 하이라이트 편집 채널입니다,2021-02-13 17:07:50,KR,Strategy_video_game,@user-murlocking,,,1
UCAGUSx1hbPKDqzBZH7bTjiA,아구 TV,※동영상은 매일 오후 7시[19:00]에 업로드됩니다!,2013-10-17 03:17:32,KR,Strategy_video_game,@agu_tv,,,1
UCCd3jyJmOFzkJEMj5Bp89rw,Best Indie Games,"Discover awesome Indie Games!

This channel highlights fantastic indie games since they are wonderful (if often overlooked) experiences which I want to share!

Subscribe to keep up with the world of Indie Gaming, on the best games available right now & promising upcoming titles.

This is a positive community so I hope that you can join us in celebrating Indie Games.

Work with me! Drop me an email to discuss sponsorships via my contact below and I'll be in touch.

Mailing Address
ATTN: CLEMENT
Suite 8342-T
3 Coleman Street, #03-24
SINGAPORE 179804

PS
1. I don't cover mobile games so please don't send me those!
2. DO NOT self-promoting in the YouTube comments without permission, you will get blocked.
3. Ditto if you are rude

Subscriber Milestones:
100: 12/9/16
500: 16/4/18
1k: 23/8/18
5k: 20/03/19
10k: 18/07/19
15k: 01/01/20
20k: 06/03/20
25k: 01/05/20
30k: 23/07/20
50k: 24/01/21
100k: 19/03/22
",2016-03-28 05:56:42,SG,Role-playing_video_game,@clemmygames,,,1
UCCdcpCa4yiDcCPhFErd7TXA,댕댕이유튜브,"오늘 하루도 즐거운 하루! 

잉여맨 유튜브에 그 댕댕이 맞습니다!
비즈니스 문의 및 연락처 : dengdengtube@gmail.com
* 각종 더빙도 가능합니다 *
",2021-05-26 07:43:07,KR,Role-playing_video_game,@댕댕이유튜브,,,1
UCCiKOocVSjyb2rsbL_Aanhw,오형짱,"안녕하세요 2005년부터 던파하고 있는 오형짱입니다
던파 랭킹 1등 (20년 차 고인물,  前 프로게이머, 국가대표)
항상 열심히 하겠습니다! 
",2015-01-02 16:39:25,KR,Role-playing_video_game,@dnftop,,,1
UCBvKuSAkXERBnGSQOH0Sarw,Rider,"디아블로를 메인으로 여러가지 종합 게임들을 다루는 게임 전문 채널입니다. 
",2019-03-12 10:04:51,KR,Role-playing_video_game,@diarider,,,1
UCBvkOBLsSj9kusGYlroQkBg,Mr Xpart GTA,"Welcome to Mr Xpart GTA! 🎮🔥

If you love GTA 5 gameplay, funny moments, and exciting adventures, you’re in the right place! I create GTA 5 story mode videos featuring the hilarious and action-packed journey of Shinchan & Franklin in Los Santos. From epic heists to crazy stunts and fun roleplay, there's always something exciting happening!

🚗💨 Watch GTA 5 mods, missions, open-world exploration, and cinematic gameplay like never before! If you enjoy my content, don’t forget to like, comment, and subscribe to support the channel. Let's rule the streets of Grand Theft Auto V together!
",2025-02-10 11:48:09,BD,Simulation_video_game,@mrxpartgta,,,1
UCC1LvVTX2ySKYjeIXkAtvsQ,침착맨 플러스,침착맨의 게임 편집본과 추가적인 일상 영상이 올라갑니다,2020-06-05 09:51:27,KR,Video_game_culture,@chimchakman_plus,,,1
UC3hqiw3lZAXaMwhQvMGZkdw,규폿,"친절하고 세심하게 서폿을 알려드리는 규폿 입니다  :)

",2016-08-31 00:34:10,KR,Video_game_culture,@gyu_0110,,,1
UC3kVT7zilzGf_7fIEkc4dDA,한딱,"발로란트 대회 VCT 영상 만듭니다.

- 비즈니스 문의: biz@onsidecompany.co.kr
- 크리에이터 관련 문의: manager@onsidecompany.co.kr
- 팬 선물: 서울 중구 청계천로 40, 1315호 한딱 (우: 04521, 주소에 크리에이터 명 포함)
* 우편 도착 확인 여부는 모두 안내드리기 어려운 점 양해 부탁드리며, 확인을 희망하시는 경우 http://pf.kakao.com/_SxlyCn 로 문의 부탁드립니다.
",2020-03-26 15:10:38,KR,Video_game_culture,@handdak,,,1
UC3ozN5tHi449NhCDE6Xtmwg,즐인권,"FC온라인 전술, 플레이, 분석 유튜버 즐인권입니다.

구독과 좋아요 부탁드립니다.
피드백 및 인게임 문의 :  kjsytb01@gmail.com
비지니스 문의 : ad@lolq.co.kr
크몽 강의 : https://kmong.com/gig/708203
🐩🕸️♧📢✯
85D5HZOB
CReward@1abe7b71
",2022-10-31 04:37:50,KR,Video_game_culture,@fifacamper,,,1
UC5RxNUZ9_c94ZEfJGnJZmTw,JeeNiNe Media,"Check out our Merch Store: https://gmerch-4.creator-spring.com

Check out G9 on Twitch: https://www.twitch.tv/jeenine
Join us on Discord: https://discordapp.com/invite/nF7YVcT
",2013-04-03 01:46:51,CA,Strategy_video_game,@jeenine,,,1
UC5ScPjbt-a97AJO7SBj6nAg,Wall Su,"반갑습니다
kh5496@naver.com
",2019-01-27 14:13:54,,Video_game_culture,@wall_su1972,,,1
UC6fx3aU3i3C51oXwXm8idTQ,인디 게임 개발자의 아카이브,,2012-02-01 01:02:50,,Role-playing_video_game,@윤석균-z1p,,,1
UC6oq8RPEH1BmtyldQgXVbJw,갓냥이,"비즈니스 관련 문의는 메일로 부탁드리며
현재 광고는 본업 관계상 안 받고 있습니다
",2020-03-29 06:10:06,KR,Video_game_culture,@god_neko,,,1
UC6pvGgQuZwKWlAQN50dU-wg,게임 털자,"
안녕하세요 저는 게임을 올리는 유튜버입니다
영상은 매주토요일아니면 일요일에올림니다
게임털자인스타:gamestal_58
게임털자네이버카페:게임털자
게임털자틱톡:gamesteal_51
게임털자 페이스북(인스타랑 계정 동일)",2025-12-12 12:35:42,,Video_game_culture,@게임-fg4,,,1
UC6tlo9WajrgiX3Eej_jEr2A,창문,"B급감성 종합게임 유튜브 채널

디코방: https://discord.gg/7z4EnQyBW4



",2020-05-12 16:26:28,KR,Role-playing_video_game,@cm_,,,1
UC6yyvXPhfBE7uDNhzZOQwqw,게임하는 한국,어쩌구저쩌구이러쿵저러쿵어찌저찌우ㅗㅜㄷ조춛ㅈ로ㅑㅠㅊ조댜ㅐ유챠6ㅎㄱㄹㄷㅍㄹ 해서 만들어진 한국이란 말씀!,2026-03-14 06:41:58,,Video_game_culture,@한국-s9f,,,1
UC72PuhDwKtZ5MikpGNhPAtA,TGG,"I like to have fun in GTA Online & Grand Theft Auto 5. GTA 6 News.
Twitch: https://www.twitch.tv/tgg_gta
Instagram: https://www.instagram.com/tee_gee_gee/
Twitter: https://x.com/TGGonYT
Get SIGNED merch from GTA voice actors: https://tidd.ly/49654es
My Headset: https://amzn.to/3CJgcBZ
My Mouse: https://amzn.to/4ibs3cf
My Keyboard: https://amzn.to/3Os5fHr
My Console: https://amzn.to/3Zfofhw
My GPU: https://amzn.to/3Os5fHr

",2017-06-05 04:08:34,AU,Video_game_culture,@tgg_,,,1
UC78d2aaqdrt02RfmtRLmlAw,wudijo,"I cover Diablo 4 & Path of Exile 2, but also other ARPGs like Diablo 3, Last Epoch & more. Here you can find game and build guides, highlights, clips from my streams, memes and more! Hope you enjoy my content :)

Business Inquiries: wudijo@dulcedo.com
For Chinese Brand Business Inquiries: wudijo_youdaoads@163.com
",2019-11-24 17:58:30,DE,Video_game_culture,@wudijo,,,1
UCbFzvzDu17eDZ3RIeaLRswQ,감스트GAMST,"재미와 감동을 동시에 느낄 수 있는
감스트의 공식 유튜브 채널 (감튜브) 입니다!

감스트와 같이 찢으실 분들은
'구독' 눌러주시고 많이 시청하러 오세요 :-D

To have fun and be touched at the same time
The official YouTube channel of GAMST (GAMTUBE) *_*

If you want to have fun with GAMST
Please visit and subscribe to the channel for more videos",2013-08-08 17:01:47,KR,Video_game_culture,@gamst6217,,,1
UCbIQGH_oFu0yfTWNPyquvpw,임캔슬,"공포게임 및 인디게임을 주로하는 임캔슬이라고합니다.

일정,공지,게임추천은
팬카페 : https://cafe.naver.com/imcanxl

말하고싶은게 있으시다면 편하게 메일 해주세용
👇
imcanxl67@gmail.com
",2025-07-02 08:00:35,,Video_game_culture,@imcanxl,,,1
UCbItyvYa6cqvqtwlU2E9-wA,SteveTheGamer55,"Content Creator @ Veloce Esports: https://www.youtube.com/c/Veloce

Business Inquiries: business.steveonyt@gmail.com",2011-02-28 16:40:19,US,Video_game_culture,@stevethegamer55,,,1
UCjUnlBpn0Z1L450g79fniRg,바니오의게임방송,"📌광고문의
biz_official@underdogent.net(언더독)
shchoi@underdogent.net(언더독)
카카오톡 : okun1107
✉️이메일 : okun1107@gmail.com
💸계좌후원 : 우리은행 1002-752-280621 오민철

",2012-10-20 22:17:46,KR,Role-playing_video_game,@banioblue,,,1
UCj_Qjpp00f_Fjbn2P4bQzJA,유그로,모든 문의:yugro6974@gmail.com,2024-02-07 09:47:02,KR,Video_game_culture,@유그로,,,1
UCjgTdV_oYP0TrrajTJLH33Q,한가람쥐,서브컬처 게임을 합니다 ,2023-12-28 07:43:07,KR,Video_game_culture,@daaramg2,,,1
UCjhRgb1NpnlRs01s9rAhuug,PRAJNA GAME,"종합게임 프라즈나(냐) 반야, 빡겜 버리고 즐겜을 찾아 낙원으로 도망친 쫄보 커뮤니티입니당. 영상 편집 파나, 게임 실황 라이브 젤라",2013-01-09 19:27:27,KR,Role-playing_video_game,@prajnabanya,,,1
UCjiPEaapiHbJMoAdi_L8fNA,Roblox,"Every day, millions of people come to Roblox to create, play, and connect with each other in experiences built by our global community of creators.

For more information, please visit https://corp.roblox.com/.
",2006-09-23 21:00:04,US,Role-playing_video_game,@roblox,,,1
UCDq6CfnZgtnqXEwG8tqvBfA,명장TV:종합예능게임방송채널[MYOUNGJANGTV],"◈ 명장TV 후원하기(투네이션) : https://toon.at/donate/myoungjangtv
◈ SOOP 아프리카TV 명장TV : http://afreecatv.com/chtlawlstla
◈ SOOP 아프리카TV 명장TV 생방송보기ONAIR : https://play.sooplive.co.kr/chtlawlstla
◈ 치지직 명장TV : https://chzzk.naver.com/d134d031b5b0ca3fc33d1c8bb4afadbf
◈ 네이버TV 명장TV (무료 구독부탁해요!) : https://tv.naver.com/myoungjangtv
◈ 명장TV 팬카페 명장보감(소통) : http://cafe.naver.com/mjtv
◈ 명장TV 공식 카카오톡(스폰 및 문의,대화) : https://pf.kakao.com/_MCxixnd

◈명장TV : 명장의 예능게임방송
세상의 모든게임을 도전한다! 장르불문! 명장의 예능게임방송에 오신 걸 환영합니다. 시청자 여러분들 한분 한분 소중히 여기며 감사한 마음으로 진심 담아 방송하겠습니다.  예능맛집 명장TV

SOOP(아프리카TV), 치지직에 명장님검색하시고 놀러오셔서 
추천,즐찾,플친,팔로우,구독하기 부탁드립니다!  

◈ 생방송 시간
금토일 저녁 11쯤 시작-새벽1시까지! 
(카톡에 명장TV친추후 톡주셔야 생방알림가능)

◈컨텐츠 시참조건
명장TV유튜브 구독,알람설정 한 후 보고 있는 생방송 플랫폼에서 즐찾/플친추가/팔로우 등을 하여 참여!",2015-12-03 03:01:45,KR,Video_game_culture,@myoungjangtv,,,1
UCDtA2RlPzkV9ZsD4jIx-1Jg,로스트아크네버다이,전분or영상 달라는 공대가 많아서 개인 숙제 저장 용으로 만들었읍니다^^ ,2026-07-02 13:01:42,,Video_game_culture,@로스트아크네버다이,,,1
UCE-6-bWkikwoP4_ooZNep3g,앨리스의 게임랜드 Alice in Gameland,"♥
안녕하세요 Alice in Gameland의 Alice 입니다.
구독해주시고 좋아요 눌러주신 여러분 감사합니다 ♪
열심히 하겠습니다💕

",2020-02-24 02:38:45,KR,Video_game_culture,@앨리스얌,,,1
UCE3q8VKqIT_vOL4b9Nl8chA,오리하라 / Orihara,"치지직 & 유튜브 6-10시 방송하는 오리!
",2025-04-04 14:26:09,,Role-playing_video_game,@오리하라,,,1
UCE8JC9RAVSudDT_8Ji1fuPQ,김꼬비,"모든 영웅 다 다루는 오버워치 쇼츠 메인 유튜버 입니다!
개인 이메일: kkm05034@gmail.com
비지니스 문의: ad@lolq.co.kr
생방송: 화, 수, 토 시간은 보통 오후 9시
",2014-05-17 12:23:07,KR,Video_game_culture,@김꼬비,,,1
UCGa52d8Qlv3THghuCAt_nXA,위트 Witt,"챌린저 조이 장인 위트입니다.

",2016-08-01 10:20:45,KR,Video_game_culture,@witt123-y7r,,,1
UCGdyvYQEVn4_9zcN8jStjow,건우 유튜브,"TFT 라이엇 파트너 건우 유튜브입니다 
문의 : hwanido305@gmail.com",2021-04-26 14:09:41,,Role-playing_video_game,@tftgunu,,,1
UCGfi102cvQxv_9uXMwiB9eg,gta하자,모든 게임을하는 GTA 하자입니다 앞으로도 잘부탁드립니다.  게시물은 틱톡을 참고하세요tiktok.com/@user3331376193459,2025-12-26 06:24:52,,Video_game_culture,@gta하자,,,1
UCGi94VU356EAvQLgODywyrA,Kano,"Hello! 
I'm Kane, an Australian from Adelaide who mostly speedruns Diablo 2 Resurrected. I do play a bunch of other games on the side, so expect anything!
Welcome to my gaming channel! :)",2017-07-11 21:03:53,AU,Strategy_video_game,@kano_au,,,1
UCF7IBIvHZ2be4Ufo8i0uHBw,학살 HAKSAL,"프로게이머 학살의 공식 유튜브 채널입니다.
The official YouTube channel of  HAKSAL.

- 비즈니스 문의: biz@onsidecompany.co.kr
- 크리에이터 관련 문의: manager@onsidecompany.co.kr
- 팬 선물: 서울 중구 청계천로 40, 1315호 학살 (우: 04521, 주소에 크리에이터 명 포함)
* 우편 도착 확인 여부는 모두 안내드리기 어려운 점 양해 부탁드리며, 확인을 희망하시는 경우 http://pf.kakao.com/_SxlyCn 로 문의 부탁드립니다.
",2017-02-16 14:59:06,KR,Video_game_culture,@haksal00,,,1
UCF9Ws3xrNmMKVjL4kg0jzbA,김덧니TV,"판처장인+배린학과 졸업한 김덧니입네다
생방은 월,수,금 오후 7시에 킵니다!

비즈니스 문의는 sunset5148@naver.com 로 연락주세요!
",2021-01-07 14:57:07,KR,Video_game_culture,@김덧니tv,,,1
UCFCt5RYu41HTg4eX1jdHNxw,블랙의철권TV,"안녕하세요~! 철권태그 유튜버 블랙의철권TV 입니다!

대전 격투 게임인 철권태그의 플레이하고 즐기는 채널입니다.
함께 게임을 즐기는 라이브 방송 및 온라인 대전 등 다채로운 활동을 지향합니다.
철권 게임을 사랑하고 함께 소통하고 싶은 분들이시라면 블랙의철권TV로 초대합니다.

■ 라이브 시간(월요일~금요일)
 - 철권태그 : AM 06:00 ~ 07:30

감사합니다.
",2019-06-04 08:08:52,KR,Strategy_video_game,@black_tekken_tv,,,1
UCIvLQ5lZ2kebqnLaGv_FP4w,아라드 영업사원,"던모/던파 공략 및 일상 업로드하는 곳입니다.(가끔 딴겜도 함)

각종 문의 : tlgud8032@gmail.com


카톡 오픈채팅 : 아라드영업사원/아라드 영업사원(둘다 제거 맞음)


",2014-02-25 05:31:31,,Video_game_culture,@아라드영업사원,,,1
UCqjUPx-UAFHVvthd71bY7_g,나초,"《치지직》:  https://chzzk.naver.com/99704cbd2709e80c7f30276d8bd0994f
《다시보기》: https://www.youtube.com/@dadda_dacho
《중요한 문의 e-mail》:  nannanacho@gmail.com
《굿즈》 https://marpple.shop/kr/nannanacho
《후원》: https://twip.kr/donate/nannanacho

방송시간 : 오후 7:00~ (화요일 제외)

나이: 93년생
키: 160~190 몸무게: 48~108

《팬카페》: https://url.kr/Yt3eiW

《 채팅창 규칙 》
싸우지마라 (나랑도)
채팅창에서 네임드, 스트리머, 시청자 닉네임 언급X
시청자끼리 질문&답변X
/고속모드 밴

《유튜브》: https://www.youtube.com/channel/UCqjUPx-UAFHVvthd71bY7_g/
",2014-12-26 19:19:59,KR,Video_game_culture,@nanna_nacho,,,1
UCql_fqTxryFKW7jukEvNoCQ,GameSource,"Creating Highest Quality GTA 5 Graphics Mod Showcase Videos 🚀

PC Specs:
🖥️ GPU: GeForce™ RTX 5090
🔥 CPU: AMD Ryzen™ 7 9800X3D
⚡ RAM: 64GB CL30
",2017-04-14 09:29:47,US,Role-playing_video_game,@gamesourcegta,,,1
UCqlcSsDNMYxEsem7bWY-66Q,브레인신,"#빨무 #스타크래프트 #브레인신

좋은 영상으로 찾아 뵙겠습니다

💌 Email :  youngskh1@naver.com",2016-12-17 23:04:34,KR,Video_game_culture,@braingod,,,1
UCrY2B2XX41ReYh9DIWrFfCg,강자,"안녕하세요 강자입니다 

이 채널은 모바일축구게임을 전문적으로 하며 
다양한 정보를 드리는 채널입니다

E풋볼모바일 정보 및 카드깡 플레이영상들을 찍고 있으며 피파모바일은 쿠폰 및 정보 진화 스쿼드 카드깡등 여러컨텐츠를 진행하고 있습니다

이주의골 이메일:qkdauddn10@naver.com 


비지니스 문의:qkdauddn7@gmail.com",2015-08-17 10:08:43,KR,Video_game_culture,@tv강자,,,1
UCraf4ugZTyvFY6AJ0VjIxFA,[BarrackTube]황병영 TV,"안녕하세요 테란 강의 멤버십 운영중 입니다. 
구독 좋아요 부탁드립니다. 라이브 방송은 https://www.sooplive.co.kr/station/hby0724 입니다.





 https://toon.at/donate/637848279922885948 투네 주소 
",2020-04-01 00:04:41,KR,Video_game_culture,@barracktubetv,,,1
UCl-VnCUwSxDr5zPu-YlDUYw,노가노 유튜브,"안녕하세영 레츠고강원 노가노 유튜브 입니다!
매주 월,목 6시 15분에 업로드 됩니다! (롱 영상)
쇼츠는 랜덤입니다! (매일 올리려고 노력)
",2013-02-28 17:14:36,KR,Video_game_culture,@노가노,,,1
UCl0h7FV9cAnb7IGJC64rpoQ,률률,"나도 유튜버가 될 수 있을까...
비지니스 메일 fbffbf5034@gmail.com
",2024-01-15 08:27:39,,Role-playing_video_game,@률률입니다,,,1
UCl402YYy7RcH7PBI3npmGPQ,두치와뿌꾸,"광고 관련 문의 : ate8282@naver.com 입니다!
플러스친구 두치와뿌꾸 검색하셔도 진행 가능합니다!

",2014-09-21 08:07:33,KR,Video_game_culture,@두치와뿌꾸,,,1
UCoSniqkitCpxlHrQd5L8A1w,뭐요,그라데이션 분노 원딜러 뭐요,2015-02-26 03:24:30,KR,Video_game_culture,@뭐요유튜브,,,1
UCp6n8d8Y8r3MwKNw_MMaouQ,VALORANT Champions Tour EMEA,"Official Account of VALORANT Esports EMEA. 

Home of VCT EMEA videos & highlights, including VALORANT International League and VALORANT Challengers.

Learn more about VALORANT Champions Tour at valorantesports.com and stay connected with us on socials for the latest updates. 
",2020-10-23 21:25:13,,Video_game_culture,@vctemea,,,1
UCtRiSpvkhtRXaSjVjEB9LKg,아이어 GABUNGKING,"챌린저 가렌장인 아이어 입니다.
Rank 1 Garen user
",2016-07-03 00:46:03,KR,Video_game_culture,@아이어gabungking,,,1
UCtUHgx7SA_eZFssVODDh82A,마노의 로블록스,"스나1등, 라이벌1등 마노입니다

재밌게 보세요
",2026-03-11 10:32:21,KR,Video_game_culture,@마노의로블록스,,,1
UCtVBI7YLJyDvrx7iWAukx_Q,강철,"강철의 메일: kangcheol321@gmail.com 
로블록스 강철의 재미난 스토리
",2025-07-02 08:02:31,KR,Video_game_culture,@로블록스강철,,,1
UCxe_WKNMrOgvNtgz02oLTjQ,스스스,"""게임 속 이야기에 자연스럽게 스며드는 순간""

네이버 : steamsteamdeckswitch@naver.com
Instagram ID : sss.gamereview__
",2015-06-16 04:59:44,,Video_game_culture,@스스스게임리뷰,,,1
UCxgFJOTQeyB4HqTQr5LYkqA,시안,"게임하는 사람


cyanogen10250@gmail.com",2026-01-16 09:01:04,,Role-playing_video_game,@시안-r8v,,,1
UCxin7Nr69HWFKjeaoWlL8xQ,ROBIN,(😘) 종합게임 유튜버,2026-05-03 09:50:30,KR,Video_game_culture,@gamrobin,,,1
UCxn8csYeZg6awRnZS-aqg0g,Diablo,"#DiabloIV is available now. Welcome to Hell 🌹

ESRB Rating: MATURE with Blood and Gore, Intense Violence, Language. 

Diablo4.com
",2005-09-29 18:04:20,US,Role-playing_video_game,@diablo,,,1
UCxpXguPL_B5pz7Gq8ozfwlA,익싸이팅 철권태그 exPSYting Tekken tag,"안녕하세요~ 부산 고전게임 철권 태그 게이머 익싸이팅 exPSYting 입니다.
아직도 옛추억을 잊지 못해서 심심할때면 게임을 하곤 했는데~
지금은 넷플을 위주로 하고 있어요~ 아직은 부족한게 많지만
재밌게 봐주시면 감사하겠습니다.😊

후원 및 투네이션
https://toon.at/donate/expsyting

카카오 오픈채팅
https://open.kakao.com/o/gWOVRObi
",2007-09-15 11:48:53,KR,Video_game_culture,@익싸이팅철권태그tv,,,1
UCz5LAkkX66OAW-y_WiWf9vA,대추야자,"게임 유튜버 대추야자입니다. 잔잔한 방송을 좋아하시는 분들께 추천합니다!!
제 방송에 오시면 즐겁게 해드릴게요 ㅎㅎ

",2026-02-08 13:57:29,,Video_game_culture,@대추야자-dhyj,,,1
UCms8Ge7H1ZGgw6nV94fUhUQ,배틀그라운드 – PUBG: BATTLEGROUNDS Korea,"(주)크래프톤, PUBG STUDIO에서 제공하는 PUBG: 배틀그라운드 한국 공식 유튜브 채널입니다.
",2018-01-15 07:09:00,KR,Video_game_culture,@pubg_kr,,,1
UCzDmGDR5RdahQkLCBoWlTEg,FC 온라인 Esports,FC 온라인 e스포츠 / 리그 공식 채널 (KR),2021-04-30 03:31:34,KR,Video_game_culture,@fconlineesportskorea,,,1
UCQJuZxeDv2P05YHcC-tIEVQ,악어 유튜브,"멤버십 가입 링크 ➡️

★비즈니스 문의★
swamptv@naver.com

신개념 게임 예능방송! 악어의  유튜브 채널입니다.
매일 오후 5시에 마인크래프트 및 다양한 게임 영상이 올라옵니다.
생방송은 매주 수목일 8시 SOOP 악어방송에서 진행됩니다.
https://ch.sooplive.co.kr/jdm1197

　
* * * * * *

Note : Recently there are some individuals who impersonate this account and request game companies for free steam keys.
My youtube never asks for free giveaways or keys; only emails from the official email address swamptv@naver.com should be considered as coming from this channel.
If you receive any of those impersonating emails, please kindly report to us via swamptv@naver.com

* * * * * *",2012-08-12 18:36:22,KR,Role-playing_video_game,@acau,,,1
UCLHwMFguUxHVSk91vzicEJw,미라클TV,"생방송: https://chzzk.naver.com/e1e532568c0d2fdb93d22e5d7fda8f13
팬카페: https://cafe.naver.com/miracleb







",2017-07-31 12:09:57,,Video_game_culture,@miracle0o0,,,1
UCLJNL66b_LytPcZovqz5pkg,Garden of Eyes,"Welcome to Garden of Eyes, your one-stop destination for everything Elden Ring modding! Our channel is dedicated to bringing you the most immersive and creative Elden Ring content, that will leave you on the edge of your seat! Our content includes:

🌟 Exclusive Mod Showcases: Be the first to discover and explore the latest and most innovative Elden Ring mods, with our in-depth showcases that dive into the intricacies of each creation.

🔥 Elden Ring & Bloodborne Boss VS Boss Videos: Witness epic showdowns between your favorite bosses, in never-before-seen battles that will redefine your gaming experience!

📢 Mod Updates: Stay in the know with regular updates on the hottest Elden Ring mods, including feature additions, bug fixes, and community-driven improvements.

Subscribe to Garden of Eyes today, and join us on this exhilarating journey through the ever-evolving world of Elden Ring modding. Let's redefine the boundaries of your Elden Ring experience together!
",2020-10-24 21:05:48,GB,Role-playing_video_game,@gardenofeyes,,,1
UCLXI7tT4pHH222QgpvYx1jA,한국게임이용자협회,한국게임이용자협회입니다. ,2021-07-08 06:30:56,,Role-playing_video_game,@한국게임이용자협회,,,1
UCL_IvtOZo6sONpiydbzzHpA,JUNE,"안녕하세요 게임 크리에이터 JUNE입니다
문의사항은 아래 비즈니스 문의 메일로 부탁드립니다~!
비즈니스 메일 : boyish.mind@gmail.com
",2011-12-22 17:51:48,KR,Strategy_video_game,@junecr,,,1
UCJN5mgLqkPCTVC5v-12gKjQ,키움 DRX VALORANT,,2020-06-17 11:08:22,KR,Video_game_culture,@drx_valorant,,,1
UCJNEIbzzpRl-l1iGdD2BxGg,눈가루 PowderSnow,"안녕하세요
아프리카 , 치지직 , 유튜브에서 로스트아크 , 롤 방송을 하고있는 눈가루입니다

광고 문의 : whwodls7@naver.com


",2022-10-02 05:42:30,KR,Strategy_video_game,@powdersnow116,,,1
UCJPseQU9-GQKn7CGt3pDJjQ,tsensor의 (고전)게임채널,"90년대 고전게임을 주로 올리고 있습니다. 한달에 한두번 영상 업로드 합니다

",2006-02-05 14:51:07,KR,Video_game_culture,@tsensor,,,1
UCJVhcdElryFktJmFHaad9jg,플레이온 (PlayON),"🎮 플레이온 (PlayON)

모바일 게임의 모든 순간을 함께합니다!

📱 최신 모바일 게임 리뷰
⚔️ 공략 및 성장 가이드
🔥 신작 게임 소개 및 첫인상
🎯 이벤트 & 업데이트 소식
💎 과금 효율 분석 및 꿀팁
🏆 랭킹, 메타, PvP 콘텐츠
🎥 실전 플레이 및 라이브 방송

PlayON은 다양한 모바일 게임의 재미와 정보를 빠르고 쉽고 재미있게 전달하는 종합 게임 채널입니다.

RPG, 전략, 생존, 수집형, 방치형, MMORPG까지!
장르를 가리지 않고 직접 플레이하며 솔직한 리뷰와 공략을 제공합니다.

게임을 시작하기 전에,
더 강해지고 싶을 때,
최신 정보를 가장 빠르게 알고 싶다면

구독 👍 좋아요 ❤️ 알림설정 🔔

지금 바로 PlayON과 함께하세요!

🎮 PlayON
Play More, Win More!

📧 비즈니스 문의
E-mail : 

#모바일게임 #게임공략 #게임리뷰 #신작게임 #PlayON #플레이온 #게임채널 #모바일게임추천
",2025-07-22 10:14:14,KR,Role-playing_video_game,@플레이온-u2m,,,1
UCJYdIDfGkqXTsQq5aW4md0Q,바뷰뷰 게임방송,"바뷰뷰(https://chzzk.naver.com/153f28bc51764c3b03d34ea06492f727)의 게임방송 다시보기,게임 컨텐츠 채널입니다.",2013-12-10 05:46:20,KR,Strategy_video_game,@babyubyu,,,1
UC9vI-9WYQLXKI6n9XdXXo3g,땅우양,"[3사송출] League of Legends 챌린저 1647점 원딜 - 땅우양
생방송 시간: 저녁에8~10시에켜서 아침까지합니다
치지직 주소: https://chzzk.naver.com/482cdeab4cada3ff6945a24687a944d6
아프리카 주소: http://bj.afreecatv.com/zz4545zz
둘다 땅우양 치면 나옵니다.
유튜브 업로드는 1일1영상 일요일은 하루 쉽니다!
풀영상 채널도 있으니 많은 관심 가져주세요!
",2018-02-14 09:08:04,KR,Role-playing_video_game,@zz5152zz,,,1
UC9vz3TBChrJmYbzUo-rqfSg,녹두로 월드,종합게임방송 채널 녹두로입니다.,2014-08-27 21:09:35,KR,Role-playing_video_game,@nokduro_world,,,1
UC9zmo9x1o7xAfgM1Fw3Dg4g,TheJizzy,"I create immersive, story-driven gaming content focused mainly on the Grand Theft Auto universe.
Secrets, myths, easter eggs, hidden details, mods, missions and cinematic moments from GTA San Andreas, Vice City, GTA III and GTA V.
Occasionally exploring Red Dead Redemption 2, Max Payne and other iconic games.

💬 Content for players who love atmosphere, details and unforgettable game worlds.
",2011-12-13 15:31:47,CZ,Video_game_culture,@thejizzy,,,1
UCA2ztZuXhSktpdxb419WvCQ,루시드리 - 호요게이머,"엔드 컨텐츠를 이제 시작하는 뉴비와 무소과금을 대상으로 공략을 하는 채널입니다
계정상담과 나선대리도 하고 있으니 도움이 필요하신분은 생방에서 신청해주세요!

비즈니스 문의 : rucidrim@gmail.com
",2022-08-16 19:08:56,KR,Role-playing_video_game,@rushodri,,,1
UC5T_FfQwgy56XP0aEVHYULQ,은가비,"오버워치 랭커 및 프로 출신 각종 게임의 서포터-지원가 유저 '은가비' 입니다.
하이라이트 영상들과 게임 영상들이 올라오는 게임 채널입니다.
현재는 로스트아크와 명조를 주력으로 플레이하고 있습니다. 

상아탑 퍼클 w.김뚜띠, 캡틴잭, 방울토마토라면
카멘 더 퍼스트 퍼클 w.로아사랑단
카제로스 1막 에기르 퍼클 w.로아사랑단+김배마
카제로스 2막 아브렐슈드 퍼클 w.로아사랑단+우웅
카제로스 3막 모르둠 퍼클 w.로아사랑단
카제로스 4막 아르모체 세컨클 w.로아사랑단
카제로스 종막 더퍼스트 세컨클 w.로아사랑단

치지직에서도 방송 중이니 팔로우와 유튜브 채널구독 및 많은 관심 부탁드립니다! 

비즈니스 문의 : coo@futuresenter.com
치지직 링크 : https://chzzk.naver.com/b03d77e657d49ffdd77589e540763a7e


*채널아트 제작 : 톡탁 님
*프로필 : 호주머니 제작",2013-06-04 23:16:58,KR,Role-playing_video_game,@silvergavi0730,,,1
UC5ThQKdocwo_9UurfT5P_ww,연어초밥,광고 문의 salmonsushi081001@gmail.com,2017-08-16 05:18:47,,Video_game_culture,@연어초밥0,,,1
UCYJDUekoQz0-bo8al1diLWQ,말왕TV,"즐겁게 운동하는 고품격 운동방송
ragoona88@gmail.com",2012-09-07 13:50:02,KR,Video_game_culture,@mrragoona88,,,1
UCYM01qjjE_hmqFQAmOo-lNg,랜덤상자,반갑습니다 :),2018-07-03 08:37:53,KR,Video_game_culture,@랜덤상자,,,1
UCYMXFMiaGBnZ08-wBHS2MPQ,아니쑤바(이다 풀영상),"이다 풀영상 채널

✅모든 문의
airshowerse@naver.com

생방송은 유튜브, 치지직, 숲 3사 동시 송출중
매주 화요일 정기 휴방
항상 감사드립니다!
",2011-10-21 12:40:15,KR,Video_game_culture,@이다풀영상,,,1
UCn2E0CVlb421-JjY9-Oydsg,깍치의 게임실황,각종 색상들과 즐기는 얼렁뚱땅 게임 실황,2024-01-14 09:52:53,KR,Video_game_culture,@깍치의게임실황,,,1
UCn3lLusvOTVdtxZi0EHlSTw,썩은물 철권 태그 연구소 Tekken Nouser,"철권 태그 토너먼트를 10년 넘게 즐겨온 평범한 유저입니다. 예전 오락실 생각나서 가끔씩 플레이 영상이나 콤보 올려보고 있어요. 편하게 구경하다 가세요


#철권 #철권태그 #철권태그토너먼트  #철권8 #격투게임 #격게 #오락실 #레트로게임 #반다이남코 #게임 #철권온라인 #카즈야 #진 #레이나 #화랑 #브라이언 #킹 #스티브 #드라구노프 #펭 #알리사 #샤오유 #라즈 #철권콤보 #10단콤보 #2p웨이브 #철권공략 #철권강의 #철권날먹 #철권장인 #철권기술 #철권심리전 #철권프레임  #태그고수 #철권고수 #철권초보 #철권입문 #철권역전 #의자단 #파괴신 #철권랭크 #철권대회 #철권방송 #철권영상 #철권플레이 #철권쇼츠 #철권밈 #철권웃긴영상 #철권하이라이트 #철권커스터마이징 #철권모드 #철권갤러리

#Tekken #tekken3 #TekkenTag #TTT1#Arcade #RetroGame #VideoGames #ActionGames #Kazuya #T8_Jin #T8_Kazuya  #EVO #TWT #TekkenWorldTour #TekkenTournament #RankedMatch #TekkenOnline #shorts #ArcadePeru #DirectoTekken #MomentosGamer #TekkenLatino #GamersUnidos #TekkenFan #StreamerPeruano #TekkenViejosTiempos #TekkenNoticias #TekkenClips #GamingEnEspañol #RankedPeru #TekkenTagPeru #JugadorPro #TorneoTekken #Peleas #ComboFinal #Victoria #Derrota #TekkenSkill #TekkenMaster #TekkenPeleas #TekkenReacción #KazuyaPeru #JinKazamaPeru
",2023-03-23 22:37:52,KR,Video_game_culture,@썩은물철권,,,1
UCnCFD3met1Ip7OngdF9TRDg,웁TV 풀영상,"게임채널 웁tv 입니다. 많은 분들과 함께 웃고 즐길 수 있으면 좋겠습니다. 욕을 많이 하오니 미성년자는 시청을 자제 해주시면 좋습니다

재생목록을 이용하면 좀 더 편리하게 보실 수 있습니다.


",2015-08-16 03:29:44,KR,Video_game_culture,@wooptv_,,,1
UCroIk85IFzp6OZzKoJFDKuA,더데프트,"롤토체스 챌린저의 티어덱 운영법

문의 : thedeft@naver.com
",2012-07-10 14:47:06,KR,Strategy_video_game,@thedeft,,,1
UCrwOSKEMgNGb1SIWqiYaulA,GTAUnitedSeries,"Hello, my name is Marijonas and welcome to my YouTube channel which is focused on GTA series especially on GTA San Andreas and MODS.

I show the most interesting mods , like map mods, custom missions, custom storylines and much more. Subscribe for more content like this.

Connect with me on Facebook :
https://www.facebook.com/share/1FW973ajSC/?mibextid=wwXIfr


Lithuania 🇱🇹",2013-06-14 14:18:58,LT,Role-playing_video_game,@gtaunitedseries,,,1
UCrxzkAOXEbflxcTbRYnCoTw,모험의지귀,"지귀의 재미있는 게임이야기!
구독과 좋아요 부탁드립니다!
",2021-10-02 22:06:15,KR,Role-playing_video_game,@jigwi-u5o,,,1
UCPsZX-D7LW99PjZLA-UysPQ,TEKKEN REPLAY KOREA,"대한민국 철권 유튜브 채널에 오신 것을 환영합니다!!!

채널의 목적은 시청자들이 수준 높은 콤보와 전략을 배울 수 있도록 콘텐츠를 제공하는 것입니다.

이 채널의 모든 영상은 교육적 즐거움을 목적으로, 직접 녹화한 영상만 사용합니다.
(Youtube 또는 기타 플랫폼에서 가져온 영상은 없습니다.)

이 채널의 모든 영상은 저작권이 없거나, 각 게임의 제작사에 저작권이 있습니다.


Welcome to the Korea Tekken YouTube Channel!

Our goal is to provide content that helps viewers learn high-level combos and strategies.

All videos on this channel are original recordings created for educational and entertainment purposes.
(We do not use any videos that have been taken from YouTube or other platforms.)

All videos on this channel are either copyright-free or owned by the respective game developers.
",2023-04-18 08:43:10,KR,Video_game_culture,@tekken_korea,,,1
UCirJgPv8RtFaFMj39b6cD8Q,순삭GTA,"가장 흥미로운 GTA 순간들만 모았습니다.
매일 업데이트되는 순삭GTA 쇼츠로 스트레스 풀고 가세요!
구독하고 같이 즐겨요!
",2026-03-28 07:47:58,KR,Role-playing_video_game,@순삭gta,,,1
UC2_VPutZK0o_tG8ca_QrQRA,김도랜드,"약간 이상한 겜돌이 아저씨 김도의 게임채널입니다!
댓글 규칙은 카페,방송 규칙과 동일합니다. → https://cafe.naver.com/kimdoe/12
게임 광고는 진행하지 않습니다.
유튜브 댓글 신고는 팬카페의 신고 게시판을 이용해 주세요!
",2012-07-01 03:50:38,KR,Role-playing_video_game,@김도랜드,,,1
UC2dwjvNVRTEo-rawvK4Z4WA,아카제 AkaZE,"매드무비 영상은 클립 모일때마다 올라갑니당!

생방송링크 : https://www.sooplive.com/station/drizz24
개인 문의 : clock0812@naver.com

",2016-10-23 06:59:07,KR,Video_game_culture,@아카제,,,1
UC2f8VfmEF2_0-rFN4RNHaNg,흐구구구 HGOO,"살짝 맛이 간 원신쟁이 흐구구구
✉ 99hgoo99@gmail.com
",2022-11-30 06:18:50,KR,Role-playing_video_game,@흐구구구,,,1
UC2ja61Zku_rw3ZBfDZi8cuQ,KCM TV,"이런 스타크래프트 리그는 없었다!
이것은 배틀로얄인가 토너먼트인가!

BGM출처:
Song: Jim Yosef - Arrow [NCS Release]
Music provided by NoCopyrightSounds.
Free Download / Stream: http://ncs.io/Arrow
Watch: https://www.youtube.com/watch?v=5LI5QZVUU98

Song: Jim Yosef & Alex Skrindo - Passion [NCS Release]
Music provided by NoCopyrightSounds.
Free Download / Stream: http://ncs.io/Passion
Watch: https://www.youtube.com/watch?v=pxEKoZKpCew

Song: Tobu - Sweet Story [NCS Release]
Music provided by NoCopyrightSounds.
Free Download / Stream: http://ncs.io/Sweet Story
Watch: https://www.youtube.com/watch?v=wr88U-JU3cc

KCM종족최강전!!
SINCE 2015
광고, 스폰서, 후원을 원합니다!
문의는 femin9974@hanmail.net 으로 주세요!!
후원계좌: 카카오뱅크 3333-08-7185532
",2015-09-02 09:21:07,KR,Strategy_video_game,@kcmtv,,,1
UCgjaQlejpAnIu0q-xtVfTEw,밍모,"모바일게임 크리에이터 밍모입니다.
땡큐!
",2013-12-08 08:06:06,KR,Video_game_culture,@밍모,,,1
UC-aXNBQ6nwMNeW2V8XB7sBg,메리엄,"배그 솔로 유튜브, 치지직 동시송출 방송
문의 : apfldja@gmail.com",2019-02-01 17:22:18,KR,Role-playing_video_game,@메리엄,,,1
UC-ntxe7eU_afJWEpcTNlVFA,루이,"로블록스를 좋아한다면 구독해 주세요!

주의: 동룡쓰 아님
동룡쓰님 편집 스타일을 따라했습니다
",2021-08-28 12:07:12,KR,Role-playing_video_game,@itslouyee,,,1
UC-okJdotaXPlzivRzHFqzuA,인피쉰,"스타크래프트 빠른무한 방송하는 인피쉰 입니다 🙂

YOUTUBE & 아프리카 동시 생방송 중이며,

생방송 시간은: 오후 20:00 ~ 새벽 1:00 입니다.

휴방일: 화요일 & 토요일 입니다.

✔️ 광고 문의: infishinmanager@gmail.com

✔️인피쉰 인스타: infishin_yjh
",2012-10-06 14:58:02,KR,Strategy_video_game,@infishin,,,1
UCi5yzN6jpdz2akGTm-mJSKQ,루다게임방송,"루다채널

- 광고/출연 등 비즈니스 문의: biz@pixelnetwork.co.kr

",2014-08-06 05:04:58,KR,Role-playing_video_game,@luda_love,,,1
UCi75amegaJzyWepvUKb168g,Yesnice의 고전게임,"오락실 게임 및 비디오게임 플레이 영상입니다.

방송은 트위치에서 하고 있으며 에뮬레이터로 실행하고 있습니다.

방송시간은 랜덤이지만 대부분은 주말에 편중되어 있습니다.

많은 시청과 댓글 부탁드립니다.

트위치 방송 주소 (https://www.twitch.tv/yesnice_) 
",2013-10-13 12:36:58,KR,Role-playing_video_game,@yesnice6400,,,1
UCi8fe6P0_tLeZ1r31wOydvw,돌아온붕어형 - 고전게임 공략 채널,,2014-04-26 17:22:22,,Video_game_culture,@live8774,,,1
UCiE9ZR51IeGPRbD4_Px6_Fw,여성상,발로란트를 좋아하는 여 씨 가문의 성상입니다⋯⋯,2023-12-16 06:55:39,,Video_game_culture,@yeoseongsang,,,1
UCiEMsnnzti6PDNi8TAlSnFw,진순이진상 - 종합게임,"진순이진상 종합게임 채널에 오신 걸 환영합니다!

배틀그라운드, GTA5, 리그오브레전드, 스팀게임 등 다양한 게임을 플레이하며
웃긴 장면, 레전드 순간, 공략 영상, 하이라이트를 업로드하고 있습니다.

재밌게 보셨다면 좋아요, 댓글, 구독 부탁드립니다!
여러분의 응원이 더 재미있는 영상 제작에 큰 힘이 됩니다.

🎮 주요 콘텐츠
배틀그라운드 하이라이트
GTA5 구습격 공략
리그오브레전드 매드무비
스팀게임 플레이
웃긴 게임 장면
종합게임 영상

📢 진순이진상 방송과 영상 많이 사랑해주세요!

📌 진순이진상 채널
YouTube : https://www.youtube.com/@dongsang-w2z
PUBG YouTube : https://www.youtube.com/@jinsunjinsang
SOOP : https://www.sooplive.com/station/qkrtjrwls14
CHZZK : https://chzzk.naver.com/27d660fb867ee9d80d3787dc0506185f
instagram : https://www.instagram.com/parkjisang14?igsh=OHF2enRlYm5ieHdv
",2014-12-08 04:29:55,KR,Video_game_culture,@dongsang-w2z,,,1
UC0wo7SwsC5dE0nSgBs2M-3A,징중부,"많은 사람들이 웃으면 좋겠다



연락수단
jjbstar@naver.com




",2021-06-13 14:23:36,KR,Role-playing_video_game,@징중부,,,1
UC141BuVRzSSXJX33Am9yxEA,소니쇼게임방송,치지직 종합게임방송 소니쇼라구~~~~,2016-05-08 05:31:44,KR,Video_game_culture,@소니쇼,,,1
UC14G5tdSndPhP47RTVgMXcg,잡동사니가 가득한 자막공방,"2026년 올해 안으로 동결할 수도 안할 수도 있으며
수익 창출을 하지 않는 채널입니다.

All credits go to their respective owners. 
As a fan-made video, no profit will be made from video.

My PC Spec.
CPU / MB : U9 285K / Z890 APEX
RAM : D5 6000MHZ 64GB
VGA : RTX 5090 MASTER ICE
",2013-09-26 18:59:38,KR,Video_game_culture,@tomato2006,,,1
UC1FlBAifbZNnQBr_KAxB3_A,Ppp,실친 게임 실황 저장하는 클라우드 개념,2022-11-13 08:47:22,KR,Video_game_culture,@cadcadcad,,,1
UC1IUMdwaJ22A6FkPiI8dcig,TTHIRD[발로란트 백과],"발로란트 패치, 대회, TMI 등을 다룹니다.

THIRD[롤 백과사전]의 부채널이기도 합니다.

'떠드'라고 불러주세요
",2022-01-09 15:19:31,KR,Video_game_culture,@tthird4100,,,1
UCZuT6NXrfZzYbqCG_RWgSgA,피아노철권PIANOTEKKEN,"태그1 온라인 방송입니다 키보드플레이어
장비 N키보드2
Welcome to Tekken Pianist.

This channel is focused on my  Tekken Tag Tournament online play live.
I share high-level matches, rare techniques, and intense moments from online play.

Sometimes unknown players appear with incredible skill, and those moments are worth sharing.

If you love classic Tekken and high-level matches, subscribe and enjoy.

New clips and shorts from live streams are uploaded regularly.

Tekken Tag Tournament player
Classic Tekken gameplay
Live stream highlights",2012-04-29 14:31:46,KR,Video_game_culture,@tekkenpianist,,,1
UCZudBEEhIf6i8XIZZn3QDvA,마스의 마인크래프트,"화성인🪐 팀의 수장 마스입니다!

--------------------------------------

2025.06.03 : 구독자 1000명 달성
2025.06.03 : 구독자 2000명 달성
2025.06.04 : 구독자 3000명 달성
2025.06.04 : 구독자 4000명 달성
2025.06.04 : 구독자 5000명 달성
2025.06.04 : 구독자 6000명 달성
2025.06.04 : 구독자 7000명 달성
2025.06.04 : 구독자 8000명 달성
2025.06.05 : 구독자 9000명 달성
2025.06.05 : 구독자 10000명 달성
2025.06.06 : 구독자 15000명 달성
2025.06.30 : 구독자 20000명 달성
2025.07.12 : 구독자 25000명 달성
2025.07.14 : 구독자 30000명 달성
2025.07.15 : 구독자 35000명 달성
2025.08.06 : 구독자 50000명 달성
2025.08.13 : 구독자 60000명 달성
2025.08.25 : 구독자 70000명 달성

--------------------------------------",2025-04-23 08:58:41,KR,Video_game_culture,@마스의마인크래프트,,,1
UC_1zs9WEip0B-2g5ysbf-eg,게임 유튜버의 꿈,,2022-02-23 10:15:38,,Video_game_culture,@남살다보면,,,1
UC_2x8h1QrTHOO0i4Yiss-ww,리병현,"모든게임을 낭만으로
이메일: qudgus7520@gmail.com
",2019-04-24 04:47:59,KR,Strategy_video_game,@02bh13,,,1
UCZ-B_El841ME7qGXvYinGmw,밤까마귀,"스타크래프트와 게임 스토리, 게임 플레이와 유즈맵, 캠페인을 즐기는 채널입니다.",2012-07-22 23:05:22,KR,Role-playing_video_game,@bkmg,,,1
UCZ-UuK86Bk5sGzQQ2cEglJQ,주키니TV,반갑습니타노스,2017-07-25 08:12:25,KR,Video_game_culture,@zucchinitv,,,1
UCNZ87V1E_2h_Nyh-zVTRFWA,게임유튜버,"화,수요일에 올라갑니다",2020-01-19 03:38:38,,Video_game_culture,@fromkoreagameyoutuber,,,1
UCNZiNM2pP6uhIlTQVS2Q5fA,모베,"라이브 : 화/목/일 20시, 피드백 신청은 프로필 링크 확인해주세요! 
라이브 일정 변동은 디스코드 채널에서 공지합니다!
문의 : june102910@naver.com 

최대한 모든 댓글에 하트 누르려고 노력중입니다!
제 하트는 확인했다는 의미로만 봐주시면 감사하겠습니다.
",2017-07-23 09:06:49,KR,Video_game_culture,@mo_ve_,,,1
UCNmN3W2H0r5_hV2drzbEn7Q,만능발,"남들과 달라도 괜찮아, 틀린 게 아니잖아 리얼 발컨!! 발로 세상을 정복하다!
문의 dltlgud8@naver.com",2017-07-09 12:22:55,KR,Video_game_culture,@만능발-mnb,,,1
UCzVXdulvpgEoI8yuFMmhxJw,The GTA Assassin,"The GTA Assassin is the alter ego of Lazy Assassin, where he talks about GTA 6 & Rockstar Games. 

Hi, I am a huge GTA nerd. Here, you will find GTA 6 News, Leaks, & GTA Online Updates - I cover all of them along with RDR & Classic GTA Games.

",2020-10-26 18:08:15,IN,Video_game_culture,@thegtaassassin63,,,1
UCzju3TlIRi6tkO9o4gwXdVA,무릎의 철권TV Full Version,"무릎의 철권 방송 풀버전이 올라오는 채널입니다! 긴 데스매치도 풀버전으로 올라갑니다.

Knee Stream Full Version & Rank Match Full Version
",2021-01-06 06:30:43,KR,Video_game_culture,@tekkenkneefull,,,1
UCzkk3MGFFeiN0E0T3AEeg_g,단지니,"게임 소식 올립니다



문의:xnatmxhs@gmail.com
",2025-07-01 07:18:41,KR,Role-playing_video_game,@dan_jini,,,1
UCZJFaxsby9j3T6h0UVcCcCA,GTA Wood,"GTA Wood Gaming
Subscribe and I'll be here whenever you need help.

Welcome to GTA Wood! My name is Andrew. I am a lifelong Grand Theft Auto fan and a problem-solving nerd. I love fixing GTA problems, finding new methods to enhance the game with advanced modification techniques, and staying on top of GTA insights. Here, you'll find updates, solutions, and news for GTA 6, GTA 5, GTA 4, the GTA Trilogy (GTA III, Vice City, San Andreas), and the latest developments from Rockstar Games.
",2024-04-27 07:09:15,US,Video_game_culture,@gtawood,,,1
UCZNTsLA6t6bRoj-5QRmqt_w,LowkoTV,"New video almost every day! Mostly StarCraft 2, but also other games from time to time. Thanks for watching!",2008-02-11 14:09:44,NL,Strategy_video_game,@lowkotv,,,1
UCK8iWEZupSV2pmDMxtwdAmA,KDS철권,,2012-07-24 13:49:30,,Video_game_culture,@kds철권,,,1
UCKC4R6B8bTLIKH1V9PyD7Iw,견뭉,"종합게임 컨텐츠를 올리는 견뭉이라고 합니다

개인 문의 : kbd2018@naver.com
비즈니스 문의 : ad@lolq.co.kr
",2018-03-19 11:21:58,KR,Role-playing_video_game,@견뭉,,,1
UCKHx_yf3dI2ajWAjXRJ_9Rw,Bandai Namco Esports,"The Official YouTube Channel for Bandai Namco Entertainment Esports! 

Prepare to see top-tier matches for TEKKEN 7, SOULCALIBUR VI, Dragon Ball FighterZ, and more!
",2016-03-09 19:54:56,US,Video_game_culture,@bneesports,,,1
UCKUUL3fMVvYVZdGkKhhjP0A,주톨: 주전자 스토리,"주전자 로블록스 게임채널
This is the ZOOZUNZA Roblox Game Channel
",2025-04-18 08:13:32,KR,Video_game_culture,@zoozunzatv,,,1
UCCvEN8bTeF8Z2jcN513T1Gg,배틀그라운드 모바일 이스포츠 - PUBG MOBILE Esports KR,"크래프톤에서 제공하는 배틀그라운드 모바일 한국 이스포츠 공식 유튜브 채널입니다. 
",2022-01-13 02:55:39,,Video_game_culture,@pubgmesportskr,,,1
UCD2YO_A_PVMgMDN9jpRrpVA,랄로,"랄튜브는 방송 중 액기스만 쫙 뽑아 올립니다.

랄로 풀코스 https://www.youtube.com/@랄롱
생방송 바로가기  https://naver.me/FWf4gAUW
각종 비지니스 aba060847@gmail.com

",2013-11-14 05:32:35,KR,Role-playing_video_game,@랄로,,,1
UCD7D_WRXbei_g6xXOZIhQnQ,메이플노란,"메이플스토리 호영유튜버 노란비서 입니다!!
구독과 좋아요 부탁드려요!!!
비즈니스 메일: ad@lolq.co.kr
문의:nrbs1205@naver.com
",2016-01-14 07:41:48,KR,Video_game_culture,@noranbiseo,,,1
UCD8r5Jgns2V64-NcUmXclpg,전쓰트의 게임 채널 Junsst,"그냥 하고 싶은 거 하는 채널입니다
문의할 게 있으시다면 이메일로 보내주세요 감사합니다
junsst412@gmail.com
",2019-04-13 20:59:13,KR,Strategy_video_game,@전쓰트,,,1
UCULRVjf5z_WoR106msn8HoA,리섭 LeeSeob,"항상 감사합니다.

강연/제휴/사연 문의 : leeseobtv@gmail.com




",2019-02-26 10:17:07,KR,,@리섭,,,1
UCUPa-gJcbYG9Ql8b9H9FBbg,랄라TV,"🎮 매일 새로운 게임! 랄라TV에 오신 걸 환영합니다!

로블록스(ROBLOX)와 스팀(Steam)
인기 모바일게임들의 플레이 영상, 
유쾌한 게임리뷰, 그리고 다양한 미니게임 콘텐츠를 
매일 업로드하는 게임채널입니다.

👾 다양한 모드의 로블록스 게임부터,
🕹 모바일게임, 스팀게임 플레이까지!

게임을 좋아하는 분이라면 누구든 즐길 수 있는 채널!
게임플레이와 리뷰로 새로운 게임의 매력을 생생하게 전합니다.

📅 업로드: 매일 새로운 영상
📧 비즈니스/협업 문의: sweetlalaTV@gmail.com
",2020-08-24 10:38:09,KR,Video_game_culture,@랄라,,,1
UCUR5w0E-jQTOO8Q0FZ4ilYQ,팡이요,"안녕하세요 팡이요 입니다.
아프리카TV에서 메이플스토리를 메인컨텐츠로 생방송을 하고 있습니다.
매일 밤 8시~10시에 사이에 만나요~^^ 
생방송 월,금은 휴방입니다. 매주 5회 방송 진행 하고 있습니다.
휴방날에도 키는 경우도 있습니다!

팬 선물 보내는 곳
서울특별시 성동구 성수이로20길16,  JK타워 2층 트레져헌터 팡이요 앞
물어보시는 분들이 많으셔서 적어 놓습니닷!!! 

아프리카TV방송국주소 : http://www.afreeca.com/sccha21
팡이요 팬카페주소 : http://cafe.naver.com/pang2yo
팡이요 페이스북주소 : http://www.facebook.com/pang2yo
팡이요 인스타그램 : http://www.instagram.com/pang2yo",2014-02-12 07:13:17,KR,Video_game_culture,@bjpange,,,1
UCETJ2rkwgeYb0OojPNh-DRw,VALORANT Challengers Korea,WDG Valorant Challengers Korea Official Youtube Channel,2020-12-14 23:21:57,,Video_game_culture,@challengerskorea,,,1
UCEcRvF_6IRSux8FO-ogFZug,사회인 게임클럽,"🕗 생방송 시간 : 저녁 8시 - 새벽 1시

🎮 강초당 · 구라베 · 망난이 · 송몽숙 · 장폰주 🎮 
게임을 좋아하는 다섯 명이 모여 함께 운영하는 사회인 게임클럽🎈

📢 생방송 규칙 📢

· 채팅창 도배 금지 
· 타 스트리머 언급 금지 
· 시청자 닉네임 언급 금지 
· 시청자간 욕설 및 비방 금지 
· 시청자간 훈수 금지 
· 혐오 표현, 정치 관련 언급 금지 

💚 멤버십 가입 https://www.youtube.com/c/사회인게임클럽/join
💚 투네이션 https://toon.at/donate/637801123213090159

🙌 팬카페 https://cafe.daum.net/sahoiingameclub

💌 비즈니스 메일 sahoiingameclub@gmail.com

",2021-12-25 12:27:17,,Video_game_culture,@shigameclub,,,1
UCcJ_oPUSkS_h96_PuizxMGA,리턴유튜브 [RETURN],"모바일 배그, 브이로그, 종합게임까지 다양하게 업로드하고 있습니다!!",2018-05-04 13:10:09,KR,Video_game_culture,@return02,,,1
UCcJliZnsRbNw4I4uWSGq_wA,발명 [롤토체스],"롤체하는 사람
롤토체스 올시즌 챌린저
시즌12 월드 챔피언십 5위

balmyeong123@gmail.com
",2024-01-05 04:11:14,KR,Video_game_culture,@발명,,,1
UCcNdwtZ7ulFFxngmnzsWQNA,사랑 Sarang,"오늘도 좋은하루되시길..

문의:qlwlsltmdla@gmail.com
인스타 DM

디스코드:사랑7343",2015-03-04 14:49:14,KR,Video_game_culture,@유튜브사랑,,,1
UCcZLS3cRPf6ObjvKuPM7KDw,매넬,"고전 게임의 감동과 스토리를 쉽게 풀어드리는 매넬입니다. 🎮

잊혀가는 고전 게임, 클래식 RPG, 오락실 아케이드 명작을  
시청자분들이 이해하기 쉽게 스토리 중심으로 깊이 있게 정리합니다.

✔ 게임 스토리 요약: 파이널 판타지, 드래곤 퀘스트 등 방대한 RPG를 한 편으로 정리  
✔ 오락실 게임 분석: 추억의 아케이드 명작 리뷰  
✔ 리마스터 / 리메이크: 과거와 현재를 비교 분석  

한 편으로 끝내는 몰입도 높은 게임 이야기, 매넬과 함께하세요!

#고전게임 #레트로게임 #클래식RPG #게임스토리 #파이널판타지 #드래곤퀘스트
",2014-02-07 03:55:34,KR,Role-playing_video_game,@매넬,,,1
UCp9skQ2mP_DfVL8c3gZQUzg,로씨의 디아블로,"로씨의 즐거운 디아블로 채널에 오신걸 환영합니다.

디아블로 시리즈 전문 채널로,
디아블로2 출시때부터 주~욱 재밌게 플레이한 디아블로 20년차 경력의 골수 아재입니다.
디아블로2 레저렉션, 디아블로4, 디아블로3, 디아블로 이모탈을 전문적으로 다룰 예정입니다. 
각종 유용한 정보 및 새소식을 빠르게 전달해 드리니 구독해 주세요^^

그외에 공포게임이나 오픈월드 게임도 방송을 하니 많은 관심을 가져 주세요

투네이션 후원주소
https://toon.at/donate/lossi

유튜브채널
https://www.youtube.com/channel/UCp9skQ2mP_DfVL8c3gZQUzg

치지직
https://chzzk.naver.com/e9c4e69d715b5aaf6c23349891fead96

아프리카티비
https://bj.afreecatv.com/kimplayboy

YNWWWK@AICOMPANY

U-6309899

",2013-01-13 16:27:33,KR,Strategy_video_game,@lossi,,,1
UCTNyl3P7q6PNhPddh6d7WJQ,추르륵,"배그 유튜버! 치지직, SOOP 모두 동시송출(알림 설정 필수!!)

모든 라이브 미션은 치지직에서 받아요!! 후원 아니더라도 치지직 많.관.부!!!^^

배그 솔로를 자주 즐겨하는 배린이(?)

배그 클랜 가입 환영^^
클랜: Chuleuleug(CLG)

쇼츠는 매일 아침 7시! 영상은 매주 수요일 아침 7시!!
*참고* 영상이 매주 올라가는 것은 아님(매주 올리려고 노력하는 중!)
",2026-05-25 11:07:08,KR,Video_game_culture,@추르륵,,,1
UCTUnpbuKoOODvhLhCO_kO_A,유튜브맘마,"로블록스 위주로 하는 종합게임 유튜버입니다. 구독 부탁드립니다. 

디스코드- https://discord.gg/uytrwQk

틱톡- https://www.tiktok.com/@mamma_1217


-컴퓨터 사양-
CPU: AMD Ryzen 5 5600X 6-Core
RAM: 삼성 시금치 32GB 
그래픽카드: NVIDIA GeForce RTX3060 Ti
HDD: WD꺼 1테라
SSD: 삼성꺼 256GB
마우스: 로지텍 G302
키보드: 갈축 듣보잡브랜드
캠: 로지텍 꺼
모니터: 21인치 두개 각각 삼성, 한성 꺼 (삼성 - S22D360)
마이크: COMSOME  ES-390
헤드폰: 소니 꺼
",2013-06-26 23:32:07,KR,Video_game_culture,@mamma17,,,1
UCTV_Bra7kaUhtJg0oUCojfA,치치YouTube,"반갑습니다. 여러분 치치입니다.
치치 YouTube의 주 컨텐츠는 발로란트 입니다.
치치 YouTube 채널 시청해 주셔서 정말 감사합니다.

✨구독과 좋아요는 저에게 큰 힘이 됩니다. ✨

디스코드 공식서버 : https://discord.gg/ptFnMN3y
협찬문의 : 201khg@gmail.com
-----------------------------------------------------------------------------------------------------
치치 YouTube 생일 : 2021년 5월 29일

구독자 1000명 달성 : 2021년 10월 1일
구독자 2000명 달성 : 2022년 06월 06일
구독자 3000명 달성 : 2022년 10월 1일
구독자 4000명 달성 : 2023년 01월 23일
구독자 5000명 달성 : 2023년 04월 07일
구독자 6000명 달성 : 2023년 5월 21일
구독자 7000명 달성 : 2025년 1월 27일
구독자 8000명 달성 : 2025년 2월 08일
구독자 9000명 달성 : 2025년 2월 15일 (예상)
구독자 10000명달성 :2025년 2월 30일 (예상)
",2019-11-17 09:12:06,KR,Video_game_culture,@치치_youtube,,,1
UCZCZHg_oJiHcrcj2vaPRCag,BBFtv,,2013-07-22 11:02:34,KR,Role-playing_video_game,@bbf-k1b,,,1
UCwBkHOTyu57NQi0syf5MLig,김군 유튜브,"롤 전 프로게이머 김군 공식 유튜브 채널입니다.

문의 메일 : seapea981@gmail.com
",2026-01-10 04:21:38,KR,Video_game_culture,@gimgoonlol,,,1
UCcstDLbuhxEbFKkPZ6wST2A,정동글,"롤토체스 장인 초대석과 1티어 덱 공략을 전문적으로 다루는 채널입니다.

7.5 용의 땅 챔피언십 국가대표

📩 문의 이메일
unkyo2723@gmail.com

📺 업로드 일정
매일 낮 12시 / 오후 6시 업로드됩니다 :)
",2016-09-14 08:27:27,KR,Role-playing_video_game,@정동글,,,1
UCcum1rCJ5GJeQ_xv0xrohqg,원신,"《원신》은 HoYoverse에서 선보인 오픈 월드 어드벤처 게임입니다. 이 원소의 힘으로 가득 찬 판타지 대륙 「티바트」에는 어떤 이야기들이 모험가들을 기다리고 있을까요? 귀여운 페이몬과 함께 이 광활한 대지로 모험을 떠나보세요!

무료 다운로드: https://hoyo.link/bnfgFCAL
게임에 확률형 아이템 포함

■공식 홈페이지: https://genshin.hoyoverse.com/ko/home
■공식 카페: https://hoyo.link/a0SCBJAd
■원신 트위터: https://hoyo.link/dbSCBCBd
■원신 HoYoLAB: https://hoyo.link/52uYBBAd
■원신 kakao: https://hoyo.link/9CWbu7tvI
",2019-05-24 08:54:42,KR,Role-playing_video_game,@genshinimpact_kr,,,1
UCjsqgRBvkn8XadWraSQxTKQ,단곰,"종합게임 플레이하며 공략하는 설명과 요약을 전문으로 하고있습니다

생방송은 유튜브, 치지직, 숲에서 진행중입니다

비즈니스 문의 : maximumrhyme@naver.com

투네이션 후원 : https://toon.at/donate/dangom


",2015-07-06 05:01:37,KR,Role-playing_video_game,@단곰,,,1
UCjy4DQRZlNtw8-sxerbpACQ,세주짱,"안녕하세요~ 세주입니다.
던전앤파이터 모바일로 10년만에 다시돌아왔습니다.
오셔서 소통하시며 놀다가시기 바래요",2014-07-05 03:22:39,KR,Role-playing_video_game,@sejuzzang,,,1
UCjyXK9pWHwWR_-bRibFaWDg,오아,"시청해주셔서 감사합니다 !

아프리카TV 생방송 : https://ch.sooplive.co.kr/legendhyuk

문의 : oah@sandboxnetwork.net
",2017-10-01 04:36:10,KR,Video_game_culture,@oah_youtube,,,1
UCk1NTIlGP27bQEumkw6sDVA,변현제TV,BJ 변현제님의 방송국:http://bj.afreecatv.com/bye1013,2020-03-30 16:06:59,KR,Role-playing_video_game,@tv4776,,,1
UCaN1Qp37sHiCdQuSaXa3fVw,주평,"발로란트 유저라면 매일 출석 필수! (1일 1영상)

모든 문의 : jupyung610@gmail.com 
디스코드 : jupyung_
",2015-08-22 17:53:43,KR,Video_game_culture,@주평1,,,1
UCaN3tSrrzIrXSDonEe7LK9A,동탄버튜버 긴몽새,"몽새의 서브컬쳐 게임 풀영상 채널입니다!
스토리와 리액션 다시보기가 업로드됩니다🧡

❥ 메일｜mongsae@stargazer.ltd
",2024-01-29 15:32:34,KR,Role-playing_video_game,@fullmongsae,,,1
UCaY7wcqhFb_c2eQ1eRB8rOQ,윤치,"여러가지 게임을 즐기는 유튜브 입니다
정기적으로 올리도록 노력하겠습니다

비즈니스 메일 문의 : marketing@parable-asia.com
윤치의 치지직 : https://chzzk.naver.com/d400ffee88bc384977c5d4c153ef529f
윤치 팬카페 : https://cafe.naver.com/yuncyalive
",2012-12-29 12:07:58,,Role-playing_video_game,@윤치,,,1
UCWjfI3wnNOgQCTu2SijfgMg,게구리 Geguri,"This is the official channel of Geguri
게구리 공식 유튜브 채널 계정입니다
  Geguri 치지직 ( main stream )
→ https://chzzk.naver.com/a13c4c22073703fac61304c2cf2e5b06

 Geguri Discord
→ https://discord.gg/NDDun8P

 Geguri E-mail
→ geguriow@gmail.com",2019-10-27 23:25:10,KR,Video_game_culture,@geguri9162,,,1
UCWmHTIadJeUb8-4nHXBCVUA,서던,"친하게 지내자

인스타 : seodaxn
문의 : sudawn5@gmail.com
",2025-08-03 02:52:32,KR,Video_game_culture,@서던게임,,,1
UCWq9wRjQXYC8i486uVLysUA,이도원,"안녕하세요 이도원입니다 이상
",2019-03-29 06:20:09,,Video_game_culture,@dowon4376,,,1
UCWruBQD5z0KK04l3KvsjW-A,Garo TV - 포켓몬 트레이너와 그의 포켓몬 가로,"초보 포켓몬 트레이너& 그의 하나뿐인 포켓몬 고양이 가로의 여정

주요 컨텐츠
★포켓몬카드
★포켓몬고
★포켓몬빵
★포켓몬게임
★포켓몬가오레
★포켓몬피규어
★포켓몬가로(냥이)
★모든포켓몬템
★기타 etc.

항상 감사합니닷
우리 모두 행복하자구욧!


",2012-12-30 06:00:09,KR,Video_game_culture,@garo_tv,,,1
UCWwbZhw5M-Q5dZtTK4nDWNw,왈라빈 Wallabinn,"라이브는 오후 8시에 [치지직]에서 진행합니다!

치지직: https://chzzk.naver.com/8a57872ead002470ca045389593549e2
카페: https://cafe.naver.com/wallabinn10
메일: wallabinn10@gmail.com
인스타: wallabinn


롤토체스, 리그오브레전드, 공포게임, 스팀게임, 토크 등등
",2023-04-13 19:00:21,,Video_game_culture,@wallabinn,,,1
UCkavlo6q2XfO_MA9Q24wRvw,선 해,"챌린저 출신 롤체 유튜버 입니다


",2022-09-15 10:34:26,KR,Video_game_culture,@선해-v7o,,,1
UCfHlKp8w7IxpObWnHJtYRnQ,Diablo 2 Esp,Canal centrado en el juego Diablo 2 en español.,2019-02-27 21:18:13,ES,Strategy_video_game,@diablo2esp,,,1
UCfIFEUxDE0kRkZh4yfEBEvA,철권 여래신장 Tekken_Buddhist Palm,"됐고! 아스카 이기는거나 보자!

요즘 방송은 잘 못하고 있습니다. 유튜브에서 소통해요.
",2022-10-29 05:12:11,KR,Video_game_culture,@thebuddhistpalm,,,1
UCfIUuMA7U_jImP7oWfTe4Pw,이상호,"피파온라인4 영상 혹은 리그오브레전드 영상 혹은 시연이와 커플 영상이 가득한
이상호 유튜브 채널입니다!

구독, 좋아요 한 번씩 감사합니다!
",2015-06-03 05:29:38,KR,Role-playing_video_game,@leesanghotv,,,1
UCfL7Vob_QbS2c_QrP-KAjdw,챌린저 미드김홍주,"미드 김홍주

",2015-03-28 08:19:59,KR,Strategy_video_game,@challengermidhongju,,,1
UCpnnUKmAQKgVinEV-lV-N2g,프뚜,다양한 마인크래프트 영상 올리고 있습니다,2023-11-20 17:08:08,KR,Role-playing_video_game,@프뚜,,,1
UCppLE7C1TC4ovrGbRoTzsmg,효튜브,"오버워치 겐지 장인으로 활동하고 있는 효튜브입니다

🐯 🧓✶

개인 문의 - dang0518@naver.com
광고 문의 - ad@lolq.co.kr
",2015-06-15 15:23:59,KR,Video_game_culture,@효튜브,,,1
UCpwGBltfwjd_fIzp5cb5R0w,안현수,"제 유튜브는 100% 주작입니다^^
매일 저녁 7시에 라이브합니다. 
 
메일: rora061614@gmail.com",2015-01-11 02:03:57,KR,Video_game_culture,@ic_안현수,,,1
UC7hwQp3F6P_OwyRM14p88iQ,철권 조사파 tekken chosapa,"철권 태그 여러 캐릭터를 다루는 조사파 채널입니다.
대회 하이라이트, 딜캐, 프레임 플레이를 다룹니다.
Tekken Tag tournament highlights, punishment & frame play.
",2025-12-29 13:45:05,KR,Video_game_culture,@chosapatag,,,1
UC7ikVsVGGrUy2RD65w-awng,철권샤넬,"15년차 무당 / 격투겜임 플레이 및 일상영상 채널입니다  :) 

아프리카TV https://bj.afreecatv.com/vmffldrmftm
트위터 https://x.com/tekkenchanel
인스타그램 seongho_kang
방송문의 ekakthsus@naver.com
상담 및 방문 관련 자세한 내용은 네이버 "" 일월제당 "" 검색 하시면 됩니다.


* 수상경력 *

2010 텍켄크래쉬 우승
2015 텍켄크래쉬 우승 
2016 세계대회 준우승
2017 한국대표 선발전 우승
2018 evo japan 준우승
2019 Saudi invitational  준우승
2020 IESF 아시아 우승
2021 ATL 파이널 준우승
2022 ATL S1 파이널 준우승
2022 TWT DOJO PRIME 우승
2022 세계무예마스터십 준우승    
2023 국회의장배 e스포츠 한일전 우승
2023 TWT2022LCQ 우승
2023 Malta 사이버 시리즈7 준우승
2023 FGCL 우승
2024 TWT BAM 우승
2024 OSAKA TWT DOJO +96 우승 
2024 EWC 5위
2018 ,19 ,20 , 24  TWT 파이널 리스트
2025 STL S1 DAY7 우승
2025 EWC 2회 진출

등등







",2020-03-14 03:45:57,KR,Video_game_culture,@mudang,,,1
UC7loyhgCm1NRTtyF36hO-jA,게임통,"게임통은 세상 모든 게임의 통큰 재미를 나누는 열린 공간입니다.

사업 제휴/후원 문의는 아래 이메일 주소로 해주시기 바랍니다.
",2021-01-24 00:01:59,KR,Video_game_culture,@게임통,,,1
UC7lwS-aSDzYHZJ9uWuzySwQ,발로란트 맹킴삼촌,"발로란트 유튜버 맹킴삼촌 입니다 !!

같이 게임했던 형들의 플레이를 

이쁘게 편집해주는 컨텐츠 입니다 ( 물론 내껏도 )",2022-01-12 06:52:29,KR,Video_game_culture,@maengkim,,,1
UCkd3KAYGnTNPJZZrPOFeWhA,페이지,"메이플스토리 유저, 페이지의 채널입니다!

이메일 : jus9616@gmail.com
",2018-09-14 06:00:42,KR,Role-playing_video_game,@페이지,,,1
UCklDsqQMGPYIMpIhQ5Jz6jA,모양몬 로블록스,"모양몬 로블록스 채널입니다!
 
",2020-11-22 09:17:38,KR,Role-playing_video_game,@모양몬로블록스,,,1
UCkmUJzaZfP7Wsb5-89pAK4Q,Tekken Rangchu철권랑추,Tekken8 Pro Player Rangchu's Youtube,2017-06-07 13:06:26,JP,Video_game_culture,@tekkenrangchu,,,1
UCbaRH9U2BEFwhJiodE3qTpQ,3천원,"대한민국 역사상 역대급 영장류 고트
비지니스 email cbhwin7777@gmail.com",2025-07-22 11:42:55,KR,Video_game_culture,@3천원-p7f,,,1
UCbeQg95cAxVRsxxh6FyilxA,FC온라인 스쿼드연구소,"피파4 스쿼드로 네이버판에 여러번 연재된 블러거로 실제 아들과 피파를 하게되는 꿈을 꾸며 만들어 보는 스쿼드 연구 유튜버입니다~ . ansthd2968@naver.com

",2022-07-09 04:10:48,KR,Video_game_culture,@fc온라인,,,1
UCnhGcri8x6xhehanhAe9ipw,배드마우스 게임,"게임 좋아하면 개추
(개인방송은 치지직에서 하고 있습니다!)

메일 : bgs28244@gmail.com                  
",2015-12-15 10:07:57,KR,Video_game_culture,@badmouth,,,1
UCnju7ULBic4VgkCfDvVXCnA,선비,"리니지클래식 MMORPG종합게임 스트리머 입니다.
방송컨텐츠용이 아닌 실질적인 게임과 소통과 욕설 없이 빠꼼 하고 잔잔한 방송입니다.
종합 게임 스트리머 방송에 놀러와 주셔서 감사합니다.
열심히 방송 하고 재미있게 봐주세요~!

✔ 카카오톡 아이디👉 : seonbi2
✔ 투네이션 선비 후원👉 : https://toon.at/donate/seonbi2
✔ 광고 및 비즈니스 문의👉: ringjy2@naver.com
",2026-06-26 04:21:25,,Strategy_video_game,@선비-k3b,,,1
UCpTNtH8yc1Kdl_YFfsQsTYA,철권존 Tekkenzone TV,"안녕하세요! 철권 태그의 근본 옥진철 철권 Tekkenzone TV입니다.
철권 태그의 진정한 재미를 알아가고 싶으신가요?
앞으로도 유익한 철권 태그 콘텐츠가 꾸준히 업로드될 예정입니다.
구독과 알림 설정 누르시고, Tekkenzone TV와 함께 실력을 키워보세요!

━━━━━━━━━━━━━━━━━━━━━━━━━━
🎁 [Tekkenzone TV  소통 주소]
💬 국내 오픈단톡방: https://open.kakao.com/o/glIpMiri
🎮 글로벌 디스코드: 
━━━━━━━━━━━━━━━━━━━━━━━━━━

Hello, everyone! Welcome to Tekkenzone TV, hosted by the Tekken Tag veteran, Jin-cheol Ok.
I will be consistently uploading high-quality, informative, and thrilling Tekken Tag content for you all. 
Subscribe and turn on notifications right now to level up your Tekken skills with Tekkenzone TV! Thank you for your support! 


नमस्ते दोस्तों! Tekkenzone TV में आपका स्वागत है, जिसे टेक्केन टैग के दिग्गज ओक जिन-चेओल (Jin-cheol Ok) द्वारा होस्ट किया गया है।

मैं आप सभी के लिए लगातार बेहतरीन और जानकारी से भरपूर टेक्केन टैग कंटेंट अपलोड करता रहूँगा।

अभी सब्सक्राइब करें और नोटिफिकेशन बेल को ऑन करें ताकि आप Tekkenzone TV के साथ अपने गेमिंग स्किल्स को एक नए मुकाम पर ले जा सकें! आपके सपोर्ट के लिए धन्यवाद! 🐨🥊🔥
",2014-03-20 08:25:02,KR,Video_game_culture,@tekkenzonetv,,,1
UCpX86JOUhnrzG7MK8e8Gjbw,피파소녀,"fifagirl0882@gmail.com
직접 플레이한 인게임, 개인적인 경험을 바탕으로 이적시장을 분석해서 시세, 정보 영상을 올리는 육각형 피파채널입니다:) 
",2023-12-30 13:52:24,,Video_game_culture,@피파소녀,,,1
UCoovEJW0dyTWwHiblWDWvyQ,도읍지,"안녕하세요! 로스트아크를 주 컨텐츠로 방송하고 있는 종합 게임 스트리머 도읍지입니다!
비즈니스 문의 : coo@futuresenter.com 
",2018-02-13 09:36:48,KR,Role-playing_video_game,@doeupzi,,,1
UCop7QCLcdzTpcYZzMu1mFAg,온앤온,"온야호~⭐️
- MCN 제의 및 광고 문의는 받고 있지 않습니다. 
",2012-08-08 16:39:00,KR,Video_game_culture,@온앤온,,,1
UCoqMTw0yGmjIjNayukuOg5Q,송찡,"꾸준히 업로드 하겠습니다 ^^.
원하시는 영상 있으시면 댓글로 남겨주세요~

영상 재밌게 보셨다면 좋아요&구독 한번씩 부탁드립니다.
감사합니다.",2014-01-22 01:43:56,KR,Strategy_video_game,@starcraftbestgamesongjjing,,,1
UCos3GN2gX0wLcfuhOAiMotQ,라모스TV RAMOSE,"라모스 광고문의: ysm700208@gmail.com
라모스TV의 라모스 유튜브 공식 채널입니다.
FC온라인 피파4 모든 정보들을 빠르게 알려주는 남자 라모스 유튜브
계정 살려주는 남자 / 쿠폰 / 이벤트/ 선수추천/ 패키지/ 뉴스/ 확률검증.
본 채널의 모든 영상은 라모스TV 라모스 사람이 100% 직접 제작한 영상입니다.

",2016-06-27 05:11:33,KR,Video_game_culture,@ramoseyoutube,,,1
UCoyVYO3ryoMdSCbGOL09Czg,촌선생의 롤체학원,"안녕하세요 1Chon입니다

멤버십 가입 - https://www.youtube.com/channel/UCoyVYO3ryoMdSCbGOL09Czg/join
이메일 - eoltist@gmail.com
",2023-02-06 12:52:17,KR,Video_game_culture,@tft_academy,,,1
UCoznkYWd49XYOOTvSeJFScQ,Clever,"I make and showcase Elden Ring mods. 

@clevererraptor6 on discord, feel free to say hi
",2011-09-29 12:10:30,,Video_game_culture,@clevererraptor6,,,1
UCyoSQyaCrZHro6F_nBiXIYg,클리드,"클리드 오피셜 유튜브 입니다


비즈니스 문의 xoals137@naver.com
",2024-02-29 04:19:41,KR,Video_game_culture,@clid123,,,1
UCyvo6aSmRXz0xjlELAlqzMw,준잘게임," 젤다 야숨 + 왕눈 전투&스피드러너(주로 스피드런)

----현재 갖고 있는 기록(2023년 5월 17일 기준)----
젤다 야숨
Any%(amiibo) - 26분 05초(한국 1위, 세계 36위)
Any%(No amiibo) - 27분 30초(한국 1위, 세계 73위)
Any%(Master Mode) - 28분 38초(한국 1위, 세계 5위)
All Dungeons - 1시간 45분 58초(한국 1위, 세계 44위)
Bug Limit Any% - 46분 00초(한국 2위, 세계 13위)
Great Plateau Any% - 13분 57초(한국 2위, 세계 43위)
Great Plateau 100% - 27분 26초(한국 1위, 세계 8위)
젤다 왕눈
Any%(ver 1.1.2) - 58분 41초(한국 1위, 세계 68위)
Any%(ver 1.2.0) - 56분 56초(한국 1위, 세계 77위)




",2016-04-12 06:54:06,KR,Role-playing_video_game,@junjal,,,1
UCyyZcZdT7qe2VzTz2bVHWPQ,SereNa,"SereNa 
SOOP - https://ch.sooplive.co.kr/serena06
instagram - https://www.instagram.com/serena_vlrt/
X: https://twitter.com/SereNa_VLRT
discord - https://discord.gg/7Q9AWjqd5J
",2024-03-01 15:43:43,KR,Video_game_culture,@serena_fps_,,,1
UCyz5WVrb-cz3myY04x_kVYw,GURA TV,"Fighting Game Pro Gamer ""GURA Youtube""
Contact - 9ra5646@gmail.com

",2017-05-29 12:37:06,KR,Video_game_culture,@9ra_tv,,,1
UCL0iDYdWkQuu794bvGCD52A,Skytleman,"취미로 하는 유튜브 채널 입니다. 소울류, 프롬게임을 자주 합니다.

메일 주소: skytleman1007@gmail.com",2011-03-16 08:33:36,,Video_game_culture,@skytleman,,,1
UCL2ZLyAV0H9Pvi46W7TGdHQ,해기 유튜브,"안녕하세요 해기입니다 반갑습니다  찾아주셔서 너무너무 감사합니다.

아프리카tv : https://bj.afreecatv.com/he0901



",2022-05-02 17:43:41,KR,Video_game_culture,@haegi_,,,1
UCL3gnarNIeI_M0cFxjNYdAA,로스트아크 LOST ARK,"로스트아크 공식 유튜브 채널입니다.

공식 사이트: http://rb.gy/ti40z
공식 페이스북: http://rb.gy/gox5j
공식 유튜브: http://rb.gy/wcrrs",2014-11-05 00:25:16,KR,Video_game_culture,@lostark_kr,,,1
UCL3ooD3l7KEqb85EBZSEkZQ,허규복,"메이플랜드를 재밌게 즐기고 있습니다
.
편집이 밀려있지만 않다면
유튜브,치지직에서 금,토,일 라이브 진행합니다
.
.
문의 : amy231231@gmail.com
",2024-01-12 15:28:08,KR,Role-playing_video_game,@huhgubok,,,1
UCMF3M48BakI-ptofqoUqdAA,The Iceman,Diablo Content Epic Iceman Vids Ye,2015-04-01 23:17:53,US,Role-playing_video_game,@theicemanye,,,1
UCMQheF8kFOZjCEbBRhYvROA,녹사,"친근한 유튜버가 되겠습니다.
녹사 틱톡, 인스타 배그 영상 업로드 중🫡
기타문의 nok444pubg@gmail.com🔥",2025-03-18 10:57:19,,Video_game_culture,@녹사에용,,,1
UCMZFHqDjg1IE5kzm9fZBOFw,난리부르스 철권태그,"철권태그 게임채널 입니다
즐거운 추억이 그립다면
넷플접속 해서 같이 즐겨요~
",2025-04-24 03:01:06,KR,Video_game_culture,@난리부르스철권태그,,,1
UCMbyslGswEPuiNp9yoY_O9w,전략맨 - 배그의 모든 잡학다식,"배틀그라운드의 모든 전략, 빠르게 갑시다.



문의 : nalgu55@naver.com
",2024-05-19 11:05:40,KR,Video_game_culture,@전략맨,,,1
UCMgTCM5mGx3y4Hg0aMOXrbw,GTABougy,"If You See This Text, You Should Subscribe👀

Welcome To GTABougy Channel 
i Upload cool GTA 5 Videos For You!
ENJOY🔥🔱


                         ___ About GTA 5 ___
Grand Theft Auto V is a 2013 action-adventure game developed by Rockstar North and published by Rockstar Games. It is the seventh main entry in the Grand Theft Auto series, following 2008's Grand Theft Auto IV

  
                 ---somethings you need to know---
*our purpose is just to ENTERTAIN you
*don't be SERIOUS its just a game
*we're not HURT anyone here
*in the end its just a GAME
",2021-11-05 21:05:01,US,Video_game_culture,@gtabougy,,,1
UCMiOzwzeNwlZUTFLNtzgRTg,뮤의게임방송,"안녕하세요! MU의 게임방송 입니다. 제 채널은 주로 스톤에이지(Stone Age) 영상과 여러 게임 영상을 업로드(예정) 하고 있습니다. 
",2021-11-28 12:19:02,KR,Video_game_culture,@mu5048,,,1
UCMj-P8p7UcOGF_GPsifXvAQ,도레나,,2025-06-14 00:32:56,KR,Video_game_culture,@도레나_로블록스,,,1
UCMo4MnhHhSDkiUIXS6dytTQ,세드,재미있는 게임 전부 잘해보려 노력하는 세드입니다!,2019-04-04 09:03:43,KR,Role-playing_video_game,@세드님,,,1
UCMpvRMwoq_WmradKdysk6Cg,탱튜브,"FC온라인 즐겜러
",2023-08-23 12:56:04,KR,Video_game_culture,@탱튜브,,,1
UC0aKwoKNeqBaUwiEXmkQaGQ,케인 TV,"케인TV 유튜브 공식 채널입니다.
",2015-08-05 15:44:30,KR,Video_game_culture,@kanetv8,,,1
UC0dzSeefT8twKtHh-1mjScA,네건,"고딩 노가다 유튜버 네건입니다!
항상 부족한 저를 봐주셔서 감사합니다

마크에 미친 놈이 뭔지 보여드리기 위해
항상 최선을 다할게요:)

나레이션:이우주
(원우주님 아님;;)

마인크래프트 닉네임:Im_Netherite_

",2022-10-19 12:52:13,KR,Video_game_culture,@네건,,,1
UCSl8TBqqflby-ymdEQVfRNQ,Rob2628,"ABOUT// ME
High efficient gameplay
Here since day 1 of Diablo III
Rob#2628 in-game
Living in Germany - Studied business economist
Have been playing Blizzard games since 2005. 
Especially the Diablo & Warcraft series.

IMPRESSUM
Robin Steinberg
Wildewiese 1
59846 Sundern

Contact
rob@epictalent.gg

Follow me for:  
Build and Meta adjustments 
Efficient Gameplay
Ranks & Leaderboards

https://x.com/rob2628
https://www.twitch.tv/rob2628
https://www.tiktok.com/@rob2628_
https://www.youtube.com/c/rob2628
https://www.youtube.com/@Rob2628TV
",2015-02-04 21:09:27,DE,Role-playing_video_game,@rob2628,,,1
UCSpW5RALIYX-2z_-5gMQYtw,Indie rover,3년차 클라이언트 개발자의 인디게임 도전기,2023-01-17 05:21:36,,Video_game_culture,@indierover,,,1
UCSrQnB-Ip9hc0biFQ3HoKzg,KG,"Elden Ring Challenge Runner & Content Creator

Please subscribe to this channel so that you can keep up to date with any of my posts.

Thank you.
KG

Enquires: kirilgorkovski@gmail.com
",2012-09-01 22:34:03,AU,Strategy_video_game,@heartsandwine.,,,1
UCKVt3arMXfa6XZezR1UnjqQ,이구역의 듀공,"신작 할인 게임 채널
문의 : grownbb@naver.com
",2022-07-07 08:40:36,KR,Video_game_culture,@grownbb,,,1
UCdVIcHpdbEQc65xwAxc_owQ,바빌런,"#공포 #게임 #공포게임 #게임리뷰 #게임추천
",2013-05-19 08:47:35,KR,Video_game_culture,@bavillain,,,1
UCdXpKf3aIenvWkMbF3EvcQg,방구석 게임평론가 쥐냥,"직접 플레이를 해보고 든 의문점이나 소감을 영상으로 만듭니다.
✉ :mastica1@naver.com
",2022-02-22 01:02:46,KR,Video_game_culture,@gnyang,,,1
UCdZNJItzkmKrpwtQ3cxTEVA,플투,"메이플스토리의 과거와 현재를 함께 돌아보는 채널
문의:pltwo@naver.com
",2021-01-30 13:04:10,KR,Video_game_culture,@pltwo_,,,1
UCdZrsVZ3QolU1TWFaDgN2ww,GameMUSA,"Former South Korean civil servant turned Elden Ring content creator.

I create content focused on exploring a wide variety of builds and completing No-Hit runs in Elden Ring.

The same boss can feel completely different depending on the weapon and build you use. Through my build-specific No-Hit runs, I aim to showcase the unique strengths and hidden charm of every weapon in the game.
",2012-02-23 14:39:51,KR,Strategy_video_game,@gamemusa겜무사,,,1
UCdb5lyq0tWbY3jqH35SufmA,김상드,"""안녕하세요 김상드입니다.""
로스트아크의 레이드 공략과 각종 가이드를 제작하고 있습니다.

비즈니스 문의
ad@lolq.co.kr

개인 문의
juletrun@gmail.com
",2013-06-21 12:12:31,KR,Role-playing_video_game,@김상드,,,1
UCawK5EIfr66Z7fjAlZgfB2g,게임하는인기,"게임에 진심인 게임하는인기 입니다

생방송은 오전 9시
(매주 화,수 휴방입니다)
유튜브, 치지직,  숲(아프리카TV) 동시 송출중

치지직 : https://chzzk.naver.com/66d99407a0ad3df28903321ed999954d
아프리카 TV : https://bj.afreecatv.com/ghrhdqk

홈페이지 : https://www.futuresenter.com
비즈니스 문의 : coo@futuresenter.com
",2016-08-30 09:52:48,KR,Role-playing_video_game,@게임하는인기,,,1
UCb08r5yPoH-AqM7_XCL4Uhg,유이 yui,"뭐라도 해보겠습니다

비즈니스 문의 // yuiyuiyuiyuime@gmail.com
",2024-12-28 14:48:00,KR,Role-playing_video_game,@유이_유튜브,,,1
UCb3FktMOqZJLzAkWLwVAYow,코코쨩,"발로란트의 모든 유저를 사랑하고 싶은 사람💕

[광고 비지니스 문의] : ad@lolq.co.kr
[개인 문의] : wjdgns0069@naver.com
==================================
[치지직] : https://chzzk.naver.com/67bf5781ae673ed427c6402ca9839fb2
[X] : https://x.com/lovecoco0712",2013-05-12 10:59:36,KR,Video_game_culture,@코코쨩,,,1
UCb3wpKfVlnPx2bym2Tivbzw,저장용,이것저것 영상 저장용 ,2012-08-10 12:25:52,,Video_game_culture,@5avey0ng,,,1
UCb5NLtXAsTBrmaZVhyFa-Wg,글자네,"메이플스토리, 브이로그, 먹방 등등
다양한 콘텐츠를 진행합니다.

KMS 크로아, 루나서버, KMS 최초 Lv.250 '베베'

문의 이메일  
세글자 : tprmfwkek@naver.com
총괄PD : pua0606@naver.com

KMS First max level(Lv.250) user 3GJ's YouTube:)
세글자의 모든것 : https://linktr.ee/3gj_sh


",2014-09-15 05:36:21,KR,Role-playing_video_game,@세글자,,,1
UCgLFbrC7-g0ihBKB0obVPTg,Home of StarCraft,,2015-10-22 02:10:49,AU,Role-playing_video_game,@homeofstarcraft,,,1
UCqVkQsNin4MdGFrWvzFVOKw,깝도이,"스타크래프트 리마스터 빠른무한(빨무) 에서 팀플레이 방송을 진행합니다.
",2012-09-02 15:09:27,KR,Strategy_video_game,@깝도이,,,1
UCqWAna2ar9gXVwiSFzlWb4g,철권 빵쟁이,안녕하세요 철권 크리에이터 빵쟁이 입니다^~^,2017-09-26 12:23:16,KR,Video_game_culture,@tekken_breadman,,,1
UC8rbhIem-3aAsNXhTDI-nSA,행돌,"레디언트 연막싸개 

광고 문의 biz@pixelnetwork.co.kr
개인 문의 hangdol99@naver.com
",2012-09-27 23:09:55,,Video_game_culture,@행돌,,,1
UC8x8GQmlxAIhHxzU61z0uLQ,서포터 라콩,"롤 서포터를 쉽고 빠르게  배우고싶다면 ?  입문자, 초보자 서포터분들을 위한 유쾌한 서폿강의 ! [ 모든문의는 : aoaoao951753@naver.com ]
C6X0SU@AICOMPANY
",2014-08-11 10:29:18,KR,Strategy_video_game,@supracong,,,1
UC6YqXiwCBfPvPTs3wXgWElQ,한국e스포츠협회,한국e스포츠협회(KeSPA) 공식 YouTube 채널 입니다.,2016-12-16 07:56:14,KR,Video_game_culture,@kespa,,,1
UC_m_uqd_9s0hZvlgfvCzqbQ,Janet의 고전게임오락실,"방송 시간 : 월/목 저녁 7시 30분. 토요일 저녁 7시~7시 15분(비정기적)

80년대 초부터 플레이해 왔던 아케이드 게임 중심으로 운영하는 취미 위주의 채널입니다. 
이곳을 통해 과거의 즐거웠던 추억을 서로 이야기하는 기회가 되었으면 합니다.
마음에 드셨다면 '구독'과 '좋아요'를 부탁드립니다.
* 저는 상호간의 예절을 매우 중시하므로, 댓글을 달아주실 때는 예법에 맞게 써주실 것을 부탁드립니다. *
* 개개인의 정치적 성향은 존중하나, 이 채널에서는 어떠한 형태로든 '정치적 견해'를 표현하는 것은 허용하지 않습니다. *

This channel is a hobby-centered that creates and uploads game movies 1980's~20XX's focusing on arcade games I enjoyed.
I hope that this video will be an opportunity to share memories of the past with others.
The purpose of wanting people to enjoy is the same. Please enjoy my channel just for fun.
* I am a person who values ​​manners very much, so be sure to keep good manners when you commenting on my channel. *

80年代の初めから、私が楽しんだアーケードゲームを中心に攻略映像を作成してアップロードする趣味中心のチャンネルです。
一緒に見楽しみながら、過去の思い出を話すことができることを望んでいます。
私が上手にするゲームもあって、そうでないゲームもありますが...いずれにせよ、人々が見て楽しんでもらいたいという目的は同じです。
私のチャンネルで楽しさを見つけていただきたいと思います。
*私はマナーを大切にしています。私のチャネルにコメントを作成するときは、必ずマナーを守ってください。*
",2008-01-25 16:13:04,KR,Video_game_culture,@janet-vc2,,,1
UCVWAdUQGUiY2Kzh0JoB5PtQ,박동동,"“게임도 먹방도 일상도, 다 재미있게!”
발로란트·롤 플레이부터 솔직한 먹방 리뷰, 그리고 소소한 브이로그까지.
박동동의 생활 속 즐거움과 웃음을 그대로 담아내는 채널입니다.
게임 좋아하는 분도, 먹는 거 좋아하는 분도 모두 환영해요!
재밌게 보고 가요 😊

치지직 https://chzzk.naver.com/175ef2b15276e4ae96877d831c77f6c7
인스타 https://www.instagram.com/dongdong12134/

*문의:ehddls0121@gmail.com
",2021-12-18 11:37:54,KR,Video_game_culture,@parkdongdong119,,,1
UCVZ0SJNurJAv-6hV5VEGB2A,꽥,"구독자 100만명 감사합니다!!

💛긴 동영상 업로드 시간💛
매주 2회 이상 업로드! 
오후 5:00 (수 or 금요일)
오전 11:00 (토 or 일요일)

광고 및  협찬 문의 : duck@sandboxnetwork.net 
메일 : duck002211@gmail.com

",2023-05-28 01:51:24,KR,Video_game_culture,@꽥,,,1
UCVZI7eLie2UlZph6aiBRNrw,이석현,리그 오브 레전드 유튜버 이석현입니다,2013-10-02 13:56:18,KR,Strategy_video_game,@이석현,,,1
UCVey3Q_CodrHAWBonTGbHFg,해리 HARRY,"찾아 와주셔서 감사합니다 모두 행복하세요!!

",2014-12-23 15:01:47,,Video_game_culture,@harry11099,,,1
UCAVR6Q0YgYa8xwz8rdg9Mrg,原神-Genshin-公式,"オープンワールドRPGゲーム『原神』の公式YouTubeチャンネルです。

7つの元素が絡み合う幻想世界「テイワット」
遥か昔、人々は神々に信仰を捧げ、元素を操る力を手に入れた。
生き別れた兄妹と再会するため、貴方は物語の主人公としてこの世界を旅し、仲間と共に元素を司る七柱の神を探す。
離れ離れとなった双子が再会を果たし、
世界の謎が「神の目」により明らかになった時——
旅人であるあなたは、どこへ向かうのだろうか？

ーーーーーーーーーーーーーー
オープンワールドRPG『原神（げんしん）』好評配信中！
◆ジャンル：オープンワールドRPG
◆対応OS：PlayStation®5/Xbox Series X|S/PC/iOS/Android
◆対応予定OS：Nintendo Switch™
ーーーーーーーーーーーーーー
▼ダウンロードはこちらから
【PlayStation®5】
https://www.playstation.com/ja-jp/games/genshin-impact/
 
【Xbox Series X|S】
https://www.xbox.com/ja-JP/games/genshin-impact
 
【PC / App Store / Google Play】
https://hoyo.link/cP8hFCAL
 
▼関連サイト
【原神公式サイト】
https://hoyo.link/0bSCBYAd
 
【原神公式Twitter】
https://hoyo.link/b5SCBDBd
 
【原神公式HoYoLAB】
https://hoyo.link/52uYBBAd
 
【チャンネル登録】はこちら→https://hoyo.link/9cSCBeAd
 
©COGNOSPHERE
※「PlayStation」および「PS5」は、株式会社ソニー・インタラクティブエンタテインメントの登録商標または商標です。
※Xbox Series X、Xbox Series SおよびXbox Series X|Sは、Microsoftグループの商標です。
※Nintendo Switchは任天堂の商標です。
",2019-09-06 01:49:17,JP,Video_game_culture,@genshin_jp,,,1
UCAZVLirygDNDfCNfyIVnTWA,Inkognito_tk,"The Danger Room:
THE exclusive proving ground that unites elite Tekken players from around the country to showcase and improve on their skills. From invitational high-level lobbies, ranked matches, to intense FT10 exhibitions, expect only the highest degree of game play. Whether you’re here for entertainment or education, The Danger Room accommodates all skill levels for growth and learning. Thanks for stopping by, and welcome to The Danger Room!

About me:
Legally Eduardo, but Inkog in the streets of Tekken. I'm a competitive player that has traveled the world to participate in multiple tournaments. After a lengthy hiatus, I'm back to practicing and learning this beautiful game TEKKEN 8. Follow me on my journey back into the tournament scene and join me as I get ready for the next battle! 

Tournament history: 
2nd Place Final Round 18 (2015)
1st Place Kumite in Tennessee (2015) 
1st Place Northwest Majors 7 (2015)
5th Place Tekken Collision (2016) 
3rd Place Go For Broke (2018) 
",2013-08-21 15:46:49,US,Video_game_culture,@inkognito_tk,,,1
UCAaLhok91QDrweyuDRsmjqQ,킴성태TV,"스트리머 킴성태의 유튜브 채널입니다! 구독과 좋아요 부탁 드립니다!
비즈니스 문의 : contact@sandbox.co.kr
",2013-06-19 11:37:33,KR,Video_game_culture,@ksttv,,,1
UCnCH3Uhv_ynhTNKEH6ekRtg,겜순이와 친구들,"스팀게임 할인소식을 전해드립니다.
매일매일 업데이트 되는 스팀 게임속에서 할만한 작품들을 골라 업데이트 해드리는 채널입니다.
문의 : mahyungg@gmail.com

#스팀할인 #스팀게임 추천 #무료게임 #게임추천 #스팀
",2018-12-17 01:54:48,KR,Video_game_culture,@gamesun255,,,1
UCnCeDIkExSpULGqmpj5oafg,허샘,"안녕하세요 허샘입니다 잘 부탁드립니다.
생방송은 치지직에서 주로 아침에 진행하고 있습니다 감사합니다.
",2016-10-31 17:20:01,KR,Role-playing_video_game,@heosam,,,1
UCnDcpS7XLQ9KFPqULb9TH8g,Bang,"Welcome to 'Bang' Official Youtube Channel !

안녕하세요. 前 리그 오브 레전드 프로게이머 Bang 배준식 입니다. 

bang@enchantenter.co.kr

",2017-02-09 04:16:31,,Video_game_culture,@banglol,,,1
UCXVVG5ZM3SJJCh94xatR8Dg,배틀그라운드 모바일 - PUBG MOBILE,"배틀그라운드 모바일 한국 공식 유튜브 채널입니다.

👉 고객 문의 : https://bit.ly/32FrUJa
👉 제휴 문의 : pubgm_kr_marketingt@krafton.com
",2018-10-10 09:15:25,KR,Video_game_culture,@pubgm_kr,,,1
UCXYNuWjnQRSAXCGl9gv8Ncw,라스 마인크래프트,"제 꿈은 유튜브에 ""라스""를 검색했을때 라디오 스타 말고 제가 뜨는 겁니다.

개인 문의 - zcbm5829@gmail.com
비즈니스 문의 - ad@lolq.co.kr



",2017-01-30 14:00:45,KR,Role-playing_video_game,@라스,,,1
UCXb8sP7slkJyunTEAsP-CiQ,철권울산 tkULSAN,"철권 프로게이머 ""울산"" 의 유튜브 채널입니다. 철권 관련 영상 업로드합니다!
Pro TekkenPlayer ULSAN youtube channel EsportsWorldCup Champ",2020-10-06 02:54:42,KR,Video_game_culture,@tekkenulsan,,,1
UCXg-6b0X0sIMBDHhbyBuOQg,타노스 라마,"🎮 게임이라면 다 한다! 타노스 라마입니다!

내 랩으로 유튜브를 정복하겠어! 갱갱 💪
모바일부터 PC까지, 핫한 게임은 다 건드립니다 갱갱갱
라이브도 종종 합니다! 갱갱갱

● 광고 문의 : ish078611@gmail.com
✋ 문의는 카카오톡 채널 ""타노스 라마"" 추가 후 연락주세요! ㅃㅇㅃㅇ
",2025-01-07 09:26:05,KR,Video_game_culture,@타노스라마,,,1
UCIH7bdyhaJ0nD7jIcgqmQbQ,늑대의 마크툰,"당신의 소중한 시간이 추억으로 만들어지는 공간

개인 문의 : mintwolf_0@naver.com
비즈니스 문의 : ad@lolq.co.kr
",2024-03-19 16:55:33,KR,Video_game_culture,@늑대_마크툰,,,1
UCIKORyfTZ0cN-u0hrxHcgUw,Skirin,게임 속 이야기를 좋아하는 사람의 작은 창고,2011-09-24 18:08:15,KR,Video_game_culture,@asura0301,,,1
UCIOY-akTwtohcU0QB5ksjaA,망고의 게임 인사이트,"안녕하세요 여러분~
망고의 게임 인사이트 입니다!

이 채널에서는 모바일게임 솔직 리뷰와 쿠폰 정보를 공유하고 있습니다

쿠폰이 필요하신 분은 구독 후, 댓글에 ""쿠폰"" 이라고 남겨주시면,
쿠폰을 보내드리겠습니다!

오늘 영상이 도움 되셨다면 구독과 좋아요, 알림 설정까지 부탁드리고,
저는 재밌는 게임을 찾아서 돌아오겠습니다

그럼 오늘도 좋은 하루 되세요~
안녕!
",2026-02-15 00:47:50,KR,Role-playing_video_game,@망고의게임인사이트,,,1
UC1p5kp09LAS3kpQB3O8YQJw,에이사 asa,"게임의 긍정적인 영향을 많은 사람들에게 전하고싶은 게이머입니다.
GOTY (올해의 게임)을 위주로 한 종합게임을 실황하고 리뷰합니다. 
콘솔, PC, 모바일 다양한 장르의 게임을 플레이하고 있고 
매주 다양한 게임 영상이 업로드 됩니다.

2021년 YouTube NextUp 2기 우승자
2021년 Korea Creator Festa 우수상 수상
2020년 롤큐 신인 다작왕 수상

생방송 다시보기는 회원가입후 회원전용으로 이용가능합니다.(월990원)
https://www.youtube.com/channel/UC1p5kp09LAS3kpQB3O8YQJw/join

인스타그램
https://www.instagram.com/itsasa_8/
편지와선물 보내기~
https://fancim.me/celeb/profile.aspx?cu_id=itsAsa

비즈니스문의 ad@lolq.co.kr
",2018-01-16 09:09:23,KR,Role-playing_video_game,@itsasa,,,1
UC1q4Ihlv_YhLELw-ijE0Diw,마플 마인크래프트 채널,마인애플의 마인크래프트 채널입니다!,2011-11-09 07:23:25,KR,Role-playing_video_game,@momoisdog,,,1
UC1sELGmy5jp5fQUugmuYlXQ,Minecraft,"This is the official YouTube channel of Minecraft. We tell stories about the Minecraft Universe.

ESRB Rating: Everyone 10+ with Fantasy Violence",2010-12-21 21:36:46,SE,Role-playing_video_game,@minecraft,,,1
UCS2OAdHoLt-9T6cG9A2H49Q,크랭크,스타1 & 2 프로게이머 출신 크랭크의 채널,2011-05-16 06:38:55,KR,Video_game_culture,@onsyde_crank,,,1
UCS3_H_feQRm4QbXipKTvSrw,박나나,"게임을 좋아하는 그림쟁이 박나나입니다!

문의 및 기타등등 연락 : hm716@naver.com
",2013-06-06 17:46:35,KR,Video_game_culture,@parknana_,,,1
UCN5oT4zGJX-_H6pE5isAEeg,군림보,"안녕하세요 군림보 입니다

생방송 : naver.me/G5JOe5c8
e-mail : grb@sandbox.co.kr
Instagram : rnsflaqh_
",2013-09-12 08:43:54,KR,,@군림보,,,1
UC8E29ANOC3_OuB7_5EPY2xw,미나미,"인디 게임개발자 미나미
게임 개발,  콘텐츠, 삶에 대한 개인적인 생각 그리고 경험에 관한 이야기를 나눕니다

비즈니스 문의 : lovelywords@naver.com
",2013-07-09 06:16:26,KR,Video_game_culture,@lovethisboyslife,,,1
UC8FErYSi74YwGUAoTpjvgzQ,kt Rolster,kt Rolster Official Youtube channel,2016-07-11 14:58:19,,Role-playing_video_game,@ktrolster_vod,,,1
UCBA9XaL5wCdHnC5EmEzwrqw,튜브김민교,* 광고 및 문의 : creators@iambrand.co.kr,2018-04-25 18:58:53,KR,Video_game_culture,@onepunchk1ng_mk,,,1
UCBCnfrX-Q_k93VryITarJtg,HYUNMIN 현민,"Pro VALORANT Player for KIWOOM DRX
Ex teams) Terra Esports / T1A / Crest Gaming Zst",2016-06-17 07:55:34,KR,Video_game_culture,@hyunmln,,,1
UCBKZbsMFTt8bA_77MIc51wA,코딱지게임즈,"후비적
",2026-03-18 12:32:48,KR,Puzzle_video_game,@코딱지게임즈,,,1
UCBS4sjbGJIcclT-Y6i_Jzkg,GTA Verse,"Welcome to GTA Verse.
This channel is dedicated to exploring the world of Grand Theft Auto through logic tests, evolution breakdowns, detailed comparisons, and entertaining in-game experiments.

If you enjoy high-quality GTA content, consider subscribing the channel. ‪‪❤︎‬
",2025-11-28 09:01:17,US,Video_game_culture,@gtaversehere,,,1
UCBTsPtRCh6ln3IRQFjhjh1A,타튜브 TATUBE,"SOOP 스트리머 타요의 유튜브 채널입니다.
구독과 좋아요 댓글, 알림설정 부탁드려요:D

This is SOOP streamer Tayo's YouTube channel.
Please subscribe, like, comment, and set notifications.
",2012-11-03 07:00:24,KR,Video_game_culture,@tayo_ty,,,1
UCBo7GIv99qTzHaa6ip09YLA,이웃집펭긴,"로스트아크와 종합게임 방송 이웃집펭긴의 펭튜브
이웃집펭긴 라이브 방송 [치지직 이웃집펭긴]

방송 이메일: nextdoorpenguin@gmail.com
",2016-09-27 16:07:36,KR,Video_game_culture,@northpeng,,,1
UCBtJuwDt6LlXp2YASC-ZMdA,SUPER SPEEDRUN MARATHON,"한국의 스피드런 자선 이벤트, 슈퍼 스피드런입니다.",2021-04-27 09:35:21,KR,Role-playing_video_game,@speedrun-marathon,,,1
UC5Yx9RlmznXDUEIrfoSqheA,보당의 고전게임,"dodonpachi? 슈팅게임, 디즈니게임, 메가드라이브 게임 좋아합니다~~!!
arcade, longplay, retro game, stg, sega game, korean
",2014-02-03 04:47:51,KR,Video_game_culture,@보당의고전게임,,,1
UC9qwDE50UcXvdplRNZKEoPA,K tube,"게임 공략, 스토리, 리뷰 등의 게임 관련 주제를 다루는 채널

메일 : realk2002@gmail.com",2019-01-10 11:55:34,KR,Role-playing_video_game,@ktubegame,,,1
UCJoWNCiFuiN4eZnB80WUf4Q,꼬예유 & 한예찬의 게임저장소,"꼬예유입니다!
메일문의 : yechan4947@naver.com
(비즈니스 문의 , 시청자 제작 맵 , 시청자 제작 컨텐츠 등등)
",2014-07-14 02:40:17,KR,Role-playing_video_game,@꼬예유,,,1
UCJpAwvQaZyCI5spAz7tipGA,PAKA,,2019-08-14 13:37:40,KR,Role-playing_video_game,@파카,,,1
UCJzfS-WmieHog0H2OQoXkeQ,임나은,"치지직에서 생방송을 하고있습니다 (੭ ᐕ)੭*⁾⁾

광고문의 ˖◛⁺˖ biz@pixelnetwork.co.kr
개인메일 ˖◛⁺˖ ao_o5@naver.com
",2020-03-02 05:36:20,KR,Video_game_culture,@임나은,,,1
UCK0B6CvhOfGdmh9QMgy5Fxw,성한의 게임 공략,"여러 가지 게임에 대한 공략 및 재밌는 영상을 다룹니다.

비즈니스 문의 : csc4025@naver.com",2019-12-05 16:34:37,KR,Video_game_culture,@성한00,,,1
UCK1aVlIbEBrdhv-gbSgGIkQ,질끈,액션 / 소울라이크 게임 좋아합니다,2015-07-13 10:58:19,,Role-playing_video_game,@ggeun1,,,1
UCK2tMI7hBvOk5ibNMVpaIlw,두기닷컴,고전게임을 작업하고 다크소울을 좋아하는 두기닷컴의 채널입니다.,2011-08-17 03:31:31,,Video_game_culture,@doogie838,,,1
UC46X_E7jxvJ1O_3gnaeCxeg,이다의게임방송,"이다와 함께하는 종합게임방송

생방송은 유튜브, 치지직, 숲 3사 동시 송출중
매주 화요일 정기 휴방
항상 감사드립니다!

✅비즈니스 문의
coo@futuresenter.com
https://www.futuresenter.com

✅개인 문의 
airshowerse@naver.com
",2016-02-12 17:27:45,KR,Video_game_culture,@이다의게임방송,,,1
UC47YYg2VzpxALwG56Onm6nQ,청정지역[롤토체스],"안녕하세요!  
제 채널에 찾아와 주셔서 감사합니다. 도움이 되셨다면 구독 힌번씩만 부탁드리겠습니다!
",2016-12-31 09:16:41,KR,Role-playing_video_game,@청정_지역,,,1
UC4G86yAU5PXV5nRT4DlvV8A,로블과 스팀을하는 우유들,"발로하는우유들 입니다 이 계정은 로블과 스팀을 하는계정입니다


",2024-01-18 07:45:51,,Video_game_culture,@로블스팀재밌음,,,1
UC4OsulKlyGi0wY5h9D4JjBw,아지 Azhy,"챌린저 리븐유저 / Challenger Riven Top player
",2019-09-24 19:22:07,KR,Strategy_video_game,@azhy1,,,1
UC4P7F8qenDo1O_5NvgBb_cg,발스타홍구,"안녕하세요, 여러분!
홍구의 공식 유튜브 게임채널입니다

스타 명경기, 엽기 전략 그리고 다양한 종합 게임으로 여러분을 찾아뵙겠습니다
구독과 많은 사랑 부탁드립니다!! :D

각종 문의는? dpfgc3@nate.com",2020-04-04 08:23:12,KR,Strategy_video_game,@발스타홍구,,,1
UClvMduw1MDMQ0PuH753-XSA,cheese speedrunning,,2014-08-22 22:18:01,ES,Video_game_culture,@cheesespeedrunningyt,,,1
UClwuK569whFirD9-u7luRbw,엘님_게임방송,"방문해주셔서 감사합니다
치지직 : https://chzzk.me/ltube95",2013-11-22 11:54:28,KR,Role-playing_video_game,@ltube95,,,1
UCm-Yd-aYSagMqVdMZSYiKLQ,드로시,"- 비즈니스 문의: biz@onsidecompany.co.kr
- 개인 메일 : drowsy222222@gmail.com
- 크리에이터 관련 문의: manager@onsidecompany.co.kr
- 팬 선물: 서울 중구 청계천로 40, 1315호 드로시 (우: 04521, 주소에 크리에이터 명 포함)
* 우편 도착 확인 여부는 모두 안내드리기 어려운 점 양해 부탁드리며, 확인을 희망하시는 경우 http://pf.kakao.com/_SxlyCn 로 문의 부탁드립니다.
",2017-10-28 02:55:31,KR,Video_game_culture,@드로시,,,1
UCm1JuixwDoQEDi5RfcRuHJg,성우 김가령,"2015년 04월~
투니버스(CJ E&M) 9기 성우
✨️팬네임✨️
고봉밥

✨️대표작✨️
원신 - 페이몬
너의 이름은 - 미츠하
안녕 보노보노 - 포로리
메이플 스토리 - 라라
알쏭달쏭 티니핑 - 꾸래핑
외 다수

✨️라이브 일정✨️
네이버 카페에 공지

✨️녹음 및 비지니스 문의✨️
if_world@naver.com



",2020-11-30 05:14:55,KR,Video_game_culture,@garyeongvoice,,,1
UCm4s4xOwzSE83YYPFZRLUGQ,잭 TV,"모바일 게임 - 냥코대전쟁, 브롤 스타즈, 쿠키런 모험의 탑, 스쿼드 버스터즈
** 1.모바일의 경우 세로 모드 전환후 제목 클릭하시면 글로쓴 공략 보실 수 있습니다. **
** 2.모든게임은 무과금,노치트,노핵,노버그플레이,본인 직접플레이(대리X, 남의계정X),순서대로녹화
** 3.냥코대전쟁 공략 따라하실분은 자신의 지갑용량 max 와 최대한 비슷한 사람의 영상을 보고 따라하셔야 얼추 비슷한 플레이 가능합니다. 
** 4.질문은 토론 게시판에 작성해주시거나, 댓글로 작성하시면 아는대로 답변해 드릴께요. ^ ^
",2012-01-17 22:29:03,KR,Strategy_video_game,@ytjacktv,,,1
UCqPN9LAkx20aBWOafwvQB-Q,Jelool,MAIN GTA 5 YUK !!,2014-08-06 09:15:55,ID,Role-playing_video_game,@jelool,,,1
UCqRz_-l3GCmWb92u8P33RYQ,더큐TV_TheQ,"방구석 덕후의 ‘진짜 덕질'

#디아블로 #엘더스크롤 #엘든링 #POE #GTA #붉은사막 #몬스터헌터 #마비노기

*비즈니스 : kazelose@gmail.com
*MCN : kazelose@treasurehunter.co.kr",2017-05-03 05:19:44,KR,Video_game_culture,@theq_tv_official,,,1
UChHxLcNi7e0zu-e33HM6v6A,배돈,"안녕하세요. 스트리머 배돈의 유튜브 채널입니다.

생방송 : https://chzzk.naver.com/554e99695decc451d57788b1fd5d5c07
카카오톡 : baedon
광고&기타 문의  songiya7@naver.com

",2013-10-21 03:42:31,KR,Video_game_culture,@baedon,,,1
UChI9sq2ifMFu5L8iJ582F_A,세븐에이(스피드런 기록 보관소),기록 보관소,2014-09-09 13:48:31,KR,Video_game_culture,@se7entotheaspeedrun,,,1
UCCTw9N950kEoELFv3dRcWJQ,OceaTwo,biggest malenia enjoyer,2020-04-24 08:42:05,GB,Role-playing_video_game,@oceatwo,,,1
UCCW6uYIUP4YKKe50k-ktVAw,민또 경또,"❤민또 경또 채널에 오신 걸 환영합니다❤

▶️즐겨하는 게임
로블록스

민또 : 상어🦈
경또 : 공주👸

민또와 경또의 재밌는 또또커플 이야기

구독자 애칭 : 또린이
",2019-06-13 04:04:21,KR,Role-playing_video_game,@민또경또_official,,,1
UC4ncZM9bnBknxPkJbq4miHQ,니니는 못말려,🎀 숲에서 생방송하는 니니 🎀,2024-09-03 01:47:13,KR,Video_game_culture,@니니s2,,,1
UC4oe-OVZ2Ho-03yrMkrXomQ,김로나,"발로란트 챌린지 유튜버



디스코드 : kimrona
디스코드 서버 : https://discord.gg/XdxuCQHGAv 
광고 비즈니스 문의 : ad@lolq.co.kr
개인 문의 : kimrona0963@gmail.com
",2019-10-26 05:44:53,KR,Video_game_culture,@김로나,,,1
UCwUdsbSoKjC9FDcpihDeXSg,스타캐스트TV 하이라이트,"스타캐스트TV에서 재밌었던 중장전 명경기, 하이라이트만 올리는 일종의 엑기스 채널입니다! 

본채널은 '스타캐스트TV'로 풀버전 시청가능합니다!

(해당 채널의 영상들은 전문적인 중계환경에서 각잡고 정확한 해설을 하는 방송이 아닌
시청자들과 편하게 소통하고 중계하며 경기를 같이보는 방송입니다. 
아무래도 최소 1인 5역을 해야하는 중계라 어려움이 많습니다 ㅠㅠ
시청하시는데 불편함이 있으시더라도 조금만 감안하고 시청해주시면 감사드리겠습니다. 
항상 노력해서 최대한 불편함을 덜어드리도록 노력하겠습니다!
오늘도 시청해주셔서 정말 감사드립니다!)
",2025-06-26 17:27:14,KR,Role-playing_video_game,@starcasttv_shorts,,,1
UCwfbSsZ7_sccxcibe60mWlQ,파동TV,"안녕하세요 TFT 1등출신 겸 미드코그모장인 고라파동입니다

소속 MCN : Treasure hunter 
문의 메일 : khj_1313@treasurehunter.co.kr
개인 메일 : khj_1313@naver.com
고라파동 치지직 채널 : https://chzzk.naver.com/41d4a4b4e4287afcbbde12cb3f9a71d2
고라파동 숲 채널 : https://ch.sooplive.co.kr/sacoora2005
고라파동 인스타 : https://www.instagram.com/gorapadong__/

",2013-08-30 15:24:40,KR,Strategy_video_game,@padongtv,,,1
UCSzHok6X5qXEO7cjvVnE62g,프레이 TV,"재밌는 롤 방송 프레이 유튜브입니다!
방송시간은.. 랜덤입니다.

SOOP : sooplive.co.kr/pig2704

유튜브 영상은 공유하기로 퍼가셔도 됩니다
재밌게 보고 많이 퍼가주세요!  좋아요도 부탁드립니다!",2017-05-25 07:02:43,KR,Role-playing_video_game,@pray94,,,1
UCr7h47xV4lizW1QR0fV_3kg,웨디_마인크래프트,"베드락 자바 안가리는 마인크래프트 유튜버입니다

소속:Paradox
문의(이메일):weddy.0913@gmail.com
문의 디스코드:prd_weddy",2025-08-30 03:24:37,KR,Role-playing_video_game,@weddy_1780,,,1
UCrD6viwK0DHbQuZSOZBbofg,껨판다,"3년간 채널을 운영하며
게임과 캐릭터를 파헤치고 정보를 나누는
게임 분석가 껨판다입니다 ^^
문의 : bodoppo@gmail.com",2012-10-30 10:44:54,KR,Video_game_culture,@gamepanda0,,,1
UCrExV5uWnC3-WUnUN2Ck8HA,린느,"문의 : shabujak27@gmail.com
모바일 게임, PC 게임을 주로해요
구독, 좋아요, 알람 부탁드려요 ♥
비방, 분란성 댓글 등은 삭제될 수 있으니 이해 부탁드려요 ♥

#린느 #PC게임 #모바일게임 #게임
",2018-11-04 06:30:59,KR,Strategy_video_game,@shabujak27,,,1
UCrGNa63AQ-rcINIoE_UqdxA,꼬북쓰의 게임방송,떡상할 채널이에요 미리 구독하셔서 초기구독자되시는거 강추 ㅋ,2025-12-05 06:55:53,KR,Video_game_culture,@꼬북이_yt,,,1
UCrI6796hIxZdAltnLYiAYRw,토뎀이,"🦊 애니메이션 만드는 개발자의 범상찮은 채널!
",2016-08-07 13:59:53,KR,Video_game_culture,@토뎀이,,,1
UCrKSaegnzewdj9-YLsUhoZw,유하람,"이야기꾼
뉴메탈/메탈코어 뮤지션, PD, 어쩌면 연기자
디스코드: https://discord.gg/xHM66XSCzS
",2011-12-24 06:33:07,KR,Strategy_video_game,@yu_haram,,,1
UCFrKhWvZ8oeJQTNP5ZabgJw,궁복동 유튜브,"버그 제보, 각종 문의는 jolaman95@naver.com
",2023-02-06 06:35:22,KR,Role-playing_video_game,@bokdongtv,,,1
UCtjlhCmFXYFXC4uqg1flTBg,철권8 서비스,철권8 화랑영상 위주로 올려영!!! 마니마니 봐주세요ㅎㅎㅎㅎㅎㅎ ,2012-07-12 14:45:12,KR,Video_game_culture,@tekken8service,,,1
UCto7D1L-MiRoOziCXK9uT5Q,Let's Game It Out,"A gaming let's play channel by some guy named Josh who makes fun-loving videos filled with joy and sarcasm.

For business inquiries: letsgameitoutbusiness@gmail.com

Other stuff: letsgameitout@gmail.com

XOXOXO,
Josh
",2016-11-17 17:02:03,US,Role-playing_video_game,@letsgameitout,,,1
UCtt0Hg9MhraTkzWwNQpplHg,류제홍 RYUJEHONG,"🎵This is the official channel of ryujehong
류제홍 공식 유튜브 채널 계정입니다

🎵업로드 일정 : 본 영상 저녁 6시 요일랜덤

🎵ryujehong CHZZK
→ https://chzzk.naver.com/4955beff2952b35ed236144a4ec79d07

🎵ryujehong Twitch 
→ https://www.twitch.tv/wpghd321

🎵ryujehong Instagram
→ https://www.instagram.com/ryujehong1/

🎵ryujehong fan cafe
→https://cafe.naver.com/ryujehong

🎵ryujehong E-mail
→ rzhzh0@gmail.com

🎵business E-mail
→ charon@gysent.com

[최고의 장비 커세어 Corsair]
🎵커세어 공식 홈페이지 - http://www.corsair.co.kr/

🎵CORSAIR HS65 7.1 헤드셋
- http://www.corsair.co.kr/shop/shopdetail.html?branduid=1610780&search=HS65&sort=order&xcode=001&mcode=004&scode=&GfDT=bm59W18%3D

🎵T3 RUSH Fabric Gaming Chair (2023)  Grey
http://www.corsair.co.kr/shop/shopdetail.html?branduid=1553034&search=T3%2BRUSH&sort=order&xcode=001&mcode=006&scode=&GfDT=bmp3UA%3D%3D

🎵CORSAIR SABRE WIRELESS MOUSE
- http://www.corsair.co.kr/shop/shopdetail.html?branduid=1598177&search=sabre&sort=order&xcode=001&mcode=002&scode=&GfDT=bGp3UQ%3D%3D




",2014-01-21 18:26:26,KR,Video_game_culture,@ryujehong1,,,1
UCu1S4-orXOb_L8EmhnbEKyg,TEKKENQUDANS / 철권 쿠단스,"* 2005년 철권 5 Evo 한국대표선발전 우승
* 2005년 철권 Tag1 Evo 개인전 우승
* 2006년 철권 5 DR 투극 3:3 한국대표선발전 우승
  2006년 철권 5 DR 밤샘닷컴 전국대회 개인전 우승
  2007년 철권 5 DR 일본 사이타마 5:5 팀 대회 우승
  2007년 철권 5 DR 미국 Norcal 개인전 우승
  2007년 철권 Tag1 미국 EC6 개인전 우승
  2007년 철권 5 DR 미국 EC6 개인전 우승
  2007년 철권 5 DR 미국 EC6 3:3 팀 대회 우승
* 2007년 철권 5 DR 투극 3:3 한국대표 선발전 2위
  2013년 철권 Tag2 일본 MASTERCUP6 5:5 팀 대회 우승
  2013년 철권 Tag2 Nicegametv 3:3 팀 대회 우승
  2016년 철권 7 FR Nicegametv Tekken Strike 3:3 팀 대회 우승
  2017년 철권 7 FR ATL 시즌 1 개인전 우승
  2017년 철권 7 FR Twitch Fighters 2:2 팀 대회 2위
  2017년 철권 7 FR Premium League 3:3 팀 대회 3위
  2017년 철권 7 FR TWT Tokyo Tekken Masters 개인전 3위
  2017년 철권 7 FR TWT Asia Pacific – East 개인전 3위
  2017년 철권 7 FR TWT Twfighter Major 2017 개인전 2위
* 2017년 철권 7 FR TWT South East Asia Major 개인전 우승
* 2017년 철권 7 FR TWT Grand Final 세계대회 개인전 우승
* 2017년 철권 7 FR G-Star WEGL개인전 우승
  2017년 철권 7 FR ATL 시즌 3 개인전 3위
  2018년 철권 7 FR Tekken Stars 3:3 팀 대회 2위
  2018년 철권 7 FR TWT Ncr 2018 개인전 2위
  2018년 철권 7 FR TWT Fighting challenge 개인전 우승",2017-04-18 07:29:51,KR,Video_game_culture,@tekkenqudans,,,1
UCuCmLrNT5MbpqfrSSKHqTug,철릭,"롤 챌린저 요릭 장인 철릭의 채널입니다
방송 시각: 오전
",2014-12-10 14:11:10,KR,Role-playing_video_game,@철릭,,,1
UCHJv9xBR9lkzGSIepie-T_A,나만재ㄹ다,"젤다의 전설 야생의 숨결 & 왕국의 눈물을 주력으로 하는 게임 채널입니다.
스토리 텔링을 좋아하지만, 할 얘기가 없으면 각종 묘기나 공략도 보여드립니다.
",2022-01-07 03:42:11,KR,Video_game_culture,@namanjaytv,,,1
UCHK-FRuAjk8g798dD7L7xqA,릉빵이 yonejoa,"요네 좋아하는 사람
──────────────────────
Instagram : 릉빵이
팬카페 : https://cafe.naver.com/yonejoa
비즈니스 문의 : duqdhdh12@gmail.com
",2019-03-19 08:52:55,KR,Video_game_culture,@릉빵이,,,1
UCHMr6VxOrcjE9cgWPlAAdlA,혜넹,"메이플스토리 이노시스 일리움 유저 ""혜넹"" 

● 채널 주요콘텐츠 
1. [연재중] 메이플스토리 직업스토리 및 지역별스토리 전체 감상본 수록
2. [이전] Playlist 수록곡 (SunoAI)
3. [연재 종료 예정] 전 직업 펀치킹 챌린지 모음집 수록
4. [연재 종료] 싸워라 전설의 귀환 리플레이 (연재 종료)


● 안내사항
※ 욕설 및 비방성 댓글을 작성하는 이용자가 있어 해당 행위의 원천 차단을 위해 2023년 1월 2일부터 채널 내 모든 동영상 및 게시물에 대해 댓글쓰기 기능을 제공하지 않고 있습니다.
※ 콘텐츠에 대한 의견이 있거나 피드백을 전달하실 분은 아래 이메일로 주시거나,  최초공개 시간에 한해 제공되는 실시간 채팅을 이용하시기 바랍니다. (실시간 채팅은 최소 30분 이상 채널을 구독하신 구독자만 이용 가능)
☞ 비즈니스 문의 : eksgkq2017@gmail.com
",2014-03-29 17:15:32,KR,Video_game_culture,@이노시스혜넹,,,1
UCHXhFmex5EkUy-fP2IMQ_Ug,철갑상어탄,"세계정복을 위한 악당기지

비즈니스 문의시 아래 이메일 주소를 사용해주세요
ad@lolq.co.kr

-

개인 문의는 에스크 또는 아래 이메일 주소를 사용해주세요 (확인 빈도는 에스크에 비해 낮습니다)
gbldlqslek07@gmail.com
",2016-09-02 16:00:13,KR,Video_game_culture,@철갑상어탄,,,1
UCHYMpkGhNIr8A0m2H3lIjUA,앰비션 유튜브 [AMTUBE],리그오브레전드 전 프로게이머 앰비션의 공식 유튜브입니다! 많은 관심과 사랑 부탁드립니다! ✨프로모션 협업 및 스폰서십 관련 문의는 ambition@mbtn.kr로 문의 부탁드립니다!😊,2018-12-24 06:29:32,KR,Role-playing_video_game,@amtube,,,1
UCeB_ZeSo0xDL62wWlkTEtjA,숫여우,"각종 문의 : apfhdejrdl@gmail.com
개인적인 메일은 보내지 말아주세요
",2021-04-12 12:35:22,KR,Role-playing_video_game,@malefox95,,,1
UCeBa5aBvHvly34S0Uk9Wqig,이포커스 게임,"✔️뉴스의 기준, 다시 쓰다

여러분의 소중한 제보가 세상을 바꿉니다. jebo@e-focus.co.kr
",2025-01-15 03:23:53,KR,Video_game_culture,@efocusgame,,,1
UCeG0ONJtjwE20ThR5iSYdsA,잉여맨 유튜브,"웃음을 줄게! 구독을 줄래?
🐵 📣📣✭
",2011-02-27 18:05:09,KR,Simulation_video_game,@잉여맨유튜브,,,1
UCeHTYRjeKVWqB-M9-Bfl5Sg,말카디아,"햄버거 사주세요

협찬&광고 문의 : ad@lolq.co.kr
",2013-05-21 12:42:33,KR,Video_game_culture,@말카디아,,,1
UCeKjmFzU-Jlqg7diwzf2Udw,철권하는 중딩,취미로 철권👊🕹️ 중간/기말 고사땐 잠시 쉽니다,2022-12-06 11:18:41,KR,Video_game_culture,@daramgeeee,,,1
UCEuP8zMn3ln3ZqJa85dp9JQ,빛나람,"밝게 빛나고 싶은 작은 소망을 담아 빛나람 /발로란트 파트너 / FPS 덕후

- 비즈니스 문의: 
starnaram@gmail.com
biz@onsidecompany.co.kr
- 크리에이터 관련 문의: manager@onsidecompany.co.kr
- 팬 선물: 서울 중구 청계천로 40, 1315호 빛나람 (우: 04521, 주소에 크리에이터 명 포함)
* 우편 도착 확인 여부는 모두 안내드리기 어려운 점 양해 부탁드리며, 확인을 희망하시는 경우 http://pf.kakao.com/_SxlyCn 로 문의 부탁드립니다.
",2012-03-09 16:33:27,KR,Video_game_culture,@starnaram,,,1
UCEu_YKdz0lMz1NkB3vlUyyw,승상싱,"B급 감성
한국인이 좋아하는 속도
도라이,미친놈,븅신이라 욕 해도 됨. 대신 뒤에 ㅋㅋ가 안 붙으면 상처받음
형이라고 불러주면 좋아함
건강보다 영상
자막없으면 못 알아듣는 채널
오타빼면 시체
",2020-12-25 14:40:35,KR,Role-playing_video_game,@승상싱,,,1
UCF-rFAdN7dzd-SI2T3rkCaQ,엔마ENMA,"제라스장인/메타를 소개하는 남자
메소남 엔마입니다.
롤말고 다른것도 많이합니다 재밌게봐주세용 :)

",2014-03-03 14:12:54,KR,Strategy_video_game,@엔마enma,,,1
UCF5RrlbsxJjAVLWgOCoNHMg,Bushy,,2022-01-13 23:41:15,US,Strategy_video_game,@bushy,,,1
UC5grrciAyUF4xjd42XhV-1Q,민트롤,"
                       광고 문의 - mintrorr@naver.com
",2016-10-01 07:04:58,KR,Video_game_culture,@mintrorr,,,1
UC5pdoCANExIVI4yf6DVoxew,최아린의 게임방송,"지금 이 설명창을 읽고 있는 당신,
최아린의 게임방송이란 채널을 찾은게 과연 우연일까요?

좋아요와 구독, 미리 눌러두세요.
이건 우연이 아니라 운명이니까요.

여러분들도 언젠가는 제 채널의 구독자가 될 사람입니다.
그렇다면 지금 구독 누르기를 망설일 필요가 있을까요?

앞으로도 최아린은 1만, 10만.. 꾸준히 성장할 겁니다.
그 길을 함께 가지 않겠어요?

지금부터 최아린의
우당탕탕 로블록스 이야기로 초대합니다!


구독자 애칭 : 아리밍

비즈니스 문의 : choiarin128940@gmail.com",2024-06-02 02:09:59,,Role-playing_video_game,@최아린의_게임방송,,,1
UC60HSePkZwGFzRj6VSDa6Ew,박서림,"안녕하세요 게임 스토리 좋아하는 유튜버입니다.

비즈니스 문의 : coo@futuresenter.com 
개인 문의 : parkseorim09@gmail.com
소속 퓨처스 홈페이지 : https://www.futuresenter.com

",2011-12-27 10:48:42,KR,Video_game_culture,@박서림,,,1
UCuXE-MdbuaZcPt_2J2kSsSQ,LSH 게임 유튜버,"언젠간 프로가 될 사나이에 채널

icorog0229
디코 친추 아이디
",2026-06-06 02:32:04,,Role-playing_video_game,@로블lsh,,,1
UCuZ862fZel1gq9RAf_OkvqA,두돌지 - 원신 공대생,계산하기 귀찮은 공대생,2021-02-03 03:52:53,KR,Video_game_culture,@두돌지-원신공대생,,,1
UCuaizlkqA5hZ_Dt3kAQkW3g,슈크림메이플,"알고있지만 또 알고싶은 메이플 이야기 올리는 슈메입니다.

닉네임 : 민트대박꿀맛

서버 : 크로아

레벨 : 296

헥사환산 : 11만

직업 : 아델

길드 : alpha

문의메일:jungimseong9@gmail.com

템진단문의:https://open.kakao.com/o/szgV0UUg",2023-07-08 04:12:42,,Role-playing_video_game,@슈메유튜브구독,,,1
UCuetAJhNx1unKTXo7e1c0xQ,히카리타마,나의 영상 일기 / 게임 유튜브,2011-05-01 16:06:54,KR,Role-playing_video_game,@hikaritama,,,1
UCulcJNJPF25ncT7GvJm6iEg,아카메 Akame,,2023-08-08 20:44:40,,Video_game_culture,@akame-hl3zo,,,1
UCutaHUD-Oos2EBNNEwd4QQg,각폭 YouTube,"광고 문의 : ad@lolq.co.kr
개인 문의 : moviestlee@hanmail.net
",2013-12-10 08:53:08,KR,Video_game_culture,@gakpok,,,1
UCq0fwcojiA7ztN0FgTEgfXA,쿠쿠게임방송,"
 쿠쿠게임방송청사진을 제시합니다. 채널의 정체성과 이 채널의 방향성을 안내해드립니다. 앞으로 많은 구독과 시청바랍니다. 감사합니다
구독과 좋아요는 필수





",2023-05-14 11:43:53,,Video_game_culture,@다양한게임-x4s,,,1
UCq6bX1rAJqwt3LmYuHrDPqg,후닝,"안녕하세요. 메이플스토리 나로후닝입니다.
매일 밤 7~8시에 생방송 진행중입니다.
문의 : hooni3508@naver.com 
",2014-01-01 20:43:15,,Video_game_culture,@maplehooni,,,1
UCtGMgPWJNU2Aj-SNK0zg0Sg,펠마 Pelma,"다양한 챌린지를 즐깁니다 :)
",2020-07-03 06:47:25,KR,Role-playing_video_game,@펠마pelma,,,1
UCyU5JQ8KVRD9jE4E_xLsHxw,량의 게임 실황,"Pale Light의 과몰입형 게임 실황자.
유명 대세 게임을 쫓기보다, 
소신에 따라 좋은 게임을 찾아가서 플레이하는 등불이 되고 싶은 실황자.
인생의 90%가 게임인, 게임에 진심인 인간.
게임이 가진 매력을 최대한 즐기기 위해 플레이합니다.

▶ 현재 연재 상황 ◀
매 주 월요일/목요일 : 미스터리 추리게임, 탱글 타워
매 주 화요일/금요일 : 우주 폐기 인간 시뮬레이터, 시티즌 슬리퍼
매 주 수요일/토요일 : 1인 마피아 게임, GNOSIA 
매 주 일요일 : 랜덤 인디게임!
매 주 토요일 : 주말약국 Potion Craft - 포션 크래프트 : 연금술사 시뮬레이터 
부정기연재 : LSD

영상별 개별 재생목록은
각 영상의 세부 정보에서 확인하실 수 있습니다.

문의 및 사연 : ryangmail@naver.com
",2011-11-05 08:43:21,KR,Video_game_culture,@ryanggame,,,1
UCyZXLzORHoh9QMwA7IwS0pA,F파일 토마스,"어서와. 반갑고.

감독모드에 진심인 사람 가입하고
cafe.naver.com/managermode
토마스 사적으로 궁금한 사람은 들어오고
instagram.com/ffile_thomas
후원은 너무 사랑하고
https://toon.at/donate/thomas

수고
",2022-01-17 03:02:46,,Video_game_culture,@fifalaboratory,,,1
UCyZtdaxIiGb4wp5AmkEMrwQ,강나단,"즐기시길 바라며

문의 : na4han2@naver.com
",2020-08-07 16:16:41,KR,Video_game_culture,@강나단,,,1
UCYS2NvZlSjrxZfnn1v7b3QQ,차원랑 아카이브,"차원랑 방송 다시보기 채널입니다
생방송 풀영상 업로드합니다

버튜버 차원랑의 다양한 게임 방송과 토크 방송을 다시 볼 수 있는 아카이브 채널입니다
주요 콘텐츠: 소통, ASMR, 종합게임, 버츄얼 방송

#차원랑 #버튜버 #다시보기
",2026-04-08 02:18:41,KR,Role-playing_video_game,@차원랑다시보기,,,1
UCYTQCmuFcacJJ_Tad20qqEw,toaster,"Daily dose of crazy NPCs
",2024-08-31 22:13:23,,Video_game_culture,@gta.toaster,,,1
UCYXAJvn4s3GUvTzjwLy15pg,푸라더의 포켓몬 채널,"재미있고 유익한 포켓몬 영상을 주 3회 이상 업로드하는 푸라더의 포켓몬 채널입니다.

랭크 배틀 영상이 주를 이루지만 가끔씩 비(非) 배틀 영상이 올라가는 경우도 있으며
포켓몬 관련 신작 게임이 나오면 그 게임 플레이도 올릴 예정입니다.

저희 채널에 오셔서 모쪼록 다양한 영상들을 즐감하시길 바라겠습니다.
",2021-08-05 12:19:40,,Role-playing_video_game,@purifybrother,,,1
UCOTJtP0Z9DjpPU43B5m1V6A,[ALTUBE] 김성현TV,"스타크래프트 알파고테란 김성현의 유튜브채널입니다 많이사랑해주세요:D

생방송 진행시간 : 수, 목, 토, 일 오후 7시

매일 오전 11시30분 , 오후6시30분 업로드

문의 : rlatjdgus228@nate.com
",2016-10-25 17:42:28,KR,Role-playing_video_game,@altubetv,,,1
UCoH2pCzAr6zWDG-LtUiLWRw,홀릿 Youtube Holit,"홀하~ 모바일 게임 꿀팁 전문 크리에이터 홀릿입니다!
여러가지 모바일 게임 꿀팁 컨텐츠와 꿀잼 예능 컨텐츠를 제작하고 있습니다.

재미있게 시청해주시면 감사하겠습니다^^

문의 : holit@sandbox.co.kr

@영상 제작 / 편집 : 홀릿 & '망고펭귄 PD님' &  '건호' 편집자님
@Art Design by @Myungji.Ko
@홀릿 캐릭터 제작: 아이사유 
@채널 아트 제작: 퓨어 디자인 
@영상 인트로, 아웃트로 제작: 강렬한파인애플 

홀릿 유튜브 많은 사랑 부탁드립니다^-^",2019-01-06 14:16:34,KR,Role-playing_video_game,@holit92,,,1
UCApYlKNymyHZ9dlOCImFVBg,エミリーのゲームちゃんねる Emily Game Ch.,"ゲーム大好き社畜系Vtuberのエミリーです(ฅ^･ω･^ ฅ)
主にソシャゲやホラゲを中心に配信活動しています！
特にブルーアーカイブ、アークナイツ、アズールレーンの配信が多めですが、その他のソシャゲやソシャゲ以外の色々なゲームも頑張って配信していきたいです。ゲームを全力で楽しむガチエンジョイ勢！ホラーゲームも大好きです。
動画、生配信の予定やエミリーの日常などはTwitterやホームページでチェックしてね💓

🎁Twitter🎁
https://twitter.com/emilygamech
🎈ホームページ🎈
https://emilyn.games
🍭メンバーシップ（エミリーの放課後ごらく部）🍭
https://www.youtube.com/channel/UCApYlKNymyHZ9dlOCImFVBg/join

【切り抜きについて】
切り抜きOKです！ただし以下の三点を必ず守ってください。
1.当チャンネルのURLと切り抜き元のURLを説明欄等に記載すること
2.エミリーの名誉・品位傷つける行為をしないこと
3.エミリーが削除を希望した場合は、削除すること
切り抜き私も見てみたいから、URLを教えてくれたら嬉しいな(=^･ω･^=)

イラスト：お久しぶり先生（@imlllsn）
Live2D：とほさま（@shirokumatoho）

#エミリー先生 #アズレン #アズールレーン  #アークナイツ #明日方舟 #トリッカル #ブルアカ #ブルーアーカイブ #NIKKE #メガニケ  #雀魂 #Vtuber #新人Vtuber",2019-11-03 12:31:00,JP,Video_game_culture,@emilygamech,,,1
UCAtGPbK4AWmeoaREsNLLZhg,마닥개_MADAKGAE,"Ep.9 act2 radiant
현재 발로란트 파트너, 롤큐 소속 크리에이터로 활동중입니다.

생방송링크 : https://chzzk.naver.com/3adc61a58097a21fa6a9df9fef5b4eac
개인 문의 : woocky961027@gmail.com
디스코드 : https://discord.com/invite/QDw96Mqv3q
",2020-05-21 08:26:04,KR,Video_game_culture,@마닥개,,,1
UCAz2J8EIRNfEPIXN05bc1Sg,신수원 TFT,"롤토체스 공략, 초대석, 예능(가끔) 영상이 업로드 됩니다 :)
",2018-02-05 11:41:32,,Video_game_culture,@신수원,,,1
UCB4YEVYp6LynBpz7bXyZsTg,피오TV,"전 팀소속 Gen.G PUBG
2019 PUBG GLOBAL CHAMPIONSHIP 우승
아프리카 Tv :http://www.afreecatv.com/cc1890",2017-10-24 07:30:09,KR,Video_game_culture,@pubgpio,,,1
UCYo7Bfzth2yQZh2O09nwgsA,로블록스 유튜버,,2023-12-01 12:11:45,,Video_game_culture,@세미펜,,,1
UCYooECrv-fIXlPaDwEIaveA,양띵 유튜브,"멤버십 가입 링크 ➡️

● 비즈니스 문의 ●
yd@ydcrew.co.kr
",2013-01-05 18:07:33,KR,Video_game_culture,@양띵,,,1
UC_E_qYfGKM3C0kqrp1p8z7Q,GTA Soundtracks,"New track every day!

Schedule:
12.02.18 - 13.03.18   GTA 1
14.03.18 - 21.04.18   GTA: London (1961 & 1969)
22.04.18 - 01.07.18   GTA 2
02.07.18 - 08.09.18   GTA III
09.09.18 - 14.01.19   GTA: VC
15.01.19 - 31.01.19   GTA: Advance
01.02.19 - 24.07.19   GTA: SA
04.08.19 - 12.11.19   GTA: LCS
01.12.19 - 28.03.20   GTA: VCS
09.04.20 - 03.04.21   GTA IV
13.04.21 - 11.08.21   GTA: CW
12.08.21 - 28.03.22   GTA: EFLC
12.04.22 - 11.04.23   GTA V (PS3 & Xbox 360)
18.06.23 - 30.04.24   GTA V (PS4, Xbox One, PC, PS5 & Xbox Series X/S)
25.02.26 - ??.??.27     GTA Online
 ??.??.27 - ??.??.??     GTA III - DE
  ??.??.?? - ??.??.??     GTA: VC - DE
  ??.??.?? - ??.??.??     GTA: SA - DE
  ??.??.?? - ??.??.??     GTA Online (tracks released after Trilogy DE) (still going)
  ??.??.?? - ??.??.??     GTA VI (coming November 2026)

Support channel:
Patreon: https://www.patreon.com/GTASoundtracksChannel
StreamLabs: https://bit.ly/3bqB2mf
Bitcoin: 1Lxpte6rbi35cuRhUxFpaz5SWXFkWSFfhC",2018-02-11 17:44:38,US,Video_game_culture,@gtasoundtracks,,,1
UCIzbqIyEUxtFLYh_sCDoXpw,날콤,"TFT에 진심으로 바뀐 사람

협업 문의 : biz@nobent.co.kr
",2013-10-15 04:50:33,KR,Role-playing_video_game,@날콤,,,1
UCJ0tK-1sP4BKqy6fBDQmZKg,뚱피,"PC게임, 모바일 게임 공략, 후기
문의: blok74@naver.com
",2013-04-03 08:55:17,KR,Video_game_culture,@뚱피,,,1
UCJ8Yo015gVoxahLW4JAjBjw,Rockstar Games 대한민국,"Grand Theft Auto, Red Dead Redemption, L.A. Noire, Max Payne, Bully를 비롯한 수많은 인기 게임 프랜차이즈의 발매사인 Rockstar Games의 YouTube 공식 홈입니다.",2013-05-03 14:45:46,,Role-playing_video_game,@rockstargameskorea,,,1
UCJA6MZLzTeljmGNFaugdoWQ,담쥬의 게임방송,"- 종합 게임 리액션! 
- 치지직 프로 스트리머, 실시간 라이브 중!
- 광고·협찬 문의 환영
- Contact : damzyu@naver.com
",2023-02-02 07:35:07,KR,Video_game_culture,@담쥬의게임방송,,,1
UCFsJVl9V9fSIZA1uS3gMu-w,소멸,"소멸이다.

이메일 주소 : somyeol@sandboxnetwork.net
",2021-06-07 04:42:19,KR,Role-playing_video_game,@소멸,,,1
UCFvdXoI9LTADYG07s4pMnhg,영양소TV,"즐거운 던파방송 영양소입니다 !

정규방송시간은 화 목 일 저녁7시쯔음 !

유튜브에 업로드된 동영상은 자유롭게 공유 및 퍼가기 하셔도 괜찮습니다 :)

많이들 공유해주시고 좋아요랑 구독 한번씩만 부탁드립니다.

던파관련 컨텐츠/팁제보 등의 문의는 eands1111@naver.com  으로 메일 보내주시면 감사하겠습니다 !",2017-07-17 23:32:26,KR,Video_game_culture,@tv-nk7fs,,,1
UCG0n5PTWnBjkuWAkX5kl5dQ,판자집 강아지,"AAA급 게임을 합니다
Hi, I am Panza.
I play games and make reviews.

공지사항은 아래 네이버 카페로 오셔서 확인해주세요.
https://cafe.naver.com/panzadog
",2018-05-31 15:25:54,KR,Video_game_culture,@panzadog,,,1
UCRq3CDTZ2qe3HiHrZdQKBvQ,won,"아이언 출신 플래의 성장 일지
(1주일 4~5영상 업로드)
월화수토일 오후 6시 업로드",2026-02-24 13:31:54,,Video_game_culture,@won-s7,,,1
UCS-X1uBDTNwAYyydiXjcX9A,게임잡지 GTOPIA,"잡지처럼 펼쳐지는 다양한 게임 이야기를 전합니다.
고전 명작부터 최신 화제작, 리뷰와 소개, 숨은 명작 탐구까지 다룹니다.

게임잡지 GTOPIA는 ‘지토’ 편집장이 운영하는 채널로,
플레이스테이션, 닌텐도 스위치, PC 게임을 중심으로
뉴스와 정보, 플레이 리뷰, 체험 콘텐츠를 전합니다.

모든 콘텐츠는 여러 자료를 참고해 정확하게 전달하려 노력합니다.
미흡하거나 틀린 부분은 댓글로 알려주시면 겸허히 반영하겠습니다.

주 3회 이상 업로드를 목표로
빠르고 재미있는 게임 콘텐츠로 찾아뵙겠습니다.

⚠️ 콘텐츠 이용 시 유의사항
1️⃣ 정치적 발언 댓글은 삼가주세요
2️⃣ 원색적인 비난 댓글은 삼가주세요
3️⃣ 서로의 의견을 존중하며 즐거운 게임 문화를 함께 만들어가요

📩 비즈니스 문의
gtopia_business@naver.com

🎮 치지직
https://chzzk.naver.com/6d34308f308bcd35330ff47f9ff97b7b

☕ 카페
https://cafe.naver.com/gmgtopia

🏆 채널 milestones
🎉 24.06.18 구독자 100명 달성
🎉 24.07.18 구독자 1,000명 달성
🎉 24.10.21 구독자 5,000명 달성
🎉 25.02.18 구독자 10,000명 달성
🎉 25.07.19 구독자 20,000명 달성
🎉 26.04.22 구독자 30,000명 달성
",2023-11-08 23:48:35,KR,Video_game_culture,@게임잡지gtopia,,,1
UCzDzVOP0hccsR79Jv1xh0Lw,롤저씨유튜브,올해 47세 아저씨의 인생 마지막 롤 도전기 입니다. 롤은 시즌3에 입문했지만 많이 못했고 이제 맘먹고 올려보려고 컨텐츠 준비중에 있습니다. 많은 응원 부탁 드립니다. 다이아몬드가 목표이고 이 목표를 달성하면 롤과 방송 모두 끝낼 예정입니다. 현재 브론즈4입니다.,2026-04-16 07:36:43,KR,Strategy_video_game,@롤저씨유튜브,,,1
UCzHnjIeMxo1gViogzN9xMLw,여니,"🤍💛🧡어항이들과 함께 만들어가는 소통, 로스트아크 방송💚💙💜
───────────────────────────────────
투네이션 Toonation) https://toon.at/donate/yeoni90
멤버쉽 가입) https://www.youtube.com/channel/UCzHnjIeMxo1gViogzN9xMLw/join
디스코드) https://discord.gg/yeoni
치지직) https://chzzk.naver.com/fb4f7519acb469c5bd5e60c0b319275d
다시보기 장여니)https://www.youtube.com/channel/UCjx8py7rZ7vCRsqarMbUPtQ
",2014-11-13 19:31:46,KR,Role-playing_video_game,@짱여니,,,1
UCzRPPKLkNxjD2of-0Xxfnjw,부리buri,"부리올시다


",2019-11-29 04:59:35,KR,Video_game_culture,@buri1581,,,1
UCzSODDx0zQF3nxXOZISCm_w,성승생,"신작/스팀/온라인게임을 직접 해보고, 웃긴 장면과 솔직한 결론만 뽑아 올리는 게임 스트리머 성승생입니다.

여기서는 이런 콘텐츠를 올립니다.

처음 해본 게임의 진짜 첫인상
MMORPG/온라인게임 명장면과 사고
방송에서 나온 웃긴 게임 하이라이트
길게 보고 싶은 분들을 위한 풀버전/라이브 보관소
치지직 생방송: https://chzzk.naver.com/e18eace67d30937b09b6ad5874e03591
많이 보러 와주세요.

",2018-03-06 02:04:15,KR,Video_game_culture,@성승생,,,1
UCnMshUhBxDsKFPnxBGmGEpg,개헛소리스트리머 헛개,"안녕하세요. 종합게임 스트리머 겸 LCK 전체중계를 하고있는 헛개입니다.
방송은 치지직에서 진행하고 있으며
좋아요 구독 눌러주시면 감사하겠습니다.

문의 이메일 : heosgae6@gmail.com


저와 대화를 하고싶다면- 팬심m(어플)
헛개님의 팬심M에 초대해요
https://fancimm.com/profile/825244
코드- 97D8OE

저에게 선물을 보내고 싶다면 - 팬심(인터넷)
가입후에 절차에 맞게 보내주세용🥰🥰
보내주신 선물은 방송에 나올 수 있습니다!
",2025-01-08 18:12:37,KR,Strategy_video_game,@헛개-t1w,,,1
UCnV5tUnOVGyT-Ncj0s0tPTw,제이게임채널,"[광고문의 : mkt@metaplug.co.kr]
문의카톡 아이디 : jylovelron
광고문의메일: jylovelron@naver.com / mkt@metaplug.co.kr (메타플러그)

제이게임채널 공식 유튜브입니다. 
모바일 MMORPG 신작게임 리뷰와 팩트체크를 다루는 제이게임채널입니다.

리니지라이크, MMORPG, 모바일게임, PC MMORPG,
신작게임 리뷰, BM 분석, 과금 분석, 운영 이슈,
게임 민심 체크, 업데이트 리뷰를 다룹니다.

아키텍트, 아이온2, 뱀피르, 리니지 클래식,
드래곤네스트 월드, 마비노기 모바일, 제우스 오만의 신, 
더 스타라이트, 오딘, 오딘Q, 솔 인챈트 등
국내 MMORPG 신작 정보를 빠르게 전달합니다.
",2016-11-03 20:45:13,KR,Role-playing_video_game,@제이게임채널-j,,,1
UCmcBe97VA2LqVEQUeeZl6Ew,팔차선 [8LJAYWALKING],"2021 TFT 운명 월드 챔피언 팔차선 유튜브입니다

Email : 8ljaywalking@gmail.com",2021-04-09 17:07:22,KR,Video_game_culture,@8ljaywalking,,,1
UCmiTZyj9GwMjyznZxrgCH4Q,하네 HANE - 로블록스 게임채널,"안녕하세요 로블록스 유튜버 하네입니다!!
동영상도! 라이브도! 자주 진행합니다!!!
구독과 좋아요 알림설정 해주세요~!!!😁

비지니스 문의 : robloxhane0101@gmail.com
",2022-04-20 10:46:59,KR,Role-playing_video_game,@하네,,,1
UC6NXJtCn3p-actkvBUlHwDA,Destiny (데스티니),"리그오브레전드 챌린저 서포터 데스티니의 공식 유튜브 채널입니다.

구독, 좋아요, 알람 설정 부탁드려요. 감사합니다.

광고 및 모든 문의 - starfish@starfishentertainment.co.kr
",2015-11-11 15:20:38,KR,Video_game_culture,@destiny4863,,,1
UCwlUB3goOsh4tpqZKIzUAbA,용사98,"오버워치 할거야 / 광고&협찬 : yongsa98@gmail.com
",2017-03-04 09:42:01,KR,Video_game_culture,@yongsa98,,,1
UCws1FXlgdkXB-3FKN_lqgiw,블겜 (게임 유튜버),쉬고 있는 중,2020-02-27 03:57:16,,Video_game_culture,@tv-sm9ho,,,1
UCww3MeqGQnIatVvEr3pSjhA,프로즈,"안녕하세요 프로즈입니다

이메일은 inproz300@gmail.com

",2017-07-18 13:02:41,KR,Video_game_culture,@프로즈,,,1
UCxDq2kGOt3h2_ilI0Wih5dw,김슈림KIMSYURIM,"안녕하세요 정상입니다

 ",2016-03-06 12:25:55,KR,Role-playing_video_game,@kimsyurim,,,1
UCxELFPPsQrHtTXbzR4jr_Eg,스팀과 블리자드,"블리자드 게임과 스팀게임 좋아하는 아재입니다.
정규방송 평일 20:30~21:00 시작 2시간 +@ 주말과 외의 시간은 랜덤.
방송 초보입니다.
캠X 보이스O

",2024-08-05 06:38:23,KR,Role-playing_video_game,@필이e-n7l,,,1
UCVipGmBXqbYKNODNzVCN86w,전율 Jeonyul,"쇼티 버키 저지 스팅어를 주로 다루는 전율 유튜브입니다.
여러분들의 도파민을 책임 지겠습니다.

문의 메일: shs09890@naver.com
",2024-04-11 15:40:23,,Video_game_culture,@jeonyul_kr,,,1
UCVkq07cws0sMFEGFpyshs4g,루현,"● 오후 11시 생방송
대검을 좋아하는 게이머입니다
주로 로스트아크, 몬스터헌터, 엘든링을 합니다

유튜브 구독 & 치지직 팔로우 부탁해요 :D
",2025-01-02 13:09:02,KR,Video_game_culture,@roohyeon,,,1
UCVnp5Jumir-XIyeejktUhlg,카나타 근연만화 TFT,"카론 소속 롤토체스 쌍둥이 챌린저 근연만화와 Kanata의 유튜브입니다. 

https://chzzk.naver.com/89fbb7cda508836842bd4ab79d33d6ff 동생 카나타의 라이브 방송주소입니다

https://chzzk.naver.com/e887be5a5a5725d126d5bcc7efa3869a 형 근연만화의 라이브 방송주소입니다

형인 근연만화 (성윤)가 유튜브 편집을 하고있습니다. 많은 사랑과 관심 부탁드려요~
",2023-06-05 23:02:53,KR,Video_game_culture,@mazebrothers,,,1
UCVqmxk6oNOHj9RFVo4uP_lw,하루," 💦 안녕하세요. 유튜버 하루입니다!
로블록스 나레이션, 연출, 상황극, 참교육 등등
재미있는 영상으로 보답하겠습니다!

비즈니스(business): ytharu1024@gmail.com
",2019-12-05 08:57:21,KR,Role-playing_video_game,@ytharu08,,,1
UCXQoI3upwKr47JAiVaYkvIw,무능한,내가 할수있으니까 님들도 할수있음,2015-11-04 13:17:00,KR,Strategy_video_game,@무능한,,,1
UCXS55IczImEf64aU16NzKlg,지형,"종합 게임 유튜버 지형입니다.
종합게임 : https://www.youtube.com/@gamebrother_All_games

각종문의 : gamebrother416@gmail.com
",2024-10-06 07:45:34,KR,Video_game_culture,@game-brother-kr,,,1
UCA9f2-9fUklMMOaz8vKW7Jw,김무초 고전게임,"김무초의 고전게임 채널입니다.

주력으로 고전 오락실게임과 그라디우스V 를 하구요 

그 외 콘솔 종합게임도 합니다.

운동으로 펌프잇업을 하고있습니다.

와주셔서 감사합니다.
",2013-08-11 07:41:38,KR,Video_game_culture,@stg_moocho,,,1
UCAAtd2dSVf8urfwovnEIYaw,낫미,"단풍국에 살고있는 FC스트리머 낫미입니다
광고문의는: notm3@naver.com
",2012-02-22 04:23:40,KR,Video_game_culture,@itsnotm333,,,1
UCABvetlXpdOwFz10fCpJkwQ,시온,"게임 영상을 제작합니다.

개인 문의: sionpark7211@gmail.com (개인적인 연락)   
비지니스 문의: sion@sandboxnetwork.net (광고 제안)
",2016-02-11 03:39:14,KR,Video_game_culture,@sionpark7211,,,1
UC4cKHOBS-nRfKFTwf1n8HGA,울개구리: 엘든링 인정협회,"[울개구리 방송시간]
매주 수, 목, 금, 토, 일 밤9시에 생방송을 진행합니다!
매주 월, 화는 휴방입니다:)
",2022-04-19 03:16:00,KR,Video_game_culture,@werefrog_eldenring,,,1
UCeOXoe4zJCBTBwHN1M_djUw,메이플 알파YouTube,"반갑습니다

mailplz0101@gmail.com",2023-06-27 22:35:33,KR,Role-playing_video_game,@알파youtube제로,,,1
UCePo3etp2PDhGSvdKwz2fwQ,STAGE Games,"Stage Games | Solo Indie Dev (Unity URP)
1인 개발로 여러 인디 게임을 만들고 있습니다.

🟠 Stove Store
https://store.onstove.com/ko/games/103659

🛒 Steam Store
https://store.steampowered.com/app/3421660/ReBlade/

💬 Discord (Community / Bug Reports / Feedback)
https://discord.gg/YqTtzwGkh

🎮 Current Project
Re:Blade (2025-08 ~ In Development)

🧩 Also Working On
Colosseum Showdown (서브 프로젝트)

💻 Engine: Unity (URP) / Solo Development
📧 Contact: stagegamesofficial@gmail.com

#IndieGameDev #SoloDev #ReBlade #ColosseumShowdown #StageGames
",2021-05-25 04:07:33,KR,Video_game_culture,@stagegamestudio,,,1
UCePy6AqRuTfKDC4aTrqcAqQ,담곰,"그저 고루시가 좋은 트레이너.

* 유튜브 채널, 번역 블로그 전부 수익창출을 하고 있지 않습니다.",2022-07-27 08:00:03,KR,Video_game_culture,@damgom,,,1
UCeRn_02zEifLqXxZkTpiXzA,입만산_김루윈,"뇌지컬 게임 위주로 플레이하는 두뇌파 플레이어 김루윈!
현재는 전략적 팀 전투(롤토체스)를 주력으로 하고 있습니다.
다른 사람들이 생각하지 못한 다양한 방식으로 플레이하고자 매일 고민합니다!

게임과 인생의 공통점은 즐거워야한다는 거죠! 유쾌한 게이머 김루윈입니다.
항상 시청자 여러분들과 즐거운 경험을 공유하고자 매일 노력하고 있습니다!

채널 구독과 영상 좋아요는 크리에이터에게 큰 힘이 됩니다!

치지직 채널: https://chzzk.naver.com/468b76873773c16ecfc5c2b2541f919c


*방송 시간은 랜덤입니다",2011-07-30 01:21:38,KR,Video_game_culture,@ruwink,,,1
UCHZ9X2Nl3dq8ChEJgScmZCw,리연 & LOALAB,"반갑습니다. 로스트아크 가이드 전문 제작 및 스트리머 리연입니다!

개인 이메일 - jhleeway@gmail.com

비즈니스 이메일 - ad@lolq.co.kr",2017-05-05 19:10:56,,Video_game_culture,@리퍼,,,1
UCHbz27HAkCIQNw_G2Pa7XVg,건의 게임채널,젤다의 전설 위주로 영상을 올리고 있는 건 입니다!!,2018-03-10 08:32:10,KR,Role-playing_video_game,@건,,,1
UCZaNYFjF_SRRJPVuGX7yMjQ,모바일게임저장,"게임을 만들어보려고 참고자료 수집으로 만든 채널인데, 어쩌다보니 구독자가 늘어.. 영상 올리는 숙제를 하고 있는 채널입니다..

많은 분들께서 흥미가 있는 게임들을 즐겁게 즐기셨으면 좋겠습니다.

저도 게임 개발자를 꿈꾸기 때문에.. 게임업계 화이팅!",2011-12-29 22:14:42,,Video_game_culture,@모바일게임저장,,,1
UCZphffYmr6WuJD9SG8xwM8A,김상수TV,"▶ 투네이션 후원 https://toon.at/donate/k1s2s3
▶ 계좌후원 새마을금고 0650-09-010788-3
▶ 광고문의 이메일 : aciml@daum.net 
▶ 김상수 카카오톡: k1s2s3
▶ 아프리카TV https://bj.afreecatv.com/k1s2s3

안녕하세요 유튜브 김상수TV 입니다

스타크래프트 테란강의 및 종합게임 방송합니다 ~

많이놀러오세요 ㅎㅎ
",2018-12-11 04:41:20,KR,Strategy_video_game,@김상수tv,,,1
UCc1VJX_5Z2RdGi58XU4IfbA,VALORANT Champions Tour CN,Official account for the VALORANT Champions Tour CN,2022-02-15 08:50:11,HK,Strategy_video_game,@valorantesportscn,,,1
UCc5LaJlWqlQ6d2whZa5bjYQ,협준,"불꽃남자 협준
",2021-05-09 21:43:46,KR,Video_game_culture,@hyeopjun,,,1
UCcHVk5SFxfYhCbbX8pWWuVg,냉이킴,"이런저런 얘기 합니다

개인 문의 - wnsoddl96@gmail.com
비즈니스 문의 - ad@lolq.co.kr
",2021-02-28 09:08:31,KR,Role-playing_video_game,@냉이킴,,,1
UCS7gEaMmBPAaI8dHNnrSofg,메이플스토리 강은호,"안녕하세요 강은호 채널입니다.
카카오톡ID: BJeunho 
",2023-02-06 06:26:15,KR,Video_game_culture,@eunho_game,,,1
UCSGKRGHGqP8W11G-SxsMaOw,리오 로블록스,"✨앞으로 크게 될 쇼츠 유튜버 겸 로블록스 방송인✨


(랜덤)롱폼: 평일 랜덤 오후 4시 30분, 숏폼: 주말 아침 8시",2012-12-08 01:37:01,KR,Video_game_culture,@리오_로블록스,,,1
UCSOeJWyByeoBHpmrm0NnlLw,겜브링 GGAM BRING,"하브~~~~

☆개인 이메일 ggambring@gmail.com
☆비즈니스 이메일 ggambringtv@sandboxnetwork.net

",2015-06-07 15:14:58,KR,Video_game_culture,@ggambring,,,1
UCSTIgFSMRyUgrobBoCVAGmw,디아블로3 아카데미,"방송 안내

안녕하세요. 여러분의 수호천사 ""천년자객""입니다.
본 방송은, 초보/복귀자 분들을 위한 방송입니다.
SoopTV 방송을 기반으로 하고 있고,
카페는 글들 저장소이고 유투브는 중요 VOD를 올리는 공간입니다.

다음 카페: https://cafe.daum.net/d31004
유투브: www.youtube.com/@디아블로3아카데미
SoopTV: https://www.sooplive.com/station/kyerim21

표어: 게임=방송=음악
목표: 시청자에게 디아블로 3을 소개하고, 다양한 음악과 콘텐츠로 즐거움을 선사한다.
형식: 디아블로 3 게임+음악 카페+Storytelling+멘트

방법:
*초보자를 위한 디아블로 3 강의(매주 수요일 오후 2시)
*도균 정복 동영상(매주 화요일 오전 10시)
*자객이의 성장기/일기장(만렙/소모리/제단)
*대균 정복 콘텐츠(대균 150단을 함께 정복하기)
*디아블로 3 Storytelling(스토리 모드+풍성한 이야기)
*무료관광버스(만렙/도균/일균/대균/현상금/적개심/메아리/고대수수/젖소방 등)
*다양한 팁과 노하우를 영상과 글로 공개

방송 시간:
오전 10시: 자객이의 성장기/일기장
오후 14시: 무료관광버스
저녁 20시: 대균 정복 콘텐츠(일인/파티)

채팅 규칙
1.타비제이 언급이나 비난 금지
2.과도한 방송 개입 금지
3.도배 금지
4.사행성 홍보 및 선전 금지
5.상호간 욕설이나 비난 금지
*채팅금지/추방/블랙 등을 당할 수 있습니다.!!

음악/영상 제공
www.youtube.com/
@discman_kr
@즐거운음악감상하기
@MOONLIGHTV
@7080감성음악카페
@베어뮤직
@웅키
@daitsongmusic825
@옛날추억의팝송
@오늘의트로트
@Bubble-dia
@plim-ing
@VOLumeconTrolkr
@mp-sp3oc
@moodelora
@MUSICisMyLife_Kpop
@BeecompanyCCM

*즐겨찾기/좋아요/구독은 사랑입니다!!
",2026-06-23 01:02:50,KR,Role-playing_video_game,@디아블로3아카데미,,,1
UCBkvEgeJ3_UMwbW7VCxzs8g,허브롱 - 모바일 게임,"다시 돌아온 '모바일 게임을 새롭게 쓰다' 허브롱 입니다!


주 2회 이상 업로드 합니다!

bjom478@gmail.com 이메일 주소입니다! 컨텐츠 제보, 문의사항, 팬아트, 비즈니스 메일 모두 편하게 연락주세요!


타 유튜버 언급은 하셔도 무관하나 타 유튜버 밈, 드립은 언급을 삼가하시길 바랍니다",2024-11-22 18:16:23,KR,Video_game_culture,@허브롱_모바일게임,,,1
UCBljJ2V-owl2MMQ_N9_bE3Q,StellRush,,2025-05-10 19:40:26,,Video_game_culture,@stellrush,,,1
UCD9tj7ATjYkyPyWXK_ewNXQ,공백,"각종 디펜스,추리,공략 등 장르의 게임위주로 하고있습니다

■현재 다루는 게임들
- 운빨존많겜 (111%)
- 메운디 (StarCraft)
- 랜타디 (StarCraft)
- 스팀게임(Steam)

#운빨존많겜 #PC게임 #모바일게임 #디펜스 #타워디펜스 #랜타디 #메운디 #스타크래프트 #StarCraft #스팀 #Steam",2026-01-02 16:17:41,KR,Video_game_culture,@공백-h2o,,,1
UCDBAVzfX3yZ1hah0FHnOoaA,괴물쥐 유튜브,"비즈니스 문의 - charon@gysent.com

",2019-01-25 16:35:22,KR,Role-playing_video_game,@괴물쥐유튜브,,,1
UCDGbm9jZgqNeMWyK4j-Kduw,유니버스인디 UNIVERSE-INDIE,"엔딩이 없는 인디게임의 세계, 유니버스인디
인디게임 소식부터 개발 비하인드, 전 세계 게임쇼까지 요즘 인디게임 씬을 전합니다.

𝗕𝗨𝗦𝗔𝗡 𝗜𝗡𝗗𝗜𝗘 𝗖𝗢𝗡𝗡𝗘𝗖𝗧 𝗙𝗘𝗦𝗧𝗜𝗩𝗔𝗟 𝟮𝟬𝟮𝟲
• ONLINE : 8.7. - 8.28. / bicfest.org
• OFFLINE : 8.14. - 8.16. / BEXCO, BUSAN
",2022-02-21 05:23:57,KR,Role-playing_video_game,@universe-indie,,,1
UCJENagCOfjMxdQUDxO4kq2Q,붉은사자대검,"안녕하세요. 아프리카, 유튜브, 트위치, 치지직에서 던전 앤 파이터 결투장을 위주로 방송하고 있습니다. 


투네이션 후원 링크
https://toon.at/donate/fhffj

붉은사자대검 팬카페
https://cafe.naver.com/bsp1212
늘 감사합니다 (_ _)


",2014-01-23 10:52:19,,Role-playing_video_game,@붉은사자대검,,,1
UCJGww2K__Q3y-MtDi0XWH2w,YouTube지누,"생방송 치지직으로 옮겼습니다
",2013-04-24 11:28:55,KR,Video_game_culture,@지누,,,1
UCJJZkVUNIxq8XNDzHiAD-eQ,쫀지,"RPG게임 광대 웃음선사 방송 
[광고or개인문의 :rozh352@naver.com
많은 연락 주세요 
",2017-05-23 04:26:20,KR,Video_game_culture,@쫀지,,,1
UCBW_PhuXoHk40xF6nO0Q64w,깐,"폭 넓은 장르의 게임에서 가치 있는 경험을 찾고자 합니다. 제가 남기는 기록이 새로운 게임을 찾는 분들에게 도움이 되면 좋겠습니다.
",2021-03-23 04:00:27,KR,Video_game_culture,@kkan,,,1
UCBY9rOZPo0fLE45mOV0s0cw,야켓YaCat,"오버워치 에코 유저 야켓입니다 
overwatch echo player
업로드는 랜덤
",2019-12-28 10:20:35,KR,Video_game_culture,@yacat9243,,,1
UC-Pn1i_ot4qmG4l7wMZPvyw,도현,"도현입니다 생방송 정보는 팬카페로!

- 비즈니스 문의: biz@onsidecompany.co.kr
- 크리에이터 관련 문의: manager@onsidecompany.co.kr
- 팬 선물: 서울 중구 청계천로 40, 1315호 도현 (우: 04521, 주소에 크리에이터 명 포함)
* 우편 도착 확인 여부는 모두 안내드리기 어려운 점 양해 부탁드리며, 확인을 희망하시는 경우 http://pf.kakao.com/_SxlyCn 로 문의 부탁드립니다.
",2013-08-23 09:39:59,KR,Video_game_culture,@d_obby,,,1
UC-RSOd_ovGyOwJzUXKdHfUQ,한국게임과학고등학교,,2026-05-18 06:58:32,,,@한국게임과학고등-k7h,,,1
UC-S8JFhLkQ5enhB70c2CYIw,왈도쿤,"대한민국 평균 오타쿠 머장
",2015-01-16 10:02:48,KR,Video_game_culture,@10dokun,,,1
UC-StHq1pWM-t4XS9ycZpn9w,FIB,"천상계 한조장인

",2016-08-08 11:46:52,KR,Video_game_culture,@fib9337,,,1
UCKttwyzsHvW7bCo7YfTacVQ,신선한망치,"비즈니스 문의 : coo@futuresenter.com 
홈페이지 : https://www.futuresenter.com 
컨텐츠 문의:fpdlaos7@daum.net

신선한 게임방송

[ 치지직 ,숲 동시 송출 ]
매주 월,화요일 정기 휴방
감사합니다!
",2020-04-16 11:04:58,KR,Strategy_video_game,@신선한망치,,,1
UC543-TDm6IvHHZXwdSFioMw,홍인규 게임TV,"🖐️ 안녕하세요! 스타크래프트를 진심으로 사랑하는 개그맨 홍인규입니다. 🐿️
스타크래프트가 처음 나왔을 때부터 즐겨 했지만, 결혼하고 아이들을 낳으며 오랜 시간 게임과 멀어졌습니다.
그러다 최근 다시 스타를 시작하게 되었고, 마치 20대 초반으로 돌아간 듯한 짜릿한 기분을 느꼈습니다😘

💡 홍인규 게임TV는 저처럼 바쁜 일상과 삶에 치여 게임을 즐기지 못했던 분들과 함께 
다시 스타를 시작하며, 그때의 설렘과 추억을 되살리고 싶어 시작한 채널입니다📢

🎮 홍인규 게임TV에서는?
✔ 연예인들의 🔥 1대1 스타크래프트 빨무 대결
✔ 프로게이머 & 인플루언서들과 함께하는 스페셜 매치
✔ 🏆 프로에게 배우는 1:1 스타 빨무 레슨 콘텐츠
✔ 승부욕 가득한 다양한 게임 콘텐츠 등 다양한 콘텐츠로 찾아뵙겠습니다!

많은 응원 부탁드리며, 즐겁고 유쾌한 콘텐츠로 보답하겠습니다. 감사합니다❣️

📌 비즈니스 / 광고 / 제휴 문의
📧 이메일: withjdm@naver.com
",2025-03-14 04:50:59,KR,Strategy_video_game,@홍인규게임,,,1
UC59jWhPazXYi8Ny4vake45A,GTA 5 EMPIRE,"Daily GTA Videos!

Subscribe for More! 
",2023-07-13 02:06:28,US,Role-playing_video_game,@gta5empire,,,1
UCgWOZQvFZhGuqBCtjmee0XQ,디엠이무니다,"즐겁게 게임하는 유저 디엠이무니다
방송 시간대는 평일 오후 6시 / 주말 오후4시
월요일 휴방 (편집데이) 입니다!
",2022-02-16 06:15:50,KR,Video_game_culture,@디엠이무니다,,,1
UCgWwo8FJL3MCxfd66ip7nFg,살구 YouTube,"안녕하세요. 데드바이데이라이트 전문 방송인 살구입니다. 
네이버 치지직에서 매일 저녁 7시 ~ 8시에 생방송을 진행하고 있습니다  https://zrr.kr/tYbx
",2017-11-29 20:06:49,KR,Role-playing_video_game,@salgu0606,,,1
UCgeazIBHz3JS7ft7_nyj-0A,구루루,"롤토체스 모든 시즌 챌린저 1티어 구루루 롤토체스 강의 메타덱 tft.op.gg/meta-trends/comps
비즈니스 문의: rnfnfnek@gmail.com
구루루 채널은 전략적 팀 전투 파트너 프로그램에 참여중입니다
",2019-09-18 22:51:37,KR,Video_game_culture,@구루루,,,1
UCQSEAbOs6vsJfy7WN7iYaGQ,EazySpeezy,"My name is EazySpeezy and this channel shows off a more casual side of speedrunning. I've loved speedrunning for years and always enjoy experiencing new games, so I speedrun a variety of fun, and lesser known games, as well as larger games here and there. My videos are made to show off cool speedruns, explain how they work, and hopefully entertain others while I'm at it. I also sometimes do variety content as well so be on the lookout for that too
",2013-09-13 19:25:38,US,Role-playing_video_game,@eazyspeezy,,,1
UCFHUplScMiWTjJrtv4hxWmg,도멘TV [DOTUBE],"스타크래프트 전문채널 도재욱 도멘TV에 오신분들!
구독/좋아요/댓글/공유 3개만요...",2012-10-26 11:17:43,KR,Video_game_culture,@dotube,,,1
UC8Gk3BMOPf8b-B4PXkukqTw,투브로의게임방송,"오픈월드게임을 사랑하고 현실처럼 디테일하게 플레이 하는 것을 좋아하는 
즐.겜.러 투브로의 게임채널 입니다 :)
향후 출시되는 모든 오픈월드 대작 게임을 투브로와 함께 해보세요!",2018-08-04 12:47:46,KR,Racing_video_game,@gtagameplay,,,1
UC8IxyKkhu4YUYK_c76AdcDw,코워드,"본캐 세맥기공 '강원기의원기옥' 입니다
생방송시간은 오후 3시부터 입니다.

치지직 : https://chzzk.naver.com/997d98d6475f4940de2ede07fd06ce7f
트윕후원 : https://app.twip.kr/donate/coward6485
투네후원 : https://toon.at/donate/637915520396893792
",2022-06-23 14:00:14,KR,Video_game_culture,@코워드,,,1
UC8MgGtsJazbztr5eGWiqUXw,라텔,"여러가지 게임들의 리뷰, 게임업계의 역사 전반에 대한 영상을 만들고있습니다.
",2021-11-05 22:41:02,KR,Role-playing_video_game,@rattel,,,1
UC8TZJHgXSaPurccHR9Z4UFw,로블록스 브롤스타즈 유튜버 서강인,,2026-07-16 21:07:59,,,@서강인-p8m,,,1
UC8Xz3BKjDvQk7lKhH7Hi9nA,던파연구소,"비즈니스 문의 : ad@lolq.co.kr
개인 문의 : chdltmfjqm1@naver.com

",2023-12-15 16:20:09,KR,Video_game_culture,@dnf_lab,,,1
UCcdlIcleb4oIK6of1ugSJ7w,옥냥이 RoofTopCAT,"* 광고 문의 : rooftopcat@sandboxnetwork.net
* 생방송 : https://chzzk.me/BQvok
* 방송국 주소 : https://cafe.naver.com/dhrsiddl

치지직에서 평일 아침 9시쯤 생방송! (휴방일정은 방송국 참고😄)
언제나 과분한 사랑 감사드립니다 d^_^b
",2016-06-10 01:39:17,KR,Role-playing_video_game,@rooftopcat_official,,,1
UCcgkgKhXT6QwdGj9Nr8PBcg,게임대장봉준,"숲 스트리머 봉준의 게임이 올라오는 채널입니다!
구독 한 번씩 부탁드립니다!!
",2023-05-11 14:33:37,KR,Video_game_culture,@게임대장봉준,,,1
UCcoJiq6MyAqJeo3urxjDqrg,시봉이TV 【포켓몬카드게임】,"안녕하세요 포켓몬 카드게임 국가대표 시봉이입니다.
다양한 포켓몬 카드게임 관련 영상을 업로드 할 예정입니다
많은 관심 부탁드립니다.
",2022-12-22 08:47:15,KR,Video_game_culture,@pokemoncard_sibong,,,1
UCcp8n8YZXg5qko87BgVwg1A,테로,"남들이 안하는 메이플 과몰입 전부 다 해보는 채널
현실에선 선생님(이었던 것). 게임에선 스승님

채널 / 작곡 관련 의뢰 / 과외 / 기타 등등 이것저것 문의 : butt3rv0ice@gmail.com
Soundcloud : https://on.soundcloud.com/r1w4T


Since 20.09
",2017-09-16 08:57:45,KR,Role-playing_video_game,@tero_,,,1
UCcsC1X0SyiWcxBTbnjoZ9Ag,SHIN 희범,스타2 프로게이머 SHIN aka Ragnarok 유튜브,2012-09-02 11:48:41,,Role-playing_video_game,@shinheebeom,,,1
UCI27McGLQoBsDEFL_yGMrnw,스피드런,,2023-03-09 05:38:26,,Video_game_culture,@스피드런승겸이,,,1
UCI3DTtB-a3fJPjKtQ5kYHfA,Games Done Quick,"Games Done Quick showcases high-level gameplay, through its charity marathons, and its weekly content. 

Games Done Quick has a series of charity video game marathons. These events feature high-level gameplay by speedrunners raising money for charity. Teaming up with several charities in its fifteen-year history, Games Done Quick is currently the largest individual fundraising event globally for both Prevent Cancer Foundation and Doctors Without Borders USA.

To date, Games Done Quick has raised over 55 million dollars for charity. Our events average over 2000 people in attendance, including staff, volunteers, runners, and attendees!

The GDQ HOTFIX is our weekly speedrunning content, with over 20 different shows that showcase excellence in speedrunning and the community in different ways. If you're interested in speedruns, or speedrunning adjacent content, such as randomizers, high score challenges, and other challenge runs, check out https://gamesdonequick.com/hotfix
",2014-07-19 15:21:36,US,Video_game_culture,@gamesdonequick,,,1
UCvAetSOU_4lyjM5hVMNzN0Q,뽀융쨩,lol_kr shen,2021-04-28 16:44:45,,Role-playing_video_game,@뽀융쨩,,,1
UCvPDPTxTLitVEyGu4Xt6m8g,블랙워크,"SOOP 스트리머 블랙워크 유튜브 채널입니다.
배틀그라운드를 주력으로 종합게임도 업로드합니다. 

",2017-08-13 04:56:28,KR,Video_game_culture,@blackwalkyoutube,,,1
UCp_jHNjcoiXC7SlElrBmzBA,릴파의 종합게임,이곳은 공식 릴파 종합게임들을 올리는 채널입니다~,2022-12-03 20:06:40,KR,Video_game_culture,@lilpa_vod,,,1
UCg5Ew4lj74r_ohbc4AeQj1w,원신감성 Genshin Feeling,"[모짜남] 이라는 애니 채널도 운영하고 있습니다:)
[원신감성]은 잔잔한 재미를 주고 싶은 게임 채널입니다:) 
TTS는 사용하지 않습니다.
감사합니다! 
",2014-12-31 09:50:44,KR,Role-playing_video_game,@genshinfeeling,,,1
UCg7rkxrTnIhiHEpXY1ec9NA,잠뜰 TV,"마인크래프트를 비롯한 다양한 게임들을
재밌는 콘텐츠로 만들고 있습니다😄

[비즈니스 문의] : contact@asmbl.kr
[기타 문의] : skhh1221@gmail.com

구독하기 버튼과 알림 버튼을 누르시면 매일 재밌는 영상을
*제일 먼저* 만나보실 수 있습니다!
우리 꿈뜰이분들, 시청자분들 항상 감사드려요

#마인크래프트 #게임 
",2014-05-22 22:01:47,KR,Video_game_culture,@sleepground,,,1
UCg80LjrsnWo0T3T3uYCPhrQ,던파TV(던전앤파이터),진짜 던전앤파이터 공식 YouTube 채널입니다.,2011-07-09 04:42:01,KR,Video_game_culture,@dnfilive,,,1
UCrXfM4HsibSucC_NlIY7v0Q,EA SPORTS FC 모바일,넥슨 FC Mobile 공식 유튜브 채널입니다.,2020-03-03 08:27:42,KR,Video_game_culture,@easfcmobilekr,,,1
UC_HX7WdiAWRZgcG7aOYtCNg,lowkey,lowkey,2022-02-02 13:18:56,,Role-playing_video_game,@lowkeymc,,,1
UC_O4_e0nbsMoU1rg7JU_nwQ,에땁AWM,"치지직 에땁01 생방송

- 비즈니스 문의: biz@onsidecompany.co.kr
- 크리에이터 관련 문의: manager@onsidecompany.co.kr
- 팬 선물: 서울 중구 청계천로 40, 1315호 에땁 (우: 04521, 주소에 크리에이터 명 포함)
* 우편 도착 확인 여부는 모두 안내드리기 어려운 점 양해 부탁드리며, 확인을 희망하시는 경우 http://pf.kakao.com/_SxlyCn 로 문의 부탁드립니다.
",2019-01-05 09:18:25,KR,Role-playing_video_game,@박남수01,,,1
UC_RRZdJk55ShXE-9d3deRUA,유영진TV [Rushtube],"안녕하세요. 스타 BJ 전 프로게이머 유영진입니다. 
강의 및 게임영상&10찬6따리 와이프표 먹방영상&육아영상

★유영진 유튜브:https://youtube.com/channel/UC_RRZdJk55ShXE-9d3deRUA

★유영진 개인방송국:http://afreecatv.com/yoo376
방송시간: 월~일 5~6시부터 새벽 2~3시 까지
먹방시간: 랜덤

★유영진 투네이션:https://toon.at/donate/637759438118917973

★ 후원 신한 유x진 110 398 191425 


유튜브 구독과 좋아요 알림설정 개인방송국 추천과 즐찾부탁드립니다 감사합니다",2021-11-03 10:20:28,KR,Strategy_video_game,@tvrushtube5416,,,1
UC_VnGdRI_SUZjLAuDDvMOlg,백앤아월드,"💚게임만 하는 백앤아 게임채널💚

",2021-03-23 09:36:49,KR,Video_game_culture,@백앤아월드,,,1
UC_Xb6sEXAdNv9nHU4988vmg,GTA Gaming,"Welcome to my channel! I create cinematic GTA 5 shorts focusing on gameplay physics, car stunts, and funny character interactions with Franklin, Michael, and Trevor. All videos are recorded and edited by me using Rockstar Editor to create unique storylines. Subscribe for daily GTA 5 entertainment!

Disclaimer:
The footage in my videos is from the video game Grand Theft Auto V. All actions are scripted gameplay events and purely for entertainment purposes. No real-world violence is depicted. This content is intended for a mature gaming audience.
",2021-02-08 10:07:10,US,Role-playing_video_game,@gtagaming007,,,1
UCkoszQp0YiJa9lGm_wK0xGQ,방구석 게임 유튜버,"열심히 하는 게임 유튜버 입니다~😘
초보에서부터 같이 한번 실력을 키워봐요!",2012-12-07 14:55:01,,Video_game_culture,@최지은-b4u,,,1
UCkpKYfb8wM67QnKxBj9bZXA,추털이,"과몰입은 하지말도록 하자..
",2013-06-10 14:04:07,KR,Video_game_culture,@추털이,,,1
UCkphwoGMBs2_0raLOqu9aQw,고전전략게임공략집,,2021-04-29 05:50:15,,Role-playing_video_game,@고전전략게임공략집,,,1
UCdGiRd1dTixfQxQrb2pbn5Q,리퍼,"""국내 최초 매드무비 구독자 1만명""
광고/협찬 : ddanbby5945@gmail.com
",2018-01-10 12:00:23,KR,Video_game_culture,@re4pxr030,,,1
UCdcjduaR6hyGHVNmpbJzSsw,최슬,"심야방송 슬라임
",2020-03-25 15:17:48,KR,Video_game_culture,@최슬,,,1
UCdm06VHBWF5Mg5kYxffzikw,샥샥이,"반갑습니다
문의 메일 : kmm24861@gmail.com
",2023-05-04 10:26:49,KR,Video_game_culture,@sharkshark22,,,1
UCEGtfhdJiRgH98mVMEQZThQ,한발깜,던전앤파이터 결투장 런처 한발깜,2018-06-09 02:58:36,KR,Role-playing_video_game,@한발깜,,,1
UCEJF0q0SqEJ64uA9LCXuSrQ,둥이의 게임채널,"반갑슴둥

",2022-03-21 17:19:07,KR,Video_game_culture,@둥이의게임채널,,,1
UCEO0VQX2gD2rExNUzEnfGjQ,포켓몬  게임 ,"유튜브  구독  좋아요  해주세요  
부닥합니다

",2026-01-18 14:52:41,KR,Role-playing_video_game,@포겟몬-j8u,,,1
UCaHIZAKows704_gk6bjdAog,쌈밥TV SSAMBOB,"쌈하! 콘솔과 모바일게임 그리고 댕댕이 써니 영상을 올리는 쌈밥 채널입니다
",2014-04-20 14:01:29,KR,Video_game_culture,@ssambobtv,,,1
UCaMV-CjrWYh2Aefg_8iLwJQ,칸 Khan Youtube,"전 프로게이머 칸 공식 유튜브 채널입니다.

Khan official youtube channel

문의사항 
Sadoqqqq@naver.com
",2021-12-06 15:47:49,KR,Strategy_video_game,@khanyoutube176,,,1
UCbFLnCfOet-u_kFyA7uX-9Q,아이치,"재밌는걸 올립니다. 저는 오버워치가 제일 재밌습니다.

정보 : https://linktr.ee/ichi_ow
문의 : biz@onsidecompany.co.kr

",2019-01-02 14:54:55,KR,Video_game_culture,@overwatchesports,,,1
UCBuMtyqUDtejwvpVE6KtoxQ,채만준 로스트아크,채만준 로스트아크 유산스카,2024-09-17 16:16:42,,Role-playing_video_game,@채만준로스트아크,,,1
UCt6Eo4xMTHhlOWg4_PAz_MA,다린 Darin,"❤️ 채널소개

남편과 함께 취미로 게임과 편집을 하며 채널을 운영하고 있는데요.😉
게임 관련 유익한 정보와 다양한 컨텐츠를 공유하기 위해 노력하겠습니다.

제 채널에 찾아와 주셔서 감사드립니다.
오늘도 행복한 하루 되세요🙇🏻‍♀️

📩 광고/제휴 문의: Contact@wasdstudio.co.kr
📬 개인 연락/기타 문의: gmdarinee@gmail.com
",2022-09-14 02:22:12,KR,Video_game_culture,@gmdarin,,,1
UC9nWoDbRAl3-fvreBNeStKQ,로마러,"비지니스 문의 : coo@futuresenter.com
개인문의 : hoe3355@gmail.com
홈페이지 : https://www.futuresenter.com
인스타 아이디 : jun1yeop2

하고 싶은 거 하는 자유분방한 채널
치지직, 유튜브, 숲TV 생방송 저녁 7시 (월, 금 휴방)
",2014-03-30 10:28:09,KR,Video_game_culture,@로마러,,,1
UC9otskL_kd-0CDib_5Lj-mQ,EA SPORTS FC 온라인,,2013-12-17 05:32:42,KR,Video_game_culture,@easportsfconlinekr,,,1
UCXqP0RsJo6-y-MrKz6k8H-g,환류지킴이 효굴,"로스트아크의 몇 없는 개그 담당 너구리 입니다:3♥ 생방송은 치지직 에서 만나효🦝💛
문의 hyogulhyogul@naver.com

",2013-08-28 11:33:18,KR,Video_game_culture,@lostarkhyogul,,,1
UCXtU-C_e2iBzPSq9oLXtbVw,젤다랜드,"안녕하세요! 젤다 덕후들의 성지 젤다랜드입니다! 🛡️🗡️

저희 채널은 '젤다의 전설'을 사랑하는 모든 모험가분들을 위해 만들어졌습니다. 
최신 게임 소식부터 깊이 있는 공략, 그리고 우리들만의 특별한 공간인 [랜드버스](https://landverse.kr/) 소식까지 한곳에서 만나보세요!

함께 소통하며 즐거운 하이랄 라이프를 만들어가요. '구독'과 '알림 설정'은 새로운 모험을 떠나는 데 큰 힘이 됩니다! 오늘도 즐거운 모험 되세요!

#젤다의전설 #랜드버스 #젤다랜드 #하이랄 #게임공략 #Zelda
",2024-04-27 08:49:46,KR,Role-playing_video_game,@젤다랜드,,,1
UCXu_CcxBZA5S_iG33OzA9PQ,김성팔,"""과거라는 후회와 미래라는 희망 속에
현재라는 기회가 있다."" -크리스티아누
호날두-
문의:tjdvkf8@naver.com",2025-07-17 09:55:58,KR,Video_game_culture,@김성팔-ks8,,,1
UCXyR5IAVMaId9kpuCrQWpPg,NickSpeedruns,"A roblox player who does obby speedruns or hard obbies on mobile.

Business Inquiries: NickSpeedrunsBusiness@gmail.com",2020-03-22 02:48:49,US,Role-playing_video_game,@nickspeedruns,,,1
UCNpcMizRJ73OJm48LszuytQ,MaWang 마왕,"Hello, I am Ma-Wang

I'm going to shoot  VRChat or Just Dance or MEME



live from time to time -  https://www.twitch.tv/mawang0216
",2012-10-16 01:55:23,KR,Video_game_culture,@mawangvr,,,1
UCNpdVBeuR8ya3fQD6yRYk-w,배그하는 원숭이,"배그 파트너를 목표로 유튜브 하는 원숭이 입니다

기타 문의 sasilchimpanzee@gmail.com
",2024-06-25 09:30:22,KR,Video_game_culture,@sasil_chimpanzee,,,1
UCNrQ0VbdprXAur6OZKexjEw,온재 Onzed,챌린저 제드 장인 온재 유튜브 채널입니다.,2012-12-03 10:42:13,KR,Role-playing_video_game,@onzed0604,,,1
UCzT9VqGDsCxleSmXzJ80hBQ,Spag,Tekken Commentator and Content Creator!,2016-06-01 23:19:53,,Video_game_culture,@spag_tk,,,1
UCe0loHR-Vltq0GPHgYyzmrQ,현타쿠,"닌텐도 팬이라면 필수구독! 🎮  닌텐도 스위치&오픈월드 전문 유튜브 채널 현타쿠

젤다의 전설, 피크민, 동물의 숲, 포켓몬 등 닌텐도 스위치 대표 게임을 중심으로
게임 공략, TMI, 실험 콘텐츠, 굿즈 리뷰 등 재미와 정보를 모두 담은 영상을 업로드하고 있어요

닌텐도와 오픈월드 게임을 좋아하신다면 지금 바로 함께 해요!

🎁 채널 멤버십 가입 https://www.youtube.com/channel/UCe0loHR-Vltq0GPHgYyzmrQ/join

🎢 네이버 카페 https://cafe.naver.com/hyunta9u

📷 인스타그램 https://www.instagram.com/hyunta9u

📺 네이버클립 https://blog.naver.com/hyunta9u

🎮 치지직 https://chzzk.naver.com/85f4d4750f163a110cb7de2d7c826ab4

📱 틱톡 https://www.tiktok.com/@hyunta9u

💌 이메일 문의
🏢 비즈니스 ad@lolq.co.kr
💒 개인 sbhyun999@gmail.com
",2018-09-22 23:46:48,KR,Simulation_video_game,@현타쿠,,,1
UCe9jDZNCsC4sH-Ln2Fn99FQ,원신 업로드,원신 동영상을 업로드★,2026-05-27 11:27:54,,Role-playing_video_game,@원신업로드-p6l3f,,,1
UCeAsj1O73pcqd-xQ4AZbJeQ,게임중개사,"'중국게임이 밀려온다!' 미리 검증, 허위광고 추적합니다.
게임도 첫인상! 2~3시간 해보는 찍먹리뷰 위주입니다.
본업때문에 영상 올리는 주기가 일정치 않습니다.
구독, 시청 감사합니다
",2023-02-04 22:49:35,KR,Video_game_culture,@게임리뷰,,,1
UC-Av9SmAuRmyaEdwZKnT58g,윽찬,"평범한 마크 일상 이야기




각종 문의 - eugchan@naver.com

",2024-04-07 06:23:08,KR,Role-playing_video_game,@윽찬,,,1
UC-DpK48x4bltMjHHChZ4zBg,도일TV,롤토체스 챌린저 고인물의 게임 채널입니다,2019-08-27 12:43:05,KR,Video_game_culture,@도일tv,,,1
UCzps05UZ7XpX3SFoFyYIDow,장지,던파는 죡지쓰,2014-08-15 03:02:17,KR,Role-playing_video_game,@zangzidnf,,,1
UCztGUZP5cCuIZDViaJanLKQ,도루,문의 - jeoun004@naver.com,2023-01-02 11:09:44,KR,Video_game_culture,@doru0804,,,1
UCzv0a-S2oEXkwnzlkGETG3A,꾸제종합게임채널,"최신 다시보기는 치지직에서 바로 보실 수 있어요. 직접 편집해서 약간의 딜레이가 있습니다.
이메일 creatorggujae@gmail.com
",2024-10-17 14:40:39,KR,Video_game_culture,@allggujae,,,1
UCQuY08EEKLFOp0D37Sfpd0A,콩천,"배틀그라운드를 주로 하는 콩천 이라고합니다!

이메일 문의 : Kongcheon@naver.com
",2012-08-16 12:58:44,KR,Video_game_culture,@콩천입니다,,,1
UCQyZh4b4TLaSVldnDWnh7fA,인디게임 아카이브,,2026-07-10 21:59:17,,Role-playing_video_game,@인디게임아카이브,,,1
UCQzgMwT5Q6x-Mtq65HRS_0Q,감염된제라툴,"과거 스타크래프트 리그를 있게 한 선수들과 관계자 분들의 인터뷰와
옛날 경기들의 하이라이트를 배경 설명과 함께 영상의 몰입도를 올려주는 감제의 스타 명경기 시리즈 

학창 시절 때 느낀 열정과 추억은 아직도 현재 진행형입니다
감염된제라툴과 함께 그때의 감동을 느껴보세요!
",2024-03-15 07:20:23,KR,Video_game_culture,@감염된제라툴,,,1
UC7SIaeUWuuIrWTIOBpayDVQ,롱웨,,2022-04-16 16:14:52,KR,Role-playing_video_game,@samewaylong,,,1
UC7bcRlidTERRb_MKRHPVSnw,푸린,"세상의 모든 게임을 공략해주는 남자 푸린입니다.

✅업로드 날짜 ✅
월, 화 ,수 ,목, 토, 일 (밤 10시) / 금 (휴방)

✅생방송 주소✅
치지직 : https://chzzk.naver.com/75bd327f6ba6f57106c79fe3f2c3d19f

✅푸린 다시보기 채널✅
https://www.youtube.com/channel/UCUDmolBJYp-A9Vso1-OjEHA?view_as=subscriber

✅푸린한테 선물하기✅
https://fancim.me/celeb/celebDonation.aspx?cu_id=f_7lg6694586oany05

✅인스타 주소✅
https://www.instagram.com/purin_26/

✅개인메일✅
kmb1000@naver.com

✅광고문의✅
purin@enchantenter.co.kr
",2014-10-30 01:23:10,KR,Video_game_culture,@푸린,,,1
UC7gozbdUqpQOYN1og_d-J9g,Gypsy,"I think Gypsy needs to stop hating on GTA and do something productive with his life before it's too late 
 https://twitter.com/GypsytheScumbag


",2014-03-18 03:49:13,US,Role-playing_video_game,@gypsyx,,,1
UC1dG3vI9FfHnH3YgyeKUz_A,저라뎃 JUSTLIKETHAT,"Welcome to KR Challenger Jungler Justlikethat’s official YouTube channel !
You can enjoy interesting and informative LOL vids and streaming  :D
If you want to reach high ELo, subscribe to my channel ! 
( highly recommended to Junglers )

각종 광고&협찬문의 : starfish@starfishentertainment.co.kr",2013-12-05 04:19:26,KR,Video_game_culture,@justlikethatkr_,,,1
UC1dHu9GhbHH7RcHKyJdaOvA,메이플스토리맑음,"가장 빠르게 메이플 소식 / 정보를 전달해드립니다!
 
메이플스토리 - Lv.285 제논
오버워치 - 그랜드 마스터 4180++
카트라이더 - 타임어택 랭커
 
기타 문의 : kai1127@naver.com
",2015-02-20 02:56:49,KR,Video_game_culture,@메이플스토리맑음,,,1
UCcvKf8NxAw9i09hZw1MQPBQ,영래기,"게임에 관련된 모든 걸 다루는 펭귄, 영래기입니다:)
게임 뉴스, 게임 리뷰, 게임 역사 등등
많은 컨텐츠들이 준비되어 있으니 구경하고 가세요~",2014-09-20 07:51:24,KR,Video_game_culture,@younglaegi,,,1
UCaZv-jDn5Mq5KJ1buXDRd4w,VALTOUR 발투어,"Hop on VALTOUR filled with real Valorant Stories.
진짜 발로란트 이야기들로 꽉 찬 발투어에 탑승하세요.

business contact : valtour.official@gmail.com
",2023-02-27 07:48:36,KR,Video_game_culture,@valtour,,,1
UC1Il94cQwl93Zun8ax1Qjlw,예즌,배틀그라운드 유튜버 성장형 예즌. 잘해지는 모습 보여드리겠습니다. (현재 아갈딜만 900),2026-07-08 09:56:45,KR,Video_game_culture,@yezn_44,,,1
UC_Cp4dXpd94km5Syq2x-xig,아오지,"던전앤파이터 & 각종 MMORPG

무자본 & 무과금의 왕!! / 노가다의 신!! 

라이브 소통왕 아오지 입니다.

아프리카TV / 치지직도 동시 송출중이오니

편하신 플랫폼으로 시청하시면 될것 같습니다.!!

여러분의 투네이션 후원은 방송 발전에 큰 힘이 됩니다.",2019-08-14 15:29:44,KR,Role-playing_video_game,@아오지tv,,,1
UC_EEqHc75kYwzrN7L8T2Bfg,Perfect_God_Fist Official Tekken,"Hey PGF Family & welcome !On this channel you'll find a variety of awesome gaming videos that will keep you Excited for more. 

Youtube Tekken content creator & combo Maker, Competitive Player

Make sure you subscribe & enable ALL notifications so you never miss a video! Dont forget to like share & comment. 

To Support PGF Famliy :- https://www.paypal.me/perfectgodfist

Get ready for the next battle!",2019-05-27 00:12:33,GB,Video_game_culture,@perfectgodfist,,,1
UCGnPlyGohS5b_g84v4D2OIQ,한국 비디오 게임 보이스 (Korean Voice),"This channel will contain voices from video games on korean language.

이 채널에는 한국어로 된 비디오 게임의 음성이 포함됩니다.
",2022-12-12 13:03:08,KR,Video_game_culture,@koreanvgvoice,,,1
UCH-B23kmQvx8pT6Er7cXSXg,정호우준,"던전앤파이터 결투장 마도학자를 주 캐릭터로 플레이하고 있는 정호우준입니다.

방송시간 : 8시-11시 사이
정기휴방일 : 매주 수요일

투네이션 후원 링크
https://toon.at/donate/houjunee

풀버전 채널 : https://www.youtube.com/channel/UC-kEYtf7eqeKGowxjw2JbiA
",2014-12-17 15:00:50,KR,Video_game_culture,@정호우준,,,1
UCH29Gz8a6veRLqUxzjBXHrQ,꾸몽,"꾸몽 유튜브 입니다! 마크 영상들은 편집되어 올라갑니다! 어서오세요 +=+



치지직 : https://chzzk.naver.com/ab40704c8b5a028337338b502a4114e6
메일 : ggu_mong@naver.com
틱톡 : https://www.tiktok.com/@ggumong828
카페 : https://cafe.naver.com/teamsalad",2015-08-04 16:11:54,KR,Role-playing_video_game,@꾸몽,,,1
UCHCeN9BUgogMGrHBC6zKYvA,Y_A,"접촉 = tkrlskan@gmail.com
",2013-07-07 06:11:36,KR,Role-playing_video_game,@ct01,,,1
UC92efC_7fZ-BoXyH_ocykuA,인디게임개발청년-AI,,2026-07-07 04:44:30,,,@indiegamedevblueyear-ai,,,1
UC98cAx2X3X7BePkuk7NuKKA,철권엠아재(MBCtekken),"매일 방송하고있는 MBCtekken엠아재입니다

방송주소입니다
아프리카:http://afreeca.com/mbcmhbs
트위치:https://go.twitch.tv/mbcmhbs
유튜브:MBC tekken

",2012-11-26 20:18:54,KR,Role-playing_video_game,@엠아재mbctekken,,,1
UC9DNu8JRIcE-rpo9eBx1ffw,강준수,"안녕하세요 강화 전문 유튜버 강준수입니다.
카드깡, 스쿼드 메이커, 시세, 팀평, 현질, 빠칭코 등 다양한 스케줄하니
스케줄 및 광고문의는 카카오톡 플러스친구 ""강화의 신 강준수""로 연락주세요!
",2013-05-21 12:06:08,KR,Video_game_culture,@iiiiiiiiiiiiiiiiiiiiiiiii0412,,,1
UCNRnCc0hg3ZcKdOGXKKv5Ww,장윤철[쭉튜브],"CJ 스타크래프트 프로게이머 장윤철 입니다.
",2014-08-14 01:53:37,KR,Strategy_video_game,@zzooktube,,,1
UCNXOyEi6xJy4GQSau495wGA,스팀센터,"🎮️ 다양한 게임이야기를 들려드립니다
(+😅 미천한 실력으로 한땀한땀 편집하지만, 주 1회는 영상업로드하도록 노력하겠습니다!)

👍 구독&댓글로 함께 소통해요
🚩 스팀센터 문의: steamcenterkorea@gmail.com
",2026-05-11 08:52:42,KR,Role-playing_video_game,@스팀센터,,,1
UCijUV3SuVe_qErzBpdOmKIA,게임실험연구소,,2022-02-01 05:47:59,,Video_game_culture,@game_test_lab,,,1
UC027x98NgUBw9K4aPT8k0mg,침착맨 게임 풀버전,침착맨의 게임 풀버전 영상이 올라갑니다,2025-08-26 07:09:02,KR,Role-playing_video_game,@chimchakman_gamefull,,,1
UC03t2JLir8d70hH6z5wQ9tg,젤다홀릭 Zeldaholic,닌텐도 스위치1 & 2 젤다의 전설 야생의 숨결 & 왕국의 눈물 글리치 영상을 제작하고 있습니다. ,2011-10-04 13:23:00,KR,Role-playing_video_game,@zelda_holic,,,1
UC07QfC3yXeYr2SfIL6WXpOw,금구슬 「포켓몬 카드 게임 Pocket」,"포켓 자~ 이제 시작이야(지우 톤으로)
",2025-01-07 06:14:01,KR,Video_game_culture,@pocketnugget,,,1
UC08-hQbwh7eyr8PlaYG2-sQ,장지수 해설,"World of Warcraft  KR-Azshara DK Akaros
OVERWATCH KR League Commentary AKaros

오버워치 한국 공식해설 AKaros 장지수 입니다.
저녁 시간대에 치지직에서 방송을 진행하고 있으며 몇몇 영상을 편집하여 유튜브에 올리기도 합니다!

- https://chzzk.naver.com/6c0769fc7e454f5e941cc81af30cff85
- https://twitter.com/Akaros83

📩 비즈니스 문의: biz@onsidecompany.co.kr
💌 크리에이터 관련 문의: manager@onsidecompany.co.kr
📬 팬 선물: 서울 중구 청계천로 40, 1315호 장지수 (우: 04521, 주소에 크리에이터 명 포함)

* 우편 도착 확인 여부는 모두 안내드리기 어려운 점 양해 부탁드리며, 확인을 희망하시는 경우 http://pf.kakao.com/_SxlyCn 로 문의 부탁드립니다.
",2014-01-30 05:57:22,KR,Video_game_culture,@akaros83,,,1
UC0D75gKWfWeFY2OhStsQk2Q,이글의 원신 채널,"여러분들의 배꼽을 책임지지 않습니다
구독과 좋아요 눌러주세요!
812414763 친추는 언제나 받아드립니다



",2021-08-20 06:18:42,KR,Video_game_culture,@갓이글,,,1
UC0E_zsPAziGgkxaAtwvmFAA,LennyBarn,"I Make GTA RP / FiveM Videos
",2020-05-20 21:21:22,US,Role-playing_video_game,@lennybarn,,,1
UCP8Q-Ku5_RkANynqDFzDWnQ,세코코_게임,"■ 생방송 [치지직] 
https://chzzk.naver.com/5ecc1df94b5f156fc2de46afb477e808

*방송 일정은 팬카페 참고!!
",2022-03-09 11:45:39,KR,Video_game_culture,@세코코_게임,,,1
UC3DYSay178fMMPaf3zHwECA,만두민 ManDooMiN,"오케이 반갑다 난 만두민이라고 하는 놈이다!
나랑 같이 마인크래프트에서 건축이랑 인테리어 안 할래??
내 채널은 마크에서 꾸미기를 할 때 유용할 거니까 구독 꼭 부탁해!!

▬▬ 비즈니스 문의 메일 / E-Mail ▬▬

mandoom1n@naver.com (※ 네이버로 문의해주시면 더 빠른 확인이 가능합니다!!)
mdm1021s@gmail.com


★ 프로필 사진 그려주신 '쿠토' 님 감사드립니다!! :D

OK, Hi!! my name is ManDooMiN :D
My channel will be useful when you decorate in Minecraft.
LIKE & SUBSCRIBE please!

▬▬ 저작권 관련 / Copyright Info ▬▬

* 만두민의 모든 영상은 타 채널/앱/플랫폼에 재업로드가 불가능 합니다.
* 만두민 팩토리의 영상을 자신의 채널에 업로드할 시 채널에 불이익이 생길 수 있습니다.
* 이 채널의 모든 영상 저작권은 ""만두민 ManDooMiN"" 에게 있습니다.

Don't re-upload ManDooMiN's Videos on other channel/app/shorts

ⓒ 2017-2026 만두민 ManDooMiN. All rights reserved.
#마인크래프트 #건축 #minecraftbuild 
",2017-05-27 11:43:20,KR,Role-playing_video_game,@mandoomin,,,1
UClHGjnruf4A9Us7CHVgLIEQ,빅핑거 [게임추천],"꿀잼 게임들만 선별하여 추천해드립니다

소속 ▶ LOLQ
             BNK FEARX 크루

개인 연락 : ddeulegi@gmail.com
광고·협업 문의 : ad@lolq.co.kr

",2021-09-29 09:25:00,KR,Role-playing_video_game,@game1,,,1
UClHTjLVog7CkRF8tYJuNXXQ,The JokerGuy,"Hello ,

 I am a Tekken Player From Pakistan, I was a Heihachi Main in Tekken 7 and Now Playing Reina in Tekken 8 .

Subscribe to my channel and give it a like if you like my content.

Thanks if you read this. 
 
The JokerGuy 
discord link 
https://discord.gg/ghkawcA5
Steam id Link
https://steamcommunity.com/profiles/76561198879414821/
",2012-06-26 08:58:24,PK,Video_game_culture,@thejokerguy1,,,1
UCAGfDVBYmUlAxUYYLvtrvyA,찹쌀이의 종합게임,치지직 스트리머 아차찹쌀책의 종합 게임 채널입니다,2026-06-09 09:52:06,,Video_game_culture,@모둠찹쌀책,,,1
UCAJ-meoCh1TrPZ7La3UpPrw,빅헤드,생방송 치지직에서 진행하고 있습니다.,2014-02-06 04:51:22,KR,Role-playing_video_game,@빅헤드,,,1
UCAT9w78TnRqASJCVLDtzu4Q,플라의 마인크래프트,"초등학생 유튜버입니다! (편집 못함 주의!!!)
주로 할것은 하이픽셀입니다.
",2026-05-16 12:52:05,,Video_game_culture,@플라의마인크래프트,,,1
UCATlfGN7EDjXS_2ofklb3bw,스트리머 꼬부기,"종합 게임 스트리머 꼬부기

스트리머 꼬부기 방송에 와주셔서 감사합니다.
열심히 방송 하도록 하겠습니다. 재미있게 봐주세요💞

✔ 카카오톡 아이디 광고 및 비즈니스 문의👉 : turtle_1004
✔ 투네이션 꼬부기 용돈👉 : https://toon.at/donate/horori

",2026-02-07 08:24:53,KR,Strategy_video_game,@스트리머꼬부기,,,1
UCIQEX0V3QxP-tY_jpRT-waQ,불티오락실 레트로 게임 리뷰,"어린시절 즐기던 추억의 고전게임에 대한 이야기를 주제로 하는 채널입니다.

1970년대 부터 최근의 게임까지 게임의 역사와 재미있는 추억을 공유합니다.

닌텐도 패미컴, 슈퍼패미컴, 세가 마스터시스템, 메가드라이브, 새턴, 드림캐스트, NEC의 PC엔진등등 레트로 게임과 관련된 모든것을 다룹니다.

성숙한 의식을 갖고 항상 서로간의 존중과 배려를 해주시기 바랍니다.

욕설이나 비방 또는 배려없는 짧은댓글은 삭제됩니다.

문의 : raintrace2001@gmail.com
",2020-04-30 12:06:18,KR,Role-playing_video_game,@gameroom123,,,1
UCIXQkaLrM7_t87SEM_pmHpA,슥삭맨,"존경하는 인물 = 나는벌레

게임 추천 및 문의 : seuksakman@gmail.com
",2025-12-24 07:18:13,KR,Role-playing_video_game,@슥삭맨-b1v,,,1
UCIb0mO7d6_6WsPYDFLQZnTQ,Majoog,"I'm speedrunner who like playing Super Mario 63, 64 and Undertale and some other games! :)
and I Livestream on Twitch :)

Twitch : https://www.twitch.tv/majoogspeedruns",2017-02-06 06:58:54,KR,Video_game_culture,@majoog,,,1
UCIigIgtZ65TiGQSmnVJaUCQ,코마,komq,2018-01-30 09:14:31,KR,Video_game_culture,@코마,,,1
UCIiwlFqKiJiULzRMgILMlcA,피기,"게임 플레이와 하이라이트 영상을 올립니다.




#종합게임
",2026-06-19 09:26:20,,Video_game_culture,@piggiggs,,,1
UCIopBBvx8iIkv27dFsQnUYA,오버워치 연구소,"오버워치 연구하는 채널

비지니스 문의 - ad@lolq.co.kr
",2024-08-01 00:11:26,US,Video_game_culture,@오버워치연구소,,,1
UCIsrVj53L57rcLAPOre4Xhg,말량,"👋 로블록스를 사랑하는 유튜버 말량이에요. 오늘 구독 어때요? 🥰

🎮로블 계정을 팔로우 하면 가끔 같이 플레이 할 수도 있어요! 🎮
Roblox : farmerslove 

✉️ 메일 : mlluvgame@sandboxnetwork.net

",2021-03-19 12:48:52,KR,Role-playing_video_game,@말량,,,1
UCItokFi45YtAjlfAwyJT9xg,하파,"하와이파인애플 | 하파 | overwatch2
국밥에 파인애플 쓰까무~

문의 메일 | hapa1111@naver.com",2018-06-22 03:14:57,KR,Role-playing_video_game,@hawaii_pineapple,,,1
UCPPuXI31ybWYB560T2uAeMg,무자비,안녕하세요 유튜버 무자비입니다. • 주로 올리는 영상은 '서든어택'을 올립니다. 매일 생방송 하이라이트를 올리고 있습니다. 구독과 좋아요 한번씩! ▶무자비TV를 생방송으로 보고싶으시다면 http://afreeca.com/anwkql ◀,2015-12-13 16:45:31,KR,Video_game_culture,@tvnomercy,,,1
UCPYeWvMGlNPORS7sOLFElkg,마인,그저그런 마인크래프트 건축 일지,2025-08-11 09:20:41,KR,Simulation_video_game,@마인이,,,1
UCPa8JSV9SPAjX7P2S-N5ssg,Torsadz,"Elden Ring Hard

Business email: torsadz@mythictalent.com
",2023-08-24 18:57:12,,Video_game_culture,@torsadz,,,1
UCPoEVLrQMMXICwULGDwfvug,성대의 게임방송,"카론 소속 크리에이터 성대 입니다 ^ㅁ^!

최근 포켓몬 카드게임 Pocket 쇼츠 위주로 다루고 있습니다

오늘도 영상 시청해주셔서 감사드립니다 (__)

비즈니스 문의
▶ charon@gysent.com

카카오톡 문의
▶ qkrtjdeo1005


",2013-01-02 05:54:31,KR,Video_game_culture,@성대의게임방송,,,1
UCktXAh1Sd7wf8eQHc029-8g,원장이,배크를 사랑하는 던붕이의 꿀팁 금고,2020-06-13 12:50:44,KR,Role-playing_video_game,@wjchest,,,1
UCkvz_CZlthtVo7E2sGa43cg,대타맨,"안녕하세요
게임을 대신 해드리는 대타맨입니다.
직접하기에는 부담되는 게임들! 하지만 내용은 궁금하죠?
제가 대신 다 플레이해드리고 뭔 내용인지 이야기해드리겠습니다!

대타맨은 매주 1,2회 업로드 예정입니다.

구독 좋아요 부탁드릴게요.
감사합니다. 

🪐대타맨 인스타그램🪐 
https://www.instagram.com/daetaman/

🪐대타맨 팬이메일🪐
daetaman7@gmail.com 

🪐대타맨 비즈니스 이메일🪐
daetaman77@gmail.com

🪐대타맨 팬심 (선물보내기)🪐
https://fancim.me/celeb/profile.aspx?cu_id=daetaman8

🪐대타맨 디스코드 서버 🪐
https://discord.gg/jR5yEnFtJA

🪐대타맨 게임추천🪐
https://forms.gle/n3Gyz2KnzaAQ1aM89
",2020-04-18 09:41:11,KR,Video_game_culture,@대타맨,,,1
UCl-QJytK9nKRCEf89wZ_g3w,아나디,,2025-09-18 19:25:57,,Video_game_culture,@아나디스토어,,,1
UCAenntxQB3F7AH637vySglg,럽다 - 스피드런 ,본채널 : https://www.youtube.com/@1ov_dive,2026-03-08 07:43:48,,Video_game_culture,@럽다스런,,,1
UCAgZP6qUjcVjZsGWtW-l6lw,모센데의 초호러 실황,"업로드시간: 오후 7시 30분!!

오늘도 SAN수치는 깎인다!

멤버목록: 모센데(나임), 라꼼마,
쵸쵸빌, 케우, 김아무개



무섭고 정신병걸리는게임으로 SAN 수치 한계점에 도달한다!
쯔꾸르,마이너 게임에 도전해보자!
(필자는 고전게임이나 비주류게임을 무슨이유에서인지 정말 무서워합니다.)
",2025-08-27 03:49:56,,Role-playing_video_game,@moultimatehorror,,,1
UCAhmOb9JWkI2HV_KIe9X_3A,"포켓몬 공식 채널 Pokémon Korea, Inc.","이곳은 ㈜포켓몬코리아의 공식 YouTube 채널입니다.
포켓몬 게임 정보, 포켓몬 영화, 포켓몬 카드 게임 등 포켓몬에 관한 영상을 Pokémon Channel in Korea에서 만나보세요!
 
©Pokémon. ©Nintendo/Creatures Inc./GAME FREAK inc.
©Nintendo, Creatures, GAME FREAK, TV Tokyo, ShoPro, JR Kikaku. ©Pokémon.
포켓몬스터, 포켓몬, Pokémon는 Nintendo의 상표입니다.
",2012-02-03 02:29:40,KR,Role-playing_video_game,@pokemonkoreainc,,,1
UCvkABdrhlA2ri4Gyjsuydnw,등푸른고딩어 - Mackerel,"종합게임채널 등푸른고딩어의 영상 채널입니다.
방문해 주셔서 감사합니다 :)


",2022-02-18 02:06:00,,Role-playing_video_game,@-mackerel7681,,,1
UCvrxJgD0T_TFvgsO2nA-fDQ,[꿀템TV] 클템 유튜브,"리그오브레전드 해설자 클템의 유튜브 채널!
개인방송 스튜디오 : https://ch.sooplive.co.kr/killgusdnk",2016-09-01 21:55:50,KR,Strategy_video_game,@cloudtemplar_official,,,1
UCvsw3aXHnikw3MVGSwOICxA,효맹 HM,"롤 챌린저 다리우스 장인 효맹 채널입니다
롤 닉네임: 불이과
업로드 시간: 오후 10시 
#롤#챌린저#다리우스

",2022-04-03 00:21:29,KR,Role-playing_video_game,@dariking2,,,1
UCvsyW3GLAJxkpl-M9NFd0iA,bouchaL GTA,,2024-12-16 12:39:40,CZ,Role-playing_video_game,@bouchalgta,,,1
UCvuc6-wCcCeDrQ9dA52pBBQ,초원 Chowon,"초원 Chowon

매일 업로드 낮 12시 or 저녁 6시

매달 강의 모집, 자세한 사항은 게시글 확인 부탁드립니다!

[후원]
👉 https://toon.at/donate/osim0408


[멤버쉽]
👉 https://www.youtube.com/channel/UCvuc6-wCcCeDrQ9dA52pBBQ/join


[문의] 
👉 chowon0408@naver.com
",2020-02-06 17:57:09,KR,Role-playing_video_game,@chowon0408,,,1
UCp77saYy1V_F3dld7GfJrcg,썩쏘TV,"영상 업로드 시간
평일 : 오후5시
주말 : 오후12시30분

2012년도 부터 방송을 해온 썩쏘입니다

밑에있는 메일은 각종 문의메일 입니다
메일은 PC로 확인가능 합니다
",2013-12-02 10:46:10,KR,Video_game_culture,@ssucksso,,,1
UCp8jCam8r3SU3A2sxksHaag,제로의 게임방송,,2020-11-07 14:31:48,KR,Role-playing_video_game,@zerogamebroadcast,,,1
UC3foO9bhZJHkeROLdu0m2MQ,마른비의 인디게임-픽셀 공방,"마른비의 도트 인디게임 공방입니다!
픽셀아트 장터 [점:집]의 주최자도 맡고 있습니다.
함께 성장하는 쉼터를 추구합니다.
찾아주신 여러분께 감사합니다!",2010-02-16 08:31:20,KR,Video_game_culture,@dryrain_life,,,1
UC3g-8BYn0MZMti9QDmXyhFw,LowHigh 로하이,"KRX소속 한국 철권게이머 '로하이' 의 유튜브 채널입니다.
It's Korean Tekken Player, LowHigh's Youtube Channel",2012-09-20 04:35:46,KR,Video_game_culture,@lowhigh92,,,1
UC3gl4CHfNtAqNjju1goB0_w,유사 게임채널,"킹피스를 다시 위대하게


",2019-05-30 12:58:03,,Role-playing_video_game,@유사게임채널,,,1
UC3hCAmwyYNgRuOOSFV7evVA,물곰 WaterBear,"고정 라이브 : 화요일, 수요일, 토요일 오후 8시!

안녕하세요 물곰입니다
저는 디아블로 시리즈에 도움이 되는 영상을 업로드하고 있습니다
다양한 정보 & 맨땅 플레이 영상들 업로드해서 재밌는 디아블로 게임 즐기도록 도와드리겠습니다 :)

모든 플레이어들에 맞게 영상을 제작하고 싶으나 쉽지가 않네요
앞으로 다양한 영상을 만들어서 플레이어분들 모두를 만족시킬 수 있도록 하는게 목표입니다!
항상 제 영상 봐주셔서 감사하고, 더 유익하고 도움될만한 영상 많이 제작하겠습니다

구독은 영상을 제작하는데 정말 큰 힘이자 원동력이 됩니다!!!
영상이 마음에 드신다면 구독과 좋아요 부탁드립니다 :)

비즈니스 문의 및 질문 관련은 아래 이메일 참고해주세요!
mulgom0501@naver.com

KD7R2X@AICOMPANY

감사합니다
",2021-04-30 15:50:39,KR,Role-playing_video_game,@waterbear0501,,,1
UCN8YcyYvYIrtLcwyT-KqbNg,양라,"FC온라인 스쿼드, 꿀팁 No.1

스케줄 신청 : [카톡] 99ramos

광고 관련 문의 : yangsanramos@gmail.com

구독, 좋아요는 영상 제작에 큰 힘이 됩니다 ☺️

23/3/11 구독자 100분 감사합니다 ❤️

23/3/22 구독자 1000분 감사합니다 ❤️

23/5/30 구독자 10,000분 감사합니다 ❤️

23/10/9 구독자 20,000분 감사합니다 ❤️

24/5/20 구독자 30,000분 감사합니다 ❤️

26/1/25 구독자 40,000분 감사합니다 ❤️",2023-02-26 04:30:43,KR,Video_game_culture,@99ramos,,,1
UCuwnt_REmD4YsCtFJRoqjFw,로자르,"* 생방송은 매일 (금요일 고정휴방 제외) 치지직,숲 동시송출로 진행이 됩니다.
* 로자르 SOOP 생방송 : http://www.afreecatv.com/syfan12
* 로자르 치지직 생방송 : https://chzzk.naver.com/live/2743339b7e00f38f5d08ef43ae4d4b1b
* 로자르 페이스북 : http://asq.kr/ZTTDX1GY90W
* 로자르 인스타그램 : rozar92
* 로자르 카페 : https://cafe.naver.com/rozar1

로검사TV 제보는 : rozaryoutube@naver.com
광고, 협찬 및 모든 문의는 아래 메일로 보내주세요, 감사합니다!
rozaryoutube@treasurehunter.co.kr

",2016-11-10 19:48:38,KR,Video_game_culture,@rozar,,,1
UCv-gQ0Uj15Yd09V-isYS35A,한국게임과학고등학교,"AI 인공지능 선도 학교 한국게임과학고등학교입니다.
https://jiwooeunho.synology.me:8445/inquiry.html  (한국게임과학고 SNS 링크)
",2026-05-19 07:21:02,,Video_game_culture,@한국게임과학고-g7g,,,1
UCv0cBz_Vdmd84xYl7gKWwQA,Speedrun Fails,"Hi! Welcome to Speedrun Fails! Here we offer compilation videos of speedrunners, depending on the video category!

We might also dabble in some memes.

Enjoy.













 ̶I̶'̶m̶ ̶n̶o̶t̶ ̶G̶l̶a̶d̶J̶o̶n̶a̶s̶ ̶o̶k̶.̶",2016-11-16 17:00:25,US,Role-playing_video_game,@speedrunfails,,,1
UCw2zOqd6hXsny79qDki_Z4w,삐라,"오버워치 및 종합게임을 주로하는 삐라 유튜브입니다!!
생방송은 오후 10시에 합니다!!
ㅡㅡㅡㅡㅡㅡㅡㅡㅡㅡㅡㅡㅡㅡㅡㅡㅡㅡㅡㅡㅡㅡ
♥  삐라 치지직 - https://chzzk.naver.com/36792f750d222b585a3ef3cd69a3f822
♥  삐라 팬카페 - http://cafe.daum.net/BBIRA
ㅡㅡㅡㅡㅡㅡㅡㅡㅡㅡㅡㅡㅡㅡㅡㅡㅡㅡㅡㅡㅡㅡ
개인 문의 : yso2949@gmail.com
비즈니스 문의 : ad@lolq.co.kr
",2016-10-31 08:04:23,KR,Video_game_culture,@bbira_ow,,,1
UCw55Gv3z7xgtG34fOP1-Aiw,신킹[원신 정보 채널],"원신을 정말 너무나 사랑하는 HoYoverse 콘텐츠 크리에이터 유튜버 신킹 입니다 (2021.6~)


",2020-01-01 17:23:34,KR,Video_game_culture,@sinking_genshinimpact,,,1
UCwB0n6L91UtKOA02RFuYWGA,픽셀 | Pixel [포켓몬 카드게임 Pocket],"포켓몬 카드게임 Pocket 시즌 1 세계랭킹 37위 픽셀입니다!
Pocket 관련 영상과 다양한 게임영상을 업로드할 예정입니다!

ポケモンカードゲームPocketシーズン1 世界ランキング37位のピクセル(픽셀)です！
Pocket関連映像と様々なゲーム映像をアップロードする予定です！

Pokemon card game Pocket Season 1 world No. 37 Pixel!
I'm going to upload Pocket related videos and various game videos!",2025-05-13 10:24:16,KR,Video_game_culture,@픽셀-pixelyoutube,,,1
UC783XWULPW-nDGv_0EYlB6Q,콕끼리,"안녕하세요! 콕끼리입니다. 앞으로 영상 조금씩 올리는 거 재미있게 봐주시면 감사하겠습니다!


개인 문의 nwnsdud5821@naver.com
비지니스 ad@lolq.co.kr
",2016-09-08 04:02:39,KR,Video_game_culture,@cokggiri,,,1
UC78cfahWKAc3OxNl4jKFVRQ,메이플스토리 월드:아르테일,"메이플스토리 월드 아르테일 월드 공식 채널입니다!

랭킹초대석 인터뷰를 원하시는 분,
쇼츠에 사냥 영상 혹은 지작 아이템, 특이한 아이템을 소개하고 싶으신 분,
아르테일 관련 각종 재미있는 아이디어나 컨텐츠를 올리고 싶으신 분
언제든 하단의 비즈니스 메일 주소로 연락주세요!

아르테일 디스코드
▶ https://discord.gg/artale

아르테일 공식 커뮤니티 사이트
▶ https://artale.one/

유튜버 촉형
▶https://www.youtube.com/@chokbro

E2CXZU@AICOMPANY
",2023-10-26 09:08:41,KR,Role-playing_video_game,@artale_official,,,1
UCyaMGpNb-UiLHMY833ai7IQ,랴리LYARI,"🎮 랴리(LYARI) 게임 방송

✔ 구독 & 좋아요는 큰 힘이 됩니다 💜

📌 방송 안내

치지직 생방송: 평일 오후 7시
업로드: 주 1~2회
게임: 스토리 / 힐링 / 인디게임 위주
",2026-04-28 14:44:18,,Video_game_culture,@랴리lyari,,,1
UCybfHuHkJRzGDymek2Dsqvw,최덕수,"발로란트로 웃기는 사람

이메일:ejrtn1740@gmail.com


",2023-10-30 04:19:57,KR,Video_game_culture,@최덕수,,,1
UCybn_0S0Ec6Il1ZhiQM1Vww,지명,"-질문 및 기타 문의 및 제보
wlaudwlaud126@gmail.com

-비즈니스 문의
charon@gysent.com
",2014-06-04 21:59:37,KR,Video_game_culture,@ji-myeong1214,,,1
UCyfvCj_x8SzzSbhqr--dhvg,게임 유튜버 서민준 ,"여러분 배이컨 이거
바꿔서 그래요 알겠죠",2024-10-09 12:07:10,,Video_game_culture,@서민준-s6k,,,1
UCDZb8ug9ACbYGCQ9PdrYRZQ,시아,"한달주기로 영상을 올립니다!
DS게임들 위주로 영상편집합니다.",2023-03-25 07:48:08,KR,Video_game_culture,@mintsiaa,,,1
UCDbOXmGL7EkmOcnUb5Kki4A,아론 페이지,"오버워치 아시아 1위 둠피스트, 라마트라 1위, 마우가 1위, 벤처 1위, 벤데타 챔피언, 트레, 해저드, 프레야 장인의 유튜브
그외 감각적인 영상, 기발하고 재밌는 영상을 제작합니다.
Asia's No. 1 Overwatch.
",2013-06-07 06:17:35,KR,Video_game_culture,@aron,,,1
UCDmmbxGg8g-EBkC_ku6vybg,젠지 이스포츠 Gen.G Esports,"젠지 이스포츠 공식 유튜브입니다.
This is the official YouTube channel of Gen.G Esports.
",2017-11-16 08:59:38,KR,Strategy_video_game,@gengesports,,,1
UCDnIK80iouL_rb_J6GybOlg,케일도사 인디게임 & 고전게임 채널,나온지 오래된 1980년대 ~ 2000년대 고전게임들을 플레이 하는 영상과 마이너한 저가 & 저용량 인디게임들을 플레이 하는 영상을 다루는 채널입니다.,2025-03-26 04:39:27,KR,Role-playing_video_game,@kaledaoshiretrogame,,,1
UC8CX0LD98EDXl4UYX1MDCXg,VALORANT,"A 5v5 character-based tactical shooter from Riot Games. Available worldwide.

Learn more about VALORANT at PlayVALORANT.com and stay connected with us on social for the latest updates.

You’re subscribed to this YouTube channel, right: https://www.youtube.com/@Valorant",2020-01-31 04:50:39,US,Role-playing_video_game,@valorant,,,1
UC8CZL4cvFiKwKKDNCuM2lTA,로키입니다만,"배틀그라운드 선수 로키 박정영의 공식 유튜브입니다!!

광고 문의 park19734@nate.com  문의 주세요!!
",2019-01-03 13:20:16,KR,Video_game_culture,@lokitv12,,,1
UCiJcwsLvxJsVihWDaqPkZCA,하루_Haru,"하루하루 기록한 게임 이야기
Story from my everyday gaming experience
",2023-06-28 22:04:39,KR,Video_game_culture,@_haru-haru,,,1
UCiVO_mThS9B3tNc_kzpn-3g,Teamfight Tactics,"Draft, deploy, and dominate with a revolving roster of League of Legends champions in a round-based battle for supremacy. Outsmart your opponents and adapt as you go—the strategy is all up to you.",2022-10-19 00:15:23,US,Strategy_video_game,@playtft,,,1
UCiZiTfYWttWl_iLQ4-zuCSA,나버,"나버 유튜브 입니당.
게임만들어요",2019-09-29 11:12:56,,Video_game_culture,@나버-g4g,,,1
UCi_lv3g-CPdKF6nd68lvN3A,쬬호호 스피드런 공장,"푸린 유튜브 직원, 컨텐츠 컨설턴트, 콘솔게임 분석가, 행사 디렉터, 전투 기획자
(문의 : hordy0315@gmail.com)

생방송은 주로 신작과 함께 켜집니다.  https://chzzk.naver.com/3fdc985be3bad369225118e6d8dc496b


",2018-12-23 23:15:52,,Video_game_culture,@jjyohoho,,,1
UCy8wtBLOSzpRSTXdC_te9Qw,마인크래프트 유튜버 Haeto,마인크래프트 유튜버 Haeto 입니다!,2026-03-23 11:13:46,KR,Video_game_culture,@haeto330,,,1
UCyAA-Vj4ORjXl5Ui2m6_Llw,삐로,"안녕하세요! 다양한 게임을 소개하는 삐로입니다.

문의 메일: happy9165@naver.com

",2014-12-15 17:16:34,KR,Role-playing_video_game,@삐로,,,1
UCyC7xn8rhQv4bDKPJYSEyyA,조강서 -종합게임,치지직 에서 활동중인 스트리머 조강서 입니다 잘부탁 드립니다. ,2026-01-02 07:28:22,,Video_game_culture,@조강서-q3e,,,1
UCyEIUlSKbzCt3ElAsPFb7EQ,김현도 TV,"던파 김현도TV
각종 문의 : 117ggman@naver.com",2014-03-10 19:10:47,KR,Role-playing_video_game,@김현도tv,,,1
UCyN9yU_YNGDG6z3PN8sC3KA,초록괴물,"전세계 모바일게임, PC게임, 콘솔게임에 대한 모든 것!
최신 뉴스와 게임 추천, 게임 순위를 알려드립니다.

✉ itarcadegame@gmail.com
",2020-03-30 01:17:34,KR,Role-playing_video_game,@초록괴물,,,1
UC3pTpoDKt17IrCDH60kSNPA,반다이남코 엔터테인먼트 코리아 공식 채널,"안녕하세요! 반다이남코 엔터테인먼트 코리아의 공식 유튜브 채널입니다.

앞으로도 다양한 게임 정보와 영상들이 게재 될 예정이오니, 많은 구독 부탁 드립니다.

보다 자세한 정보는 반다이남코 엔터테인먼트 코리아 공식 홈페이지(https://www.bandainamcoent.asia/ko-KR)에서 확인하실 수 있습니다.",2019-04-01 01:00:39,,Video_game_culture,@bandainamcoentkorea,,,1
UC43hOVGChFuQRV47vxc_c-g,휘호,"여러분 휘하 !!  
방송시간 랜덤  방종 랜덤 항상 감사합니다 행복하세요!
[치지직 방송국 https://chzzk.naver.com/cb8434ee64667022a629429abc1f6809/live 
",2014-06-04 12:11:57,KR,Role-playing_video_game,@whiho,,,1
UChfs1dQ5phBDBWZJ1hHLbUA,아빠킹,아빠킹의 철권 종합게임 방송!,2011-07-15 06:19:52,KR,Video_game_culture,@daddyking789,,,1
UChlB4CtWBXx_C0ayk799nRw,이현빈 극한실전 디아블로2,"* 디아블로2

* 구디아 올라운드 팀PK 대회 역대 최다 우승
* 레저렉션 래더 초대 시즌 하드코어 세계 5위 (한국 1위)
* 악군 래더 초대 시즌 하드코어 세계 3위 (한국 1위)
* 카생 선플 창시. 수동 선플 최다 방수 기록
",2014-09-05 11:29:02,KR,Video_game_culture,@dlgusqls1992,,,1
UChyEdiMY2maW8ySmbcmEyRg,Old Game Replay : 고전 게임 다시보기,#Oldgame #Retrogame #Classicgame #Oldgamereplay #Retrogaming #Action #Adventure #Arcade #Fightinggames #Dosgame #Dos #추억게임 #레트로게임 #고전게임 #액션게임 #어드벤처게임 #아케이드게임 #롤플레잉 #도스게임,2025-08-20 05:11:11,KR,Video_game_culture,@oldgamereplay,,,1
UCi0i1yFT9CvZYco3jgm-Lmg,편집자 A씨,"그저 발악귀의 일상
",2012-12-06 10:11:01,KR,Video_game_culture,@v시아연a,,,1
UCi181r-I3cB4udxgGzkFtmw,행크,"▶치지직 생방송 
-https://chzzk.naver.com/1a4bcdd5d2a1e80797fdced43c04ea35

멤버십 그림. 후유
",2016-09-01 13:14:21,KR,Video_game_culture,@행크,,,1
UCi1Tln5CFg1yExpz8djyxjA,gta2025,"Hola, soy gta2025 y en mi canal podrás ver contenido dedicado a los videojuegos y comparaciones de algunos personajes.

SUSCRÍBETE para que te enteres de todo lo que subo al instante.

EMAIL: gta2025negocios@gmail.com
",2011-10-09 16:45:40,VE,Video_game_culture,@gta2025,,,1
UCqrNzVI2-BhhoFnlAPiHLCA,코드아티스트 CodeRtist,"인디 게임개발자/ 게임 개발자 스토리 유튜버

",2017-07-04 10:01:39,KR,Role-playing_video_game,@snow_games,,,1
UCqyzJW0VRYRP_sFELZYdxGg,포켓몬 카드 게임 공식 채널 Pokémon Card Game,"이곳은 (주)포켓몬코리아가 운영하는 '포켓몬 카드 게임' 공식 YouTube 채널입니다.
포켓몬 카드 게임에 관한 영상을 '포켓몬 카드 게임 공식 채널 Pokémon Card Game' 에서 만나보세요!
 
©Pokémon/Nintendo/Creatures/GAME FREAK
포켓몬, Pokémon은 Nintendo의 상표입니다.
",2021-02-02 01:34:20,KR,Video_game_culture,@pokemoncard_kr,,,1
UC7nIK3KpkhbGee5K_sVBscQ,리니링,"항상 감사드립니다 :)

홈페이지 : https://www.futuresenter.com
광고 및 문의 : coo@futuresenter.com

개인 이메일 : yu2e@daum.net
",2023-03-07 18:49:44,KR,Video_game_culture,@리니링,,,1
UC7nVGqibbYgrzh733LDffNQ,탁주 쪼꼬,"장난꾸러기 탁주와 오빠를 따라하는 귀여운 쪼꼬

🙆‍♂️탁주: 남자친구
🙆쪼꼬: 여자친구
🐷프랑켄: 돼지친구
👨‍👩‍👧‍👦구독자 애칭: 친구님

이메일: takju@sandbox.co.kr
택배주소: (04387) 서울시 용산구 서빙고로 17 센트럴파크타워, 29층 샌드박스네트워크 탁주 쪼꼬

샌드박스 소속 2016. 1. 14~
유튜브 본격 시작 2015. 9. 25~",2012-02-11 08:46:30,KR,Video_game_culture,@takju0417,,,1
UC7vyTwJjcUdYsVQjiTHcPyg,쪼선생 JJO TEACHER,"주로 게임 콘텐츠들을 활용한 영상들을 올리고 있습니다.
",2013-05-26 11:37:32,KR,Video_game_culture,@jjoteacher,,,1
UC7wosSPUA3os3b3-RMZZe6g,유튜버 디노,"여러분들의 항상 웃게해주는 채널!


[설명]
메인은 ""크루영상""이며
서브는 ""혼자서하는 게임""영상입니다!
롱폼업로드 : 매주 토요일 5시
숏폼업로드 : 매주 평일 5시
---------------------------------
[문의 및 연락]
▪︎ 이메일 :  yuseog701@gmail.com
▪︎ 디스코드 : youtuber_dino
",2020-12-06 22:45:32,KR,Video_game_culture,@유튜버_디노,,,1
UC7wtTnMorJi_d93lb_P2Xow,캡틴잭,"캡틴잭이 좋아하는 게임이 모인 곳!🎮

▶ 메일 문의 : cptjack@enchantenter.co.kr 
",2011-09-24 04:01:40,KR,Video_game_culture,@captain_jack,,,1
UCiphPoj_uKUh30KxlmRHZ3g,민트,yerimj2007@gmail.com,2016-03-11 10:48:25,KR,Video_game_culture,@mintyerim,,,1
UCz1Gc37nWsdF_jbJ_SvMl4g,범석TV,네 여러분 안녕하세요 백범~ 석입니다,2014-03-06 01:38:21,KR,Role-playing_video_game,@범석tv,,,1
UCz3VCyq5pO0OuGSF9fhcpEw,TFTZIP [트집],"주 5일이 목표인 TFT유튜바

TFTZIP 채널은 전략적 팀 전투 파트너 프로그램에 참여중입니다.

Email : thejinia@gmail.com
",2021-07-14 05:06:56,KR,Role-playing_video_game,@tftzip,,,1
UCz4b1O9sT73P8DWwx6OvQwg,김규태,"FPS 전문 발로란트 김규태 유튜브 입니다

영상 보러와주셔서 감사합니다. 열심히 하겠습니다 :)
ㅡㅡㅡㅡㅡㅡㅡㅡㅡㅡㅡㅡㅡㅡㅡㅡㅡㅡㅡㅡㅡㅡ
SOOP / 방송  -  https://ch.sooplive.co.kr/gyutae1638
인스타그램 - https://www.instagram.com/KimGyuTaekr
ㅡㅡㅡㅡㅡㅡㅡㅡㅡㅡㅡㅡㅡㅡㅡㅡㅡㅡㅡㅡㅡㅡ

이메일 : biz@nobent.co.kr",2014-08-29 06:08:12,KR,Role-playing_video_game,@gyutaetv,,,1
UCjBPx2oip2bKnnfqKyas0ew,밑줄,"치지직에서 방송중인 밑줄입니다~
",2021-04-09 20:55:04,KR,Video_game_culture,@밑줄,,,1
UCjOtzpfj5lF9erwTEQYkxtQ,t3xture 텍스쳐 ,"Kim-Nara / GEN.G  Esports Valorant professional player
발로란트 프로게이머 t3xture 김나라입니다. 잘 부탁드립니당 
",2019-09-26 05:02:44,KR,Role-playing_video_game,@t3xture,,,1
UCjSNmS8qcD1jEdQhU5h-zKQ,채널해야지,"편안한 분위기로 스팀게임을 찍먹하고 있습니다 ! :D
",2021-06-30 11:01:36,KR,Video_game_culture,@해야지v,,,1
UC-Ni_a4hVmmOwnZ4alPzoTQ,세린,"별을 항해하는 항해자 / 종합게임 스트리머
",2026-05-15 04:28:37,,Video_game_culture,@seryn_0720,,,1
UC2WBkFH1nHcO6aFLWo6sZQg,GTA Explorer Hub,"Embark on a virtual journey through the vast landscapers of Grand Theft Auto!  Explore hidden secrets, epic mission, and the thrilling world of GTA. Join the adventure now! #gtaexploration ",2023-11-28 07:54:55,PK,Role-playing_video_game,@gtaexplorerhub_777,,,1
UC2YA1b6qKO2YteKYFuMiYPg,thatgamecompany KR,"여러 수상 경력에 빛나는 게임 스튜디오로서 〈flOw〉, 〈Flower〉, 〈Journey〉를 출시했습니다. 〈SKY - 빛의 아이들〉은 지금 iOS, Android, Nintendo Switch 플랫폼에서 이용하실 수 있습니다.

항상 사랑과 응원에 감사드립니다!
",2022-01-04 21:38:32,,Role-playing_video_game,@thatgamecompanykr,,,1
UC_F-jhf8uO0fzrM7NQwvs3Q,퍼블릭의 생컨 [스타크래프트],"채널을 방문해 주셔서 감사합니다.

제 스타크래프트 생컨 플레이 영상을 통해

여러분께 즐거움과 행복을 전하고 싶습니다.

앞으로도 많은 관심과 성원을 부탁드립니다.
",2026-04-08 14:39:02,KR,Role-playing_video_game,@scmaker_public,,,1
UC_G639axLYicdSCkJ63W9pQ,스틱스,"로스트아크 BGM을 좋아하는 사람

",2018-02-10 08:00:20,KR,Video_game_culture,@스틱스,,,1
UCqVZTizoA2wQKOj_xaDt10Q,로블록스 유튜버 우주악마,이제부터 구독하고 팬인사람 내가 이름 지어줄게!!! 이름하여 우주들 이야 그러니 구독 많이해줘,2017-08-19 12:22:09,,Video_game_culture,@siwan4659,,,1
UCix5yCKpPr18CWrGOSCKCLA,두리,"버츄얼 처자 🍡
",2023-11-17 16:59:58,KR,Video_game_culture,@100doori,,,1
UCj3OncQK82szyWJM6c8V8Qw,한국게임접속연구가,VPN으로 해외에서 한국 전용 게임을 접속하는 방법을 연구하고 있습니다.,2025-05-29 12:59:28,,Video_game_culture,@koreagameconnect,,,1
UCj5Y6sl23ln9PL6OiDTL7Gg,GTA Workshop,7,2015-05-03 21:37:17,US,Role-playing_video_game,@gtaworkshop,,,1
UCj7wKA4vwdzMP35lO5CCwgQ,윤요 YOON YO,윤요입니닷,2018-03-23 00:10:29,KR,Role-playing_video_game,@윤요윤요,,,1
UCj9uo6AP4b1D_BhPtrDPfvA,신핑구,"TFT 전챌린저 현광대 병맛추구

email: observer___@naver.com
",2025-09-07 11:34:53,KR,Role-playing_video_game,@sinpinggutft,,,1
UCjiXXUsdl0F0aUkTbv8ZVTA,GTA Gossip,"GTA Gossip is your go-to source for everything related to GTA 6 and Rockstar Games. We bring you the latest news on Rockstar’s biggest franchises, including Grand Theft Auto, Red Dead Redemption, and Max Payne. Beyond news, we dive into GTA mods, cheat codes, guides, and our takes on the genre.

For Business Inquiries: GTAGossip@GossipMedia.in
",2023-11-28 06:28:29,US,Video_game_culture,@gtagossipcom,,,1
UCjk9szhhsAO76PdH450mZNg,구루탄 GAME 🎮,"•월드오브탱크 원툴이긴한데...각종 게임, 취미, 노가리, 매드무비 등 다양한 영상이 편집 되어  올라갈수도....

•치지직 에서 생방송을  진행합니다. 

방송시간 평균: 평일 오후 6시 30분/ 토요일: 오후 2시 / 일요일: 휴방
(평일 휴방은 랜덤이 될 수 있습니다.)

채널명: 구루탄",2016-03-23 14:21:05,KR,Video_game_culture,@gurutasn-game-777,,,1
UCjnghZoZuL_U3AByO_oq7CQ,DahmBae - PUBG,"담이의 배틀그라운드


현:
《 중독자 》들 클랜 마스터

전:
CLO
골목
CROWN
24시
Lx
ENG
UNK",2020-09-29 04:32:11,KR,Video_game_culture,@dahmbae_pubg,,,1
UClSuqiIAACDUJrH3gb4JcLQ,야옹해 바바 Miaow baba,"안녕하세요! 야옹해 바바 입니다. 제 채널은 야옹이 채널.. 아니 주로 나레이션을 이용한 롤(League of Legends) 편집 영상과 여러 게임 영상을 업로드(예정) 하고 있습니다. 가끔 일상 영상이나 피아노 치는 영상, 냥냥이 영상을 올리기도 합니다! (했었습니다)
",2010-02-14 07:45:19,KR,Role-playing_video_game,@miaowbaba,,,1
UClWTMxooQefOLUV0TRcJ1Eg,야코코,"치지직에서 방송하는 브이퍼리 소속 히키코모리 버튜버입니다.
문의 hayley0630@gmail.com

『　아무도 나를 구하러오지 않을거야 . .　』

난 또 상처받겠지 . . . ¿ 이제 아무도 믿을 수 없어 . . .
고독과 외로움은 달라. 혼자있음에 즐거운가 ? 아님 고통스러운가 . . ¿
날 구하고 싶다면 네 영혼을 나에게 줘 . . .
네 영혼 . . 갖고싶어. 그리고 맹세해 줘, 나와의 영원을 . . . 💜

💜 생방송　url.kr/49xngv
💜 트위터　twitter.com/yacocoS2
💜 인스타그램　instagram.com/yacocos2
💜 팬카페　cafe.naver.com/myosonge
💜 이메일　hayley0630@gmail.com",2014-09-18 23:57:17,KR,Video_game_culture,@0630,,,1
UClmc4bkKkQy2cjn3lKjRGbg,타르탈리아의 게임 방송,,2024-10-19 11:22:04,,Strategy_video_game,@타르탈리아-x2c,,,1
UClpc-7ejy_cntRdmrFLbOfg,설하,문의:secretsajou@gmail.com,2021-02-12 11:27:57,KR,Role-playing_video_game,@메이플설하,,,1
UCPp6kLLWggTuACsQwFibg8A,수피,안녕하슈,2019-12-01 18:30:30,KR,Role-playing_video_game,@soopi_official,,,1
UCPpSXwAg3hkSpa85Ah-dpgA,컴파일러,"스토리를 한 줄 씩 꼭꼭 씹어 먹는 것을 선호하는 채널이에요.
여러분이 사랑하는 세계에 대한 새로운 해석기로써 기능하고 싶습니다.

붕괴3rd, 원신, 붕괴: 스타레일, 젠레스존제로, 명조를 플레이 하고 있습니다.
평일 저녁 7시 치지직에서 라이브하고 있습니다.

",2024-11-04 15:14:20,KR,Video_game_culture,@gamecompiler,,,1
UCPqqyxHmSvJygac5TH52qJw,하베,"habe250922@gmail.com
",2023-09-01 12:02:10,KR,Video_game_culture,@하베,,,1
UCElXDMEQqlUnuyDbChjARWQ,힐링나라,"시뮬레이션,인디,도시정착,건설,경영 등 힐링되는 스팀할인과 신작게임을 소개해드립니다.

",2026-06-20 02:22:55,KR,Video_game_culture,@힐링나라s,,,1
UCEqUCm2j9Na3y_ebrEIjBRw,바닐라TV - 레트로 게임채널,"레트로 게임이 주력인 게임채널 입니다 ^ ^

인스타그램
https://www.instagram.com/vanilla07070
",2013-03-04 08:14:11,JP,Video_game_culture,@vanilla_retro,,,1
UCQePzo3_oRB-6RAzBioc6pg,인벤,"인벤 공식 유튜브 채널입니다. 

inven.co.kr
",2011-11-08 09:13:05,KR,Role-playing_video_game,@invenmovie,,,1
UCYGK33LxFlgh9QtmvCYMR3A,마포 마인크래프트,"방가워용
",2014-01-17 00:58:55,KR,Video_game_culture,@마_포,,,1
UCYJ0Ucu9jPX5kn6SeDcNaIQ,Wolf,"울튜브 시청자여러분 안녕하세요! 울프입니다
LCK , LEC 및 국제대회 중계와 개인방송을 치지직에서 이어가고있습니다
항상 사랑해주시는 팬 여러분 감사합니다!
치지직 : http://bit.ly/wolfchzzk
Instagram : https://www.instagram.com/wolfstagram96",2017-02-09 04:17:42,KR,Strategy_video_game,@wolfyoutube_official,,,1
UCFJAOgvqcc3fPqdu7fTl-zA,설화,응애,2024-01-01 00:58:54,KR,Video_game_culture,@snow__0u0,,,1
UCFQWqbfZ-iEG3K_DRgHwnCw,성이게임 방송,"🎆안녕하세요 성이에 게임채널 입니다🎆
",2024-10-30 12:55:46,,Video_game_culture,@성이sung,,,1
UCFTjC8OaMv_kP5frj9UU1Rw,ENXGMA,"Business inquiries: g4ming.enigma@gmail.com
For Chinese Business: ENXGMA@youdaoads.com

The Best GTA LOGIC Channel on YouTube!

The GTA LOGIC series, created by ENXGMA, showcases the evolution of Gameplay, Physics & Small Details in GTA 5 (GTA V), GTA 4 (GTA IV), San Andreas, Vice City & GTA 3 (GTA III). GTA 6 (GTA VI) will also be featured when it releases!

While the Channel mainly covers the Grand Theft Auto series, it occasionally features other Open-World games Like Watch Dogs, Spider-Man, Saints Row, Assassin's Creed, Mafia & more!
",2012-01-15 19:17:18,CA,Video_game_culture,@enxgma_yt,,,1
UCFVRXOqBeh8ynDdYWztewXg,소니쇼풀버전 긴니쇼,소니쇼 게임방송 풀버전 올라오는 채널!,2021-01-05 12:16:58,KR,Role-playing_video_game,@긴니쇼,,,1
UCFiHjGyrJux8Rt4e6mUPU-w,GTAVIoclock,"@GTAVIoclock is the world's most in-depth - and best connected - GTA VI show. Follow hosts @DanDawkins and @James_Jarvis for updates.
",2006-01-24 20:56:57,,Video_game_culture,@gtavi-oclock,,,1
UCFmlAyHib0TTCkkLHxhyb5g,Diablo Immortal,"Clash with armies of demons, collect epic loot, and gain unimaginable power.

Diablo Immortal™ is a mobile game from Blizzard Entertainment. A genre-defining action role playing game series set between the events of Diablo® II: Lord of Destruction® and Diablo III®.
",2020-01-17 23:32:37,,Video_game_culture,@diabloimmortal,,,1
UC_8GOc5dWX2Kpb74_nQ7vSQ,러끼,"🍀 라디오, 종합게임을 진행하고 있는 러끼입니다! 🍀

☺ 유튜브 업로드는 [ 월, 목, 토, 일 ]
☺ 월, 목은 오후 5시 / 토, 일은 오후 1시 업로드
☺ 생방송은 치지직에서 '러끼' 를 검색해주세요
☻ 광고, 협찬문의: kkobug7@sandboxnetwork.net
",2018-08-14 11:44:04,KR,Role-playing_video_game,@러끼,,,1
UCuFguUhr9Wr0tFY85nDGk9w,인천피스트TV [롤토체스],문의 incheonfist@naver.com,2019-02-03 11:04:16,KR,Role-playing_video_game,@incheonfist,,,1
UCmnCuNh2owRLP48nnS3pe2w,ᅙ_ᅙ 요르하,,2012-05-18 04:12:11,KR,Video_game_culture,@yorhanier,,,1
UCvx8JsZvDVER74lG39dN9nw,게임하는 노래쟁이 SinginGame,"게임하면서 노래를 불러주는 게임하는노래쟁이 입니다!
요즘 발로란트에서 노래 불러드리고 있으니 발로란트에서 뵈요!
",2022-08-01 15:29:08,KR,Video_game_culture,@singingame,,,1
UCw-JzmPsjRcbzJLncr4pIIA,수탉,"하고 싶은 게임만 합니다

[비즈니스 문의 : contact@sandbox.co.kr]
",2014-10-19 07:36:44,KR,Video_game_culture,@sutak_istp,,,1
UCuWcjpKbIDAbZfHoru1toFg,GTA Series Videos,"All the latest news, walkthroughs, and official trailers for Rockstar Games titles like GTA 6, the Grand Theft Auto series, Red Dead Redemption, Max Payne, L.A. Noire, Bully, and more.

GTA Series Videos is a fan channel not affiliated with Rockstar Games or Take-Two Interactive.

The channel is owned and run by Alessio and Daniel. Unless noted in the video description, every video is recorded, edited, and produced by them under the GTA Series Videos name. Voice work is performed by hired actors. Commissioned artwork featured in our videos is created by Patrick Brown or Romanov Vadim.

The GTA Series Videos logo and all related content are owned by GTASeries.com, a fansite launched on November 22, 2003.",2007-08-26 01:44:50,,Role-playing_video_game,@gtaseriesvideos,,,1
UC_quKmfPeL5ERxe1qw97G4g,그냥 발로란트 유튜버,발로 차이고 널리 널린 그냥 발로란트 유튜버입니다.,2022-01-16 06:39:13,,,@그냥_발로란트_유튜버,,,1
UCz5UFGucIyJGH0nf_8d0ghA,ant retro games,"레트로 게임 온라인 플랫폼인 GOTVG & Fight Cade 의 게임 플레이를 방송하고 있으며

고전게임의 고수분들 플레이 영상을 등록하고 있습니다.

제가 해설을 하고, 플레이를 하기도 하며, 여러 게임들의 공략을 진행하기도 합니다.

고전 게임을 좋아하시는 분들께 공략과 즐거움 그리고 좋은 추억이 될수있도록

앞으로도 열심히 노력하겠습니다 ^^
",2023-02-25 16:14:49,KR,Video_game_culture,@antarmleg,,,1
UC0-ZCUCeCQBwKU15x0Aqk_g,멘파,"문디멘파 채널입니다.
잡게임 다~합니다.

휴방일 월 화 수 목 금
생방일 토 일
생방시간 밤9~11시

",2013-05-10 14:08:37,KR,Role-playing_video_game,@menpa,,,1
UC0-sEWFXIymAxx0InClynUA,로블록스 고백,"로블록스 하는 고백입니다 O3O 
아이디 : goback030
",2025-07-30 14:13:27,,Role-playing_video_game,@고백로블록스,,,1
UC00raQBBBGagQthJ01ZYIIQ,마체,"팔레트 🎨
모든 문의는 이메일로 받습니다. (합방 요청, 광고, 기타 문의 사항)
Email : markchase0507@gmail.com",2017-08-18 06:15:14,,Video_game_culture,@마체,,,1
UC9FRxVaiS2aY0ANaWLP8SMg,와기,,2016-11-10 07:06:58,,Role-playing_video_game,@wagiisfree,,,1
UC9JlObZnbOirT4_iyPGrdcw,러너꽃빈,"러너꽃빈 부부의 유튜브입니다✨

생방송을 보러 오실분들은 치지직에서 ""러너"" ""꽃빈"" 을 검색하세요!!!
문의 메일 : flowervin7@naver.com
",2015-06-03 05:18:33,KR,Video_game_culture,@runner_flowervin,,,1
UCarBV0zWlC2k-HteyeKqfag,assa tekken 앗싸 철권,앗싸철권 항상 사랑해주셔서 감사합니다 앞으로 더나은 컨텐츠로 보답하겠습니다 ,2025-08-11 09:15:21,KR,Video_game_culture,@앗싸tekken,,,1
UCasZh05IieAY_Hn0UwP3Csg,개구리,"캐쥬얼한 종겜을 사랑하는 모두를 위한 채널

긴영상 업로드 : 수,일 오후 8시
숏츠 업로드 : 화/목/토 오전8시

유튜브 생방송 :  9pm~ 11pm (일정표 확인)

TEAM CLUP : 개구리 수남 가짜양파 김수달
TEAM CLUP miner : 아라마루 양마 태태펀치 김히뽀

비즈니스 : gaegurinae@gmail.com
",2021-09-22 13:04:19,KR,Puzzle_video_game,@gaegooli,,,1
UCmsXCfQoKp5DcW8J9dMWnNQ,홍진호TV,"방송인 & 前프로게이머 홍진호TV
방송인 & 前프로게이머 홍진호TV

fastloves@hanmail.net
fastloves@hanmail.net",2016-04-11 05:27:22,KR,Video_game_culture,@tv-lz8fl,,,1
UCmuHiG18x6qvBRAoFXCk9eg,롤미키 [LoL Mickey],"안녕하세요 리그오브레전드 전 프로게이머 미키 유튜브입니다
게임 롤(League of Legends) 중심의 강의영상을 업로드합니다 

광고 및 모든 문의 : anc_mickey@naver.com

#롤 #롤강의 #미드 강의 #미키 #미키갓  #lol #leagueoflegends 



",2017-04-11 04:10:59,KR,Strategy_video_game,@lolmickey_mid,,,1
UCmvMUe1GqpZFkj1e-V532LA,TFT Labs,"TFT Labs에 오신 것을 환영합니다!
매 시즌 챌린저를 달성하고 매번 게임만 하기는 심심하여,
TFT(롤토체스)와 관련된 각종 통계를 챌린저 게임 플레이 경험을 기반으로 재가공하여 전달하고, 다양한 빌드업과 조합 간의 상성을 분석하며, 다양한 전략 및 게임 디테일을 실험하는 TFT 연구 채널을 만들어보았습니다.
양보단 질을 추구하며 늘 좋은 퀄리티의 영상을 보여드리기 위해 최선을 다하고 있습니다!

E-Mail : labstft@gmail.com
",2024-05-06 11:35:32,,Role-playing_video_game,@tft-labs,,,1
UCmwZePdbUmncnpQptdPH2Jg,뭐라고요,"스팀게임,던파등 여러가지 게임합니다
2024년 4월 23일 첫업로드
게임을 잘못해서 쉽게하고픈사람
email:dexlove@naver.com
",2013-05-16 20:26:23,KR,Strategy_video_game,@뭐라고요,,,1
UC2k1bSUZ4X02jMs_sTS9jiQ,스타캐스트TV (StarCastTV),"스타크래프트 컨텐츠 채널입니다.
해당 채널의 영상들은 전문적인 중계환경에서 각잡고 정확한 해설을 하는 방송이 아닌
시청자들과 편하게 소통하고 중계하며 경기를 같이보는 방송입니다. 
아무래도 최소 1인 5역을 해야하는 중계라 어려움이 많습니다 ㅠㅠ
시청하시는데 불편함이 있으시더라도 조금만 감안하고 시청해주시면 감사드리겠습니다. 
항상 노력해서 최대한 불편함을 덜어드리도록 노력하겠습니다!
오늘도 시청해주셔서 정말 감사드립니다!

후원 및 협찬 문의 : dgm0929@naver.com

",2016-06-14 10:02:26,KR,Role-playing_video_game,@starcasttvkr,,,1
UC2t5bjwHdUX4vM2g8TRDq5g,League of Legends,"Recently recognized as the most played video game in the world—100 million play every month—League of Legends® is a multiplayer online battle arena game (MOBA).

Players choose a role from an expanding cast of powerful champions and join forces in strategic, fast-paced gameplay to take control of the enemy’s end of the battlefield.

Sign up for a free League of Legends account at http://riot.com/signup",2009-02-09 20:19:08,US,Role-playing_video_game,@leagueoflegends,,,1
UC2xeDCdO0dH5Z78OIDOdg7g,던파 김십자,끼야ㅏ랄ㄹ,2019-02-15 16:16:02,KR,Video_game_culture,@kimtester417,,,1
UC6aF-skLT_1X6cdPJxVJXxQ,이루의 마인크래프트,"마인크래프트 행위 예술가

멤버십 가입: https://www.youtube.com/channel/UC6aF-skLT_1X6cdPJxVJXxQ/join
생방송: https://chzzk.naver.com/b0a6c514d209c8bd195545cec12b590e
공식 카페: https://cafe.naver.com/lerumc

규지직: https://chzzk.naver.com/3c2a58c43e23c5fdf354c415f19abf71
상지직: https://chzzk.naver.com/9ed3f635a94d2c27bc77312888780fe7
인스타: https://www.instagram.com/unique_leru

광고 문의 - Ieru@sandboxnetwork.net
기타 문의 - leruminecraft05@gmail.com
",2023-07-04 08:19:29,KR,Role-playing_video_game,@이루05,,,1
UC34cqM0VcXgFuSj8Ptpm_Kw,나랑나게임,"""나랑나"" 채널의 게임전문채널!
로블록스, 스팀게임, 기타게임 등 다양한 정보와 플레이를 보여드리는 나랑나게임 채널이에요.",2018-09-20 08:48:01,KR,Video_game_culture,@narangna_game,,,1
UC38XQMDoRYtbKJHurGqza3A,던파이제명TV,"던전앤파이터 던파 DNF #dnf #던전앤파이터 #던파 #던파모바일 #dnf 
결투장 스폰빵 
아프리카TV BEST BJ, 던전앤파이터 프로게이머 이제명입니다. 
많은 구독 부탁드립니다.
동영상은 공유하기로 퍼가셔도 됩니다. 많은 분들이 퍼가주시기를 바랍니다. 

-

방송국 주소 : http://afreeca.com/gkwk6353 
이메일 주소 : gkwk6353@naver.com",2012-08-11 00:07:45,KR,Video_game_culture,@tv-li9tf,,,1
UC3BUvshHmW_-ReQX1B_EeOA,알빠노,"이메일
jungtae369@gmail.com
",2019-11-14 22:00:07,KR,Video_game_culture,@albbano00,,,1
UCEebX3m88Arwc91LPmEmTYQ,Esbidee,"Hi there, I'm Patches-- I mean Esbidee. I post Shorts showcasing the other side of that lovable scamp Patches. I also do music videos, cosplays, and occasional builds, sliders, or advice about Elden Ring. I hope you enjoy! :)",2023-05-09 15:36:43,US,Video_game_culture,@esbidee,,,1
UCEeib6HEHy95EGWUevS4RcA,한국코리아게임곤충하는TV,구족좋아요 해주세요 카러플태윤TV 990명 가즈아 현재학교 한빛고운초 입니다 ,2026-02-23 01:56:50,,,@키러플로블록스태윤tv,,,1
UCU0-6z_KU9AShyR9J6gcFGw,모란,"종합 게임 & 트로피(도전과제) 게이머입니다. 
모든 게임을 깊이 있게 과몰입하여 모든 컨텐츠를 정복할 때까지 진행합니다.
",2012-06-10 02:07:16,KR,Role-playing_video_game,@hanmoran0,,,1
UCUHUHum4nIT20PbhanJAZvw,하림 Harim,"저는 여러분들이 행복하다면 그걸로 만족합니다 💕

개인문의 : paws1017@naver.com
",2017-08-19 13:04:46,KR,Role-playing_video_game,@하림harim,,,1
UCUHcLZNBLB3IpdBQQb3Cr_Q,로플릭스 LOFLIX,"前 황씨돌쇠 
로스트아크 스토리 정리 원조 맛집

[Business] 
Instagram DM : 44_yung
E-mail : sarang99un@naver.com

",2015-03-22 16:10:04,,Role-playing_video_game,@loflix,,,1
UC8chC5rneP-LHm43q-jF3oQ,조밈,"마인크래프트로 일상 속에 즐거움을 더해드립니다

개인 문의 - jomeme0987@gmail.com
비지니스 문의 - ad@lolq.co.kr
",2024-02-13 15:02:28,KR,Video_game_culture,@조밈,,,1
UCB4gIGaPUiLtpPreFSf8fKQ,인투더TV,"프로들의 완벽한 운영과 상상을 초월하는 전략을 가장 생생하게 전달하는 STARCRAFT2 CASTER STREAMER 채널입니다. 
최고의 명경기를 엄선하여 보는 즐거움과 깊이 있는 분석의 재미를 동시에 선사하겠습니다.
",2017-02-06 08:59:54,KR,Role-playing_video_game,@intothe,,,1
UC699Y51pMl0wWLPA4atcZjQ,김치복 게임 채널,"생존 게임 스토리 영상을 만듭니다^^ 생방송 다시 보기는 '풀치복' 채널에서!

개인 문의 - kimchibok75@gmail.com
비지니스 문의 - ad@lolq.co.kr 
",2023-02-26 17:05:17,KR,Strategy_video_game,@김치복,,,1
UC6ApCfhTtNb1hiUHFffXqvQ,스팀픽,"수천 개의 스팀 게임 중 진짜 할 만한 것만 고릅니다
",2026-03-01 10:24:19,KR,,@스팀픽,,,1
UCQfd-b9GRBrUP0-wCqabLTA,반박: 멜,"마스터 멜 유저
멜 원챔으로 딥롤지지 피셜 1위 찍었다 놓쳤다 반복 중입니다.
비록 부족하지만, 잔잔하게 장인으로서의 디테일과 하이라이트를 영상에 담고 싶습니다.

주2회 업로드 하고 있습니다.
바쁘면 주1회일 수도 있습니다.

와주셔서 감사합니다
",2018-12-02 09:31:45,KR,Strategy_video_game,@반박-멜,,,1
UCQhIdo5nRQY9DB3uo7vawtw,허니츄러스 다시보기,허츄 다시보기,2023-05-24 09:49:52,KR,,@honey_churros_archive,,,1
UC9jOsXFn3RwXEW3qUyySjAQ,노동자_게임방송,"🎮 퇴근하고 게임하는 ‘노동자’의 종합 게임 채널입니다.

📌 주 컨텐츠

마비노기 모바일 (주말·공휴일 오전 9시 30분 정규 방송)
신작 게임 & 마비노기 모바일 (평일 오후 9시 30분 정규 방송)
공략 / 효율 / 성장 과정 공유
시청자와 함께하는 소통 라이브

💬 퇴근하고 편하게 들러서 같이 게임하고 가세요.

📬 비즈니스 문의: jw84o0o@naver.com
",2025-03-25 11:08:52,KR,Video_game_culture,@노동자tv,,,1
UClFSQxcVutJFEI9nCAOOkgQ,은뿌 종합게임,"치지직에서 활동 중인 은뿌입니다!❤️
📺종합게임 채널!
👾게임 💬소통
🎙️방송 시간 : 팬카페 참고
📧비즈니스 메일 : eunppuing@naver.com",2024-09-18 10:58:37,,Role-playing_video_game,@eunbbu,,,1
UClFxbDnu3-z8B002ns6JnBQ,옛날게임,,2026-07-06 23:18:58,,Racing_video_game,@옛날게임_retro,,,1
UCfu0Obl3n0MmVFK110oDGUw,유후랑 옵치할래,"유후의 오버워치 채널입니다! 쁘아앙♡♡
",2024-10-04 23:46:23,,Video_game_culture,@유후랑옵치할래,,,1
UCg5-nd3qoNnz5dzkX-O0b8A,난코 (포켓몬),"' 포켓몬 ' 과 관련된 영상을 올리는 채널입니다!
자주 와주심 감사하겠습니다~!!
",2018-08-05 20:56:20,KR,Video_game_culture,@nancoda,,,1
UCC1veMJY2wElX0lpYOoNB1Q,메이플스토리M,"모바일게임이 아니다, 메이플스토리다!
메이플스토리의 감동을 모바일에서 플레이 하세요!",2016-09-08 01:30:24,,Video_game_culture,@maplestorym,,,1
UCCLXbGyCKdL-t9hQ-IdFyCQ,이사와 ,"내 맘대로 올림

비지니스 메일 
( ad@lolq.co.kr )

개인 메일 
( isawa857@gmail.com )
",2024-09-13 16:28:14,KR,Video_game_culture,@isawa0,,,1
UCCMQyaKDjQJY79VimTdaYYQ,롤박사 해도리,"최대한 여러분들에게 실질적으로 도움이 될 수 있는 영상을 만드는 데에 중점을 두고 있습니다!

많은 응원 부탁드립니다.

소속 : T1
제보 메일 : talmohaedol@gmail.com
비즈니스 메일 : Haedory@t1.gg
해도리 트위치 채널 : https://www.twitch.tv/haedory
해도리 인스타 : https://www.instagram.com/hae_do_ry/",2018-03-21 15:31:32,KR,Video_game_culture,@롤박사해도리,,,1
UCpJw2H9KKqwCCGQKRh1Bf2w,T1 Faker,"𝐓𝐡𝐞 𝐆𝐫𝐞𝐚𝐭𝐞𝐬𝐭 𝐨𝐟 𝐚𝐥𝐥 𝐭𝐢𝐦𝐞.

T1 'Faker' 공식 유튜브 채널입니다. 🐧
Official Lee 'Faker' Sang-hyeok YouTube

#TogetherAs1
",2017-02-09 04:13:19,KR,Role-playing_video_game,@t1_faker,,,1
UCk3w4CQ_SlLH4V0-V6WjFZg,WinterStarcraft,StarCraft 2 & RTS content to make your day a little bit better!,2012-05-09 13:34:08,US,Video_game_culture,@winterstarcraft,,,1
UCk5C4AR3uvmKwZYkIlSobbg,한자,"☆ 한자에게 문의 : p6092@naver.com
(여러가지 정보나 소식 그리고 제보 영상을 자유롭게 보내주세요~)
☆ 비지니스 문의 : ad@lolq.co.kr
☆ 투네이션 후원: https://toon.at/donate/hanja 
☆ 네이버TV: http://tv.naver.com/hanja 
☆ 플러스친구: http://pf.kakao.com/_bkVBxl 
(한자에게 직접 물어보세요!)
---------------------------------------------------------------------------
하이하이 한자플스토리 한자입니다!
한자유튜브를 찾아주셔서 정말정말 감사드려요~ 
 (  _ _) 꾸벅
언제나 재미와 감동 그리고 신선과 소통 
+ 달달한 꿀팁 영상으로 찾아뵙겠습니다!!

한자유튜브를 구독해주신 모든 분들께는 
한자의 진심을 담은 댓글과 하트를 선물로 드리오니 
모두모두 구독과 좋아요 누르시고 누구보다도 빠르게 한자플스토리 영상을 감상하시고 
하트와 댓글도 받아가세요!!

이미 구독하신 사랑스러운 우리 구독자 여러분들께는 언제나 감사하는 마음을 갖고있습니다! 제마음 아시죠? S2

간혹 영상이나 팬아트를 보내주시려고 문의를 하시는 분들이 계시는데 (너무 감사드려요 흐흐) 
유튜브메시지로 문의해주시거나 p6092@Naver.com 저의 메일로 보내주시면 됩니다!

한자 유튜브 관련 문의 메일 : p6092@Naver.com
비지니스 문의 : ad@lolq.co.kr 
",2017-05-13 01:59:21,KR,Role-playing_video_game,@hanja.,,,1
UCk5mlvpbj8CZxD229CpiouA,TFO,"감성적인걸 좋아하는 마인크래프트 채널입니다
들러주셔서 감사합니다 (_ _)
",2019-08-07 17:55:26,KR,Simulation_video_game,@tfo-00,,,1
UCkHdZO82q1pUooEsjJnK7lg,역시 엘든링인가.,,2021-06-22 06:31:10,,Role-playing_video_game,@역시엘든링인가,,,1
UCkNUuK9EfixaK2HbJYZ5YrQ,아이러니 | 원신 연구 채널,"건강하고 유익하며 인생에 도움이 되는 채널




※더빙은 배속 없이 들어갑니다


【업로드 예정】
◆ 방학 중 - 롱폼
◆ 학기 중 - 숏폼



연락처:
sksla678@naver.com
",2019-09-21 00:14:34,KR,Role-playing_video_game,@아이러니_연구채널,,,1
UCwM82cUqM87k4tnCTZxbTqA,돌희,"안녕하세요, 메이플 크리에이터 『돌희』입니다.

저는 메이플스토리의 각종 리소스로
과거 재현, 스킬 구현, 스토리 연출, 전투신 제작 등 
'재구성 연출'을 통해 여러 가지 영상을 만들고 있습니다.

작업 기법 상 영상 하나하나의 제작이 오래 걸리는 편이지만 
여러분들의 관심과 응원 덕분에 많은 힘을 받으며 운영을 하고 있습니다.
앞으로도 다양한 영상으로 보답하는 크리에이터가 되도록 하겠습니다.

※ 모든 영상은 넥슨 게임 IP 사용가이드를 준수하며 제작되고 있습니다.

===============
★재구성 연출이란?
코디한 캐릭터, 몬스터, 맵, 스킬 이펙트, 효과음 등의 각종 리소스를 
편집 프로그램에 불러와서 프레임 단위로 조정하고 재배치해, 원하는 대로 구현하는 연출 

===============
★꼭 지켜주셔야 할 사항
- 무단 전재 및 재배포 금지
- AI 학습 금지

===============
★영상 제작에 사용되는 프로그램
- 프리미어 프로 2024 (롱폼 제작)
- 프리미어 2026 (쇼츠 제작, 재구성 연출을 한 영상 소스 제작)
- 애프터 이펙트 2025 (영상 도트 확대 렌더링)
- 포토샵 2026 (추가 소스 제작, 소스 수정, 썸네일 제작, PNG 도트 확대)
- 위컴알 (소스 확보)
- MapleStoryGM (사냥터 환경 시뮬레이션 영상 확보)

===============
★ 메일 관련 안내
궁금한 사항은 댓글이 아닌, 개인 메일로 보내주시면 답변해 드리고 있습니다.

광고 문의는 비즈니스 메일로 부탁드리며,
개인 메일로 보내주시면 회신해 드리지 않습니다.

개인 문의 : sukka7475@gmail.com
비즈니스 문의 : ad@lolq.co.kr
",2017-01-11 10:24:57,KR,Role-playing_video_game,@돌희,,,1
UCwREVI6kywGWO4QNUaWp_xA,기백형,"소통을 좋아하는 예비 종합 게임 스트리머 입니다.

생방송 매일 오후 1시 chzzk.me/gPlvT 
",2026-05-29 03:18:40,KR,Role-playing_video_game,@기백형,,,1
UCYjNEoVziojh1ZCum1q0PNQ,이곡,I need money,2023-08-05 02:57:28,KR,Role-playing_video_game,@이곡,,,1
UC3LNd5iXQZ8WinaOpfwXveA,온다람,"게임스토리 영상을 주로 올리는 채널입니다 🐿️

",2019-07-08 00:31:49,KR,Role-playing_video_game,@ondaram,,,1
UC3NIb2qVtwunRNmypsDpQzA,파이브,"55555
",2015-08-14 00:08:10,KR,Video_game_culture,@파이브,,,1
UC3Oe-jfrIqEGygxYBYyN6jQ,ESA Speedrunning,Full event video on demand from ESA events and other affiliated friendly speedrunning marathons.,2012-08-22 13:38:23,SE,Video_game_culture,@esamarathon,,,1
UCta3D5-EYqO-pduQLxQ8mNQ,김태호 인생롤체,매시즌 챌린저다는 놈,2026-04-26 23:33:54,KR,Strategy_video_game,@김태호인생롤체,,,1
UCtjBNJ4UbuWGLe-415urMOw,휘용의 취미생활,"유튜버 휘용의 개인 채널입니다 :)

",2021-04-13 16:39:33,KR,Video_game_culture,@hwiyonglife,,,1
UCr4WCOxirRA-BzVu-MH_WqQ,오디유튜브 / 발로란트,"우리들의 발로란트
영상 제보:kckkmn7979@naver.com
본인의 멋있었던 혹은 재미있었던 
플레이 영상과 영상에 기재될 
본인의 닉네임도 적어서 보내주세요",2014-11-22 08:43:12,KR,Video_game_culture,@오디유튜브,,,1
UCbQSNsVu1vK4G8Jh9Vb6k_g,국밥,"
비즈니스: gukbab2.official@gmail.com
2025 서울 전국 e스포츠 체전 로블록스 Rivals 종목 Winner (1st)

",2020-03-24 10:30:32,KR,Video_game_culture,@국밥tv,,,1
UCbYO4SBywZ2oWv1u309oWmQ,젤다바라,"* 젤다와 관련된 영상만 업로드 합니다
",2021-05-22 05:34:17,KR,Video_game_culture,@zelda_bara,,,1
UCZPBWThSlgWT0DVaxxUEX4A,시골낭만파,"#뱀피르 #던컨2 #보스대리 #보스공략 #게임대리 #게임유튜브 #모바일게임 #RPG게임 #게임방송 #유튜브게임 #보스레이드 #고인물플레이 #대리컨텐츠 #PVE공략 #한국게임유튜버

보스 및 인던 대리 문의는 오픈톡으로 연락주세요!
https://open.kakao.com/o/sjtfyjti
",2015-06-21 04:12:15,KR,Strategy_video_game,@시골낭만파,,,1
UCZPfs7xIjGmOGs9kvgGhUKQ,Kiros9의 게임일상,"컨트롤 약하고 키로스가 처음하는 게임을 실황플레이하는 채널이에요!
좋아하는 게임은 호러계통과 닌텐도 게임!

게임을 사고서 플레이를 안하고 방치하게되서 
[찍으면서 플레이하면 클리어 할수있지 않을까?] 라는 생각으로 시작했어요,



편집시간할 없어서 못올릴경우 제외하면 월,수,금,일 오후 7시 근처에 영상 올려요
(상당히 예전에 뭔지 모르고 개설한 채널이라서 오래되기만한 채널입니다)
",2013-09-02 16:09:20,KR,Role-playing_video_game,@kiros9w,,,1
UCqEoc6yuYRg5CFG4NIG8euQ,사이 TV,"마인크래프트 포켓몬 영상을
재미있게 만들고 있습니다!

""구독 버튼 & 알림 버튼"" 을 누르시면 영상을
누구 보다 빠르게 1등으로 보실 수 있습니다!!

*영상은 매 주 '화 목 토' 업로드 중 입니다*

비즈니스 문의 : bumsaii@naver.com

#마인크래프트 #게임 #포켓몬 #포켓몬스터
",2014-01-01 15:41:39,KR,Role-playing_video_game,@godsaii,,,1
UCqFmG6ofirSWvI9B8mwzvyA,[Hotube] 이재호 유튜브,"스타크래프트1 프로게이머 이재호의 유튜브 공식 채널입니다.

- 비즈니스 문의: biz@onsidecompany.co.kr
- 크리에이터 관련 문의: manager@onsidecompany.co.kr
- 팬 선물: 서울 중구 청계천로 40, 1315호 이재호 (우: 04521, 주소에 크리에이터 명 포함)
* 우편 도착 확인 여부는 모두 안내드리기 어려운 점 양해 부탁드리며, 확인을 희망하시는 경우 http://pf.kakao.com/_SxlyCn 로 문의 부탁드립니다.
",2011-05-20 06:23:53,KR,Role-playing_video_game,@hotubelight,,,1
UCpAZLM9XMzIbqFucUBD8Jtg,떵떵,"↓ 😎

이메일 : aptouo@gmail.com
",2018-12-10 06:36:10,KR,Video_game_culture,@떵떵,,,1
UCpCBP5cVIBvezPI1LKFMYjA,냄새,"틱톡에 제 영상 퍼갈때 ""출처:냄새유튜브"" 라고 남겨 주시면 퍼가셔도 좋습니다.







광고&협찬 관련 문의:scanla5284112@gmail.com  
※광고관련 메일외 그 어떤 메일도 받지 않습니다 시청자님들이 보내시는 메일은 모두 ""차단""합니다. ※ 7104




",2016-11-07 12:00:15,KR,,@naemsae,,,1
UCbyiUUd_wxEOEpPknoyM-vQ,미래좌,"티어스 오브 더 킹덤을 메인으로하는 미래좌의 종합게임채널 입니다. 함정입니다.

-모든 게임은 계획대로야.-

채널 이메일 주소 : somnus170810@gmail.com

",2021-01-20 14:45:16,KR,Video_game_culture,@미래좌,,,1
UC0rgxRoX9U_8ogVcIr5Bc2Q,That Score (Ex GTA V Score),"Previously named «GTA V Score».

On this channel, the Original Score of the following games is being posted:
– Grand Theft Auto V / GTA Online
– Red Dead Redemption
– Red Dead Redemption 2
– Max Payne 3 (Soon)",2013-10-04 10:19:28,RU,Video_game_culture,@that_score,,,1
UC0tmAwhgk_1ATJtFyVHrFxg,Dr Mod,"Grand Theft Auto Entertainment for GTA Fans! - Sub for good luck!

Business email: drmodltd@gmail",2019-08-21 23:41:09,GB,Video_game_culture,@drmodgta,,,1
UC0uQYROl6H_8-Lb2bFz6yyg,단TV,"디아블로2 유튜브 입니다
항상 시청해 주셔서 감사합니다
앞으로 더 노력하겠습니다

souleader@naver.com
",2017-12-26 13:15:15,,Role-playing_video_game,@단티비,,,1
UC0vqyzJ-1l3AJl3IkKu0bhQ,요즘애들은모르는게임,"똥갓겜부터 숨겨진 명작까지 직접 플레이하며 소개하는 게임 채널입니다.
테스터훈 스타일의 재미있는 게임 콘텐츠, 장인초대석, 고인물 플레이, 희귀 게임, 인디게임, 고전게임, 병맛게임, 도전 콘텐츠를 꾸준히 업로드합니다.
웃기면서도 실력 있는 플레이와 다양한 게임 리뷰를 만나보세요.


",2020-04-15 12:36:24,KR,Strategy_video_game,@천년온라인신무림서버,,,1
UCzDyC6JMEXEufozffWzI9Mg,막훈TV,"반갑습니다람쥐
",2018-09-10 01:39:44,KR,Video_game_culture,@막훈tv,,,1
UC5H8Wt-1q_tnn-m4tDTqbUw,포켓단 [포켓몬카드게임 Pocket],"포켓몬카드게임 포켓 유튜버입니다
잘 부탁드립니다.
",2025-02-21 08:20:13,KR,Video_game_culture,@포켓단tcg,,,1
UC5N-HougDAqvdGy3MKqhGAw,GTA Trilogy Games,"Hello and welcome to my channel that's based on Grand Theft Auto Games in general, and no, it's not only about GTA III, Vice City and San Andreas ok? It's about Mod showcasing, free roaming, discovering new facts about modding and everything in mind.

This channel is mostly about GTA Games but I also play Red Dead Games, Bully, Watch Dogs Games, Sleeping Dogs Games, Just Cause Games, Cuphead (sometimes) and other open-world action-adventure games (if I have time for). Unfortunately, it will not include much of the so-called ""GTA Trilogy: The Definitive Edition, as it sucks, REALLY SUCKS.

NOTE: I don't play multiplayer games like PUBG, Fortnite, Call of Duty, Free-Fire, Fall Guys etc. {except for GTA Online, GTA IV/EFLC Multiplayer}

So let's start gaming  and I hope you join me by Subscribing to the channel to support me in this YouTube journey. 
",2022-09-06 12:50:05,CA,Video_game_culture,@gtatrilogygames,,,1
UCSh__r5HS4Y1xBkccWnV0TA,Nought,"Welcome to my channel, I enjoy playing games and laughing a lot!",2011-08-19 17:12:17,GB,Video_game_culture,@noughtpointfourlive,,,1
UCSkCNddZwo__x-iUr-KDFWw,이론상,"오버워치 좋아하는 유저

비즈니스 문의 : 2ronsangYT@gmail.com
",2021-08-04 11:42:21,KR,Video_game_culture,@이론상가능,,,1
UCo-RDj0wlHupI-CjLTEc_Lg,로윤의 게임방송,"게임영상과 컨텐츠 먹방 일상 영상을 찍습니다
월래 이름은 로윤X브윤 tv 였는데 이름을 바꿨습니다!
그리고 프로필은 임시프로필입니다! 프로필 사라짐..",2020-12-21 02:28:50,,Video_game_culture,@로윤x브윤tv,,,1
UCo33r3SAf5z9MS-lrXV2aOQ,로빈,"주로 #마인크래프트 #마크 등 을 플레이하고 영상으로 담아 여러분께 전하는 유튜브 크리에이터 ""로빈"" 입니다.

컨텐츠 요청 / 기타 문의는 이메일 [ dydgh012@naver.com ] 로 해주세요!",2015-08-31 06:10:28,KR,Role-playing_video_game,@로빈,,,1
UCo77zdYpvhgUsdP0Z0vmz2g,에러404,"스타크래프트, 게임 컨텐츠 위주로 영상을 올리는 채널입니다
광고 제안, 제보, 문의 error-code404@naver.com
",2017-03-10 04:34:47,KR,Role-playing_video_game,@에러404,,,1
UC6VcWc1rAoWdBCM0JxrRQ3A,Rockstar Games,"The official home of Rockstar Games on YouTube 
",2006-02-17 20:42:43,US,Video_game_culture,@rockstargames,,,1
UC6YKLXN1w8pyqFwCO0UJ9sw,워니이,"비지니스 및 문의 이메일:( dnjsldl080529@gmail.com )
디스코드:[ wonyi12 ]

📢유튜브:https://www.youtube.com/channel/UC6YKLXN1w8pyqFwCO0UJ9sw
📢디스코드:https://discord.gg/HVDrtjfsBs
",2020-05-03 11:50:02,,Video_game_culture,@wonyi12,,,1
UCURO0ruYWvFPhsSTmAVu29Q,Elkjaer Speedruns,This channel is for uploads of my Speedruns and Challenge Runs in full as they happened on my Live Stream.,2021-10-05 21:27:19,DK,Role-playing_video_game,@elkjaerspeedruns,,,1
UCU_2hkpWvqpRb3VfTwbK9Ag,KOREA kim 게임유튜버,"    안녕하세요   저는 100명되면  인트로 제작하겠습니다
동영상은 랜덤으로 올려요
그리고 로블록스 아이디는 :3yunyun3  https://www.youtube.com/@KOREASEOUL-KOR
  틱톡 운영합니다",2019-03-01 13:19:02,,Racing_video_game,@korea-kim유튜버,,,1
UCU_hKD03cUTCvnOJpEmKvCg,메이플스토리,메이플스토리 공식 채널입니다.,2012-07-03 12:39:58,KR,Role-playing_video_game,@maplestorykr,,,1
UCUae69frfqpKOB3BUMdX5Qw,눈부신,"주로 배틀그라운드 영상을 업로드 합니다.

▶치지직 스트리밍 - http://chzzk.noonbusin.net/
▶후원 - https://toon.at/donate/noonbusin_
▶유튜브 멤버십 - http://m.u.noonbusin.net/
▶비지니스 문의 - ad@lolq.co.kr
",2013-11-06 23:05:32,KR,Video_game_culture,@눈부신,,,1
UCG3uX-OwJ82T3L3EhC3GPXA,겜믹스(평균남자),"안녕하세요. 구) 평균남자 신) 겜믹스입니다!
콘솔게임, PC게임 모두 빠르게 소식 전하도록하겠습니다!!

분탕, 악플로 의심가는 댓글은 대충 읽고 차단하겠습니다.

개인 문의 : seongyu211808@gmail.com
비즈니스 문의 : ad@lolq.co.kr
",2023-12-06 16:12:15,,Video_game_culture,@gammixxx,,,1
UCG7IjFUQzAxx060OjBXOveA,쵸비 Chovy,"쵸비유튜브 Chovy Youtube

""Official Chovy"" thecs0514@naver.com
",2020-05-04 11:04:00,KR,Strategy_video_game,@chovy,,,1
UCGJ-4Z9SnnA3sBZRbh8TS-w,강신림,"마인크래프트 건축강좌, 서바이벌 생존기 영상을 업로드 하는 강신림 입니다. 채널이 성장하면 다른 게임 영상도 업로드 하겠습니다.",2026-07-18 07:45:53,,,@강신림54,,,1
UCGVy07wZs8W-EpKAGchrmCQ,뚜벅맨,"일기장

M8JA05@AICOMPANY
",2019-08-08 07:59:13,KR,Video_game_culture,@ddoobuckman,,,1
UCGW76VChAJKee9kYzvyoycQ,DN SOOPers LoL,DN SOOPers 리그오브레전드 팀 오피셜 채널입니다.,2022-12-20 05:57:47,KR,Strategy_video_game,@soopers_lol,,,1
UCGX5t-qAZjL4xl5xZ36Md5g,유리글 ʟᴇᴇɢʟᴇ,"
",2012-12-19 14:21:28,KR,Video_game_culture,@yoo_leegle,,,1
UCJZsABKjWUGbT0qf3MsXH8w,화이트,"영상 시청해주셔서 감사합니다.

강의문의및 자세한 내용은 영상 하단 디스코드 서버에 들어오시면 안내되어있습니다. (유료)

",2019-07-06 16:31:34,KR,Video_game_culture,@wh1te_fps,,,1
UCJ_skdHPp19J9qGsgXxjMnA,럭비,"이메일leogbileog@gmail.com
로블록스 라이벌 유튜버
2025.11.16 유튜브 시작!
2026.1.14 구독자 100명 달성!
2026.1.28 구독자 200명 달성!
2026.2.4 구독자 300명 달성!
2026.2.5 구독자 400명 달성!
2026.2.6 구독자 500명 달성!
2026.2.7 구독자 600명 달성!
2026.2.7 구독자 700명 달성!
2026.2.7 구독자 800명 달성!
2026.2.8 구독자 900명 달성!
2026.2.8 구독자 1000명 달성!
2026.2.10 구독자 2000명 달성!
2026.2.13 구독자 3000명 달성!
2026.2.22 구독자 4000명 달성!
2026.3.16 구독자 5000명 달성!
2026.4.12 구독자 6000명 달성!
2026.5.1 구독자 7000명 달성!",2025-11-16 12:58:50,,Video_game_culture,@럭비-rugbyy,,,1
UCJd2uIrg_ZrSOaaQQr30XoA,das Hochste 우루,안녕하세요 발로란트 유튜버 우루 입니다.많은관심 부탁 드립니다,2026-07-08 01:43:36,,,@우루-v5t,,,1
UCI4wEWWBEElIbp9jHcFllTw,망송튜브,"#디아블로2 #레저렉션 #diablo2 #망송튜브

디아블로2 레저렉션 소서리스 헬파밍 장인입니다 !!

",2012-10-03 02:47:05,KR,Role-playing_video_game,@mangsongtube,,,1
UCI6Ro_MOr36re4Bhb7nCY7g,플레임[이호종],"리그 오브 레전드 탑 프로게이머이자 치지직 스트리머 플레임 공식 유튜브입니다. (League of Legends /Top Progamer/Flame)
",2020-09-18 17:41:39,KR,Role-playing_video_game,@플레임,,,1
UCI7OFjGUtM8yePASCBdnUUg,타도의고전게임,"타도의고전게임 치치직채널 ↓
https://studio.chzzk.naver.com/24b1f687a356e08ecfa4e9dcd8750d36/live

타도의 고전게임 트위치채널 ↓
https://dashboard.twitch.tv/u/xelloss09/stream-manager
p.s:치치직tv - 트위치tv 에서 해요

유튜브는 자동업로드되요 즐감하세요

방송시작시간:랜덤

시청자의 미션도 가끔씩 해요


",2017-02-13 12:54:36,KR,Video_game_culture,@타도의고전게임,,,1
UCrdRt77s53QWevhMYX-8UPg,던파모바일,"어디서나 액션쾌감! 던전앤파이터 모바일 공식 YouTube 채널입니다.
",2021-11-01 09:06:27,,Video_game_culture,@dnfm0324,,,1
UCrfB1-zWijAYkgfZW7Ehc8Q,Hanwha Life Esports,"Hanwha Life Esports official YouTube channel
",2018-04-04 12:00:49,KR,Strategy_video_game,@hanwhalifeesports,,,1
UCgsKeCRaBGH6JlnH6VO_7OA,이카리,"고전 FPS/인디 게임 플레이어, 그리고 스피드러너 이카리입니다.

가끔 기타도 칩니다.

lostman go to...",2011-08-15 14:30:24,KR,Role-playing_video_game,@assaultr75,,,1
UCgskqxXr-H0mE5VhYviluvQ,젤다 저장소,Hey! Listen! 고전 젤다의 전설 게임들에 대한 정보와 지식,2023-07-25 08:41:30,KR,Role-playing_video_game,@젤다저장소,,,1
UCs-JvUOu6kEEO0BcTFhUErw,Sereni,"1~2 영상 업로드 중 임미다.
항상 감사합니다 🌠
",2024-11-15 15:19:18,KR,Video_game_culture,@paradiso-sereni,,,1
UCs0LzOveQMLImmmTrMmP2sg,채널 명예훈장,"안녕하세요. 명예훈장입니다!
다양한 게임을 다루고 있으며 모든 게임을 다 잘하는 만능게이머 크리에이터입니다.
항상 재미있는 영상으로 찾아뵙도록 하겠습니다!
광고 문의,각종 문의는 mlchoins1@naver.com  
[MCN 카론] 비즈니스 문의 charon@gysent.com

",2014-01-06 06:31:13,KR,Video_game_culture,@ddinghoon,,,1
UCs4CTQE-t9kj-6Xn3Cjtf-A,메이플스토리 추가,"새접에서 추가로 닉변했어요
혹시나 연락하실 일 생기면
https://open.kakao.com/me/chu__c
요기루 부탁드릴게욤
궁금하신거 아무거나 다 물어보셔도 좋아요
If you have any questions, 
Discord : chu____c
",2018-02-20 18:14:26,,Role-playing_video_game,@sca_sj__sz,,,1
UCs5l-YSO8PU9gf8Pv2v83fw,까지까미,"젤다 야숨/왕눈, 페르소나 더 팬텀 X를 주로 하고 있습니다.

까지까미 스위치 친구코드
SW-7857-1234-5892
몬헌썬브 퀘스트 도움 요청하셔도 되고. (뉴비도 상관 없어요. 유튜브 댓글에 도와달라고 쓰면 바로 출동합니다.)
같이 사냥하고 싶으면 초대하셔도 되고!
부담없이 친구 추가 신청 보내주세요!

구독과 좋아요 눌러주세요!
많이 누를 수록 영상이 자주 나올겁니다!
",2013-05-31 13:28:18,KR,Video_game_culture,@까지까미,,,1
UCpgfZSDjJLKuXVvobvpxx8g,디스이즈게임,,2019-06-04 06:13:51,KR,Video_game_culture,@thisisgamecom,,,1
UCxpyoLu0jWQJ71_p5zMSgSA,카피바라,"안녕하세요 :D
",2017-03-03 16:14:16,KR,Video_game_culture,@capy_bara,,,1
UCxtZZzggcfOmsW99gYkxsNA,네플리 NePLi [Neople Playlist],"NePLi Channel, the official music label of Neople.
네오플 음악 레이블, NePLi 공식 채널입니다. 

",2022-01-28 02:11:49,KR,Video_game_culture,@nepli,,,1
UCxwqnpN1G_roAm3t0vhfeZg,위즐링,롤 라이즈 장인 채널입니다,2014-05-24 17:54:10,KR,Strategy_video_game,@위즐링,,,1
UCy8OX8RrstkjRrnM5hND_ug,eyemusician,"Tekken - Yoshimitsu player

email: eyemusician1123@gmail.com

",2014-02-23 15:44:31,KR,Video_game_culture,@eyemusician,,,1
UCMAfHuocszM6UTORPwUmeNw,로을 ,"안녕하세요~ 유튜버 로을입니다!

문의 메일 roeulofficial22@gmail.com

",2022-01-05 16:27:09,KR,Video_game_culture,@로을-유튜브,,,1
UCMCgtTicwOhae1N8VCokkvw,게임한조각,"게임 속 숨겨진 이야기와 세계관,
그리고 기억에 남는 장면들을 한 조각씩 기록합니다.
#게임한조각
#게임스토리
#게임이야기
#게임세계관
#게임쇼츠
",2026-05-20 14:33:19,KR,Role-playing_video_game,@게임한조각-y7l,,,1
UC-pobd8lZE33BSDz-iyHfJQ,정준,"던파 공식 해설위원, 전 프로게이머
매일 오전 10시 지옥라디오 생방송!! 휴방, 지각 X
던파 분석, 예능, 토크, 대회!!

인스타그램
@jun831029
",2013-04-30 06:38:31,KR,Strategy_video_game,@정준dnf,,,1
UCm6Y-gVqhlhX4FzrJCtsSzg,ㅇyㅇ,"문의: koreaoyo@gmail.com
",2014-03-16 18:37:42,KR,Role-playing_video_game,@으y으,,,1
UCmUj2ymudTL0ksdu1WumSgQ,Clade,"BotW, TotK
야숨, 왕눈 하는 사람",2022-05-06 22:47:32,KR,Role-playing_video_game,@clade_435,,,1
UCmXPCG7sSBwTjlMopTn78tg,윤아르,ㅎㅇ 누님이라 불러 정확한 방송공지는 디코에,2025-12-06 13:48:30,,Video_game_culture,@윤아르-y,,,1
UCmZeuRfHYowZhf6odtoaNdg,집마 홀릭,"구독자 여러분 항상 감사합니다 :)

공유(링크) 및 퍼가기는 환영합니다~
※ 단, 허가없이 영상을 전체를 재업로드 하는 것은 금하지만 '콘텐츠 제작(2차 창작물)'을 위해 제 영상에서 일부 사용이 필요한 경우에는 '메일(khan0925@naver.com)'이나 최신 영상에 댓글로 문의해주세요 :) 


[ 여긴 뭐하는 채널이지? 집마 홀릭 채널 소개 ]

33년 이상 게임을 즐겼고 그걸 직업으로도 삼았던 40대 게이머가 운영하는 게임 채널.

가장 좋아하는 장르는 소울라이크(1순위), 공포 게임(특히 좀비 게임), 몬헌 시리즈, 오픈월드 게임, RPG이며

오랜 기간 일로써 다양한 장르를 폭넓게 즐기며 쌓은 이해도를 바탕으로
심층적인 리뷰는 물론 다양한 게임 이야기도 들려 드립니다.


[ 집마 홀릭 채널 이력 ]

2016년 09월 01일 - 본격적인 활동 시작.

2016년 12월 07일 - 구독자 10,000명 돌파.

2018년 04월 30일 - 구독자 100,000명 돌파.

2019년 12월 19일 - 구독자 200,000명 돌파.


[ 비지니스 및 제휴 문의 안내 - khan0925@naver.com ]

메일로 연락 주시면 확인 후 보통 3일 이내에 답변 드리지만
그렇지 못한 경우도 있으니 양해 부탁 드리며
채널은 MCN 없이 활동하고 있습니다.
",2010-09-04 03:16:54,KR,Video_game_culture,@khan0925,,,1
UCTDBdmaY4m3ipZaLiYA6FWg,뽀꿈,"메이플 스카니아 비숍⭐「코디」
메이플 엘리시움 팬텀🌙 「뽀꿈」🎙
🎙SOOP 스트리머🎙
⏰LIVE : 팬카페+방송국 공지⏰
",2021-09-17 21:07:32,KR,Role-playing_video_game,@ppokkum2,,,1
UCTK7GGeH0c9INAEnV2EfD0Q,T1 VALORANT,"This is T1 VALORANT's official YouTube channel focused on Valorant!

Building upon the rich legacy of SKT T1, T1 will expand its teams globally, celebrate new victories, and create even more opportunities for fans to embrace T1’s gaming culture, content, and players in every corner of the world. 

Follow us along as we seek new victories for our teams across the globe!

Rooted in our legacy of raising trophies and inspired by our passion for victory: We are T1.

T1 VALORANT 2026
carpe | Lee Jae-hyeok
iZu | Ham Woo-ju
stax | Kim Gu-taek
Meteor | Kim Tae-oh
BuZz | Yu Byung-cheol
Munchikin | Byun Sang-beom
DH | Kang Dong-ho
",2020-12-01 21:04:59,KR,Video_game_culture,@t1valorant,,,1
UCpn9dP1b5BhBsU9SduEz1hA,핫스TV,"미션 및 후원 하는 방법 🔥투네이션 = https://toon.at/donate/hotstv0207

광고,협업 문의 / 개인 문의 = hotstv@daum.net
",2015-11-12 13:53:06,KR,Video_game_culture,@핫스tv,,,1
UCdQHEqTxcFzjFCrq0o4V7dg,ChaseTheBro,"This is a channel dedicated purely to gaming! I mostly create content related to the souls series, but i also do play throughs and other games.

►Twitch 
https://www.twitch.tv/chasethebroyt

►Instagram
https://www.instagram.com/chasethebro/

►Join the ChaseTheBro Discord: 
https://discord.gg/vMsct8P

►Twitter 
https://twitter.com/ChaseTheBr0

Banner Art Artist! - https://twitter.com/NotJapneseSushi

100 Subscribers February 19, 2017
1000 Subscribers March 31, 2017
10000 Subscribers July 13, 2017
100000 Subscribers August 1, 2018
1000000 Subscribers ???

PC Build Link - https://pcpartpicker.com/user/ChaseTheBro/saved/xzGGcf

B9J9QH",2016-09-09 15:52:01,CA,Video_game_culture,@chasethebro,,,1
UCdS9tTcvPzYfV-7RLkkIsvw,메이플스토리 월드 (MapleStory Worlds),"세상에 없던 나만의 메이플스토리, 메이플스토리 월드!

메이플스토리 월드(MapleStory Worlds)는 누구나 메이플스토리의 방대한 리소스와 내가 직접 제작한 리소스를 활용하여 나만의 월드(콘텐츠)를 직접 제작하고,
다양한 크리에이터분들이 각양각색 콘셉트로 제작하신 월드를 언제, 어디서나 즐길 수 있는 넥슨의 콘텐츠 제작 및 놀이 플랫폼입니다.

※ 비즈니스 & 콜라보 문의 : msw_contact@nexon.co.kr
",2021-07-27 02:40:48,KR,Video_game_culture,@maplestoryworlds,,,1
UCdT2nXooUR-X_MdmbER25yQ,안모리,"닌텐도 위주 막무가내 취미 게임 영상 채널
포켓몬만 하는 채널은 아니지만 포켓몬 비중이 매우 높습니다.

주로 하는 것: 게임 만들기, 포켓몬 및 닌텐도 스위치 게임들, 종합게임


비즈니스 및 팬레터
ahnmor@gmail.com
",2019-08-17 03:22:07,KR,Role-playing_video_game,@ahnmori,,,1
UChKYbZ9fSz8DMM6wU-t1lMQ,김노아,"틀어놓고 보기좋은 개웃긴 게임채널
",2024-01-05 09:09:17,KR,Video_game_culture,@kimnoah30,,,1
UChLjnQW5QK6hEP5IIh_xX0w,백무제의 고전게임 보관소," 여러분들의 옛 추억을 보관하고 있는 백무제입니다!
그시절을 잠시나마 추억하고 싶으실 때 찾아주세요!
",2019-09-29 14:58:16,KR,Video_game_culture,@notitle100-97,,,1
UCgysH1Lm7jP3pjyFoGLwTcw,게임 유튜버 심심해준,,2016-02-02 05:20:49,,Video_game_culture,@오예-j3c,,,1
UCh7XUfZEEV3pct5zDjx6OZA,김토르,"때론 영화보다 재밌는 게임 스토리
Business : bowmanthorkim@gmail.com
Chinese Business : kimthor@youdaoads.com



",2023-11-22 09:56:31,KR,Video_game_culture,@김토르,,,1
UChD6JvTbge_rh8yFIK2ZVJA,돌고래(게임 유튜버),"구독=행복
주로 카트라이더 러쉬플러스
쇼츠는 게임말고 다른것을 올려요. 
감사합니다.",2026-01-03 09:39:21,,Video_game_culture,@주하-o9x,,,1
UChEATwTajZl4Wjypr0cBj3w,Peaceful Lemon - GTA V PVP,"GTA V ONLINE pvp player on PC. 

Crying apes: https://www.tiktok.com/@peacefullemon

Inventor of the stop strafe.
Curving my homings behind your walls.

Subscriber count (MM/DD/YY)
1 sub - 8/25/2020
10 subs -  8/26/2020
100 subs -  6/19/2021
1000 subs - 1/29/2022
10000 subs - 10/23/2023

ipeacefullemon@gmail.com
https://www.instagram.com/realpeacefullemon",2020-08-25 02:10:41,US,Video_game_culture,@peacefullemon,,,1
UC0Zl_lyMoTbroBSNv7SpGuQ,무릎의 철권TV TekkenKnee,"철권 프로게이머 무릎의 SOOP 방송을 모아보는 유튜브 채널!
SOOP 방송국 (https://ch.sooplive.co.kr/holyknee)
Knee's Tekken Stream Upload

구독 부탁드립니다!!",2012-02-07 05:38:28,KR,Video_game_culture,@tekkenknee,,,1
UCCoU5ViXgoK-_2neelNhQaA,꼬예유의 로블록스 저장소,"꼬예유의 로블록스 채널입니다!
잘 부탁 드려요잉
",2025-01-12 14:57:04,,Video_game_culture,@꼬예유roblox,,,1
UCCrqkpYfyGX5UBFyPx6bqKA,MGS_모바일게임스토리,"한 번에 보기 힘든 모바일 게임의 스토리를 모아서 정리하고 있습니다.
심한 스포일러성 댓글은 통보 없이 삭제됩니다.

영상 관련 문의 : agjaaggjj@gmail.com
",2023-08-31 06:11:23,KR,Video_game_culture,@mgs_mobilegamestory,,,1
UCCs1YZHxUTIbLZd-xrvvMCw,청원이,"실력은 청정수급
게임에 대한 애착은 고인물급인 청원이입니다 ㅎㅎ
게임을 안하는 사람도 손가락이 근질거리는 영상을 만들겠습니다!

너 내 동료가 되라! 

비즈니스 문의: makelchs@sandboxnetwork.net",2011-10-10 08:36:31,KR,Video_game_culture,@청원이,,,1
UCOLDn9gw0yegXRgjoi5MzNQ,엔티티•ᴗ•   ENTITY,"둠스데이 라스트 서바이버(Doomsday Last Survivors) 211서버에서 활동 중인 유저입니다.  
주로 Doomsday Last Survivors 공략, 꿀팁, 최신 업데이트 정보를 다루며 다양한 게임 영상도 업로드합니다.  
좀비 생존과 전쟁의 재미를 함께 느껴보세요! 🧟‍♂️🔥  

💬 **둠스데이 뉴비 소통 오픈톡방 (by 캐슈넛님)**  
https://open.kakao.com/o/glxKD9Ag  

📌 **주요 콘텐츠**  
- Doomsday Last Survivors 공략 및 가이드  
- 모바일 SLG 전략 시뮬레이션 게임 추천  
- 좀비 생존 게임 리뷰 & 플레이 영상  

🌐 **Welcome to my channel!**  
I share tips, guides, and gameplay of *Doomsday: Last Survivors* (Server 211) and other zombie survival & mobile strategy (SLG) games. Join the fight for survival now!  

#Doomsday #DoomsdayLastSurvivors #Games #Gaming #Zombie #SLG게임 #전략게임 #모바일게임

",2023-05-14 01:38:14,KR,Role-playing_video_game,@entity_do,,,1
UCOMVY7jsl569k0UYXWv3OgQ,게임 좋아하는 한국,"악플 달지말지말았으면
이유1:잼민이임
이유2:트라우마 가있음
이유3:욕설 같은 비하를 당하면 트라우마가 심해짐
이유4: 나쁜말들으면 기분이 안좋아짐",2022-02-21 13:37:58,,Video_game_culture,@roblox-koroa,,,1
UCfQOeRevRI14uNqluiJ7TeQ,수개 SUGAE,"인디 게임 MD 수개입니다. 바다에 갖다 팔 게임 찾아보고 있습니다. 
",2025-04-20 04:58:58,KR,Video_game_culture,@수개-d6x,,,1
UCfUBetWW8MFvXekLKF63Jbw,뭉게,"일반인의 눈으로 게임을 리뷰합니다 🎮 
라이트 게이머인점 양해 부탁드립니다!
A급 게임 외에도 재미있고 독특한 게임들을 소개합니다.
쿠크다스 심장을 가졌습니다.
",2019-09-23 16:30:37,KR,Video_game_culture,@뭉게의게임리뷰,,,1
UCfcfymsN3OMo2cfmbpGTanw,포피셜,"포셔의 다양한 RPG 컨텐츠를 다루는 채널입니다. 
로아 등 다양한 콘텐츠를 업로드 합니다.

비지니스 및 광고 문의 : ad@jucon.co.kr
",2022-06-19 01:46:25,KR,Role-playing_video_game,@portiaofficial,,,1
UCRLoyYlPR9ufzlbeI9lLDqg,남궁혁,명문정파 바른생활 버츄얼 무림인 ,2022-05-07 17:50:28,KR,Video_game_culture,@남궁혁,,,1
UCRNMJOB5slwh28PMEQ0xFww,꿀딴지곰,"추억의 레트로 고전게임들을 다룹니다. 아케이드부터 가정용 콘솔, PC까지 기종 불문!

꿀딴지곰의 겜덕연구소 (네이버에 연재했던 게임포스트)
http://naver.me/F8Jg5t6d

꿀딴지곰의 네이버 블로그
https://blog.naver.com/valmoonk

꿀딴지곰의 인스타그램
https://www.instagram.com/valmoonk/


꿀딴지곰의 동네오락실 게임대백과 도서 구매 링크

교보문고 : https://buly.kr/1GLiQ8b

예스24 : https://buly.kr/BTRfJRp

알라딘 : https://buly.kr/Eoq3wyT


꿀딴지곰의 레트로 게임 대백과도 절찬 판매중입니다.

예스24 도서 구매링크
https://www.yes24.com/Product/Goods/114848696

알라딘 도서 구매링크
https://www.aladin.co.kr/shop/wproduct.aspx?ItemId=303286542

교보문고 도서 구매링크
https://product.kyobobook.co.kr/detail/S000200047214

",2018-07-18 21:52:19,KR,Video_game_culture,@꿀딴지곰,,,1
UCRltQqhqu9nXMRLaX0f8Cow,르마 RmaGod,"구독해주신 르돌프분들 항상 사랑합니다

컨텐츠 제안, 합동 방송 및 광고 의뢰
메일 - 8282kjk@naver.com
",2015-01-16 05:41:15,KR,Role-playing_video_game,@르마,,,1
UCRpdlPk671uOMiBtf5HtB3Q,개리형,"시즌7~12 오른장인랭킹1등 개리형!! 리그오브레전드하는사람!!
유튜브:http://bit.ly/2A8X9vp
치지직 https://chzzk.naver.com/878cf1be5928a5dbcf196dfa80a32cd5 
비즈니스 문의: garybropd@gmail.com
롤큐 멤버",2014-08-20 09:49:39,KR,Video_game_culture,@개리형,,,1
UCZ8QkhF9gSHi8IL8I4rFrOA,마보_MABO,"발로란트 저티어가 여러 챌린지를 하면 어떨까?
한섭: 유튜브 시작 티어: 골드 3, 최대 티어: 다이아 3

매주 화,금 저녁 6시 쇼츠 업로드
롱폼 영상이 올라갈 땐 쇼츠 댓글 또는 커뮤니티로 예고 후 업로드

종합 게임 유튜버
개인, 비즈니스 문의: maboyt7856ce@gmail.com",2025-11-30 06:34:40,KR,Video_game_culture,@마보_mabo,,,1
UCbt557PsOnMaspiSUjuSVVw,빅윈,"*광고문의: bwfly@naver.com
*카카오톡(개인톡): kimbigwin

",2014-04-25 23:00:26,KR,Video_game_culture,@kimbigwin,,,1
UCbuUk7Iw61YD0OEEIhpRKpQ,KRX BeYN,KRX Valorant 소속 BeYN입니다.,2014-05-09 16:43:44,KR,Video_game_culture,@beynvlrt,,,1
UCbvvdVOF0teLO-U6GWh1RKg,장지 풀영상,"【장지의 생방송 풀영상 다시보기 채널】
▶장지 유튜브 생방송 채널 https://www.youtube.com/channel/UCzps05UZ7XpX3SFoFyYIDow
▶장지 치지직 https://chzzk.naver.com/8fbaa32bd980f23aa081074080a89a35
▶장지 SOOP https://bj.afreecatv.com/wkdwldns12
",2021-03-12 18:24:38,KR,Video_game_culture,@zangzifullvideo,,,1
UCtIbfg_6gjbdFqCqAiUcqyQ,단양,단씨가문막내딸,2020-02-02 13:40:06,KR,Video_game_culture,@dan_yang,,,1
UCtKNP4UGUA1ybxJJcTC_GFA,롤토체스 마빵단,"안녕하세요 마빵에 서식하는 롤토체스 마빵단입니다

본계 : 롤토체스 마빵단
부계 : 뒤틀린황천의응애아기롤체어린이

구독자 분들을 모두 최소 마빵까진 보내는게 목표입니다

재밌게 시청해주시면 감사하겠습니다

++ 15시즌 그마
++ 16시즌 챌린저
",2017-11-13 10:03:02,KR,Video_game_culture,@tftmaster0,,,1
UCtLWxhEMKOio-GzdVJ1CVhg,김고심 게임채널,"[롤큐] 18년차 오타쿠 김고심 🎮 서브컬쳐 모바일 게임 / 듀엣나이트어비스 / 게임리뷰
평일 오후 9시~12시 랜덤방송
#김고심 #고심게임채널
# 치지직 : https://chzzk.naver.com/f0fefe1314df9aa86877394e6614bc86/about
# 쉘터 : https://shelter.id/gosim0715/community
# 후원 : https://toon.at/donate/gosim
# Youtube : https://www.youtube.com/@GOSIM_GAME
# 개인문의 : gosim0715@gmail.com
# 광고문의 : ad@lolq.co.kr

",2012-10-03 03:20:38,KR,Video_game_culture,@gosim_game,,,1
UCLbehOwlIi6QrfZNhC39t4Q,김민재,"04년생 C1 아트록스 장인

",2018-07-22 00:07:34,,Strategy_video_game,@kim-minjae,,,1
UCLftNEuzXvzW1NauJA7ikjg,세이지TV,"고전게임을 메인으로 종합게임을 다루는 채널

1. 불필요한 장면없이 영화처럼 한번에 볼 수 있도록 RPG게임을 편집하는 채널

2. 특정 게임의 주제별로 모아서 '한번에보기' 제작 채널

3. 둠(Doom) 세계기록 보유 채널
",2014-07-26 02:38:42,KR,Role-playing_video_game,@sage_archive,,,1
UCV2rXchZ5JNpvmSIOVEQ5oA,스타실험꾼,"오직 유튜브에만 영상을 업로드 합니다.

평소에 궁금했던 온갖 스타크래프트 대결, 실험을 통해 궁금증을 풀어나가는 채널!

",2024-03-22 11:13:39,KR,Role-playing_video_game,@스타실험꾼,,,1
UCN5xRRgobBEl2xOTKHplbeA,오르트 Oort,,2022-07-29 15:14:34,KR,Role-playing_video_game,@oort-gi4fs,,,1
UCN7FA8FwikP2p5Vrs5kiivw,야키네의 건축 사무소,"마인크래프트로 이것저것 건축합니다
https://www.youtube.com/channel/UCN7FA8FwikP2p5Vrs5kiivw? sub_confirmation=1
",2024-03-10 09:31:18,KR,Video_game_culture,@야키네,,,1
UCWyumbJC1uZS-obctkwSAuQ,게임유튜버 잼꿀 ,"안녕하세요 잘 부탁드립니다.
문의:okok060500@gmail.com ",2022-07-10 12:40:46,,Music_video_game,@게임유튜버잼꿀,,,1
UCX11f6rIVaoWGvFnKKyPBNQ,Sweet Phil,I have been playing Diablo 2 on and off for over 20 years now. I decide to make this channel because i enjoyed watching videos on the game that i love to play and discovered there is also an amazing community of others out there that enjoyed them as well. Hopefully i can help some people in there game and bring them some entertainment as well.,2013-09-01 16:03:57,US,Strategy_video_game,@sweetphil,,,1
UC5WN-znPsJK0BbA8aHxZHWQ,키움 DRX,"DRX
𝗧𝗢𝗣 𝗖𝗟𝗔𝗦𝗦 𝗘𝗦𝗣𝗢𝗥𝗧𝗦/𝗚𝗔𝗠𝗜𝗡𝗚 𝗚𝗥𝗢𝗨𝗣
Inspiring all challengers' dreams with an unbreakable spirit
",2018-10-17 06:00:01,KR,Video_game_culture,@drxglobal,,,1
UC5XxoFRHYOG7pjjfkEwgpug,MattiasTheGamer,"Sharing my journey playing ARPGs :)
",2016-04-18 13:26:14,CA,Strategy_video_game,@mattiasthegamer,,,1
UCZ49HaU_D0Tlf1aDA2jU_Vg,강퀴TV,"LOL 프로게이머, 프로게임단 코치, 공식해설 등으로 활동했던
게임 전문가 강퀴 (강승현)의 공식 유튜브 채널입니다.

LCK 공식 파트너 스트리머로서 LOL 대회 관련 하이라이트와
종합 게임, 서브컬처 & 애니메이션 관련 영상들이 업로드됩니다.

시청해 주셔서 감사합니다.

-

[비즈니스 문의]
· kangqui@enchantenter.co.kr
· gunerkang@gmail.com

[카페]
· cafe.naver.com/kangqui

[개인방송 다시보기]
· chzzk.me/ceTrX
· www.youtube.com/@fullqui/featured

[유튜브 편집자]
· IMROCK (핫산 1호기)
· 핫산 2호기
",2013-07-21 04:33:48,KR,Strategy_video_game,@kangqui,,,1
UC24GgPBq5W3v34z0p0uk1Ow,김원더의 원더랜드,"로스트아크를 주력으로 다양한 종합게임을 업로드합니다.

로스트아크 실리안 서버 아르카나 쿠로네코

문의 및 비즈니스 메일 : backma9719@naver.com
",2017-05-08 11:06:31,KR,Role-playing_video_game,@wonderland_0919,,,1
UC25QotOIv4mSqz5ErqpMDzA,민들레의 게임세상,"발로란트의 은밀한 뒷이야기를 파는사람!
숨겨진 스토리를 파혜치는 사람!
발로란트 스토리 분석 유튜버 민들레 입니다;D



",2013-10-17 11:40:43,KR,Video_game_culture,@dandelion_game,,,1
UC2FDVyrQnjoZCUyk9fmqd9g,가브리엘,가브리엘의 유튜브 채널 입니다,2015-10-14 22:21:05,US,Video_game_culture,@가브리엘-p4x,,,1
UC2IYsRiATGe71sLIOlSXGuw,흑열전구,"게임 리뷰하고, 시장 돌아가는 이야기하는 존문가 전구",2012-12-02 16:26:34,KR,Strategy_video_game,@blacklightbulb,,,1
UCBmAvrPyyiohq552LjQvPww,세렌디,"매주 월요일 18:15 개발일지 업로드

Serendipity, 세렌디 채널에 오신 것을 환영합니다.

인디게임 개발자의 기적같은 여정을 
솔직하고 재미있게 기록합니다.

#게임개발 #인디게임 #세렌디 #unity #데브로그
",2025-12-11 17:38:50,KR,Puzzle_video_game,@serendy_lucky,,,1
UCBmPfbqvGwTTfrV-H_UOfdw,GTA Mastermind,SUBSCRIBE FOR GTA VI RELEASE!,2023-10-11 18:10:09,US,Role-playing_video_game,@gta5_mastermind,,,1
UCZFGZ_LhwgiTxaJzJ0QGdFw,삼보 폴의 철권태그 TEKKEN SAMBO PAUL,"철권 태그 토너먼트 전문채널 
• 온라인 / 오프라인 / 해외철권
• 소통 / 정보 / 대전 / 공략 

🕹 유튜브 채널
http://www.youtube.com/@철권태그 

👑  후원 및 투네이션
https://toon.at/donate/namco
https://toon.at/donate/tekken 

🔔 철권태그 다운로드
https://open.kakao.com/o/gWOVRObi
(카카오톡 그룹채팅 : 익싸이팅 철권태그) 

💌 카카오톡
•삼보 폴의 철권태그 (오픈채팅)
•철권 (카카오톡 채널+ 공식)
📷 인스타그램
http://www.instagram.com/tekkenkorea
📖 페이스북
https://www.facebook.com/tekkentagtournamentkorea
🔔 틱톡 
http://www.tiktok.com/@tekkentagtounament
",2021-01-03 02:56:59,KR,Video_game_culture,@철권태그,,,1
UCZGG-8oJSConHG6z30PgF5w,지미이,"오버워치 , 종합게임, 소통
오후 10시에 키고 목, 금, 토는 방송 오래 가능(?)한 룰렛오픈

치지직  https://chzzk.naver.com/d0bde768133fa72877ed3e1d9b012fd8

팬카페 https://cafe.naver.com/jimii?email=2c3a8be937773a198a581c324a99123f

디스코드 https://discord.gg/fcVzabwstg

문의: jimii3282@gmail.com
",2018-07-24 04:26:37,KR,Video_game_culture,@지미이-n7q,,,1
UCZHBZUrLKMoL6FxpvdRzhKA,김명운TV [QUEENTUBE],스타1 전프로 김명운의 공식 유튜브채널입니다:) (ex starcraft progamer zero,2016-03-20 11:36:30,KR,Role-playing_video_game,@tvqueentube9060,,,1
UCN5789pKaFwqjVBvg6yws_w,종합 게임 채널 석도리,"구독해주시면 모두가 행복해집니다!
약간은 주인공 입장에 과몰입해서~
클린하게, 차분하게 게임하는 종합 게임 채널 석도리!

kingstar6035@gmail.com 문의 주세요 : )
모든 게임 추천 받습니다!

구독자님들 항상 복 받으세요!
",2020-01-30 07:17:22,KR,Video_game_culture,@seokdori,,,1
UCIxcZWLQpP-mUZC6_Uljc_Q,하얀별,,2021-01-24 07:08:18,KR,Role-playing_video_game,@yanbyeolkun,,,1
UCeTQ7hfxE5P0b5Jksps7EYQ,예솔 TFT,"TFT 공식 파트너 크리에이터

누구나 이해할 수 있게, 친절하게 설명하는 유튜브입니다.

저는 이해가 느리고, 게임이 늘 어렵게만 느껴졌습니다.
하지만 원리를 하나하나 차근차근 익히다 보니,
저 같은 사람도 잘할 수 있다는 걸 깨달았습니다.

쉽게 풀어주고 친절하게 설명한다면,
누구나 롤토체스를 잘할 수 있습니다.

이 채널은 어렵지 않게, 누구나 이해할 수 있도록
친절하고, 쉽고, 꼼꼼한 설명을 전하겠습니다.

( 시즌 6 챌린저 / ATS 기계와 장치 출전자 )
",2022-01-07 20:50:45,KR,Video_game_culture,@예솔tft,,,1
UCeiDuGZqWT4iiIXRTfhM3qQ,Player 5,I upload BotW and TotK speedrun stuff here,2020-07-17 02:29:53,US,Role-playing_video_game,@player5sr,,,1
UCeiQKedLZob9Cb797XfsrRw,세찬 SECHAN,"오버워치 게임 크리에이터입니다 :)

생방송은 매주 수, 금 저녁8시!


개인 문의 - powerup0502@naver.com
비지니스 문의 - ad@lolq.co.kr
2QNXYW@AICOMPANY
",2016-07-26 02:52:20,,Video_game_culture,@세찬sechan,,,1
UC5bjQxLK_3XVzIOTQ04sYeg,곰캐,"게임과 토크에 진심인 치지직 스트리머 '곰캐' 입니다. 라이브 방송은 치지직 링크를 이용해주세요!
",2015-07-07 04:00:16,KR,Role-playing_video_game,@gomcast,,,1
UCkcaRxpTcisadUeCbHOYTFw,전자오랏맨,,2011-12-22 09:44:32,KR,Video_game_culture,@oratman,,,1
UCa4clnMsHg6uJPpxKbxCEmA,마주 - 로블록스,"(구)하누 (현)마주의 로블록스 채널

이메일:
majumetagame@gmail.com
",2024-01-15 10:39:18,,Role-playing_video_game,@마주로블,,,1
UCa8Z4uUp51Aqtx4Fq4-3wMA,로블록스 코리아 Roblox Korea,"새로운 방식으로 사람들을 연결하는 버츄얼 공간, 
로블록스 코리아의 공식 계정입니다.
",2025-06-02 02:11:08,,Role-playing_video_game,@robloxkr,,,1
UCaCFlaIQAmiU_mLnZq5E-tA,아리토리에스,". . . [ 아시아 최초 리퍼 원챔 챔피언 ] ' 제라툴 ' 그리고 ' 아리토리에스 '  
오버워치의 ' 리퍼 ' _ ' 라마트라 ' 만을 주력으로, 전문적으로 다루는 유일한 채널입니다

2022년도에 활동 중단 후, 2년 후에 다시 ' 오버워치 2 ' 에 복귀해, 퐁아리_ ' 라마트라 ' 를 주력으로 하다가
' ' ' ' 4개월 후 ' ' ' ' 
= 제라툴_ ' 리퍼 ' 로 복귀 . . . . . 이유는 아래  첫 번째, 두 번째 링크를 . . .

실시간 라이브 방송은 바로 이곳 ' 유튜브 채널 ' 과 ' 치지직 ( 아래 링크 ) ' 에서 동시 송출로 진행됩니다 

https://www.youtube.com/watch?v=LVtuFNIK-U0&t=12s   이유 _ 1
https://www.youtube.com/watch?v=6DISyw3QLVM   이유 _ 2 

https://www.twitch.tv/fong8421 트위치 채널 (구)
https://x.com/Fong8421 트위터 채널
https://chzzk.naver.com/7696235f597ab027bf1ecdc35ad84e1a 치지직 채널 (신)

https://www.youtube.com/@Pong8421_Zeratul 퐁아리의 또 다른 세계
https://www.postype.com/@pong8421 아리토리에스_(제라툴) 의 그림 채널
https://cafe.naver.com/pong8421 아리토리에스_(제라툴) 팬 카페 (신)

zeratul2ro@gmail.com   소통을 할 수도 있는 이메일",2017-06-02 08:54:39,,Video_game_culture,@아리토리에스,,,1
UC7Fh4LtlazaQnzT84qCzl6A,퍼플이펙트,"마인크래프트 스피드러너
",2020-11-09 11:32:21,KR,Role-playing_video_game,@purpleeffect,,,1
UC7HGoKXL5Ucf9HsLACuG7Kg,Jk's Tube [제이케이TV],"안녕하세요. Jk's Tube [제이케이TV] 입니다.

스타크래프트 유즈맵을 취미로 하고 있습니다.

- Naver Cafe : https://cafe.naver.com/jkstube

- E-mail : ghghgl7356@naver.com


[Channel History]
Since : 2018.12.28
+ 2019.08.17 : 구독자 1000명
+ 2021.01.05 : 구독자 10000명

2018.12.28 – 2026.07.14
구독자 3.6만명 
여러분들 감사합니다.


",2017-07-08 14:20:13,KR,Role-playing_video_game,@jkstube,,,1
UC7JFI3G43m3_SnzDIgMKGTQ,NeuralAgent,,2011-10-27 00:15:34,US,Video_game_culture,@neuralagentcompany,,,1
UCoIEwIHhW-1_roLnb5nK_UA,행복한 세상의 워니 - 게임공략,"♣모바일게임 무소과금 전용 가이드,꿀팁을 알려드리는 채널
♣게임으로 소소한 행복 느끼기
♣광고문의 : li9305@naver.com
♣행복후원 : https://toon.at/donate/blisswonny777

❤️구독 / 좋아요 / 알람설정 / 댓글은 사랑입니다❤️

",2019-01-09 23:13:31,,Role-playing_video_game,@wonnyshappyworld,,,1
UCoQU5wtIxq0QGh80NHky82g,야생인 김만덕,- 문의 : king_mandeok@naver.com ,2021-03-12 12:08:22,,Video_game_culture,@kingmandeok,,,1
UCoYFo-lRD3pchMUtsBcEbOA,트할 Thal,"트할의 유튜브 채널
Thal YouTube

광고, 협찬 및 모든 문의는 아래 메일로 보내주세요
starfish@starfishentertainment.co.kr

Soop 생방송채널 : https://bj.afreecatv.com/poos69
",2012-10-13 11:20:27,KR,Video_game_culture,@thalyoutube877,,,1
UCohAQ_b61ew_t3dawFmZYJA,소티,,2022-02-20 09:22:27,KR,Role-playing_video_game,@sotimeri,,,1
UCooLkG0FfrkPBQsSuC95L6w,리그 오브 레전드,"안녕하세요, 라이엇 게임즈에서 제공하는 리그 오브 레전드 한국 공식 유튜브 채널입니다.
리그 오브 레전드는 확률형 아이템이 포함된 게임입니다.
",2012-06-25 01:46:56,KR,Strategy_video_game,@leagueoflegends-korea,,,1
UCxPMcxq7WJ32M3lnFn58Cpg,피파정보통 ,"FC온라인 정보 유튜브를 운영하고 있는 피파정보통 입니다!

업로드는 매일 7시 25~ 35분 8시 25~35분 9시 25~35분 사이 하루 3개씩 업로드 됩니다
",2022-12-16 07:53:04,KR,Video_game_culture,@피파정보통,,,1
UCxVspLehsLr4bfqbJLFkS0w,펠리르,"치지직에서 화, 수, 목, 금 밤 6시쯔음 생방송
항상 봐주시느라 고생하셨고 좋은 하루 되세요 ^0^

생방송｜https://chzzk.naver.com/0ec2ecf95f0512d7af38c5d630ff6a20
문의 및 팬아트｜rlatkddh1008@naver.com
팬카페｜예정
비즈니스 문의｜rlatkddh1008@naver.com


｜게임용 컴퓨터 사양

CPU : i7_10700F
쿨러 : DEEPCOOL GAMER STORM ASSASSIN 3
메인보드 : ASUS PRIME Z490-P
그래픽카드 : 갤럭시 RTX 3080 10GB
메모리 : 삼성전자 16GB 2개
SSD : 삼성 970 EVO Plus 1TB
HDD : WD BLUE 4TB
파워 : 델타 GPS-850HB 80PLUS PLATINUM
모니터 : LG전자 32GK850F 144Hz 프리싱크 HDR 게이밍 모니터
모니터 : LG전자 24인치 24MK430H
모니터 스탠드 : 카멜마운트 PMA-2 2개
마우스 : 스틸시리즈 라이벌
키보드 : 레오폴드 FC 660M
컨트롤러 : 엑스박스 4세대
마이크 : QUADCAST 게이밍 콘덴서 마이크 (디스코드용)

｜녹화 및 편집용 컴퓨터 사양

CPU : 라이젠 7 2700
쿨러 : 기본 CPU 쿨러
메인보드 : ASUS PRIME X370-PRO
그래픽카드 : MSI GTX 1060 6GB
메모리 : 삼성전자 8GB 2개
SSD : WD GREEN 480GB
HDD : WD BLUE 4TB, WD BLUE 1TBx2
파워 : 델타 GPS-650LB 80PLUS PLATINUM
모니터 : LG전자 27인치 27MK430H
마이크 : 슈어 MV7 + DM1 다이너마이트
마이크 스탠드 : 로데 PSA1
오디오 인터페이스 : 야마하 AG03
녹화용 부품 : 엘가토 4K60 PRO
",2010-11-06 06:32:19,KR,Role-playing_video_game,@rlatkddh1008,,,1
