app_id,collected_at,num_reviews_sampled,avg_review_length,positive_ratio_sampled,avg_playtime_at_review,early_access_review_ratio,steam_purchase_ratio,top_languages
1245620,2026-08-09 18:30:01,100,88.2,0.92,8239.4,0.0,0.64,english;schinese;russian
570,2026-08-09 18:30:06,100,37.4,0.64,54279.9,0.0,1.0,russian;english;brazilian
730,2026-08-09 18:30:11,100,33.8,0.81,28149.3,0.0,1.0,russian;english;spanish
578080,2026-08-09 18:30:15,100,39.1,0.72,33288.8,0.0,1.0,schinese;russian;english
271590,2026-08-09 18:30:20,100,37.1,0.9,20235.2,0.0,0.91,english;russian;schinese
1086940,2026-08-09 18:30:25,100,109.7,0.97,10451.6,0.0,0.86,english;schinese;russian
1091500,2026-08-09 18:30:30,100,113.0,0.97,4021.8,0.0,0.93,english;schinese;russian
413150,2026-08-09 18:30:34,100,52.9,0.99,5895.3,0.0,0.87,schinese;english;brazilian
252490,2026-08-09 18:30:39,100,45.7,0.82,24396.6,0.0,0.89,russian;english;turkish
1174180,2026-08-09 18:30:45,100,70.4,0.96,4775.2,0.0,0.89,english;schinese;brazilian
292030,2026-08-09 18:30:50,100,164.9,0.97,6060.2,0.0,0.94,english;schinese;russian
359550,2026-08-09 18:30:55,100,55.8,0.77,12868.8,0.0,1.0,english;german;schinese
1172470,2026-08-09 18:31:00,100,45.4,0.66,25242.6,0.0,1.0,schinese;english;french
105600,2026-08-09 18:31:04,100,62.9,0.95,10591.0,0.0,0.84,english;russian;schinese
431960,2026-08-09 18:31:09,100,22.5,0.98,11122.7,0.0,0.92,schinese;english;russian
550,2026-08-09 18:31:14,100,105.2,0.94,4244.4,0.0,0.89,schinese;english;russian
4000,2026-08-09 18:31:19,100,64.0,0.95,6568.6,0.0,0.86,russian;english;brazilian
322330,2026-08-09 18:31:23,100,43.7,0.91,7111.0,0.0,0.76,schinese;english;russian
1085660,2026-08-09 18:31:28,100,146.4,0.85,30939.7,0.0,1.0,english;russian;schinese
230410,2026-08-09 18:31:33,100,75.6,0.97,35596.2,0.0,1.0,english;schinese;spanish
236390,2026-08-09 18:31:37,100,79.4,0.65,14671.2,0.0,1.0,english;russian;schinese
218620,2026-08-09 18:31:42,100,158.1,0.93,7077.1,0.0,0.77,english;russian;spanish
1966720,2026-08-09 18:31:47,100,74.0,0.92,5747.6,1.0,0.77,english;russian;spanish
1145360,2026-08-09 18:31:52,100,160.8,0.99,2646.3,0.0,0.98,english;schinese;russian
892970,2026-08-09 18:31:56,100,141.0,0.88,13461.6,1.0,0.72,english;russian;german
739630,2026-08-09 18:32:01,100,114.2,0.91,3738.4,1.0,0.75,english;russian;spanish
648800,2026-08-09 18:32:05,100,79.5,0.91,3332.0,0.0,0.84,english;schinese;russian
251570,2026-08-09 18:32:10,100,117.1,0.92,25877.8,0.0,0.54,english;schinese;russian
646570,2026-08-09 18:32:15,100,56.7,0.93,2929.3,0.0,0.98,schinese;english;koreana
275850,2026-08-09 18:32:20,100,317.0,0.93,8713.3,0.0,0.71,english;schinese;russian
990080,2026-08-09 18:32:24,100,202.3,0.85,2808.4,0.0,0.73,english;schinese;brazilian
2358720,2026-08-09 18:32:29,100,58.1,0.9,4255.8,0.0,0.77,schinese;english;russian
289070,2026-08-09 18:32:34,100,59.3,0.94,11424.5,0.0,0.73,schinese;english;koreana
255710,2026-08-09 18:32:39,100,62.1,0.91,9139.1,0.0,0.8,english;schinese;german
294100,2026-08-09 18:32:44,100,112.2,0.95,20429.9,0.0,0.86,english;schinese;russian
227300,2026-08-09 18:32:48,100,42.4,0.96,5637.9,0.0,0.92,russian;english;schinese
1203220,2026-08-09 18:32:54,100,105.5,0.54,45309.8,0.0,1.0,schinese;english;russian
2050650,2026-08-09 18:32:58,100,73.4,0.93,1913.5,0.0,0.68,schinese;english;russian
381210,2026-08-09 18:33:03,100,117.3,0.74,13250.9,0.0,0.71,english;russian;schinese
620,2026-08-09 18:33:08,100,151.8,0.95,1528.3,0.0,0.87,english;russian;schinese
440,2026-08-09 18:33:13,100,57.0,0.95,7177.4,0.0,1.0,english;russian;turkish
1817070,2026-08-09 18:33:17,100,347.1,0.97,1386.8,0.0,0.75,english;russian;schinese
1245620,2026-08-10 06:30:02,100,137.5,0.95,8342.3,0.0,0.69,english;russian;brazilian
570,2026-08-10 06:30:07,100,87.3,0.66,92614.8,0.0,1.0,russian;english;schinese
730,2026-08-10 06:30:11,100,42.8,0.77,27264.7,0.0,1.0,russian;schinese;english
578080,2026-08-10 06:30:16,100,49.5,0.7,29832.3,0.0,1.0,schinese;russian;english
271590,2026-08-10 06:30:20,100,36.4,0.93,21186.7,0.0,0.88,english;russian;brazilian
1086940,2026-08-10 06:30:25,100,107.5,0.97,12425.2,0.0,0.86,english;brazilian;spanish
1091500,2026-08-10 06:30:30,100,181.3,0.93,3943.2,0.0,0.93,english;schinese;brazilian
413150,2026-08-10 06:30:35,100,92.2,0.99,7613.5,0.0,0.88,english;schinese;brazilian
252490,2026-08-10 06:30:39,100,134.0,0.83,31472.1,0.0,0.9,english;russian;spanish
1174180,2026-08-10 06:30:44,100,61.4,0.99,5069.6,0.0,0.86,english;schinese;spanish
292030,2026-08-10 06:30:48,100,277.3,0.99,5442.5,0.0,0.97,english;russian;brazilian
359550,2026-08-10 06:30:53,100,51.6,0.71,12001.4,0.0,1.0,english;schinese;polish
1172470,2026-08-10 06:30:57,100,71.0,0.73,20822.1,0.0,1.0,english;schinese;russian
105600,2026-08-10 06:31:02,100,67.2,0.98,13023.1,0.0,0.85,english;schinese;spanish
431960,2026-08-10 06:31:07,100,27.9,0.97,4574.3,0.0,0.96,schinese;english;brazilian
550,2026-08-10 06:31:11,100,135.3,0.95,11960.6,0.0,0.89,spanish;english;schinese
4000,2026-08-10 06:31:16,100,50.1,0.94,13297.0,0.0,0.91,english;russian;spanish
322330,2026-08-10 06:31:21,100,54.2,0.91,8569.8,0.0,0.77,schinese;english;russian
1085660,2026-08-10 06:31:25,100,140.4,0.83,47752.8,0.0,1.0,english;schinese;brazilian
230410,2026-08-10 06:31:30,100,178.6,0.92,31438.8,0.0,1.0,english;schinese;brazilian
236390,2026-08-10 06:31:35,100,142.5,0.7,22512.4,0.0,1.0,english;russian;schinese
218620,2026-08-10 06:31:39,100,165.2,0.92,6078.6,0.0,0.78,english;russian;spanish
1966720,2026-08-10 06:31:44,100,69.7,0.97,5525.4,1.0,0.81,english;russian;koreana
1145360,2026-08-10 06:31:49,100,197.6,0.97,2743.4,0.0,0.96,english;schinese;turkish
892970,2026-08-10 06:31:53,100,195.1,0.9,12727.6,1.0,0.76,english;russian;german
739630,2026-08-10 06:31:58,100,96.7,0.88,4028.4,1.0,0.81,english;russian;schinese
648800,2026-08-10 06:32:03,100,111.8,0.91,3367.9,0.0,0.82,english;schinese;russian
251570,2026-08-10 06:32:07,100,117.1,0.92,25877.8,0.0,0.54,english;schinese;russian
646570,2026-08-10 06:32:12,100,52.0,0.94,3184.5,0.0,0.99,schinese;english;spanish
275850,2026-08-10 06:32:17,100,160.7,0.96,10805.6,0.0,0.8,english;schinese;spanish
990080,2026-08-10 06:32:22,100,222.7,0.85,2919.3,0.0,0.73,english;brazilian;schinese
2358720,2026-08-10 06:32:26,100,58.8,0.9,3569.4,0.0,0.74,schinese;english;brazilian
289070,2026-08-10 06:32:31,100,73.9,0.93,16912.5,0.0,0.74,schinese;english;spanish
255710,2026-08-10 06:32:36,100,60.5,0.93,8535.0,0.0,0.79,english;schinese;russian
294100,2026-08-10 06:32:41,100,102.2,0.98,21046.0,0.0,0.87,english;russian;schinese
227300,2026-08-10 06:32:45,100,69.7,0.93,7179.0,0.0,0.85,russian;english;turkish
1203220,2026-08-10 06:32:50,100,95.0,0.54,45263.1,0.0,1.0,schinese;english;russian
2050650,2026-08-10 06:32:55,100,106.7,0.99,1829.1,0.0,0.79,english;spanish;schinese
381210,2026-08-10 06:32:59,100,134.6,0.74,16373.7,0.0,0.77,english;spanish;russian
620,2026-08-10 06:33:04,100,149.5,0.98,1385.5,0.0,0.83,english;russian;spanish
440,2026-08-10 06:33:09,100,76.7,0.94,30630.3,0.0,1.0,english;russian;spanish
1817070,2026-08-10 06:33:14,100,85.8,0.98,1399.6,0.0,0.72,english;spanish;brazilian
1245620,2026-08-12 06:30:01,100,157.4,0.84,6754.7,0.0,0.64,english;russian;schinese
570,2026-08-12 06:30:07,100,40.7,0.69,68620.6,0.0,1.0,russian;english;spanish
730,2026-08-12 06:30:12,100,101.7,0.79,25874.9,0.0,1.0,russian;english;schinese
578080,2026-08-12 06:30:17,100,29.0,0.91,47947.6,0.0,1.0,schinese;koreana;english
271590,2026-08-12 06:30:22,100,51.3,0.91,18092.3,0.0,0.91,english;russian;brazilian
1086940,2026-08-12 06:30:27,100,261.4,0.96,10987.7,0.0,0.89,english;russian;spanish
1091500,2026-08-12 06:30:32,100,98.1,0.97,5254.6,0.0,0.91,english;schinese;spanish
413150,2026-08-12 06:30:36,100,75.2,0.98,8683.1,0.0,0.88,english;schinese;koreana
252490,2026-08-12 06:30:41,100,98.7,0.84,43864.0,0.0,0.84,english;russian;turkish
1174180,2026-08-12 06:30:46,100,69.3,0.98,5658.7,0.0,0.88,english;schinese;spanish
292030,2026-08-12 06:30:51,100,129.7,0.96,4678.1,0.0,0.95,english;russian;schinese
359550,2026-08-12 06:30:56,100,53.4,0.69,12747.8,0.0,1.0,english;schinese;spanish
1172470,2026-08-12 06:31:01,100,87.3,0.68,19048.3,0.0,1.0,english;schinese;russian
105600,2026-08-12 06:31:06,100,49.8,0.95,8625.1,0.0,0.77,english;schinese;russian
431960,2026-08-12 06:31:11,100,28.9,0.98,7920.3,0.0,0.93,schinese;english;russian
550,2026-08-12 06:31:15,100,59.6,0.99,10412.7,0.0,0.86,spanish;english;schinese
4000,2026-08-12 06:31:20,100,46.5,0.98,7349.8,0.0,0.91,english;spanish;schinese
322330,2026-08-12 06:31:24,100,32.8,0.92,6364.1,0.0,0.84,schinese;russian;english
1085660,2026-08-12 06:31:29,100,166.4,0.76,47590.8,0.0,1.0,english;schinese;french
230410,2026-08-12 06:31:33,100,131.4,0.89,38963.9,0.0,1.0,english;schinese;russian
236390,2026-08-12 06:31:38,100,58.3,0.72,20532.6,0.0,1.0,english;russian;schinese
218620,2026-08-12 06:31:42,100,80.2,0.96,7304.4,0.0,0.77,english;russian;schinese
1966720,2026-08-12 06:31:47,100,116.2,0.88,4677.3,1.0,0.66,english;russian;brazilian
1145360,2026-08-12 06:31:52,100,201.5,0.95,2675.2,0.0,0.95,english;schinese;russian
892970,2026-08-12 06:31:57,100,283.6,0.85,12885.0,1.0,0.8,english;russian;spanish
739630,2026-08-12 06:32:01,100,97.5,0.9,3415.2,1.0,0.81,english;russian;spanish
648800,2026-08-12 06:32:06,100,45.6,0.88,2049.2,0.0,0.85,schinese;english;russian
1245620,2026-08-08 06:30:02,100,104.7,0.93,11149.0,0.0,0.72,english;schinese;russian
570,2026-08-08 06:30:07,100,52.3,0.7,102792.3,0.0,1.0,russian;english;schinese
730,2026-08-08 06:30:11,100,39.8,0.76,27821.6,0.0,1.0,english;schinese;russian
578080,2026-08-08 06:30:16,100,33.3,0.74,19020.8,0.0,1.0,schinese;english;russian
271590,2026-08-08 06:30:21,100,66.4,0.94,17706.4,0.0,0.91,russian;english;brazilian
1086940,2026-08-08 06:30:25,100,140.0,0.96,10087.8,0.0,0.9,english;schinese;russian
1091500,2026-08-08 06:30:30,100,92.8,0.92,3763.6,0.0,0.97,english;schinese;brazilian
413150,2026-08-08 06:30:35,100,91.2,0.98,6776.4,0.0,0.86,english;schinese;brazilian
252490,2026-08-08 06:30:39,100,96.5,0.8,46762.0,0.0,0.89,english;russian;turkish
1174180,2026-08-08 06:30:44,100,83.6,0.94,7190.3,0.0,0.96,english;schinese;spanish
292030,2026-08-08 06:30:49,100,73.2,0.92,5152.2,0.0,0.93,english;schinese;russian
359550,2026-08-08 06:30:54,100,82.7,0.73,13529.9,0.0,1.0,english;spanish;schinese
1172470,2026-08-08 06:30:58,100,41.5,0.69,16987.8,0.0,1.0,english;schinese;french
105600,2026-08-08 06:31:03,100,104.0,0.88,9857.4,0.0,0.81,english;spanish;russian
431960,2026-08-08 06:31:07,100,24.1,0.99,10511.9,0.0,0.94,schinese;english;spanish
550,2026-08-08 06:31:12,100,46.5,0.98,7473.4,0.0,0.78,spanish;english;latam
4000,2026-08-08 06:31:17,100,53.9,0.96,13030.2,0.0,0.82,english;spanish;brazilian
322330,2026-08-08 06:31:21,100,67.7,0.9,9943.6,0.0,0.8,schinese;russian;english
1085660,2026-08-08 06:31:26,100,232.2,0.8,27429.9,0.0,1.0,english;schinese;russian
230410,2026-08-08 06:31:30,100,135.2,0.88,28839.0,0.0,1.0,english;schinese;russian
236390,2026-08-08 06:31:35,100,104.4,0.6,22618.7,0.0,1.0,english;schinese;russian
218620,2026-08-08 06:31:39,100,208.3,0.91,8222.9,0.0,0.71,english;russian;spanish
1966720,2026-08-08 06:31:44,100,109.2,0.89,3011.7,1.0,0.86,english;russian;polish
1145360,2026-08-08 06:31:49,100,118.2,0.97,2155.4,0.0,0.97,english;schinese;spanish
892970,2026-08-08 06:31:54,100,167.3,0.9,11104.6,1.0,0.82,english;russian;brazilian
739630,2026-08-08 06:31:59,100,87.2,0.85,2867.9,1.0,0.78,english;russian;spanish
648800,2026-08-08 06:32:03,100,86.2,0.91,2884.4,0.0,0.87,english;russian;schinese
251570,2026-08-08 06:32:08,100,117.1,0.92,25877.8,0.0,0.54,english;schinese;russian
646570,2026-08-08 06:32:13,100,74.9,0.87,3793.0,0.0,0.89,schinese;english;koreana
275850,2026-08-08 06:32:18,100,178.7,0.9,6851.1,0.0,0.73,english;schinese;spanish
990080,2026-08-08 06:32:22,100,262.9,0.85,2820.4,0.0,0.78,english;schinese;brazilian
2358720,2026-08-08 06:32:27,100,46.0,0.91,4499.9,0.0,0.77,schinese;english;spanish
289070,2026-08-08 06:32:32,100,52.1,0.9,13975.6,0.0,0.77,schinese;english;russian
255710,2026-08-08 06:32:37,100,50.1,0.91,7742.0,0.0,0.79,english;schinese;spanish
294100,2026-08-08 06:32:42,100,133.6,0.95,17779.4,0.0,0.86,english;russian;schinese
227300,2026-08-08 06:32:47,100,69.6,0.9,11920.3,0.0,0.8,english;russian;brazilian
1203220,2026-08-08 06:32:51,100,46.3,0.54,33195.5,0.0,1.0,schinese;english;russian
2050650,2026-08-08 06:32:56,100,90.4,0.99,2343.0,0.0,0.81,english;schinese;brazilian
381210,2026-08-08 06:33:01,100,91.3,0.78,16865.5,0.0,0.78,english;russian;brazilian
620,2026-08-08 06:33:05,100,83.0,0.95,1257.8,0.0,0.9,english;russian;spanish
440,2026-08-08 06:33:10,100,75.0,0.9,15540.2,0.0,1.0,english;russian;spanish
1817070,2026-08-08 06:33:14,100,58.2,0.96,1558.5,0.0,0.81,english;brazilian;spanish
1245620,2026-08-11 06:30:01,100,137.1,0.93,11194.4,0.0,0.64,english;russian;schinese
570,2026-08-11 06:30:08,100,43.3,0.77,102920.2,0.0,1.0,russian;english;spanish
730,2026-08-11 06:30:13,100,38.2,0.76,28399.2,0.0,1.0,english;russian;schinese
578080,2026-08-11 06:30:18,100,48.4,0.79,31387.2,0.0,1.0,schinese;english;russian
271590,2026-08-11 06:30:24,100,47.1,0.9,24058.2,0.0,0.88,english;brazilian;russian
1086940,2026-08-11 06:30:29,100,99.7,0.94,11625.0,0.0,0.92,english;spanish;schinese
1091500,2026-08-11 06:30:34,100,211.2,0.96,5812.5,0.0,0.94,english;schinese;brazilian
413150,2026-08-11 06:30:39,100,64.7,0.98,7020.4,0.0,0.88,english;schinese;brazilian
252490,2026-08-11 06:30:45,100,135.3,0.81,47118.6,0.0,0.81,english;russian;turkish
1174180,2026-08-11 06:30:50,100,123.8,0.94,7016.4,0.0,0.87,english;schinese;brazilian
292030,2026-08-11 06:30:55,100,155.5,0.94,4965.5,0.0,0.97,english;russian;schinese
359550,2026-08-11 06:31:00,100,81.4,0.72,20081.8,0.0,1.0,english;spanish;brazilian
1172470,2026-08-11 06:31:06,100,85.5,0.71,20675.0,0.0,1.0,english;schinese;russian
105600,2026-08-11 06:31:10,100,58.8,0.92,12926.7,0.0,0.78,english;schinese;spanish
431960,2026-08-11 06:31:15,100,36.6,0.97,6221.8,0.0,0.93,schinese;english;brazilian
550,2026-08-11 06:31:20,100,60.5,0.97,6188.5,0.0,0.86,spanish;english;latam
4000,2026-08-11 06:31:25,100,43.9,0.97,15273.9,0.0,0.86,english;russian;spanish
322330,2026-08-11 06:31:30,100,53.8,0.8,12883.0,0.0,0.86,schinese;russian;english
1085660,2026-08-11 06:31:35,100,127.4,0.78,51534.2,0.0,1.0,english;schinese;brazilian
230410,2026-08-11 06:31:40,100,88.5,0.9,19413.0,0.0,1.0,english;schinese;brazilian
236390,2026-08-11 06:31:45,100,106.5,0.63,27920.9,0.0,1.0,english;schinese;russian
218620,2026-08-11 06:31:50,100,98.1,0.95,8237.2,0.0,0.85,english;russian;spanish
1966720,2026-08-11 06:31:55,100,72.0,0.93,5636.7,1.0,0.74,english;russian;koreana
1145360,2026-08-11 06:32:00,100,240.6,0.95,2561.3,0.0,0.95,english;brazilian;russian
892970,2026-08-11 06:32:05,100,243.2,0.87,9552.5,1.0,0.79,english;russian;spanish
739630,2026-08-11 06:32:09,100,74.5,0.84,2715.9,1.0,0.81,english;russian;schinese
648800,2026-08-11 06:32:14,100,153.3,0.83,2192.8,0.0,0.83,english;schinese;russian
251570,2026-08-11 06:32:19,100,117.1,0.92,25877.8,0.0,0.54,english;schinese;russian
646570,2026-08-11 06:32:24,100,44.7,0.95,3034.8,0.0,0.95,schinese;english;spanish
275850,2026-08-11 06:32:28,100,302.0,0.92,10235.0,0.0,0.78,english;schinese;spanish
990080,2026-08-11 06:32:33,100,180.3,0.87,3490.9,0.0,0.74,english;schinese;russian
2358720,2026-08-11 06:32:38,100,83.1,0.86,3031.1,0.0,0.69,schinese;english;russian
289070,2026-08-11 06:32:42,100,86.0,0.9,17431.5,0.0,0.7,schinese;english;koreana
255710,2026-08-11 06:32:47,100,85.9,0.93,8785.5,0.0,0.81,english;schinese;russian
294100,2026-08-11 06:32:52,100,160.2,0.96,29287.8,0.0,0.84,english;russian;schinese
227300,2026-08-11 06:32:57,100,51.7,0.94,5727.8,0.0,0.84,russian;english;turkish
1203220,2026-08-11 06:33:01,100,93.1,0.54,47128.6,0.0,1.0,schinese;english;russian
2050650,2026-08-11 06:33:07,100,101.4,0.98,1641.2,0.0,0.75,english;brazilian;schinese
381210,2026-08-11 06:33:11,100,131.3,0.74,22655.1,0.0,0.77,english;brazilian;schinese
620,2026-08-11 06:33:16,100,174.0,0.98,920.7,0.0,0.88,english;russian;spanish
440,2026-08-11 06:33:21,100,92.7,0.92,11542.1,0.0,1.0,english;russian;spanish
1817070,2026-08-11 06:33:25,100,118.5,0.98,1753.3,0.0,0.72,english;brazilian;spanish
251570,2026-08-12 06:32:10,100,117.1,0.92,25877.8,0.0,0.54,english;schinese;russian
646570,2026-08-12 06:32:15,100,59.5,0.98,3084.0,0.0,0.95,schinese;english;koreana
275850,2026-08-12 06:32:20,100,202.3,0.96,8224.5,0.0,0.7,english;schinese;spanish
990080,2026-08-12 06:32:24,100,247.4,0.85,3289.6,0.0,0.72,english;schinese;brazilian
2358720,2026-08-12 06:32:29,100,120.7,0.91,3884.6,0.0,0.74,schinese;english;spanish
289070,2026-08-12 06:32:34,100,122.4,0.86,14952.3,0.0,0.72,schinese;english;koreana
255710,2026-08-12 06:32:39,100,84.7,0.95,12964.9,0.0,0.81,english;schinese;russian
294100,2026-08-12 06:32:43,100,120.6,0.96,34175.0,0.0,0.82,english;russian;schinese
227300,2026-08-12 06:32:48,100,71.6,0.96,10655.8,0.0,0.85,russian;english;brazilian
1203220,2026-08-12 06:32:53,100,88.2,0.56,46818.3,0.0,1.0,schinese;english;russian
2050650,2026-08-12 06:32:57,100,90.7,0.97,2077.0,0.0,0.77,english;schinese;brazilian
381210,2026-08-12 06:33:02,100,255.9,0.77,18335.9,0.0,0.74,english;russian;spanish
620,2026-08-12 06:33:06,100,119.8,0.98,1353.0,0.0,0.9,english;russian;spanish
440,2026-08-12 06:33:11,100,61.7,0.97,15712.2,0.0,1.0,english;russian;spanish
1817070,2026-08-12 06:33:16,100,148.9,0.95,1937.3,0.0,0.71,english;brazilian;spanish
1245620,2026-08-12 18:30:02,100,88.3,0.91,8732.3,0.0,0.67,english;schinese;russian
570,2026-08-12 18:30:07,100,79.3,0.66,54852.1,0.0,1.0,russian;english;ukrainian
730,2026-08-12 18:30:11,100,23.0,0.83,27033.3,0.0,1.0,russian;english;turkish
578080,2026-08-12 18:30:16,100,70.1,0.71,32174.9,0.0,1.0,schinese;russian;english
271590,2026-08-12 18:30:21,100,131.4,0.89,23384.0,0.0,0.86,english;russian;schinese
1086940,2026-08-12 18:30:25,100,129.2,0.96,11100.6,0.0,0.92,english;schinese;russian
1091500,2026-08-12 18:30:30,100,168.7,0.93,3535.1,0.0,0.95,schinese;english;russian
413150,2026-08-12 18:30:34,100,57.0,0.99,8678.4,0.0,0.84,schinese;english;russian
252490,2026-08-12 18:30:39,100,48.6,0.79,19621.5,0.0,0.75,russian;english;turkish
1174180,2026-08-12 18:30:43,100,74.4,0.94,6931.5,0.0,0.87,schinese;english;russian
292030,2026-08-12 18:30:48,100,102.2,0.96,4548.4,0.0,0.94,english;schinese;russian
359550,2026-08-12 18:30:53,100,51.6,0.7,12998.3,0.0,1.0,english;schinese;german
1245620,2026-08-07 16:04:04,100,110.6,0.94,7827.7,0.0,0.64,english;schinese;koreana
570,2026-08-07 16:04:09,100,98.5,0.68,72317.9,0.0,1.0,russian;english;schinese
730,2026-08-07 16:04:14,100,52.0,0.77,35684.7,0.0,1.0,english;russian;schinese
578080,2026-08-07 16:04:19,100,26.0,0.6,18312.8,0.0,1.0,schinese;russian;english
271590,2026-08-07 16:04:24,100,32.5,0.96,15813.6,0.0,0.83,russian;english;schinese
1086940,2026-08-07 16:04:29,100,103.7,0.93,9179.2,0.0,0.9,english;schinese;russian
1091500,2026-08-07 16:04:34,100,123.4,0.97,4089.0,0.0,0.92,schinese;english;russian
413150,2026-08-07 16:04:39,100,53.2,0.97,6586.3,0.0,0.9,schinese;english;koreana
252490,2026-08-07 16:04:44,100,95.0,0.83,24636.2,0.0,0.84,russian;english;turkish
1174180,2026-08-07 16:04:49,100,90.4,0.95,5119.9,0.0,0.87,english;schinese;russian
292030,2026-08-07 16:04:53,100,144.4,0.93,5619.0,0.0,0.95,english;schinese;russian
359550,2026-08-07 16:04:58,100,77.2,0.7,9651.2,0.0,1.0,english;schinese;italian
1172470,2026-08-07 16:05:03,100,48.2,0.64,25291.5,0.0,1.0,schinese;english;russian
105600,2026-08-07 16:05:08,100,76.0,0.92,8349.0,0.0,0.85,schinese;english;russian
431960,2026-08-07 16:05:13,100,19.3,0.95,12172.7,0.0,0.94,schinese;russian;english
550,2026-08-07 16:05:19,100,56.5,0.97,8079.6,0.0,0.9,english;schinese;spanish
4000,2026-08-07 16:05:24,100,73.3,0.91,5919.2,0.0,0.9,russian;english;schinese
322330,2026-08-07 16:05:29,100,93.3,0.91,11959.1,0.0,0.72,schinese;russian;english
1085660,2026-08-07 16:05:34,100,216.8,0.76,33981.1,0.0,1.0,english;schinese;russian
230410,2026-08-07 16:05:39,100,200.6,0.93,33697.7,0.0,1.0,english;schinese;russian
236390,2026-08-07 16:05:43,100,90.9,0.7,19406.0,0.0,1.0,schinese;russian;english
218620,2026-08-07 16:05:48,100,190.7,0.93,10761.5,0.0,0.76,english;russian;spanish
1966720,2026-08-07 16:05:53,100,105.7,0.92,2868.2,1.0,0.85,english;russian;turkish
1145360,2026-08-07 16:05:58,100,225.1,0.97,2242.3,0.0,0.93,english;schinese;spanish
892970,2026-08-07 16:06:03,100,186.4,0.88,9854.4,1.0,0.81,english;russian;spanish
739630,2026-08-07 16:06:08,100,156.4,0.82,3951.4,1.0,0.8,english;russian;spanish
648800,2026-08-07 16:06:13,100,75.0,0.9,2402.5,0.0,0.89,schinese;english;russian
251570,2026-08-07 16:06:17,100,117.1,0.92,25877.8,0.0,0.54,english;schinese;russian
646570,2026-08-07 16:06:23,100,99.0,0.89,4042.2,0.0,0.89,schinese;english;russian
275850,2026-08-07 16:06:28,100,175.7,0.9,7614.4,0.0,0.72,english;russian;schinese
990080,2026-08-07 16:06:32,100,215.9,0.84,2549.7,0.0,0.72,english;brazilian;schinese
2358720,2026-08-07 16:06:38,100,54.7,0.91,3637.3,0.0,0.76,schinese;english;russian
289070,2026-08-07 16:06:43,100,56.4,0.87,12937.6,0.0,0.75,schinese;english;russian
255710,2026-08-07 16:06:47,100,59.3,0.9,6231.9,0.0,0.82,english;schinese;spanish
294100,2026-08-07 16:06:53,100,160.4,0.93,22647.4,0.0,0.88,english;russian;schinese
227300,2026-08-07 16:06:59,100,199.0,0.96,11620.3,0.0,0.91,russian;english;schinese
1203220,2026-08-07 16:07:04,100,48.0,0.57,35931.2,0.0,1.0,schinese;english;russian
2050650,2026-08-07 16:07:09,100,94.9,0.96,1907.5,0.0,0.72,schinese;english;russian
381210,2026-08-07 16:07:13,100,72.5,0.74,13959.9,0.0,0.81,english;russian;schinese
620,2026-08-07 16:07:18,100,69.4,0.96,1702.3,0.0,0.91,english;russian;spanish
440,2026-08-07 16:07:23,100,88.4,0.89,8751.1,0.0,1.0,english;russian;spanish
1817070,2026-08-07 16:07:28,100,79.0,0.96,1134.1,0.0,0.83,english;russian;schinese
1245620,2026-08-07 18:30:01,100,125.9,0.95,8220.6,0.0,0.64,english;schinese;russian
570,2026-08-07 18:30:06,100,42.2,0.68,64776.1,0.0,1.0,russian;english;schinese
730,2026-08-07 18:30:11,100,49.4,0.79,23675.6,0.0,1.0,russian;english;polish
578080,2026-08-07 18:30:15,100,31.7,0.62,30559.9,0.0,1.0,schinese;russian;english
271590,2026-08-07 18:30:20,100,31.2,0.95,16497.7,0.0,0.84,russian;english;schinese
1086940,2026-08-07 18:30:25,100,79.9,0.92,11006.3,0.0,0.87,schinese;english;russian
1091500,2026-08-07 18:30:30,100,201.2,0.94,4931.1,0.0,0.93,english;schinese;russian
413150,2026-08-07 18:30:34,100,53.3,0.96,5981.6,0.0,0.92,schinese;english;russian
252490,2026-08-07 18:30:39,100,97.8,0.85,31416.0,0.0,0.83,russian;english;turkish
1174180,2026-08-07 18:30:44,100,94.6,0.93,5362.6,0.0,0.87,schinese;english;russian
292030,2026-08-07 18:30:49,100,91.1,0.94,5644.7,0.0,0.96,english;schinese;russian
359550,2026-08-07 18:30:53,100,84.3,0.7,11939.0,0.0,1.0,english;schinese;spanish
1172470,2026-08-07 18:30:58,100,59.8,0.64,17478.3,0.0,1.0,schinese;english;russian
105600,2026-08-07 18:31:02,100,81.1,0.92,10042.9,0.0,0.87,english;russian;schinese
431960,2026-08-07 18:31:07,100,20.1,0.92,8013.8,0.0,0.92,schinese;english;russian
550,2026-08-07 18:31:12,100,58.0,0.97,7986.3,0.0,0.86,english;schinese;spanish
4000,2026-08-07 18:31:16,100,59.9,0.92,6798.7,0.0,0.91,russian;english;schinese
322330,2026-08-07 18:31:21,100,95.3,0.91,12432.2,0.0,0.75,schinese;russian;english
1085660,2026-08-07 18:31:26,100,220.2,0.77,29260.1,0.0,1.0,english;schinese;russian
230410,2026-08-07 18:31:31,100,174.1,0.92,29860.8,0.0,1.0,english;schinese;russian
236390,2026-08-07 18:31:36,100,105.0,0.7,24501.8,0.0,1.0,russian;schinese;english
218620,2026-08-07 18:31:42,100,187.8,0.93,10793.9,0.0,0.75,english;russian;spanish
1966720,2026-08-07 18:31:47,100,106.1,0.92,2777.9,1.0,0.85,english;russian;turkish
1145360,2026-08-07 18:31:52,100,215.9,0.97,2227.9,0.0,0.96,english;schinese;spanish
892970,2026-08-07 18:31:56,100,184.7,0.91,9783.3,1.0,0.83,english;russian;brazilian
739630,2026-08-07 18:32:01,100,101.0,0.83,3376.2,1.0,0.76,english;russian;schinese
648800,2026-08-07 18:32:06,100,92.1,0.9,2402.4,0.0,0.89,schinese;english;russian
251570,2026-08-07 18:32:10,100,117.1,0.92,25877.8,0.0,0.54,english;schinese;russian
646570,2026-08-07 18:32:15,100,90.9,0.88,4024.7,0.0,0.89,schinese;english;russian
275850,2026-08-07 18:32:20,100,182.2,0.89,7751.2,0.0,0.74,english;schinese;russian
990080,2026-08-07 18:32:25,100,242.3,0.84,2479.4,0.0,0.74,english;schinese;brazilian
2358720,2026-08-07 18:32:30,100,54.8,0.91,3857.0,0.0,0.76,schinese;english;russian
289070,2026-08-07 18:32:35,100,56.6,0.88,13837.9,0.0,0.75,schinese;english;russian
255710,2026-08-07 18:32:39,100,58.4,0.89,6223.9,0.0,0.81,english;schinese;spanish
294100,2026-08-07 18:32:44,100,157.3,0.95,24629.4,0.0,0.88,english;russian;schinese
227300,2026-08-07 18:32:49,100,159.2,0.94,10746.9,0.0,0.87,russian;english;turkish
1203220,2026-08-07 18:32:54,100,47.9,0.56,36901.7,0.0,1.0,schinese;english;russian
2050650,2026-08-07 18:32:58,100,102.0,0.98,1925.9,0.0,0.74,schinese;english;russian
381210,2026-08-07 18:33:03,100,117.5,0.74,18568.9,0.0,0.74,english;russian;schinese
620,2026-08-07 18:33:08,100,70.6,0.96,1755.8,0.0,0.89,english;russian;schinese
440,2026-08-07 18:33:12,100,58.9,0.93,7285.4,0.0,1.0,english;russian;spanish
1817070,2026-08-07 18:33:17,100,60.1,0.93,1089.1,0.0,0.85,english;schinese;russian
1245620,2026-08-08 18:30:02,100,136.4,0.86,10020.0,0.0,0.67,english;schinese;russian
570,2026-08-08 18:30:07,100,38.6,0.7,85892.8,0.0,1.0,russian;english;ukrainian
730,2026-08-08 18:30:11,100,38.4,0.79,25380.4,0.0,1.0,english;russian;brazilian
578080,2026-08-08 18:30:16,100,30.1,0.71,28776.4,0.0,1.0,schinese;russian;english
271590,2026-08-08 18:30:21,100,46.0,0.92,10745.5,0.0,0.86,russian;english;schinese
1086940,2026-08-08 18:30:26,100,100.8,0.92,10500.4,0.0,0.86,english;schinese;russian
1091500,2026-08-08 18:30:30,100,165.8,0.94,4765.2,0.0,0.94,english;schinese;brazilian
413150,2026-08-08 18:30:35,100,56.3,0.98,8110.9,0.0,0.91,schinese;english;russian
252490,2026-08-08 18:30:39,100,52.2,0.79,22211.2,0.0,0.8,russian;english;french
1174180,2026-08-08 18:30:44,100,89.6,0.94,5377.7,0.0,0.87,english;schinese;russian
292030,2026-08-08 18:30:49,100,160.3,0.9,3505.4,0.0,0.95,schinese;english;russian
359550,2026-08-08 18:30:53,100,147.1,0.7,16713.7,0.0,1.0,english;brazilian;russian
1172470,2026-08-08 18:30:59,100,97.8,0.65,15513.9,0.0,1.0,english;schinese;russian
105600,2026-08-08 18:31:03,100,67.8,0.97,9839.5,0.0,0.76,russian;english;schinese
431960,2026-08-08 18:31:08,100,22.6,0.97,9025.2,0.0,0.97,schinese;english;russian
550,2026-08-08 18:31:12,100,59.1,0.97,5674.8,0.0,0.87,schinese;english;russian
4000,2026-08-08 18:31:17,100,57.2,0.99,10299.7,0.0,0.85,english;russian;schinese
322330,2026-08-08 18:31:22,100,71.6,0.94,7423.3,0.0,0.78,schinese;russian;english
1085660,2026-08-08 18:31:27,100,225.6,0.8,24892.6,0.0,1.0,english;schinese;russian
230410,2026-08-08 18:31:32,100,104.2,0.88,27034.3,0.0,1.0,english;schinese;russian
236390,2026-08-08 18:31:36,100,66.1,0.62,19673.6,0.0,1.0,english;schinese;russian
218620,2026-08-08 18:31:41,100,167.6,0.92,7075.1,0.0,0.76,english;russian;spanish
1966720,2026-08-08 18:31:46,100,112.9,0.88,2913.2,1.0,0.83,english;russian;spanish
1145360,2026-08-08 18:31:51,100,123.2,0.99,2369.2,0.0,0.98,english;schinese;spanish
892970,2026-08-08 18:31:55,100,120.2,0.86,12393.2,1.0,0.8,english;russian;brazilian
739630,2026-08-08 18:32:00,100,103.3,0.86,2724.3,1.0,0.87,english;russian;spanish
648800,2026-08-08 18:32:04,100,78.0,0.93,2602.0,0.0,0.86,english;schinese;russian
1245620,2026-08-03 07:34:20,100,153.1,0.9,10611.8,0.0,0.68,english;schinese;spanish
570,2026-08-03 07:34:25,100,40.5,0.8,76283.7,0.0,1.0,russian;english;spanish
730,2026-08-03 07:34:30,100,99.7,0.82,28286.0,0.0,1.0,russian;english;schinese
578080,2026-08-03 07:34:34,100,29.6,0.7,28631.7,0.0,1.0,russian;schinese;english
271590,2026-08-03 07:34:39,100,46.6,0.93,16544.1,0.0,0.92,english;russian;brazilian
1086940,2026-08-03 07:34:44,100,225.7,0.94,7650.2,0.0,0.87,english;schinese;brazilian
1091500,2026-08-03 07:34:48,100,166.4,0.97,4867.5,0.0,0.94,english;schinese;spanish
413150,2026-08-03 07:34:53,100,76.4,0.98,6707.7,0.0,0.91,schinese;english;brazilian
252490,2026-08-03 07:34:57,100,43.2,0.87,27647.0,0.0,0.9,english;russian;brazilian
1245620,2026-08-03 09:02:16,100,126.2,0.92,9884.9,0.0,0.65,english;schinese;spanish
570,2026-08-03 09:02:21,100,59.0,0.72,86891.8,0.0,1.0,russian;english;spanish
730,2026-08-03 09:02:26,100,74.3,0.89,36541.6,0.0,1.0,russian;schinese;english
578080,2026-08-03 09:02:31,100,28.6,0.75,32357.5,0.0,1.0,schinese;russian;english
271590,2026-08-03 09:02:36,100,46.1,0.94,15443.0,0.0,0.91,english;russian;brazilian
1086940,2026-08-03 09:02:41,100,204.2,0.95,8134.9,0.0,0.86,english;schinese;brazilian
1091500,2026-08-03 09:02:46,100,153.5,0.98,4526.9,0.0,0.93,english;schinese;koreana
413150,2026-08-03 09:02:51,100,74.4,0.98,6369.6,0.0,0.91,schinese;english;brazilian
252490,2026-08-03 09:02:56,100,49.0,0.86,34291.6,0.0,0.92,english;russian;brazilian
251570,2026-08-08 18:32:09,100,117.1,0.92,25877.8,0.0,0.54,english;schinese;russian
646570,2026-08-08 18:32:14,100,62.6,0.9,2561.2,0.0,0.93,schinese;english;koreana
275850,2026-08-08 18:32:19,100,307.5,0.89,7217.4,0.0,0.74,english;schinese;russian
990080,2026-08-08 18:32:24,100,223.2,0.87,2659.5,0.0,0.75,english;schinese;russian
2358720,2026-08-08 18:32:29,100,142.9,0.93,4667.7,0.0,0.73,schinese;english;russian
289070,2026-08-08 18:32:33,100,48.3,0.95,13663.4,0.0,0.72,schinese;english;koreana
255710,2026-08-08 18:32:38,100,50.0,0.93,7281.3,0.0,0.79,english;schinese;german
294100,2026-08-08 18:32:43,100,165.3,0.94,18120.0,0.0,0.81,english;russian;schinese
227300,2026-08-08 18:32:48,100,47.7,0.96,4397.2,0.0,0.86,russian;english;turkish
1203220,2026-08-08 18:32:53,100,61.7,0.53,36796.9,0.0,1.0,schinese;english;russian
2050650,2026-08-08 18:32:58,100,168.9,0.95,2117.9,0.0,0.77,schinese;english;spanish
381210,2026-08-08 18:33:02,100,98.7,0.76,14496.1,0.0,0.78,english;russian;schinese
620,2026-08-08 18:33:07,100,81.8,0.96,1302.1,0.0,0.88,english;russian;spanish
440,2026-08-08 18:33:11,100,142.7,0.94,8694.3,0.0,1.0,english;russian;spanish
1817070,2026-08-08 18:33:16,100,92.0,0.94,1367.9,0.0,0.68,english;brazilian;schinese
1245620,2026-08-09 06:30:02,100,183.6,0.89,9693.7,0.0,0.66,english;schinese;russian
570,2026-08-09 06:30:06,100,64.0,0.82,90210.7,0.0,1.0,russian;english;spanish
730,2026-08-09 06:30:11,100,32.8,0.78,19547.7,0.0,1.0,english;russian;schinese
578080,2026-08-09 06:30:15,100,60.2,0.76,21397.5,0.0,1.0,schinese;russian;english
271590,2026-08-09 06:30:20,100,35.1,0.93,16042.3,0.0,0.91,brazilian;english;russian
1086940,2026-08-09 06:30:24,100,91.2,0.96,10791.2,0.0,0.82,english;russian;schinese
1091500,2026-08-09 06:30:29,100,82.0,0.98,4175.7,0.0,0.92,english;schinese;spanish
413150,2026-08-09 06:30:33,100,67.0,0.98,6859.9,0.0,0.85,english;schinese;brazilian
252490,2026-08-09 06:30:38,100,132.1,0.75,27797.1,0.0,0.86,english;russian;spanish
1174180,2026-08-09 06:30:42,100,81.5,0.96,5466.0,0.0,0.91,english;brazilian;schinese
292030,2026-08-09 06:30:47,100,162.0,0.93,5896.1,0.0,0.95,english;russian;schinese
359550,2026-08-09 06:30:52,100,44.5,0.73,11398.1,0.0,1.0,english;brazilian;spanish
1172470,2026-08-09 06:30:56,100,57.2,0.69,21966.8,0.0,1.0,english;schinese;russian
105600,2026-08-09 06:31:01,100,40.6,0.92,12787.3,0.0,0.81,english;schinese;brazilian
431960,2026-08-09 06:31:05,100,69.3,0.98,4894.4,0.0,0.93,schinese;english;brazilian
550,2026-08-09 06:31:10,100,55.9,0.96,9445.9,0.0,0.79,spanish;english;latam
4000,2026-08-09 06:31:14,100,48.3,0.98,10448.6,0.0,0.88,english;spanish;russian
322330,2026-08-09 06:31:19,100,88.0,0.95,7299.1,0.0,0.77,schinese;russian;english
1085660,2026-08-09 06:31:23,100,134.1,0.85,26241.2,0.0,1.0,english;schinese;russian
230410,2026-08-09 06:31:28,100,162.4,0.92,33014.6,0.0,1.0,english;russian;schinese
236390,2026-08-09 06:31:32,100,134.0,0.57,23238.4,0.0,1.0,english;schinese;russian
218620,2026-08-09 06:31:37,100,155.4,0.93,6874.4,0.0,0.76,english;russian;spanish
1966720,2026-08-09 06:31:42,100,108.3,0.9,2888.5,1.0,0.79,english;russian;spanish
1145360,2026-08-09 06:31:46,100,139.0,1.0,2820.2,0.0,0.98,english;schinese;russian
892970,2026-08-09 06:31:51,100,125.1,0.88,10737.7,1.0,0.77,english;russian;spanish
739630,2026-08-09 06:31:55,100,128.0,0.89,2891.8,1.0,0.8,english;russian;spanish
648800,2026-08-09 06:32:00,100,85.1,0.93,2426.9,0.0,0.87,english;russian;schinese
251570,2026-08-09 06:32:04,100,117.1,0.92,25877.8,0.0,0.54,english;schinese;russian
646570,2026-08-09 06:32:09,100,70.3,0.92,2580.8,0.0,0.96,schinese;english;koreana
275850,2026-08-09 06:32:14,100,354.2,0.92,6182.2,0.0,0.76,english;schinese;russian
990080,2026-08-09 06:32:18,100,225.7,0.87,2669.1,0.0,0.78,english;schinese;russian
2358720,2026-08-09 06:32:23,100,141.0,0.96,4544.2,0.0,0.76,schinese;english;russian
289070,2026-08-09 06:32:27,100,74.0,0.93,10559.8,0.0,0.73,schinese;english;german
255710,2026-08-09 06:32:32,100,65.4,0.91,8189.6,0.0,0.84,english;schinese;spanish
294100,2026-08-09 06:32:37,100,168.7,0.93,18492.1,0.0,0.8,english;schinese;russian
227300,2026-08-09 06:32:42,100,72.1,0.99,4969.3,0.0,0.87,english;russian;turkish
1203220,2026-08-09 06:32:46,100,97.2,0.5,39003.5,0.0,1.0,schinese;english;russian
2050650,2026-08-09 06:32:51,100,74.2,0.96,1760.8,0.0,0.73,english;spanish;brazilian
381210,2026-08-09 06:32:56,100,125.0,0.76,13249.5,0.0,0.8,english;brazilian;russian
620,2026-08-09 06:33:00,100,149.6,0.94,1068.0,0.0,0.88,english;russian;spanish
440,2026-08-09 06:33:05,100,59.2,0.94,18891.8,0.0,1.0,english;russian;brazilian
1817070,2026-08-09 06:33:09,100,42.9,0.97,1210.6,0.0,0.78,english;brazilian;spanish
1245620,2026-08-10 18:30:01,100,138.1,0.96,12541.3,0.0,0.67,english;schinese;russian
570,2026-08-10 18:30:06,100,53.6,0.72,80578.9,0.0,1.0,russian;english;schinese
730,2026-08-10 18:30:11,100,54.0,0.76,25056.5,0.0,1.0,russian;english;polish
578080,2026-08-10 18:30:16,100,42.2,0.72,29554.3,0.0,1.0,russian;schinese;english
271590,2026-08-10 18:30:21,100,28.0,0.95,22621.9,0.0,0.86,russian;english;schinese
1086940,2026-08-10 18:30:25,100,198.7,0.95,12373.0,0.0,0.89,english;schinese;russian
1091500,2026-08-10 18:30:30,100,162.7,0.95,4634.3,0.0,0.89,schinese;english;russian
413150,2026-08-10 18:30:35,100,97.5,0.98,8026.4,0.0,0.9,schinese;english;russian
252490,2026-08-10 18:30:39,100,44.5,0.73,28116.3,0.0,0.84,russian;english;turkish
1174180,2026-08-10 18:30:44,100,67.6,0.94,4855.1,0.0,0.88,schinese;english;russian
292030,2026-08-10 18:30:49,100,214.3,0.96,4849.5,0.0,0.97,english;schinese;russian
359550,2026-08-10 18:30:54,100,72.8,0.66,15103.5,0.0,1.0,english;schinese;german
1172470,2026-08-10 18:30:58,100,43.3,0.69,24165.4,0.0,1.0,schinese;english;tchinese
105600,2026-08-10 18:31:03,100,137.4,0.96,10655.6,0.0,0.73,english;schinese;russian
431960,2026-08-10 18:31:07,100,30.9,0.98,6198.2,0.0,0.95,schinese;english;russian
550,2026-08-10 18:31:12,100,46.7,0.96,5097.0,0.0,0.94,english;schinese;spanish
4000,2026-08-10 18:31:17,100,48.8,0.97,8376.5,0.0,0.88,english;russian;schinese
322330,2026-08-10 18:31:21,100,69.0,0.82,15531.1,0.0,0.86,schinese;russian;english
1085660,2026-08-10 18:31:26,100,112.0,0.79,53906.1,0.0,1.0,english;schinese;brazilian
230410,2026-08-10 18:31:31,100,171.3,0.87,23118.4,0.0,1.0,english;schinese;russian
236390,2026-08-10 18:31:35,100,44.8,0.6,19432.4,0.0,1.0,english;schinese;russian
218620,2026-08-10 18:31:40,100,121.5,0.93,5497.3,0.0,0.81,english;russian;spanish
1966720,2026-08-10 18:31:45,100,67.0,0.97,5338.1,1.0,0.81,english;russian;koreana
1145360,2026-08-10 18:31:50,100,211.9,0.96,2462.4,0.0,0.94,english;russian;schinese
892970,2026-08-10 18:31:55,100,162.7,0.91,11826.1,1.0,0.82,english;russian;german
739630,2026-08-10 18:31:59,100,92.1,0.84,3624.4,1.0,0.84,english;russian;schinese
648800,2026-08-10 18:32:05,100,163.1,0.83,3300.5,0.0,0.77,schinese;english;russian
251570,2026-08-10 18:32:09,100,117.1,0.92,25877.8,0.0,0.54,english;schinese;russian
646570,2026-08-10 18:32:15,100,41.8,0.95,3252.3,0.0,0.96,schinese;english;koreana
275850,2026-08-10 18:32:19,100,167.3,0.94,10624.3,0.0,0.73,english;schinese;russian
990080,2026-08-10 18:32:24,100,221.8,0.87,3324.5,0.0,0.74,english;schinese;brazilian
2358720,2026-08-10 18:32:29,100,64.2,0.86,3006.6,0.0,0.7,schinese;english;russian
289070,2026-08-10 18:32:33,100,55.7,0.9,17662.3,0.0,0.77,schinese;english;koreana
255710,2026-08-10 18:32:38,100,82.3,0.94,7433.2,0.0,0.81,english;schinese;russian
294100,2026-08-10 18:32:43,100,150.3,0.96,24616.2,0.0,0.87,english;russian;schinese
227300,2026-08-10 18:32:48,100,77.9,0.89,6908.0,0.0,0.87,russian;english;turkish
1245620,2026-08-07 15:52:29,100,110.6,0.94,7827.7,0.0,0.64,english;schinese;koreana
570,2026-08-07 15:52:34,100,98.5,0.68,72317.9,0.0,1.0,russian;english;schinese
730,2026-08-07 15:52:39,100,69.4,0.76,23045.3,0.0,1.0,russian;english;schinese
578080,2026-08-07 15:52:44,100,26.0,0.6,18312.8,0.0,1.0,schinese;russian;english
271590,2026-08-07 15:52:48,100,31.8,0.97,15088.5,0.0,0.87,english;russian;schinese
1086940,2026-08-07 15:52:53,100,103.7,0.93,9179.2,0.0,0.9,english;schinese;russian
1091500,2026-08-07 15:52:58,100,130.0,0.97,3181.4,0.0,0.89,schinese;english;russian
413150,2026-08-07 15:53:03,100,53.2,0.97,6586.3,0.0,0.9,schinese;english;koreana
252490,2026-08-07 15:53:08,100,49.7,0.85,22447.2,0.0,0.84,russian;english;turkish
1203220,2026-08-10 18:32:53,100,114.8,0.55,46456.5,0.0,1.0,schinese;english;russian
2050650,2026-08-10 18:32:57,100,120.8,0.94,1702.7,0.0,0.74,schinese;english;turkish
381210,2026-08-10 18:33:02,100,139.1,0.82,15212.3,0.0,0.75,english;russian;schinese
620,2026-08-10 18:33:07,100,158.1,0.98,1086.8,0.0,0.88,english;russian;spanish
440,2026-08-10 18:33:11,100,101.7,0.96,10281.6,0.0,1.0,russian;english;turkish
1817070,2026-08-10 18:33:16,100,80.2,0.97,1254.1,0.0,0.73,english;schinese;russian
1245620,2026-08-11 18:30:02,100,110.9,0.89,8112.5,0.0,0.68,english;schinese;russian
570,2026-08-11 18:30:07,100,28.8,0.64,73998.5,0.0,1.0,russian;english;vietnamese
730,2026-08-11 18:30:12,100,39.1,0.79,24713.3,0.0,1.0,russian;english;schinese
578080,2026-08-11 18:30:16,100,37.2,0.74,15177.9,0.0,1.0,schinese;russian;english
271590,2026-08-11 18:30:21,100,53.9,0.93,25138.5,0.0,0.82,english;russian;schinese
1086940,2026-08-11 18:30:26,100,104.2,0.93,9702.9,0.0,0.89,english;schinese;spanish
1091500,2026-08-11 18:30:31,100,101.5,0.95,4710.0,0.0,0.93,english;schinese;russian
413150,2026-08-11 18:30:36,100,51.6,0.99,6584.9,0.0,0.93,schinese;english;russian
252490,2026-08-11 18:30:40,100,50.5,0.81,28674.8,0.0,0.76,russian;english;spanish
1174180,2026-08-11 18:30:45,100,87.6,0.97,6132.0,0.0,0.88,english;schinese;russian
292030,2026-08-11 18:30:50,100,93.0,0.94,4858.7,0.0,0.98,schinese;english;russian
359550,2026-08-11 18:30:55,100,66.7,0.71,21861.9,0.0,1.0,english;schinese;italian
1172470,2026-08-11 18:31:00,100,33.7,0.61,18732.8,0.0,1.0,schinese;english;russian
105600,2026-08-11 18:31:05,100,50.5,0.93,10909.9,0.0,0.79,english;russian;schinese
431960,2026-08-11 18:31:11,100,50.7,0.92,4159.6,0.0,0.93,schinese;english;russian
550,2026-08-11 18:31:16,100,74.5,0.98,6459.1,0.0,0.85,schinese;english;russian
4000,2026-08-11 18:31:21,100,72.9,0.97,12997.1,0.0,0.92,english;russian;schinese
322330,2026-08-11 18:31:26,100,43.5,0.87,5686.8,0.0,0.85,schinese;english;russian
1085660,2026-08-11 18:31:31,100,128.4,0.74,55379.7,0.0,1.0,english;schinese;russian
230410,2026-08-11 18:31:37,100,128.6,0.88,23697.7,0.0,1.0,english;schinese;russian
236390,2026-08-11 18:31:42,100,82.8,0.59,20904.8,0.0,1.0,russian;schinese;english
218620,2026-08-11 18:31:47,100,79.4,0.96,7857.0,0.0,0.81,english;russian;schinese
1966720,2026-08-11 18:31:52,100,76.6,0.9,3844.2,1.0,0.69,english;russian;koreana
1145360,2026-08-11 18:31:58,100,206.8,0.94,2467.9,0.0,0.94,english;russian;spanish
892970,2026-08-11 18:32:03,100,274.5,0.83,14167.5,1.0,0.77,english;russian;spanish
739630,2026-08-11 18:32:08,100,88.7,0.88,2659.8,1.0,0.76,english;russian;schinese
648800,2026-08-11 18:32:13,100,103.9,0.83,2075.0,0.0,0.83,schinese;english;russian
251570,2026-08-11 18:32:18,100,117.1,0.92,25877.8,0.0,0.54,english;schinese;russian
646570,2026-08-11 18:32:24,100,49.8,0.96,3576.2,0.0,0.95,schinese;english;koreana
275850,2026-08-11 18:32:29,100,250.7,0.9,8037.5,0.0,0.73,english;schinese;russian
990080,2026-08-11 18:32:34,100,207.6,0.87,3358.7,0.0,0.74,english;schinese;brazilian
2358720,2026-08-11 18:32:39,100,128.1,0.89,3098.9,0.0,0.69,schinese;english;russian
289070,2026-08-11 18:32:44,100,141.0,0.85,18320.3,0.0,0.71,schinese;english;russian
255710,2026-08-11 18:32:49,100,88.5,0.95,11791.3,0.0,0.8,english;schinese;russian
294100,2026-08-11 18:32:55,100,126.4,0.94,36994.0,0.0,0.79,english;schinese;russian
227300,2026-08-11 18:33:01,100,84.0,0.93,6931.6,0.0,0.87,russian;english;turkish
1203220,2026-08-11 18:33:06,100,94.5,0.55,46260.2,0.0,1.0,schinese;english;russian
2050650,2026-08-11 18:33:11,100,69.0,0.98,2167.5,0.0,0.65,schinese;english;spanish
381210,2026-08-11 18:33:16,100,92.7,0.75,19056.2,0.0,0.75,english;russian;schinese
620,2026-08-11 18:33:21,100,165.9,0.97,884.1,0.0,0.91,english;russian;spanish
440,2026-08-11 18:33:26,100,72.4,0.94,11339.6,0.0,1.0,russian;english;brazilian
1817070,2026-08-11 18:33:31,100,228.0,0.99,1931.3,0.0,0.72,english;russian;spanish
1245620,2026-08-12 06:39:43,100,151.8,0.84,7409.3,0.0,0.65,english;russian;schinese
570,2026-08-12 06:39:48,100,42.7,0.72,70370.7,0.0,1.0,russian;english;spanish
730,2026-08-12 06:39:53,100,94.1,0.74,26034.4,0.0,1.0,russian;english;schinese
578080,2026-08-12 06:39:57,100,29.0,0.91,47947.6,0.0,1.0,schinese;koreana;english
271590,2026-08-12 06:40:02,100,51.3,0.91,18092.3,0.0,0.91,english;russian;brazilian
1086940,2026-08-12 06:40:06,100,260.5,0.96,11683.8,0.0,0.89,english;russian;schinese
1091500,2026-08-12 06:40:11,100,98.1,0.97,5254.6,0.0,0.91,english;schinese;spanish
413150,2026-08-12 06:40:15,100,75.2,0.98,8683.1,0.0,0.88,english;schinese;koreana
252490,2026-08-12 06:40:20,100,98.7,0.84,43864.0,0.0,0.84,english;russian;turkish
1174180,2026-08-12 06:40:24,100,69.3,0.98,5658.7,0.0,0.88,english;schinese;spanish
292030,2026-08-12 06:40:29,100,129.7,0.96,4678.1,0.0,0.95,english;russian;schinese
359550,2026-08-12 06:40:33,100,53.4,0.69,12747.8,0.0,1.0,english;schinese;spanish
1172470,2026-08-12 06:40:38,100,87.1,0.69,20402.4,0.0,1.0,english;schinese;russian
105600,2026-08-12 06:40:42,100,49.8,0.95,8625.1,0.0,0.77,english;schinese;russian
431960,2026-08-12 06:40:47,100,28.9,0.98,7920.3,0.0,0.93,schinese;english;russian
550,2026-08-12 06:40:52,100,59.6,0.99,10412.7,0.0,0.86,spanish;english;schinese
4000,2026-08-12 06:40:57,100,46.5,0.98,7349.8,0.0,0.91,english;spanish;schinese
322330,2026-08-12 06:41:01,100,32.8,0.92,6364.1,0.0,0.84,schinese;russian;english
1085660,2026-08-12 06:41:06,100,166.4,0.76,47590.8,0.0,1.0,english;schinese;french
230410,2026-08-12 06:41:11,100,131.4,0.89,38963.9,0.0,1.0,english;schinese;russian
236390,2026-08-12 06:41:15,100,58.3,0.72,20532.6,0.0,1.0,english;russian;schinese
218620,2026-08-12 06:41:20,100,80.2,0.96,7304.4,0.0,0.77,english;russian;schinese
1966720,2026-08-12 06:41:24,100,116.2,0.88,4677.3,1.0,0.66,english;russian;brazilian
1145360,2026-08-12 06:41:29,100,201.5,0.95,2675.2,0.0,0.95,english;schinese;russian
892970,2026-08-12 06:41:33,100,283.6,0.85,12885.0,1.0,0.8,english;russian;spanish
739630,2026-08-12 06:41:38,100,97.5,0.9,3415.2,1.0,0.81,english;russian;spanish
648800,2026-08-12 06:41:43,100,45.6,0.88,2049.2,0.0,0.85,schinese;english;russian
251570,2026-08-12 06:41:47,100,117.1,0.92,25877.8,0.0,0.54,english;schinese;russian
646570,2026-08-12 06:41:52,100,59.5,0.98,3084.0,0.0,0.95,schinese;english;koreana
275850,2026-08-12 06:41:57,100,202.3,0.96,8224.5,0.0,0.7,english;schinese;spanish
990080,2026-08-12 06:42:02,100,247.4,0.85,3289.6,0.0,0.72,english;schinese;brazilian
2358720,2026-08-12 06:42:06,100,120.7,0.91,3884.6,0.0,0.74,schinese;english;spanish
289070,2026-08-12 06:42:11,100,122.1,0.86,14973.9,0.0,0.71,schinese;english;koreana
255710,2026-08-12 06:42:16,100,84.7,0.95,12964.9,0.0,0.81,english;schinese;russian
294100,2026-08-12 06:42:21,100,120.6,0.96,34175.0,0.0,0.82,english;russian;schinese
227300,2026-08-12 06:42:25,100,71.6,0.96,10655.8,0.0,0.85,russian;english;brazilian
1203220,2026-08-12 06:42:30,100,88.2,0.56,46818.3,0.0,1.0,schinese;english;russian
2050650,2026-08-12 06:42:34,100,90.7,0.97,2077.0,0.0,0.77,english;schinese;brazilian
381210,2026-08-12 06:42:39,100,255.9,0.77,18335.9,0.0,0.74,english;russian;spanish
620,2026-08-12 06:42:44,100,119.8,0.98,1353.0,0.0,0.9,english;russian;spanish
440,2026-08-12 06:42:48,100,61.7,0.97,15712.2,0.0,1.0,english;russian;spanish
1817070,2026-08-12 06:42:53,100,148.9,0.95,1937.3,0.0,0.71,english;brazilian;spanish
1623730,2026-08-12 06:42:58,100,70.8,0.99,9575.9,0.0,0.88,english;koreana;spanish
238960,2026-08-12 06:43:02,100,143.9,0.85,49716.8,0.0,1.0,english;russian;brazilian
1290000,2026-08-12 06:43:07,100,171.2,0.94,4057.4,0.0,0.86,english;koreana;french
1794680,2026-08-12 06:43:12,100,175.7,0.93,3331.7,0.0,0.91,english;schinese;russian
1599340,2026-08-12 06:43:16,100,262.1,0.49,48190.8,0.0,1.0,english;brazilian;french
1172470,2026-08-12 18:30:57,100,30.3,0.62,26493.0,0.0,1.0,schinese;english;russian
105600,2026-08-12 18:31:02,100,67.8,0.97,8702.6,0.0,0.83,english;schinese;russian
431960,2026-08-12 18:31:07,100,27.9,0.96,3955.9,0.0,0.96,schinese;english;russian
550,2026-08-12 18:31:11,100,66.3,0.89,7294.5,0.0,0.9,schinese;spanish;english
4000,2026-08-12 18:31:16,100,47.3,0.97,15704.1,0.0,0.92,russian;english;spanish
322330,2026-08-12 18:31:20,100,36.1,0.91,10229.1,0.0,0.84,schinese;russian;english
1085660,2026-08-12 18:31:25,100,160.7,0.75,50710.8,0.0,1.0,english;schinese;russian
230410,2026-08-12 18:31:30,100,121.2,0.91,30937.7,0.0,1.0,english;schinese;russian
236390,2026-08-12 18:31:34,100,165.0,0.69,16553.6,0.0,1.0,english;russian;schinese
218620,2026-08-12 18:31:39,100,82.2,0.96,7336.1,0.0,0.73,english;russian;schinese
1966720,2026-08-12 18:31:44,100,126.0,0.85,4754.4,1.0,0.65,english;russian;koreana
1145360,2026-08-12 18:31:49,100,148.1,0.94,2497.5,0.0,0.96,english;schinese;russian
892970,2026-08-12 18:31:53,100,199.7,0.89,12330.2,1.0,0.83,english;russian;spanish
739630,2026-08-12 18:31:58,100,120.8,0.84,4420.8,1.0,0.87,english;russian;turkish
648800,2026-08-12 18:32:02,100,46.1,0.87,1706.0,0.0,0.84,schinese;english;russian
251570,2026-08-12 18:32:07,100,117.1,0.92,25877.8,0.0,0.54,english;schinese;russian
646570,2026-08-12 18:32:12,100,61.6,0.97,2982.7,0.0,0.93,schinese;english;koreana
275850,2026-08-12 18:32:17,100,158.7,0.98,7169.9,0.0,0.74,english;schinese;spanish
990080,2026-08-12 18:32:22,100,242.8,0.83,3015.6,0.0,0.7,english;schinese;russian
2358720,2026-08-12 18:32:26,100,111.4,0.9,2952.3,0.0,0.73,schinese;english;tchinese
289070,2026-08-12 18:32:31,100,122.7,0.88,17006.0,0.0,0.69,schinese;english;russian
255710,2026-08-12 18:32:36,100,84.0,0.93,12010.3,0.0,0.82,english;schinese;russian
294100,2026-08-12 18:32:41,100,129.1,0.95,25806.1,0.0,0.81,english;schinese;russian
227300,2026-08-12 18:32:45,100,43.6,0.93,7563.7,0.0,0.85,russian;turkish;english
1203220,2026-08-12 18:32:50,100,79.8,0.54,43757.9,0.0,1.0,schinese;english;thai
2050650,2026-08-12 18:32:55,100,167.0,0.98,2206.5,0.0,0.71,schinese;english;spanish
381210,2026-08-12 18:33:01,100,78.5,0.75,15035.6,0.0,0.72,english;russian;schinese
620,2026-08-12 18:33:06,100,124.8,0.98,1260.9,0.0,0.87,english;russian;schinese
440,2026-08-12 18:33:11,100,62.1,0.95,6926.8,0.0,1.0,russian;english;spanish
1817070,2026-08-12 18:33:16,100,131.7,0.98,1549.3,0.0,0.76,english;schinese;brazilian
1623730,2026-08-12 18:33:20,100,155.0,0.99,6994.8,0.0,0.87,english;brazilian;schinese
238960,2026-08-12 18:33:25,100,130.2,0.85,48852.4,0.0,1.0,english;russian;brazilian
1290000,2026-08-12 18:33:30,100,176.8,0.94,4333.5,0.0,0.85,english;french;koreana
1794680,2026-08-12 18:33:34,100,175.1,0.93,3033.3,0.0,0.92,english;schinese;russian
1599340,2026-08-12 18:33:39,100,273.8,0.47,48507.1,0.0,1.0,english;french;brazilian
1245620,2026-08-13 06:30:01,100,208.7,0.92,11310.3,0.0,0.64,english;schinese;russian
570,2026-08-13 06:30:07,100,62.6,0.74,80237.9,0.0,1.0,russian;english;brazilian
730,2026-08-13 06:30:12,100,29.2,0.66,38898.0,0.0,1.0,russian;schinese;english
578080,2026-08-13 06:30:17,100,72.2,0.76,26584.5,0.0,1.0,schinese;russian;english
271590,2026-08-13 06:30:22,100,35.1,0.94,19507.5,0.0,0.91,english;russian;brazilian
1086940,2026-08-13 06:30:27,100,190.4,0.92,11303.6,0.0,0.9,english;schinese;russian
1091500,2026-08-13 06:30:32,100,162.6,0.9,4361.4,0.0,0.9,english;schinese;brazilian
413150,2026-08-13 06:30:37,100,58.6,0.99,6222.5,0.0,0.9,english;schinese;russian
252490,2026-08-13 06:30:42,100,68.5,0.77,22028.4,0.0,0.82,english;russian;spanish
1174180,2026-08-13 06:30:47,100,171.9,0.95,6280.0,0.0,0.88,english;brazilian;schinese
292030,2026-08-13 06:30:53,100,187.7,0.94,5216.6,0.0,0.94,english;russian;brazilian
359550,2026-08-13 06:30:58,100,81.7,0.71,13262.1,0.0,1.0,english;spanish;schinese
1172470,2026-08-13 06:31:03,100,67.9,0.65,19165.6,0.0,1.0,english;schinese;russian
105600,2026-08-13 06:31:08,100,78.9,0.93,15583.4,0.0,0.76,english;russian;spanish
431960,2026-08-13 06:31:13,100,32.5,0.95,5638.9,0.0,0.92,english;schinese;russian
550,2026-08-13 06:31:18,100,68.9,0.96,12265.6,0.0,0.87,spanish;english;schinese
4000,2026-08-13 06:31:23,100,49.4,0.95,8914.2,0.0,0.88,english;spanish;russian
322330,2026-08-13 06:31:28,100,53.0,0.94,10749.1,0.0,0.81,schinese;russian;english
1085660,2026-08-13 06:31:33,100,177.5,0.8,51504.0,0.0,1.0,english;french;german
230410,2026-08-13 06:31:38,100,119.0,0.93,29310.5,0.0,1.0,english;schinese;russian
236390,2026-08-13 06:31:43,100,89.5,0.67,16186.7,0.0,1.0,english;russian;schinese
218620,2026-08-13 06:31:48,100,100.7,0.96,8153.6,0.0,0.73,english;russian;schinese
1966720,2026-08-13 06:31:54,100,125.2,0.86,4695.7,1.0,0.74,english;russian;koreana
1145360,2026-08-13 06:31:59,100,180.4,0.95,2953.9,0.0,0.98,english;schinese;russian
892970,2026-08-13 06:32:04,100,165.8,0.93,13326.1,1.0,0.82,english;russian;brazilian
739630,2026-08-13 06:32:09,100,95.1,0.82,4920.8,1.0,0.83,english;russian;spanish
648800,2026-08-13 06:32:14,100,49.5,0.87,1870.0,0.0,0.85,english;schinese;russian
251570,2026-08-13 06:32:19,100,117.1,0.92,25877.8,0.0,0.54,english;schinese;russian
646570,2026-08-13 06:32:25,100,63.0,0.98,2973.1,0.0,0.93,schinese;english;french
275850,2026-08-13 06:32:30,100,196.7,0.97,9014.7,0.0,0.8,english;schinese;brazilian
990080,2026-08-13 06:32:35,100,276.3,0.82,3144.0,0.0,0.74,english;schinese;brazilian
2358720,2026-08-13 06:32:40,100,146.7,0.91,2240.9,0.0,0.79,schinese;english;brazilian
289070,2026-08-13 06:32:45,100,96.8,0.86,17308.5,0.0,0.76,schinese;english;koreana
255710,2026-08-13 06:32:50,100,95.6,0.93,12676.3,0.0,0.85,english;schinese;russian
294100,2026-08-13 06:32:56,100,118.3,0.96,24865.5,0.0,0.89,english;schinese;russian
227300,2026-08-13 06:33:01,100,52.9,0.98,20895.8,0.0,0.83,russian;english;brazilian
1203220,2026-08-13 06:33:06,100,78.8,0.57,42407.5,0.0,1.0,schinese;english;spanish
2050650,2026-08-13 06:33:11,100,144.8,0.99,1660.1,0.0,0.68,english;brazilian;spanish
381210,2026-08-13 06:33:16,100,195.5,0.76,24065.7,0.0,0.77,english;brazilian;russian
620,2026-08-13 06:33:21,100,88.1,0.99,1362.1,0.0,0.89,english;russian;schinese
440,2026-08-13 06:33:26,100,80.8,0.91,18460.2,0.0,1.0,english;russian;spanish
1817070,2026-08-13 06:33:31,100,207.6,0.97,1827.3,0.0,0.67,english;spanish;brazilian
1623730,2026-08-13 06:33:36,100,131.2,0.98,9426.5,0.0,0.78,english;schinese;brazilian
238960,2026-08-13 06:33:41,100,125.2,0.84,61474.1,0.0,1.0,english;russian;brazilian
1290000,2026-08-13 06:33:46,100,182.6,0.93,4356.6,0.0,0.85,english;french;koreana
1794680,2026-08-13 06:33:51,100,113.7,0.95,2916.9,0.0,0.93,english;schinese;russian
1599340,2026-08-13 06:33:56,100,303.8,0.46,49833.0,0.0,1.0,english;french;brazilian
1245620,2026-08-13 18:30:02,100,209.3,0.89,8709.0,0.0,0.58,english;schinese;russian
570,2026-08-13 18:30:07,100,34.1,0.68,91798.5,0.0,1.0,russian;english;spanish
730,2026-08-13 18:30:11,100,56.6,0.73,28991.6,0.0,1.0,russian;english;spanish
578080,2026-08-13 18:30:16,100,72.9,0.62,26716.3,0.0,1.0,schinese;russian;english
271590,2026-08-13 18:30:21,100,38.6,0.92,16938.9,0.0,0.88,english;russian;schinese
1086940,2026-08-13 18:30:26,100,166.3,0.95,8325.4,0.0,0.83,english;schinese;russian
1091500,2026-08-13 18:30:31,100,111.5,0.97,3672.7,0.0,0.9,english;schinese;russian
413150,2026-08-13 18:30:36,100,49.7,1.0,5364.2,0.0,0.9,schinese;english;russian
252490,2026-08-13 18:30:40,100,90.2,0.81,32347.3,0.0,0.81,russian;english;spanish
1174180,2026-08-13 18:30:47,100,136.6,0.93,5487.6,0.0,0.84,schinese;english;brazilian
292030,2026-08-13 18:30:52,100,128.7,0.96,4226.3,0.0,0.96,schinese;english;russian
359550,2026-08-13 18:30:57,100,82.1,0.73,12248.4,0.0,1.0,english;schinese;turkish
1172470,2026-08-13 18:31:02,100,49.9,0.69,17204.9,0.0,1.0,schinese;english;tchinese
105600,2026-08-13 18:31:07,100,75.5,0.96,10562.2,0.0,0.74,english;russian;schinese
431960,2026-08-13 18:31:12,100,21.6,0.94,4216.9,0.0,0.96,schinese;english;russian
550,2026-08-13 18:31:16,100,43.9,0.95,6539.7,0.0,0.87,schinese;english;russian
4000,2026-08-13 18:31:21,100,42.7,0.98,11677.0,0.0,0.87,english;russian;schinese
322330,2026-08-13 18:31:26,100,98.8,0.89,8434.2,0.0,0.77,schinese;russian;english
1085660,2026-08-13 18:31:30,100,139.7,0.8,48286.2,0.0,1.0,english;spanish;schinese
230410,2026-08-13 18:31:35,100,134.8,0.91,42814.7,0.0,1.0,english;schinese;spanish
236390,2026-08-13 18:31:40,100,148.1,0.63,30821.7,0.0,1.0,schinese;russian;english
218620,2026-08-13 18:31:45,100,138.6,0.89,7771.2,0.0,0.68,english;russian;schinese
1966720,2026-08-13 18:31:51,100,119.5,0.88,3865.1,1.0,0.75,english;russian;koreana
1145360,2026-08-13 18:31:55,100,169.7,0.94,2721.7,0.0,0.99,english;schinese;russian
892970,2026-08-13 18:32:00,100,125.3,0.94,9066.9,1.0,0.83,english;russian;brazilian
739630,2026-08-13 18:32:05,100,143.0,0.84,4834.4,1.0,0.85,english;russian;spanish
648800,2026-08-13 18:32:10,100,55.4,0.88,2342.6,0.0,0.8,schinese;english;russian
251570,2026-08-13 18:32:15,100,117.1,0.92,25877.8,0.0,0.54,english;schinese;russian
646570,2026-08-13 18:32:20,100,66.6,0.98,3283.7,0.0,0.94,schinese;english;french
275850,2026-08-13 18:32:25,100,252.7,0.95,9551.6,0.0,0.77,english;schinese;russian
990080,2026-08-13 18:32:29,100,272.1,0.83,3141.8,0.0,0.73,english;schinese;brazilian
2358720,2026-08-13 18:32:34,100,113.1,0.85,2512.5,0.0,0.72,schinese;english;russian
289070,2026-08-13 18:32:39,100,92.0,0.88,18705.3,0.0,0.78,schinese;english;russian
255710,2026-08-13 18:32:44,100,95.6,0.91,12380.8,0.0,0.83,english;schinese;russian
294100,2026-08-13 18:32:49,100,100.3,0.95,19980.3,0.0,0.87,english;schinese;russian
1245620,2026-08-15 18:30:02,100,183.0,0.88,8309.4,0.0,0.71,english;schinese;russian
570,2026-08-15 18:30:07,100,38.0,0.72,82661.9,0.0,1.0,russian;english;ukrainian
730,2026-08-15 18:30:11,100,70.5,0.76,28339.1,0.0,1.0,russian;english;spanish
578080,2026-08-15 18:30:16,100,70.0,0.65,21305.0,0.0,1.0,schinese;russian;english
271590,2026-08-15 18:30:21,100,118.1,0.97,13200.0,0.0,0.86,russian;english;brazilian
1086940,2026-08-15 18:30:25,100,166.6,0.99,10604.2,0.0,0.84,english;schinese;russian
1091500,2026-08-15 18:30:30,100,89.0,0.97,4194.7,0.0,0.87,schinese;english;russian
413150,2026-08-15 18:30:35,100,35.4,1.0,5862.1,0.0,0.91,schinese;english;russian
252490,2026-08-15 18:30:39,100,83.3,0.74,22703.2,0.0,0.87,russian;english;spanish
1174180,2026-08-15 18:30:44,100,107.8,0.93,5456.6,0.0,0.89,english;schinese;brazilian
292030,2026-08-15 18:30:49,100,197.0,0.91,4914.1,0.0,0.91,english;schinese;brazilian
359550,2026-08-15 18:30:54,100,54.7,0.75,12844.6,0.0,1.0,english;czech;german
1172470,2026-08-15 18:30:58,100,56.3,0.69,24277.9,0.0,1.0,schinese;english;russian
105600,2026-08-15 18:31:03,100,95.2,0.98,11526.9,0.0,0.85,english;russian;schinese
431960,2026-08-15 18:31:08,100,38.0,0.96,3496.3,0.0,0.9,schinese;english;russian
550,2026-08-15 18:31:12,100,90.9,0.97,9339.6,0.0,0.87,schinese;english;russian
4000,2026-08-15 18:31:17,100,62.0,0.97,11474.9,0.0,0.87,russian;english;schinese
322330,2026-08-15 18:31:21,100,52.1,0.88,9360.2,0.0,0.82,schinese;english;russian
1085660,2026-08-15 18:31:26,100,208.2,0.79,27806.9,0.0,1.0,english;schinese;russian
230410,2026-08-15 18:31:31,100,104.2,0.89,30597.3,0.0,1.0,english;schinese;french
236390,2026-08-15 18:31:36,100,146.2,0.67,20159.2,0.0,1.0,english;russian;schinese
218620,2026-08-15 18:31:40,100,142.9,0.79,8545.8,0.0,0.66,english;russian;spanish
1966720,2026-08-15 18:31:45,100,98.5,0.93,4144.4,1.0,0.74,english;russian;koreana
1145360,2026-08-15 18:31:50,100,152.1,0.96,2841.3,0.0,0.88,english;schinese;spanish
892970,2026-08-15 18:31:55,100,183.1,0.93,12366.1,1.0,0.81,english;russian;koreana
739630,2026-08-15 18:31:59,100,68.5,0.9,3498.6,1.0,0.85,english;russian;schinese
648800,2026-08-15 18:32:04,100,126.5,0.9,4066.0,0.0,0.9,schinese;english;russian
251570,2026-08-15 18:32:09,100,117.1,0.92,25877.8,0.0,0.54,english;schinese;russian
646570,2026-08-15 18:32:14,100,73.4,0.96,5017.2,0.0,0.94,schinese;english;koreana
275850,2026-08-15 18:32:18,100,186.8,0.93,9471.1,0.0,0.68,english;spanish;schinese
990080,2026-08-15 18:32:23,100,289.4,0.83,3179.7,0.0,0.82,english;russian;brazilian
2358720,2026-08-15 18:32:28,100,54.1,0.96,1913.2,0.0,0.79,schinese;english;koreana
289070,2026-08-15 18:32:33,100,49.3,0.94,18275.3,0.0,0.7,schinese;english;koreana
255710,2026-08-15 18:32:37,100,106.4,0.85,8565.5,0.0,0.79,english;schinese;brazilian
294100,2026-08-15 18:32:42,100,109.4,0.95,15558.7,0.0,0.84,english;schinese;russian
227300,2026-08-15 18:32:47,100,32.0,0.98,5339.8,0.0,0.89,russian;english;turkish
1203220,2026-08-15 18:32:52,100,107.8,0.59,40416.9,0.0,1.0,schinese;english;russian
2050650,2026-08-15 18:32:58,100,163.3,0.97,2138.2,0.0,0.72,schinese;english;russian
381210,2026-08-15 18:33:03,100,194.8,0.75,24947.9,0.0,0.7,english;russian;schinese
620,2026-08-15 18:33:09,100,55.2,0.98,1029.8,0.0,0.89,english;russian;schinese
440,2026-08-15 18:33:14,100,49.4,0.97,8194.5,0.0,1.0,english;russian;brazilian
1817070,2026-08-15 18:33:19,100,92.5,0.98,1258.8,0.0,0.64,english;schinese;russian
1623730,2026-08-15 18:33:24,100,158.9,1.0,7170.8,0.0,0.77,english;schinese;brazilian
238960,2026-08-15 18:33:29,100,138.0,0.71,46827.4,0.0,1.0,english;russian;brazilian
1290000,2026-08-15 18:33:34,100,196.8,0.91,4261.4,0.0,0.82,english;koreana;french
1794680,2026-08-15 18:33:39,100,118.1,0.94,2924.3,0.0,0.9,english;schinese;spanish
1599340,2026-08-15 18:33:43,100,253.2,0.42,51688.6,0.0,1.0,english;brazilian;french
1245620,2026-08-16 18:30:01,100,169.6,0.91,10181.2,0.0,0.66,english;russian;schinese
570,2026-08-16 18:30:06,100,68.6,0.65,81314.3,0.0,1.0,russian;english;schinese
730,2026-08-16 18:30:11,100,61.8,0.74,33055.7,0.0,1.0,russian;english;spanish
578080,2026-08-16 18:30:16,100,35.6,0.69,29513.0,0.0,1.0,schinese;russian;english
271590,2026-08-16 18:30:21,100,140.8,0.94,20946.0,0.0,0.83,russian;english;schinese
1086940,2026-08-16 18:30:26,100,178.8,0.92,10369.8,0.0,0.87,english;schinese;russian
1091500,2026-08-16 18:30:30,100,175.3,0.97,4633.3,0.0,0.93,schinese;english;russian
413150,2026-08-16 18:30:35,100,81.4,0.97,5122.1,0.0,0.93,schinese;english;brazilian
252490,2026-08-16 18:30:40,100,71.9,0.75,38665.9,0.0,0.83,russian;english;turkish
1174180,2026-08-16 18:30:45,100,68.2,0.97,5855.1,0.0,0.9,english;schinese;russian
292030,2026-08-16 18:30:50,100,96.0,0.98,5067.1,0.0,0.94,english;schinese;russian
359550,2026-08-16 18:30:55,100,85.6,0.77,11318.7,0.0,1.0,english;brazilian;french
1172470,2026-08-16 18:30:59,100,75.8,0.73,28956.4,0.0,1.0,schinese;english;russian
105600,2026-08-16 18:31:04,100,56.5,0.96,6498.8,0.0,0.75,english;russian;schinese
431960,2026-08-16 18:31:09,100,23.8,0.99,3800.5,0.0,0.91,schinese;english;russian
550,2026-08-16 18:31:14,100,65.9,0.94,5451.6,0.0,0.85,schinese;english;spanish
4000,2026-08-16 18:31:19,100,37.3,0.98,5290.3,0.0,0.87,english;russian;spanish
322330,2026-08-16 18:31:24,100,86.5,0.92,9254.8,0.0,0.8,schinese;russian;english
1085660,2026-08-16 18:31:29,100,151.6,0.77,29557.6,0.0,1.0,english;schinese;koreana
230410,2026-08-16 18:31:33,100,152.1,0.92,20873.4,0.0,1.0,english;schinese;russian
236390,2026-08-16 18:31:38,100,152.1,0.68,13038.2,0.0,1.0,english;russian;schinese
218620,2026-08-16 18:31:43,100,190.7,0.79,7051.4,0.0,0.65,english;russian;spanish
1966720,2026-08-16 18:31:48,100,101.8,0.96,4145.3,1.0,0.73,english;russian;schinese
1145360,2026-08-16 18:31:53,100,155.0,0.92,2784.6,0.0,0.89,english;schinese;spanish
892970,2026-08-16 18:31:57,100,172.3,0.9,9711.5,1.0,0.81,english;russian;brazilian
739630,2026-08-16 18:32:02,100,114.2,0.89,4088.1,1.0,0.77,english;russian;schinese
648800,2026-08-16 18:32:07,100,100.6,0.93,2149.4,0.0,0.89,schinese;english;russian
251570,2026-08-16 18:32:11,100,117.1,0.92,25877.8,0.0,0.54,english;schinese;russian
646570,2026-08-16 18:32:16,100,86.6,0.96,3798.4,0.0,0.91,schinese;english;koreana
275850,2026-08-16 18:32:21,100,233.6,0.91,6973.3,0.0,0.71,english;russian;spanish
990080,2026-08-16 18:32:26,100,276.4,0.86,3158.2,0.0,0.79,english;russian;brazilian
2358720,2026-08-16 18:32:31,100,85.8,0.89,1902.2,0.0,0.78,schinese;english;brazilian
289070,2026-08-16 18:32:35,100,105.9,0.97,20447.9,0.0,0.75,schinese;english;brazilian
255710,2026-08-16 18:32:40,100,71.8,0.89,5333.2,0.0,0.79,english;schinese;russian
294100,2026-08-16 18:32:45,100,130.0,0.95,18597.5,0.0,0.89,english;schinese;russian
227300,2026-08-16 18:32:50,100,68.3,0.96,8934.7,0.0,0.87,english;russian;turkish
1203220,2026-08-16 18:32:56,100,107.0,0.54,38168.5,0.0,1.0,schinese;english;russian
2050650,2026-08-16 18:33:00,100,159.9,0.97,2629.2,0.0,0.61,schinese;english;russian
381210,2026-08-16 18:33:05,100,103.4,0.7,18980.4,0.0,0.72,english;russian;schinese
620,2026-08-16 18:33:10,100,106.7,0.97,1411.3,0.0,0.86,english;russian;schinese
440,2026-08-16 18:33:15,100,101.5,0.92,12612.7,0.0,1.0,russian;english;spanish
1817070,2026-08-16 18:33:20,100,130.8,0.99,1904.9,0.0,0.7,english;russian;schinese
1623730,2026-08-16 18:33:24,100,131.1,0.96,6840.6,0.0,0.84,english;schinese;brazilian
238960,2026-08-16 18:33:29,100,181.6,0.7,66275.2,0.0,1.0,english;russian;brazilian
1290000,2026-08-16 18:33:34,100,199.3,0.93,4173.4,0.0,0.8,english;koreana;french
1794680,2026-08-16 18:33:38,100,135.8,0.89,2928.7,0.0,0.9,english;schinese;spanish
1599340,2026-08-16 18:33:43,100,255.5,0.42,52048.9,0.0,1.0,english;brazilian;french
1245620,2026-08-17 06:30:01,100,145.7,0.92,8620.4,0.0,0.66,english;schinese;spanish
570,2026-08-17 06:30:06,100,126.6,0.78,100186.2,0.0,1.0,russian;english;spanish
730,2026-08-17 06:30:12,100,69.2,0.77,25544.3,0.0,1.0,english;russian;schinese
578080,2026-08-17 06:30:16,100,54.2,0.7,22671.1,0.0,1.0,russian;schinese;english
271590,2026-08-17 06:30:21,100,24.6,0.93,25570.3,0.0,0.85,russian;english;brazilian
1086940,2026-08-17 06:30:26,100,147.9,0.96,14019.4,0.0,0.85,english;schinese;brazilian
1091500,2026-08-17 06:30:30,100,144.2,0.94,5269.6,0.0,0.96,english;schinese;spanish
413150,2026-08-17 06:30:35,100,77.4,0.98,9580.1,0.0,0.91,english;schinese;spanish
252490,2026-08-17 06:30:40,100,71.5,0.75,40405.8,0.0,0.83,english;russian;turkish
1174180,2026-08-17 06:30:44,100,154.8,0.96,6803.7,0.0,0.86,english;spanish;brazilian
292030,2026-08-17 06:30:49,100,154.0,0.91,3984.0,0.0,0.94,english;schinese;russian
359550,2026-08-17 06:30:54,100,62.1,0.68,10452.8,0.0,1.0,english;schinese;spanish
1172470,2026-08-17 06:30:58,100,78.3,0.64,18450.3,0.0,1.0,english;schinese;russian
105600,2026-08-17 06:31:03,100,74.6,0.93,9009.0,0.0,0.81,english;schinese;spanish
431960,2026-08-17 06:31:07,100,44.1,0.94,6709.1,0.0,0.95,english;schinese;russian
550,2026-08-17 06:31:12,100,41.6,1.0,10050.8,0.0,0.81,spanish;english;latam
4000,2026-08-17 06:31:17,100,39.0,0.98,10267.5,0.0,0.9,english;russian;spanish
1245620,2026-08-15 06:30:02,100,140.2,0.94,8682.7,0.0,0.68,english;brazilian;schinese
570,2026-08-15 06:30:07,100,86.8,0.69,83922.6,0.0,1.0,russian;english;schinese
730,2026-08-15 06:30:12,100,37.1,0.81,37762.7,0.0,1.0,schinese;english;russian
578080,2026-08-15 06:30:17,100,73.2,0.7,25612.2,0.0,1.0,schinese;russian;english
271590,2026-08-15 06:30:22,100,42.3,0.93,45019.6,0.0,0.81,english;russian;brazilian
1086940,2026-08-15 06:30:27,100,151.6,0.95,11241.5,0.0,0.91,english;schinese;russian
1091500,2026-08-15 06:30:32,100,166.5,0.93,4968.3,0.0,0.93,english;schinese;brazilian
413150,2026-08-15 06:30:37,100,68.3,0.99,13052.5,0.0,0.93,english;schinese;brazilian
252490,2026-08-15 06:30:42,100,77.0,0.73,53627.4,0.0,0.88,english;russian;spanish
1174180,2026-08-15 06:30:47,100,174.5,0.97,10105.2,0.0,0.89,english;schinese;brazilian
292030,2026-08-15 06:30:52,100,124.0,0.93,5306.1,0.0,0.95,english;russian;brazilian
359550,2026-08-15 06:30:57,100,102.9,0.71,13549.9,0.0,1.0,english;spanish;brazilian
1172470,2026-08-15 06:31:02,100,94.0,0.63,28103.0,0.0,1.0,english;schinese;russian
105600,2026-08-15 06:31:07,100,77.2,0.98,13844.4,0.0,0.8,english;schinese;brazilian
431960,2026-08-15 06:31:12,100,29.6,0.97,5200.0,0.0,0.92,schinese;english;brazilian
550,2026-08-15 06:31:17,100,40.1,0.98,8911.7,0.0,0.85,spanish;english;latam
4000,2026-08-15 06:31:22,100,47.2,0.97,7719.4,0.0,0.92,english;spanish;brazilian
322330,2026-08-15 06:31:27,100,42.0,0.87,7460.8,0.0,0.8,schinese;russian;english
1085660,2026-08-15 06:31:32,100,227.0,0.76,34078.1,0.0,1.0,english;schinese;russian
230410,2026-08-15 06:31:37,100,169.3,0.85,29000.1,0.0,1.0,english;schinese;brazilian
236390,2026-08-15 06:31:42,100,97.8,0.69,19060.9,0.0,1.0,english;russian;schinese
218620,2026-08-15 06:31:47,100,135.8,0.79,9626.5,0.0,0.72,english;russian;spanish
1966720,2026-08-15 06:31:52,100,100.3,0.94,3824.4,1.0,0.74,english;russian;koreana
1145360,2026-08-15 06:31:57,100,142.7,0.95,3006.4,0.0,0.92,english;schinese;russian
892970,2026-08-15 06:32:02,100,210.9,0.9,12961.4,1.0,0.81,english;russian;brazilian
739630,2026-08-15 06:32:07,100,98.5,0.87,4285.8,1.0,0.84,english;russian;spanish
648800,2026-08-15 06:32:12,100,120.7,0.87,3864.2,0.0,0.81,english;schinese;russian
251570,2026-08-15 06:32:17,100,117.1,0.92,25877.8,0.0,0.54,english;schinese;russian
646570,2026-08-15 06:32:23,100,64.7,0.95,4677.1,0.0,0.96,schinese;english;koreana
275850,2026-08-15 06:32:28,100,296.6,0.94,10857.8,0.0,0.67,english;spanish;schinese
990080,2026-08-15 06:32:33,100,265.3,0.83,2849.8,0.0,0.82,english;brazilian;russian
2358720,2026-08-15 06:32:39,100,77.7,0.89,1437.6,0.0,0.78,schinese;english;brazilian
289070,2026-08-15 06:32:43,100,86.1,0.9,18057.8,0.0,0.72,schinese;english;russian
255710,2026-08-15 06:32:48,100,96.5,0.88,8832.2,0.0,0.83,english;schinese;russian
294100,2026-08-15 06:32:54,100,106.7,0.95,17368.5,0.0,0.79,english;schinese;russian
227300,2026-08-15 06:32:59,100,47.3,0.98,8258.5,0.0,0.85,english;russian;turkish
1203220,2026-08-15 06:33:05,100,99.3,0.6,43929.7,0.0,1.0,schinese;english;russian
2050650,2026-08-15 06:33:10,100,91.9,0.97,2850.8,0.0,0.74,english;brazilian;schinese
381210,2026-08-15 06:33:15,100,157.7,0.76,20487.9,0.0,0.8,english;spanish;brazilian
620,2026-08-15 06:33:20,100,82.9,0.98,1290.3,0.0,0.87,english;russian;spanish
440,2026-08-15 06:33:25,100,86.8,0.96,7631.6,0.0,1.0,english;russian;spanish
1817070,2026-08-15 06:33:30,100,92.8,0.96,2667.6,0.0,0.7,english;spanish;brazilian
1623730,2026-08-15 06:33:35,100,99.3,0.97,6478.2,0.0,0.84,english;koreana;schinese
238960,2026-08-15 06:33:40,100,107.2,0.75,50561.7,0.0,1.0,english;russian;brazilian
1290000,2026-08-15 06:33:45,100,196.0,0.92,4215.3,0.0,0.82,english;french;koreana
1794680,2026-08-15 06:33:50,100,86.0,0.96,2996.6,0.0,0.91,english;schinese;spanish
1599340,2026-08-15 06:33:55,100,250.5,0.43,51635.2,0.0,1.0,english;brazilian;french
620,2026-08-21 06:33:10,100,87.2,0.98,1295.7,0.0,0.93,english;russian;spanish
440,2026-08-21 06:33:15,100,129.9,0.96,13309.4,0.0,1.0,english;russian;spanish
1817070,2026-08-21 06:33:20,100,149.4,0.95,1974.0,0.0,0.68,english;spanish;russian
1623730,2026-08-21 06:33:25,100,78.2,0.98,9254.0,0.0,0.82,english;schinese;spanish
238960,2026-08-21 06:33:29,100,132.3,0.81,47008.1,0.0,1.0,english;russian;polish
1290000,2026-08-21 06:33:34,100,195.5,0.92,3481.8,0.0,0.82,english;japanese;koreana
1794680,2026-08-21 06:33:39,100,124.0,0.96,2381.8,0.0,0.9,english;schinese;brazilian
1599340,2026-08-21 06:33:44,100,276.8,0.41,59587.7,0.0,1.0,english;brazilian;spanish
1245620,2026-08-21 18:30:02,100,161.0,0.87,9007.7,0.0,0.62,schinese;english;russian
570,2026-08-21 18:30:07,100,46.4,0.62,85874.3,0.0,1.0,russian;english;brazilian
730,2026-08-21 18:30:12,100,77.7,0.77,22938.8,0.0,1.0,russian;english;polish
578080,2026-08-21 18:30:17,100,68.1,0.68,26735.3,0.0,1.0,schinese;russian;english
271590,2026-08-21 18:30:21,100,64.2,0.96,25087.9,0.0,0.81,russian;english;schinese
1086940,2026-08-21 18:30:26,100,150.2,0.97,13979.0,0.0,0.82,english;schinese;russian
1091500,2026-08-21 18:30:31,100,239.3,0.96,4592.7,0.0,0.92,english;schinese;russian
413150,2026-08-21 18:30:36,100,64.6,0.99,4254.1,0.0,0.96,schinese;english;russian
252490,2026-08-21 18:30:41,100,74.6,0.82,45994.5,0.0,0.79,russian;english;turkish
1174180,2026-08-21 18:30:45,100,66.8,0.93,6781.2,0.0,0.87,schinese;english;russian
292030,2026-08-21 18:30:50,100,148.6,0.92,5287.5,0.0,0.91,schinese;english;russian
359550,2026-08-21 18:30:55,100,67.1,0.69,13418.9,0.0,1.0,english;spanish;swedish
1172470,2026-08-21 18:31:00,100,84.2,0.6,16474.1,0.0,1.0,schinese;english;turkish
105600,2026-08-21 18:31:05,100,62.8,0.96,10322.9,0.0,0.78,english;russian;schinese
431960,2026-08-21 18:31:10,100,31.3,0.97,2690.2,0.0,0.96,schinese;english;russian
550,2026-08-21 18:31:15,100,69.8,0.95,9782.0,0.0,0.77,schinese;english;spanish
4000,2026-08-21 18:31:20,100,38.6,0.92,10199.3,0.0,0.88,english;russian;schinese
322330,2026-08-21 18:31:25,100,45.1,0.94,8129.1,0.0,0.71,schinese;russian;english
1085660,2026-08-21 18:31:30,100,210.6,0.85,52740.4,0.0,1.0,english;schinese;brazilian
230410,2026-08-21 18:31:34,100,74.0,0.87,29218.5,0.0,1.0,english;schinese;russian
236390,2026-08-21 18:31:39,100,109.1,0.58,19848.2,0.0,1.0,english;schinese;russian
218620,2026-08-21 18:31:44,100,147.0,0.89,6224.3,0.0,0.8,english;russian;spanish
1966720,2026-08-21 18:31:49,100,101.5,0.9,4747.6,1.0,0.8,english;russian;koreana
1145360,2026-08-21 18:31:54,100,196.9,0.94,2390.1,0.0,0.94,english;schinese;spanish
892970,2026-08-21 18:32:00,100,185.0,0.89,14183.3,1.0,0.82,english;russian;german
739630,2026-08-21 18:32:05,100,101.7,0.87,4700.5,1.0,0.78,english;russian;spanish
648800,2026-08-21 18:32:09,100,56.6,0.89,2158.7,0.0,0.87,schinese;english;russian
251570,2026-08-21 18:32:14,100,239.7,0.63,24670.3,0.0,0.63,english;schinese;russian
646570,2026-08-21 18:32:19,100,52.4,0.96,5012.6,0.0,0.9,schinese;english;russian
275850,2026-08-21 18:32:23,100,227.8,0.91,5665.6,0.0,0.67,english;schinese;russian
990080,2026-08-21 18:32:28,100,261.2,0.82,3330.8,0.0,0.73,english;russian;schinese
2358720,2026-08-21 18:32:33,100,147.3,0.87,2019.7,0.0,0.71,schinese;english;russian
289070,2026-08-21 18:32:38,100,113.6,0.85,18629.8,0.0,0.66,schinese;english;russian
255710,2026-08-21 18:32:43,100,69.3,0.91,7254.7,0.0,0.84,schinese;english;russian
294100,2026-08-21 18:32:49,100,118.6,0.97,24482.9,0.0,0.77,english;schinese;russian
227300,2026-08-21 18:32:53,100,61.7,0.97,11878.6,0.0,0.84,russian;english;turkish
1203220,2026-08-21 18:32:59,100,58.8,0.6,31505.1,0.0,1.0,schinese;english;spanish
2050650,2026-08-21 18:33:03,100,233.2,0.96,2397.4,0.0,0.7,english;schinese;spanish
381210,2026-08-21 18:33:08,100,145.7,0.76,16466.9,0.0,0.66,english;russian;schinese
620,2026-08-21 18:33:13,100,97.7,0.98,808.7,0.0,0.9,english;russian;schinese
440,2026-08-21 18:33:18,100,122.3,0.88,12910.2,0.0,1.0,english;russian;spanish
1817070,2026-08-21 18:33:23,100,261.2,0.9,1719.7,0.0,0.71,english;schinese;brazilian
1623730,2026-08-21 18:33:27,100,195.9,0.96,8321.4,0.0,0.84,english;schinese;brazilian
238960,2026-08-21 18:33:32,100,136.4,0.78,42970.8,0.0,1.0,english;russian;polish
1290000,2026-08-21 18:33:37,100,195.1,0.91,3523.6,0.0,0.83,english;japanese;koreana
1794680,2026-08-21 18:33:43,100,129.8,0.95,2219.6,0.0,0.93,english;schinese;russian
1599340,2026-08-21 18:33:53,100,287.0,0.39,62278.6,0.0,1.0,english;brazilian;french
1245620,2026-08-22 06:30:01,100,108.6,0.92,11135.2,0.0,0.65,english;schinese;russian
570,2026-08-22 06:30:06,100,46.0,0.73,74026.6,0.0,1.0,russian;english;schinese
730,2026-08-22 06:30:10,100,48.4,0.8,32810.4,0.0,1.0,russian;schinese;english
578080,2026-08-22 06:30:15,100,55.9,0.75,23451.4,0.0,1.0,schinese;russian;english
271590,2026-08-22 06:30:20,100,37.9,0.95,16690.1,0.0,0.92,russian;english;brazilian
1086940,2026-08-22 06:30:24,100,111.8,0.96,12114.1,0.0,0.83,english;brazilian;schinese
1091500,2026-08-22 06:30:29,100,139.4,0.98,5864.2,0.0,0.93,english;schinese;spanish
413150,2026-08-22 06:30:34,100,161.3,0.97,7269.2,0.0,0.87,english;schinese;brazilian
1245620,2026-08-14 18:30:02,100,100.7,0.94,10726.9,0.0,0.68,english;schinese;russian
570,2026-08-14 18:30:07,100,29.5,0.6,79588.5,0.0,1.0,russian;english;schinese
730,2026-08-14 18:30:12,100,47.1,0.76,22267.4,0.0,1.0,russian;english;spanish
578080,2026-08-14 18:30:16,100,29.7,0.67,21136.2,0.0,1.0,schinese;russian;english
271590,2026-08-14 18:30:21,100,41.8,0.92,27274.7,0.0,0.79,russian;english;schinese
1086940,2026-08-14 18:30:26,100,161.4,0.97,11549.2,0.0,0.84,english;russian;schinese
1091500,2026-08-14 18:30:31,100,210.2,0.94,4545.3,0.0,0.91,schinese;english;russian
413150,2026-08-14 18:30:36,100,81.8,0.97,8049.9,0.0,0.92,schinese;english;russian
252490,2026-08-14 18:30:40,100,94.9,0.82,30049.9,0.0,0.84,russian;english;spanish
1174180,2026-08-14 18:30:45,100,181.3,0.93,7681.1,0.0,0.8,english;schinese;russian
292030,2026-08-14 18:30:51,100,159.7,0.9,5341.2,0.0,0.92,english;schinese;russian
359550,2026-08-14 18:30:56,100,66.7,0.74,15568.4,0.0,1.0,english;schinese;german
1172470,2026-08-14 18:31:00,100,59.8,0.71,26311.5,0.0,1.0,schinese;english;russian
105600,2026-08-14 18:31:05,100,49.9,0.98,9572.5,0.0,0.79,english;russian;schinese
431960,2026-08-14 18:31:11,100,28.6,0.94,7984.4,0.0,0.96,schinese;english;russian
550,2026-08-14 18:31:16,100,37.3,0.96,5466.9,0.0,0.93,schinese;english;spanish
4000,2026-08-14 18:31:20,100,55.7,0.94,9990.2,0.0,0.89,english;russian;spanish
322330,2026-08-14 18:31:25,100,47.9,0.87,6032.4,0.0,0.84,schinese;russian;english
1085660,2026-08-14 18:31:30,100,243.9,0.75,41773.4,0.0,1.0,english;schinese;spanish
230410,2026-08-14 18:31:35,100,218.2,0.85,32962.8,0.0,1.0,english;schinese;russian
236390,2026-08-14 18:31:39,100,77.1,0.65,17215.6,0.0,1.0,russian;schinese;english
218620,2026-08-14 18:31:44,100,172.0,0.79,10616.7,0.0,0.69,english;russian;spanish
1966720,2026-08-14 18:31:49,100,97.2,0.92,3706.9,1.0,0.76,english;russian;koreana
1145360,2026-08-14 18:31:54,100,119.0,0.93,2757.8,0.0,0.97,english;schinese;russian
892970,2026-08-14 18:31:59,100,207.0,0.88,10420.5,1.0,0.79,english;russian;brazilian
739630,2026-08-14 18:32:03,100,129.0,0.89,5251.0,1.0,0.82,english;russian;schinese
648800,2026-08-14 18:32:08,100,102.2,0.86,3830.2,0.0,0.8,schinese;english;russian
251570,2026-08-14 18:32:13,100,117.1,0.92,25877.8,0.0,0.54,english;schinese;russian
646570,2026-08-14 18:32:18,100,43.4,0.95,4075.4,0.0,0.94,schinese;english;koreana
275850,2026-08-14 18:32:22,100,318.4,0.92,12611.8,0.0,0.69,english;russian;schinese
990080,2026-08-14 18:32:27,100,237.6,0.81,2948.4,0.0,0.79,english;brazilian;schinese
2358720,2026-08-14 18:32:32,100,70.8,0.87,1491.0,0.0,0.82,schinese;english;russian
289070,2026-08-14 18:32:36,100,97.3,0.87,19383.5,0.0,0.78,schinese;english;koreana
255710,2026-08-14 18:32:41,100,95.2,0.89,13162.1,0.0,0.83,english;schinese;russian
294100,2026-08-14 18:32:47,100,79.7,0.95,18214.3,0.0,0.81,english;schinese;russian
227300,2026-08-14 18:32:51,100,49.1,0.99,6504.7,0.0,0.86,russian;turkish;english
1203220,2026-08-14 18:32:56,100,87.9,0.61,44563.9,0.0,1.0,schinese;english;russian
2050650,2026-08-14 18:33:01,100,88.8,0.98,3335.5,0.0,0.73,schinese;english;spanish
381210,2026-08-14 18:33:05,100,182.0,0.65,26334.9,0.0,0.65,english;russian;schinese
620,2026-08-14 18:33:10,100,82.8,0.99,1195.0,0.0,0.85,english;russian;schinese
440,2026-08-14 18:33:15,100,66.2,0.97,10166.0,0.0,1.0,russian;english;turkish
1817070,2026-08-14 18:33:20,100,110.5,0.96,1604.3,0.0,0.76,english;russian;schinese
1623730,2026-08-14 18:33:24,100,246.9,0.94,8694.2,0.0,0.81,english;schinese;koreana
238960,2026-08-14 18:33:29,100,91.2,0.74,59242.5,0.0,1.0,english;russian;brazilian
1290000,2026-08-14 18:33:34,100,198.9,0.93,4473.6,0.0,0.83,english;french;koreana
1794680,2026-08-14 18:33:38,100,76.3,0.95,2863.1,0.0,0.93,english;schinese;spanish
1599340,2026-08-14 18:33:43,100,250.4,0.42,44726.4,0.0,1.0,english;brazilian;french
322330,2026-08-17 06:31:21,100,47.8,0.88,7335.5,0.0,0.75,schinese;russian;english
1085660,2026-08-17 06:31:26,100,185.0,0.74,34217.7,0.0,1.0,english;schinese;spanish
230410,2026-08-17 06:31:31,100,123.6,0.87,23332.9,0.0,1.0,english;schinese;russian
236390,2026-08-17 06:31:35,100,182.9,0.69,18473.8,0.0,1.0,english;russian;schinese
218620,2026-08-17 06:31:40,100,169.8,0.83,9018.5,0.0,0.71,english;russian;spanish
1966720,2026-08-17 06:31:45,100,89.1,0.96,4818.5,1.0,0.71,english;russian;koreana
1145360,2026-08-17 06:31:50,100,146.3,0.91,2889.5,0.0,0.91,english;schinese;spanish
892970,2026-08-17 06:31:55,100,192.4,0.91,8090.8,1.0,0.76,english;russian;brazilian
739630,2026-08-17 06:31:59,100,116.8,0.88,4300.7,1.0,0.72,english;russian;schinese
648800,2026-08-17 06:32:04,100,133.8,0.92,2133.8,0.0,0.85,english;schinese;russian
251570,2026-08-17 06:32:08,100,117.1,0.92,25877.8,0.0,0.54,english;schinese;russian
646570,2026-08-17 06:32:13,100,97.6,0.94,3827.9,0.0,0.92,schinese;english;koreana
275850,2026-08-17 06:32:18,100,292.8,0.87,6630.7,0.0,0.7,english;russian;spanish
990080,2026-08-17 06:32:23,100,180.4,0.88,3105.3,0.0,0.79,english;russian;brazilian
2358720,2026-08-17 06:32:27,100,77.9,0.94,1853.6,0.0,0.7,schinese;english;brazilian
289070,2026-08-17 06:32:32,100,119.6,0.95,21849.9,0.0,0.73,english;schinese;brazilian
255710,2026-08-17 06:32:36,100,78.8,0.92,5153.8,0.0,0.81,english;schinese;russian
294100,2026-08-17 06:32:42,100,138.2,0.92,19258.5,0.0,0.85,english;russian;schinese
227300,2026-08-17 06:32:46,100,47.5,0.97,6019.6,0.0,0.87,russian;english;brazilian
1203220,2026-08-17 06:32:51,100,115.1,0.54,38444.9,0.0,1.0,schinese;english;russian
2050650,2026-08-17 06:32:56,100,72.6,1.0,2678.6,0.0,0.76,english;schinese;brazilian
381210,2026-08-17 06:33:00,100,127.9,0.79,17208.1,0.0,0.76,english;russian;brazilian
620,2026-08-17 06:33:05,100,100.1,0.96,1257.1,0.0,0.88,english;russian;spanish
440,2026-08-17 06:33:10,100,86.6,0.91,11785.6,0.0,1.0,english;russian;spanish
1817070,2026-08-17 06:33:14,100,141.3,0.99,1784.0,0.0,0.73,english;brazilian;spanish
1623730,2026-08-17 06:33:19,100,88.6,0.96,7759.6,0.0,0.87,english;schinese;brazilian
238960,2026-08-17 06:33:24,100,188.3,0.73,65145.5,0.0,1.0,english;russian;brazilian
1290000,2026-08-17 06:33:28,100,201.7,0.93,4192.7,0.0,0.8,english;koreana;french
1794680,2026-08-17 06:33:33,100,137.7,0.88,2814.2,0.0,0.88,english;schinese;brazilian
1599340,2026-08-17 06:33:38,100,290.2,0.43,50617.2,0.0,1.0,english;brazilian;french
1245620,2026-08-17 18:30:02,100,138.4,0.91,7952.0,0.0,0.75,schinese;english;russian
570,2026-08-17 18:30:07,100,36.4,0.7,61613.4,0.0,1.0,russian;english;ukrainian
730,2026-08-17 18:30:12,100,56.8,0.75,35675.3,0.0,1.0,russian;english;turkish
578080,2026-08-17 18:30:18,100,26.5,0.69,25705.5,0.0,1.0,russian;schinese;english
271590,2026-08-17 18:30:23,100,59.0,0.95,18151.5,0.0,0.91,russian;english;schinese
1086940,2026-08-17 18:30:29,100,101.3,0.95,15164.5,0.0,0.83,english;schinese;russian
1091500,2026-08-17 18:30:34,100,142.7,0.98,3987.6,0.0,0.92,schinese;english;russian
413150,2026-08-17 18:30:39,100,49.7,0.95,4614.5,0.0,0.86,schinese;english;russian
252490,2026-08-17 18:30:44,100,48.6,0.79,37727.0,0.0,0.81,russian;english;turkish
1174180,2026-08-17 18:30:49,100,129.5,0.95,5486.6,0.0,0.87,english;schinese;russian
292030,2026-08-17 18:30:54,100,147.0,0.93,4500.0,0.0,0.95,english;schinese;russian
359550,2026-08-17 18:30:59,100,118.1,0.74,12555.8,0.0,1.0,english;german;schinese
1172470,2026-08-17 18:31:04,100,38.7,0.76,25454.7,0.0,1.0,schinese;english;russian
105600,2026-08-17 18:31:09,100,73.4,0.97,10761.5,0.0,0.71,english;schinese;russian
431960,2026-08-17 18:31:14,100,24.9,0.97,5899.8,0.0,0.95,schinese;english;russian
550,2026-08-17 18:31:19,100,45.2,0.95,4306.1,0.0,0.88,schinese;english;spanish
4000,2026-08-17 18:31:24,100,40.1,0.96,24142.2,0.0,0.87,russian;english;schinese
322330,2026-08-17 18:31:29,100,42.9,0.87,8716.8,0.0,0.74,schinese;russian;english
1085660,2026-08-17 18:31:34,100,211.5,0.58,24298.7,0.0,1.0,english;schinese;russian
230410,2026-08-17 18:31:39,100,143.7,0.81,21870.4,0.0,1.0,english;schinese;russian
236390,2026-08-17 18:31:44,100,55.9,0.66,14667.8,0.0,1.0,russian;english;schinese
218620,2026-08-17 18:31:49,100,152.2,0.86,7400.3,0.0,0.75,english;russian;schinese
1966720,2026-08-17 18:31:54,100,87.8,0.97,4565.0,1.0,0.76,english;russian;schinese
1145360,2026-08-17 18:31:59,100,151.3,0.89,2837.8,0.0,0.92,english;schinese;spanish
892970,2026-08-17 18:32:04,100,220.5,0.89,8528.7,1.0,0.78,english;russian;brazilian
739630,2026-08-17 18:32:10,100,107.9,0.9,3013.2,1.0,0.78,english;russian;schinese
648800,2026-08-17 18:32:15,100,118.2,0.91,3001.3,0.0,0.84,english;schinese;russian
251570,2026-08-17 18:32:20,100,117.1,0.92,25877.8,0.0,0.54,english;schinese;russian
646570,2026-08-17 18:32:25,100,98.7,0.96,4722.0,0.0,0.89,schinese;english;russian
275850,2026-08-17 18:32:30,100,289.4,0.88,6997.8,0.0,0.69,english;russian;schinese
990080,2026-08-17 18:32:35,100,164.7,0.83,2955.2,0.0,0.74,english;russian;schinese
2358720,2026-08-17 18:32:40,100,73.0,0.9,1873.8,0.0,0.72,schinese;english;russian
289070,2026-08-17 18:32:45,100,85.2,0.93,20742.7,0.0,0.74,schinese;english;russian
227300,2026-08-13 18:32:54,100,67.7,0.99,8447.4,0.0,0.94,russian;english;turkish
1203220,2026-08-13 18:32:59,100,71.4,0.61,42900.5,0.0,1.0,schinese;english;spanish
2050650,2026-08-13 18:33:04,100,89.5,0.99,2151.4,0.0,0.7,english;schinese;russian
381210,2026-08-13 18:33:09,100,143.3,0.66,16675.2,0.0,0.7,english;russian;schinese
620,2026-08-13 18:33:14,100,81.3,1.0,882.5,0.0,0.9,english;russian;schinese
440,2026-08-13 18:33:19,100,68.1,0.9,15258.2,0.0,1.0,russian;english;turkish
1817070,2026-08-13 18:33:23,100,110.6,0.96,1457.7,0.0,0.75,english;schinese;spanish
1623730,2026-08-13 18:33:28,100,136.6,0.95,9759.6,0.0,0.86,english;schinese;german
238960,2026-08-13 18:33:33,100,114.4,0.79,56094.3,0.0,1.0,english;russian;brazilian
1290000,2026-08-13 18:33:37,100,182.6,0.93,4624.9,0.0,0.84,english;french;koreana
1794680,2026-08-13 18:33:42,100,114.3,0.95,2796.3,0.0,0.92,english;schinese;russian
1599340,2026-08-13 18:33:47,100,248.3,0.44,46419.5,0.0,1.0,english;french;brazilian
1245620,2026-08-16 06:30:01,100,159.3,0.87,8867.5,0.0,0.7,english;russian;schinese
570,2026-08-16 06:30:06,100,50.7,0.66,91106.2,0.0,1.0,russian;english;spanish
730,2026-08-16 06:30:11,100,33.3,0.8,30158.1,0.0,1.0,english;russian;schinese
578080,2026-08-16 06:30:16,100,31.0,0.72,27032.0,0.0,1.0,schinese;russian;english
271590,2026-08-16 06:30:21,100,202.2,0.85,22440.5,0.0,0.81,english;russian;brazilian
1086940,2026-08-16 06:30:25,100,252.5,0.93,11052.7,0.0,0.89,english;schinese;russian
1091500,2026-08-16 06:30:30,100,177.7,0.93,7488.6,0.0,0.97,english;schinese;spanish
413150,2026-08-16 06:30:35,100,83.8,0.98,8288.9,0.0,0.92,english;schinese;brazilian
252490,2026-08-16 06:30:40,100,182.6,0.76,37011.5,0.0,0.76,english;russian;turkish
1174180,2026-08-16 06:30:45,100,78.8,0.92,4983.1,0.0,0.88,english;schinese;spanish
292030,2026-08-16 06:30:49,100,195.7,0.95,5212.5,0.0,0.96,english;russian;schinese
359550,2026-08-16 06:30:54,100,37.5,0.76,15440.1,0.0,1.0,english;spanish;brazilian
1172470,2026-08-16 06:30:59,100,91.7,0.75,28046.4,0.0,1.0,english;schinese;spanish
105600,2026-08-16 06:31:04,100,74.8,0.95,11815.0,0.0,0.81,english;brazilian;schinese
431960,2026-08-16 06:31:08,100,51.5,0.98,4309.2,0.0,0.96,english;schinese;russian
550,2026-08-16 06:31:13,100,114.7,1.0,6365.5,0.0,0.91,spanish;english;schinese
4000,2026-08-16 06:31:18,100,31.7,0.97,7466.5,0.0,0.87,english;spanish;russian
322330,2026-08-16 06:31:23,100,95.7,0.93,12399.0,0.0,0.86,schinese;english;russian
1085660,2026-08-16 06:31:27,100,135.3,0.81,28886.7,0.0,1.0,english;schinese;koreana
230410,2026-08-16 06:31:32,100,145.8,0.93,24235.5,0.0,1.0,english;russian;schinese
236390,2026-08-16 06:31:37,100,83.9,0.7,18999.0,0.0,1.0,english;russian;schinese
218620,2026-08-16 06:31:42,100,125.6,0.79,7712.4,0.0,0.67,english;russian;spanish
1966720,2026-08-16 06:31:47,100,90.2,0.95,4480.9,1.0,0.73,english;russian;koreana
1145360,2026-08-16 06:31:51,100,151.7,0.96,2700.6,0.0,0.89,english;schinese;spanish
892970,2026-08-16 06:31:56,100,146.5,0.9,12573.5,1.0,0.84,english;russian;brazilian
739630,2026-08-16 06:32:00,100,81.1,0.82,4037.9,1.0,0.84,english;russian;spanish
648800,2026-08-16 06:32:05,100,113.6,0.94,2458.2,0.0,0.92,english;schinese;russian
251570,2026-08-16 06:32:10,100,117.1,0.92,25877.8,0.0,0.54,english;schinese;russian
646570,2026-08-16 06:32:15,100,91.0,0.95,5229.5,0.0,0.95,schinese;english;koreana
275850,2026-08-16 06:32:20,100,181.1,0.91,9793.3,0.0,0.69,english;spanish;russian
990080,2026-08-16 06:32:25,100,294.9,0.84,2920.4,0.0,0.87,english;russian;brazilian
2358720,2026-08-16 06:32:29,100,173.3,0.87,1964.7,0.0,0.78,schinese;english;brazilian
289070,2026-08-16 06:32:34,100,80.8,0.95,16486.5,0.0,0.68,schinese;english;brazilian
255710,2026-08-16 06:32:39,100,104.2,0.88,9537.4,0.0,0.79,english;schinese;russian
294100,2026-08-16 06:32:44,100,141.2,0.95,15889.7,0.0,0.87,english;schinese;russian
227300,2026-08-16 06:32:49,100,66.6,0.93,14231.7,0.0,0.89,russian;brazilian;turkish
1203220,2026-08-16 06:32:54,100,104.0,0.59,42199.5,0.0,1.0,schinese;english;russian
2050650,2026-08-16 06:32:58,100,85.8,0.96,1850.8,0.0,0.78,english;brazilian;schinese
381210,2026-08-16 06:33:03,100,85.6,0.77,16895.4,0.0,0.74,english;russian;spanish
620,2026-08-16 06:33:08,100,78.2,0.98,1242.7,0.0,0.87,english;russian;spanish
440,2026-08-16 06:33:12,100,76.4,0.92,15668.5,0.0,1.0,english;russian;spanish
1817070,2026-08-16 06:33:17,100,89.1,0.96,1894.3,0.0,0.77,english;spanish;brazilian
1623730,2026-08-16 06:33:22,100,81.7,0.96,9551.2,0.0,0.81,english;schinese;brazilian
238960,2026-08-16 06:33:26,100,139.3,0.75,60753.7,0.0,1.0,english;russian;brazilian
1290000,2026-08-16 06:33:31,100,179.7,0.93,4294.3,0.0,0.82,english;koreana;french
1794680,2026-08-16 06:33:36,100,133.3,0.91,3051.0,0.0,0.9,english;schinese;spanish
1599340,2026-08-16 06:33:41,100,253.2,0.42,51688.6,0.0,1.0,english;brazilian;french
255710,2026-08-17 18:32:50,100,68.7,0.93,4010.1,0.0,0.88,schinese;english;russian
294100,2026-08-17 18:32:56,100,83.3,0.93,28273.2,0.0,0.87,english;schinese;russian
227300,2026-08-17 18:33:01,100,66.0,0.95,9108.2,0.0,0.87,russian;english;turkish
1203220,2026-08-17 18:33:06,100,62.2,0.53,35145.8,0.0,1.0,schinese;english;russian
2050650,2026-08-17 18:33:11,100,47.1,0.99,1886.5,0.0,0.71,schinese;english;spanish
381210,2026-08-17 18:33:17,100,101.4,0.77,14617.0,0.0,0.71,english;russian;schinese
620,2026-08-17 18:33:22,100,105.0,0.96,1108.2,0.0,0.91,english;russian;schinese
440,2026-08-17 18:33:27,100,54.7,0.93,9163.4,0.0,1.0,english;russian;spanish
1817070,2026-08-17 18:33:32,100,186.7,0.98,1665.2,0.0,0.69,english;schinese;spanish
1623730,2026-08-17 18:33:37,100,213.0,0.98,9413.8,0.0,0.79,english;schinese;french
238960,2026-08-17 18:33:42,100,176.1,0.72,66623.7,0.0,1.0,english;russian;brazilian
1290000,2026-08-17 18:33:47,100,205.3,0.93,4137.9,0.0,0.79,english;koreana;japanese
1794680,2026-08-17 18:33:52,100,134.8,0.87,2872.5,0.0,0.89,english;schinese;brazilian
1599340,2026-08-17 18:33:57,100,260.2,0.44,56970.8,0.0,1.0,english;brazilian;spanish
1245620,2026-08-18 06:30:01,100,105.8,0.93,9241.1,0.0,0.68,english;schinese;russian
570,2026-08-18 06:30:06,100,74.7,0.68,123813.2,0.0,1.0,russian;english;spanish
730,2026-08-18 06:30:11,100,41.1,0.72,31846.4,0.0,1.0,english;schinese;russian
578080,2026-08-18 06:30:16,100,33.7,0.8,20413.1,0.0,1.0,schinese;russian;english
271590,2026-08-18 06:30:21,100,58.2,0.92,37251.2,0.0,0.83,russian;english;brazilian
1086940,2026-08-18 06:30:25,100,136.9,0.94,11974.5,0.0,0.88,english;schinese;brazilian
1091500,2026-08-18 06:30:30,100,232.2,0.92,5761.9,0.0,0.93,english;schinese;spanish
413150,2026-08-18 06:30:35,100,54.7,0.99,7702.2,0.0,0.88,english;schinese;spanish
252490,2026-08-18 06:30:40,100,74.7,0.86,58571.9,0.0,0.87,english;russian;spanish
1174180,2026-08-18 06:30:45,100,120.1,0.96,5256.1,0.0,0.82,english;schinese;brazilian
292030,2026-08-18 06:30:49,100,167.8,0.95,4345.7,0.0,0.97,english;russian;schinese
359550,2026-08-18 06:30:54,100,55.0,0.73,13827.3,0.0,1.0,english;spanish;schinese
1172470,2026-08-18 06:30:59,100,178.2,0.58,20797.3,0.0,1.0,english;schinese;russian
105600,2026-08-18 06:31:03,100,62.9,0.95,10416.4,0.0,0.77,english;schinese;russian
431960,2026-08-18 06:31:08,100,29.1,0.95,7329.2,0.0,0.97,english;schinese;russian
550,2026-08-18 06:31:13,100,54.0,0.98,8243.7,0.0,0.82,spanish;english;latam
4000,2026-08-18 06:31:18,100,67.3,0.97,6793.0,0.0,0.92,english;spanish;russian
322330,2026-08-18 06:31:22,100,44.8,0.88,11755.6,0.0,0.75,schinese;russian;english
1085660,2026-08-18 06:31:27,100,221.0,0.64,27781.2,0.0,1.0,english;german;russian
230410,2026-08-18 06:31:33,100,169.8,0.83,28633.9,0.0,1.0,english;schinese;brazilian
236390,2026-08-18 06:31:37,100,116.9,0.69,17511.7,0.0,1.0,english;russian;schinese
218620,2026-08-18 06:31:42,100,111.8,0.81,7660.8,0.0,0.78,english;russian;spanish
1966720,2026-08-18 06:31:47,100,144.9,0.96,4254.2,1.0,0.8,english;russian;schinese
1145360,2026-08-18 06:31:52,100,158.0,0.89,3339.4,0.0,0.94,english;schinese;spanish
892970,2026-08-18 06:31:57,100,184.9,0.91,9007.1,1.0,0.8,english;russian;brazilian
739630,2026-08-18 06:32:01,100,107.6,0.9,3365.4,1.0,0.83,english;russian;spanish
648800,2026-08-18 06:32:06,100,103.3,0.9,3009.6,0.0,0.85,english;schinese;russian
251570,2026-08-18 06:32:11,100,117.1,0.92,25877.8,0.0,0.54,english;schinese;russian
646570,2026-08-18 06:32:16,100,97.8,0.95,4458.2,0.0,0.87,schinese;english;russian
275850,2026-08-18 06:32:21,100,238.1,0.88,7533.2,0.0,0.61,english;russian;schinese
990080,2026-08-18 06:32:26,100,320.2,0.81,3091.1,0.0,0.73,english;brazilian;schinese
2358720,2026-08-18 06:32:30,100,92.3,0.88,2258.2,0.0,0.82,schinese;english;brazilian
289070,2026-08-18 06:32:35,100,76.1,0.93,23372.4,0.0,0.72,english;schinese;russian
255710,2026-08-18 06:32:39,100,60.8,0.91,4164.5,0.0,0.87,english;schinese;russian
294100,2026-08-18 06:32:45,100,134.5,0.93,27324.5,0.0,0.8,english;schinese;russian
227300,2026-08-18 06:32:49,100,66.1,0.93,8457.5,0.0,0.9,russian;brazilian;polish
1203220,2026-08-18 06:32:54,100,53.3,0.54,32285.6,0.0,1.0,schinese;english;russian
1245620,2026-08-14 06:30:02,100,77.2,0.91,9541.8,0.0,0.71,english;brazilian;russian
570,2026-08-14 06:30:07,100,50.8,0.64,99867.2,0.0,1.0,russian;english;schinese
730,2026-08-14 06:30:11,100,61.0,0.76,32312.3,0.0,1.0,english;russian;spanish
578080,2026-08-14 06:30:16,100,53.4,0.69,31320.3,0.0,1.0,schinese;russian;english
271590,2026-08-14 06:30:21,100,117.6,0.92,17937.2,0.0,0.87,russian;english;brazilian
1086940,2026-08-14 06:30:26,100,261.0,0.93,13203.4,0.0,0.87,english;russian;schinese
1091500,2026-08-14 06:30:30,100,192.0,0.97,4952.8,0.0,0.95,english;schinese;spanish
413150,2026-08-14 06:30:35,100,53.8,0.99,7558.3,0.0,0.91,english;schinese;brazilian
252490,2026-08-14 06:30:40,100,94.6,0.79,38933.5,0.0,0.87,english;russian;spanish
1174180,2026-08-14 06:30:45,100,206.3,0.92,8508.2,0.0,0.86,english;brazilian;schinese
292030,2026-08-14 06:30:49,100,152.4,0.95,5200.5,0.0,0.96,english;schinese;russian
359550,2026-08-14 06:30:54,100,55.9,0.72,15785.5,0.0,1.0,english;spanish;brazilian
1172470,2026-08-14 06:30:59,100,149.0,0.74,20492.5,0.0,1.0,english;schinese;russian
105600,2026-08-14 06:31:03,100,151.6,0.95,9011.4,0.0,0.75,english;schinese;brazilian
431960,2026-08-14 06:31:08,100,33.7,0.93,8294.4,0.0,0.94,schinese;english;brazilian
550,2026-08-14 06:31:12,100,94.0,0.99,11731.7,0.0,0.84,spanish;english;schinese
4000,2026-08-14 06:31:17,100,50.0,0.96,7099.4,0.0,0.9,english;spanish;russian
322330,2026-08-14 06:31:22,100,92.7,0.84,8192.3,0.0,0.72,schinese;english;russian
1085660,2026-08-14 06:31:26,100,205.5,0.79,43720.9,0.0,1.0,english;spanish;schinese
230410,2026-08-14 06:31:31,100,122.9,0.91,24561.3,0.0,1.0,english;russian;spanish
236390,2026-08-14 06:31:36,100,68.7,0.63,24304.9,0.0,1.0,english;russian;schinese
218620,2026-08-14 06:31:40,100,153.7,0.84,11447.1,0.0,0.72,english;russian;spanish
1966720,2026-08-14 06:31:45,100,108.7,0.9,4060.3,1.0,0.74,english;russian;koreana
1145360,2026-08-14 06:31:50,100,129.8,0.93,2810.7,0.0,0.99,english;schinese;russian
892970,2026-08-14 06:31:55,100,136.2,0.88,10185.4,1.0,0.81,english;russian;brazilian
739630,2026-08-14 06:31:59,100,135.8,0.9,3995.8,1.0,0.81,english;russian;schinese
648800,2026-08-14 06:32:04,100,53.9,0.88,2319.3,0.0,0.79,english;schinese;russian
251570,2026-08-14 06:32:09,100,117.1,0.92,25877.8,0.0,0.54,english;schinese;russian
646570,2026-08-14 06:32:14,100,49.9,0.98,4316.1,0.0,0.93,schinese;english;french
275850,2026-08-14 06:32:19,100,287.5,0.94,8448.1,0.0,0.7,english;russian;schinese
990080,2026-08-14 06:32:23,100,270.3,0.81,3394.6,0.0,0.74,english;schinese;brazilian
2358720,2026-08-14 06:32:28,100,99.9,0.9,2341.7,0.0,0.81,schinese;english;brazilian
289070,2026-08-14 06:32:33,100,94.4,0.89,19265.3,0.0,0.8,schinese;english;russian
255710,2026-08-14 06:32:38,100,69.0,0.91,10544.6,0.0,0.83,english;schinese;koreana
294100,2026-08-14 06:32:43,100,71.8,0.96,23494.7,0.0,0.87,english;schinese;russian
227300,2026-08-14 06:32:48,100,111.3,0.94,12450.3,0.0,0.92,russian;english;brazilian
1203220,2026-08-14 06:32:53,100,114.8,0.62,44639.9,0.0,1.0,schinese;english;spanish
2050650,2026-08-14 06:32:57,100,119.2,0.99,2388.7,0.0,0.72,english;schinese;spanish
381210,2026-08-14 06:33:02,100,85.8,0.79,13224.1,0.0,0.73,english;brazilian;spanish
620,2026-08-14 06:33:07,100,84.1,0.99,953.5,0.0,0.87,english;russian;spanish
440,2026-08-14 06:33:12,100,134.1,0.94,14625.2,0.0,1.0,english;russian;spanish
1817070,2026-08-14 06:33:16,100,84.3,0.96,1807.8,0.0,0.71,english;spanish;brazilian
1623730,2026-08-14 06:33:21,100,100.8,0.96,6923.4,0.0,0.86,english;schinese;brazilian
238960,2026-08-14 06:33:26,100,122.3,0.78,57325.4,0.0,1.0,english;russian;brazilian
1290000,2026-08-14 06:33:31,100,196.0,0.93,4575.8,0.0,0.83,english;french;koreana
1794680,2026-08-14 06:33:35,100,83.5,0.97,2861.9,0.0,0.94,english;schinese;spanish
1599340,2026-08-14 06:33:40,100,250.4,0.42,44726.4,0.0,1.0,english;brazilian;french
2050650,2026-08-18 06:32:59,100,108.3,1.0,2176.7,0.0,0.77,english;schinese;brazilian
381210,2026-08-18 06:33:04,100,158.9,0.7,14455.0,0.0,0.7,english;brazilian;russian
620,2026-08-18 06:33:09,100,107.8,0.98,971.0,0.0,0.9,english;russian;brazilian
440,2026-08-18 06:33:13,100,69.0,0.92,15810.3,0.0,1.0,english;russian;spanish
1817070,2026-08-18 06:33:18,100,129.6,0.94,1812.0,0.0,0.72,english;russian;schinese
1623730,2026-08-18 06:33:23,100,163.7,0.94,7709.9,0.0,0.8,english;schinese;brazilian
238960,2026-08-18 06:33:27,100,206.2,0.75,76638.9,0.0,1.0,english;russian;brazilian
1290000,2026-08-18 06:33:32,100,213.0,0.93,3903.9,0.0,0.81,english;koreana;japanese
1794680,2026-08-18 06:33:37,100,141.9,0.87,3042.2,0.0,0.89,english;schinese;brazilian
1599340,2026-08-18 06:33:41,100,262.0,0.43,56997.7,0.0,1.0,english;brazilian;spanish
1245620,2026-08-19 18:30:01,100,91.8,0.91,7725.4,0.0,0.65,english;schinese;russian
570,2026-08-19 18:30:07,100,63.2,0.62,89634.3,0.0,1.0,russian;english;ukrainian
730,2026-08-19 18:30:13,100,44.3,0.86,38718.8,0.0,1.0,russian;english;schinese
578080,2026-08-19 18:30:18,100,90.6,0.69,17459.2,0.0,1.0,schinese;russian;english
271590,2026-08-19 18:30:23,100,49.4,0.89,21628.4,0.0,0.82,english;russian;schinese
1086940,2026-08-19 18:30:29,100,183.2,0.95,11999.8,0.0,0.87,english;schinese;russian
1091500,2026-08-19 18:30:34,100,111.6,0.94,5851.7,0.0,0.88,english;schinese;russian
413150,2026-08-19 18:30:39,100,50.6,0.97,6475.9,0.0,0.93,schinese;english;russian
252490,2026-08-19 18:30:45,100,82.5,0.75,33495.1,0.0,0.82,russian;english;czech
1174180,2026-08-19 18:30:50,100,75.9,0.95,7144.1,0.0,0.85,schinese;english;brazilian
292030,2026-08-19 18:30:55,100,155.7,0.97,5713.9,0.0,0.93,english;russian;schinese
359550,2026-08-19 18:31:00,100,65.4,0.71,12339.7,0.0,1.0,english;schinese;german
1172470,2026-08-19 18:31:06,100,99.5,0.63,20938.0,0.0,1.0,english;schinese;russian
105600,2026-08-19 18:31:11,100,82.3,0.95,6679.3,0.0,0.76,english;russian;schinese
431960,2026-08-19 18:31:16,100,28.1,0.95,5038.2,0.0,0.99,schinese;english;russian
550,2026-08-19 18:31:21,100,72.9,0.96,12930.8,0.0,0.94,schinese;english;russian
4000,2026-08-19 18:31:26,100,69.8,0.92,11047.9,0.0,0.89,english;russian;turkish
322330,2026-08-19 18:31:31,100,50.8,0.94,9457.7,0.0,0.73,schinese;russian;english
1085660,2026-08-19 18:31:36,100,198.6,0.8,44732.6,0.0,1.0,english;schinese;russian
230410,2026-08-19 18:31:41,100,126.4,0.86,28235.8,0.0,1.0,english;schinese;russian
236390,2026-08-19 18:31:47,100,145.6,0.59,18846.8,0.0,1.0,russian;schinese;english
218620,2026-08-19 18:31:52,100,159.9,0.79,6471.4,0.0,0.79,english;russian;schinese
1966720,2026-08-19 18:31:57,100,151.9,0.93,4910.5,1.0,0.87,english;russian;koreana
1145360,2026-08-19 18:32:03,100,280.8,0.92,3464.8,0.0,0.93,english;schinese;russian
892970,2026-08-19 18:32:08,100,157.0,0.91,12772.8,1.0,0.83,english;russian;brazilian
739630,2026-08-19 18:32:13,100,90.3,0.86,4314.1,1.0,0.76,english;russian;schinese
648800,2026-08-19 18:32:18,100,109.2,0.93,2224.5,0.0,0.82,english;schinese;russian
251570,2026-08-19 18:32:24,100,117.1,0.92,25877.8,0.0,0.54,english;schinese;russian
646570,2026-08-19 18:32:29,100,49.3,0.96,4832.1,0.0,0.93,schinese;english;russian
275850,2026-08-19 18:32:34,100,272.6,0.91,9838.3,0.0,0.66,english;russian;schinese
990080,2026-08-19 18:32:40,100,305.3,0.84,2850.9,0.0,0.75,english;schinese;russian
2358720,2026-08-19 18:32:45,100,27.8,0.92,2311.1,0.0,0.73,schinese;english;koreana
289070,2026-08-19 18:32:51,100,107.8,0.91,13864.5,0.0,0.65,schinese;english;russian
255710,2026-08-19 18:32:56,100,52.9,0.89,6751.8,0.0,0.84,english;schinese;russian
294100,2026-08-19 18:33:01,100,107.6,0.98,38840.4,0.0,0.86,english;schinese;russian
227300,2026-08-19 18:33:07,100,111.3,0.97,14631.2,0.0,0.85,russian;english;turkish
1203220,2026-08-19 18:33:12,100,49.0,0.56,30500.5,0.0,1.0,schinese;english;russian
2050650,2026-08-19 18:33:17,100,141.2,0.96,2363.7,0.0,0.67,schinese;english;brazilian
381210,2026-08-19 18:33:22,100,184.7,0.77,17339.5,0.0,0.71,english;russian;schinese
620,2026-08-19 18:33:28,100,119.8,0.97,1059.8,0.0,0.89,english;russian;schinese
440,2026-08-19 18:33:33,100,110.8,0.87,12947.3,0.0,1.0,russian;english;spanish
1817070,2026-08-19 18:33:39,100,126.8,1.0,1788.6,0.0,0.68,english;russian;brazilian
1623730,2026-08-19 18:33:44,100,90.5,0.96,8372.7,0.0,0.85,english;schinese;russian
238960,2026-08-19 18:33:49,100,147.3,0.82,57973.3,0.0,1.0,english;russian;brazilian
1290000,2026-08-19 18:33:55,100,215.2,0.93,3910.2,0.0,0.81,english;koreana;japanese
1794680,2026-08-19 18:34:00,100,144.9,0.89,2506.5,0.0,0.89,english;schinese;russian
1599340,2026-08-19 18:34:05,100,273.6,0.42,58764.0,0.0,1.0,english;brazilian;spanish
1245620,2026-08-20 06:30:02,100,109.1,0.95,8174.0,0.0,0.7,english;schinese;russian
570,2026-08-20 06:30:07,100,35.0,0.73,76708.6,0.0,1.0,russian;english;spanish
730,2026-08-20 06:30:12,100,45.0,0.87,26451.8,0.0,1.0,russian;schinese;english
578080,2026-08-20 06:30:17,100,36.8,0.76,20587.3,0.0,1.0,russian;schinese;english
271590,2026-08-20 06:30:22,100,43.2,0.96,27564.7,0.0,0.81,english;russian;brazilian
1086940,2026-08-20 06:30:27,100,137.1,0.95,12259.1,0.0,0.86,english;schinese;russian
1245620,2026-08-18 18:30:01,100,84.4,0.9,9509.4,0.0,0.64,english;schinese;spanish
570,2026-08-18 18:30:07,100,33.0,0.72,61901.7,0.0,1.0,russian;english;schinese
730,2026-08-18 18:30:12,100,61.8,0.74,28469.4,0.0,1.0,russian;english;schinese
578080,2026-08-18 18:30:17,100,49.1,0.65,21412.0,0.0,1.0,schinese;russian;english
271590,2026-08-18 18:30:23,100,38.4,0.92,20234.0,0.0,0.84,russian;english;schinese
1086940,2026-08-18 18:30:28,100,100.2,0.96,10597.1,0.0,0.92,english;schinese;russian
1091500,2026-08-18 18:30:33,100,208.3,0.93,4540.6,0.0,0.93,english;schinese;russian
413150,2026-08-18 18:30:39,100,45.9,0.99,5758.3,0.0,0.91,schinese;english;russian
252490,2026-08-18 18:30:44,100,58.8,0.87,45359.1,0.0,0.81,russian;english;ukrainian
1174180,2026-08-18 18:30:49,100,136.9,0.92,5821.3,0.0,0.82,english;schinese;russian
292030,2026-08-18 18:30:54,100,111.6,0.95,6102.5,0.0,0.96,english;schinese;russian
359550,2026-08-18 18:31:00,100,73.5,0.71,10424.5,0.0,1.0,english;german;russian
1172470,2026-08-18 18:31:05,100,34.7,0.64,22210.3,0.0,1.0,schinese;english;russian
105600,2026-08-18 18:31:10,100,71.3,0.96,9915.3,0.0,0.77,english;russian;schinese
431960,2026-08-18 18:31:15,100,26.6,0.94,4035.4,0.0,0.96,schinese;russian;english
550,2026-08-18 18:31:21,100,35.6,0.95,6308.0,0.0,0.79,schinese;english;russian
4000,2026-08-18 18:31:26,100,55.5,0.94,8272.4,0.0,0.89,russian;english;schinese
322330,2026-08-18 18:31:31,100,40.2,0.89,10707.3,0.0,0.74,schinese;russian;english
1085660,2026-08-18 18:31:37,100,165.9,0.63,24464.1,0.0,1.0,english;schinese;russian
230410,2026-08-18 18:31:42,100,140.2,0.82,35085.5,0.0,1.0,english;schinese;russian
236390,2026-08-18 18:31:48,100,61.2,0.72,21044.9,0.0,1.0,english;russian;schinese
218620,2026-08-18 18:31:53,100,108.9,0.8,5037.8,0.0,0.82,english;russian;schinese
1966720,2026-08-18 18:31:59,100,160.6,0.94,4334.0,1.0,0.86,english;russian;koreana
1145360,2026-08-18 18:32:05,100,238.1,0.93,3360.9,0.0,0.94,english;schinese;brazilian
892970,2026-08-18 18:32:10,100,203.8,0.91,10092.5,1.0,0.83,english;russian;brazilian
739630,2026-08-18 18:32:15,100,112.1,0.93,5404.8,1.0,0.81,english;russian;spanish
648800,2026-08-18 18:32:20,100,107.2,0.9,3105.4,0.0,0.84,english;schinese;russian
251570,2026-08-18 18:32:26,100,117.1,0.92,25877.8,0.0,0.54,english;schinese;russian
646570,2026-08-18 18:32:32,100,59.4,0.94,3947.0,0.0,0.89,schinese;english;russian
275850,2026-08-18 18:32:36,100,167.0,0.95,7702.2,0.0,0.63,english;schinese;french
990080,2026-08-18 18:32:41,100,312.5,0.84,3016.2,0.0,0.75,english;brazilian;schinese
2358720,2026-08-18 18:32:46,100,59.9,0.96,1755.4,0.0,0.78,schinese;english;russian
289070,2026-08-18 18:32:51,100,104.2,0.91,24043.1,0.0,0.67,english;schinese;russian
255710,2026-08-18 18:32:56,100,66.0,0.93,4439.0,0.0,0.89,schinese;english;russian
294100,2026-08-18 18:33:01,100,136.3,0.97,27721.3,0.0,0.83,english;schinese;russian
227300,2026-08-18 18:33:06,100,53.6,0.96,8838.5,0.0,0.85,russian;english;turkish
1203220,2026-08-18 18:33:11,100,47.1,0.56,31936.3,0.0,1.0,schinese;english;russian
2050650,2026-08-18 18:33:16,100,90.4,0.98,2253.4,0.0,0.74,english;schinese;russian
381210,2026-08-18 18:33:21,100,102.5,0.78,19549.4,0.0,0.66,english;russian;schinese
620,2026-08-18 18:33:26,100,132.2,0.99,889.5,0.0,0.91,english;russian;french
440,2026-08-18 18:33:31,100,72.4,0.94,19666.8,0.0,1.0,english;russian;brazilian
1817070,2026-08-18 18:33:36,100,105.3,0.98,2076.4,0.0,0.76,english;schinese;russian
1623730,2026-08-18 18:33:40,100,121.6,0.95,8769.1,0.0,0.77,english;schinese;russian
238960,2026-08-18 18:33:45,100,216.8,0.78,77053.7,0.0,1.0,english;russian;brazilian
1290000,2026-08-18 18:33:50,100,208.9,0.92,3894.8,0.0,0.8,english;koreana;japanese
1794680,2026-08-18 18:33:55,100,152.3,0.88,2989.6,0.0,0.89,english;schinese;brazilian
1599340,2026-08-18 18:34:00,100,271.9,0.42,58785.9,0.0,1.0,english;brazilian;french
1091500,2026-08-20 06:30:32,100,85.8,0.96,5235.3,0.0,0.97,english;schinese;spanish
413150,2026-08-20 06:30:36,100,192.1,0.98,5910.8,0.0,0.89,english;schinese;spanish
252490,2026-08-20 06:30:41,100,117.2,0.77,27372.6,0.0,0.87,english;russian;spanish
1174180,2026-08-20 06:30:46,100,103.0,0.95,6094.0,0.0,0.94,english;schinese;spanish
292030,2026-08-20 06:30:51,100,217.3,0.94,6463.8,0.0,0.93,english;russian;schinese
359550,2026-08-20 06:30:56,100,59.8,0.7,8945.0,0.0,1.0,english;spanish;turkish
1172470,2026-08-20 06:31:01,100,36.8,0.62,19127.5,0.0,1.0,english;schinese;russian
105600,2026-08-20 06:31:06,100,62.2,0.98,15593.4,0.0,0.84,english;schinese;spanish
431960,2026-08-20 06:31:11,100,32.9,0.94,7461.2,0.0,0.95,schinese;english;spanish
550,2026-08-20 06:31:16,100,78.2,0.98,6629.9,0.0,0.86,spanish;english;latam
4000,2026-08-20 06:31:21,100,69.8,0.96,12316.0,0.0,0.85,english;spanish;russian
322330,2026-08-20 06:31:26,100,39.9,0.96,9530.2,0.0,0.77,schinese;english;russian
1085660,2026-08-20 06:31:31,100,169.3,0.8,48672.5,0.0,1.0,english;schinese;russian
230410,2026-08-20 06:31:36,100,165.3,0.92,32204.8,0.0,1.0,english;schinese;russian
236390,2026-08-20 06:31:41,100,167.3,0.6,29165.0,0.0,1.0,english;schinese;russian
218620,2026-08-20 06:31:46,100,138.0,0.85,7063.7,0.0,0.69,english;russian;spanish
1966720,2026-08-20 06:31:52,100,100.7,0.94,3976.8,1.0,0.82,english;russian;koreana
1145360,2026-08-20 06:31:57,100,311.9,0.92,2892.3,0.0,0.94,english;schinese;brazilian
892970,2026-08-20 06:32:01,100,145.6,0.91,14256.4,1.0,0.78,english;russian;brazilian
739630,2026-08-20 06:32:06,100,75.4,0.82,4002.6,1.0,0.72,english;russian;schinese
648800,2026-08-20 06:32:11,100,69.1,0.91,2165.0,0.0,0.82,english;schinese;russian
251570,2026-08-20 06:32:16,100,219.2,0.68,20490.0,0.0,0.67,english;russian;schinese
646570,2026-08-20 06:32:21,100,65.1,0.95,4260.0,0.0,0.91,english;schinese;latam
275850,2026-08-20 06:32:26,100,240.2,0.91,9204.0,0.0,0.68,english;russian;spanish
990080,2026-08-20 06:32:31,100,170.1,0.81,2725.1,0.0,0.77,english;schinese;russian
2358720,2026-08-20 06:32:36,100,74.6,0.85,2545.0,0.0,0.77,schinese;english;russian
289070,2026-08-20 06:32:41,100,106.4,0.91,13514.5,0.0,0.63,schinese;english;russian
255710,2026-08-20 06:32:46,100,67.3,0.88,6783.3,0.0,0.81,english;schinese;russian
294100,2026-08-20 06:32:51,100,67.5,0.98,37962.2,0.0,0.87,english;schinese;russian
227300,2026-08-20 06:32:56,100,78.4,0.96,10129.2,0.0,0.86,english;russian;spanish
1203220,2026-08-20 06:33:02,100,49.6,0.55,28778.2,0.0,1.0,schinese;english;russian
2050650,2026-08-20 06:33:07,100,193.2,0.98,1995.8,0.0,0.64,english;schinese;brazilian
381210,2026-08-20 06:33:12,100,115.4,0.75,14781.0,0.0,0.71,english;russian;brazilian
620,2026-08-20 06:33:17,100,103.8,0.97,1458.0,0.0,0.89,english;russian;schinese
440,2026-08-20 06:33:22,100,125.0,0.94,13475.8,0.0,1.0,english;russian;spanish
1817070,2026-08-20 06:33:27,100,116.2,0.96,1893.5,0.0,0.71,english;spanish;brazilian
1623730,2026-08-20 06:33:31,100,139.2,0.95,7844.5,0.0,0.81,english;schinese;brazilian
238960,2026-08-20 06:33:36,100,152.3,0.83,53214.5,0.0,1.0,english;russian;brazilian
1290000,2026-08-20 06:33:41,100,207.3,0.93,3869.8,0.0,0.83,english;koreana;japanese
1794680,2026-08-20 06:33:46,100,140.2,0.92,2644.8,0.0,0.89,english;schinese;brazilian
1599340,2026-08-20 06:33:51,100,273.8,0.43,59018.0,0.0,1.0,english;brazilian;spanish
1245620,2026-08-20 18:30:01,100,88.6,0.96,8409.2,0.0,0.64,english;schinese;russian
570,2026-08-20 18:30:06,100,51.5,0.57,50740.6,0.0,1.0,russian;english;schinese
730,2026-08-20 18:30:12,100,65.1,0.79,27775.0,0.0,1.0,russian;english;schinese
578080,2026-08-20 18:30:18,100,29.7,0.71,23551.1,0.0,1.0,russian;schinese;english
271590,2026-08-20 18:30:23,100,21.6,0.92,37516.8,0.0,0.86,russian;english;schinese
1086940,2026-08-20 18:30:28,100,132.8,0.96,14293.5,0.0,0.85,english;schinese;russian
1091500,2026-08-20 18:30:33,100,190.3,0.93,3841.4,0.0,0.94,english;schinese;russian
413150,2026-08-20 18:30:38,100,48.4,0.98,4816.7,0.0,0.88,schinese;english;russian
252490,2026-08-20 18:30:43,100,62.2,0.83,31198.8,0.0,0.91,russian;english;turkish
1174180,2026-08-20 18:30:48,100,138.4,0.92,6739.5,0.0,0.83,english;schinese;russian
292030,2026-08-20 18:30:53,100,157.1,0.94,6149.5,0.0,0.92,english;russian;schinese
359550,2026-08-20 18:30:58,100,45.0,0.76,12910.4,0.0,1.0,english;italian;spanish
1172470,2026-08-20 18:31:04,100,76.0,0.67,24038.4,0.0,1.0,schinese;english;spanish
105600,2026-08-20 18:31:09,100,66.0,0.95,13970.4,0.0,0.73,english;russian;schinese
431960,2026-08-20 18:31:14,100,18.9,0.96,4080.5,0.0,0.96,schinese;russian;english
550,2026-08-20 18:31:19,100,157.0,0.97,5747.4,0.0,0.85,english;schinese;spanish
4000,2026-08-20 18:31:25,100,47.8,0.97,10626.4,0.0,0.91,russian;english;schinese
322330,2026-08-20 18:31:30,100,62.4,0.94,11264.1,0.0,0.72,schinese;russian;english
1085660,2026-08-20 18:31:35,100,233.4,0.84,48553.8,0.0,1.0,english;schinese;russian
230410,2026-08-20 18:31:40,100,158.5,0.85,29730.7,0.0,1.0,english;schinese;russian
236390,2026-08-20 18:31:46,100,100.3,0.6,23100.1,0.0,1.0,schinese;english;russian
218620,2026-08-20 18:31:51,100,75.8,0.86,5442.4,0.0,0.69,english;russian;spanish
1966720,2026-08-20 18:31:56,100,85.3,0.93,4017.9,1.0,0.8,english;russian;spanish
1245620,2026-08-19 06:30:02,100,129.2,0.94,10604.8,0.0,0.71,english;schinese;russian
570,2026-08-19 06:30:07,100,54.8,0.74,86803.1,0.0,1.0,russian;english;schinese
730,2026-08-19 06:30:12,100,26.0,0.74,32375.8,0.0,1.0,russian;schinese;english
578080,2026-08-19 06:30:18,100,63.0,0.72,37364.4,0.0,1.0,russian;schinese;english
271590,2026-08-19 06:30:23,100,29.0,0.88,24551.0,0.0,0.85,english;russian;brazilian
1086940,2026-08-19 06:30:28,100,230.6,0.93,12883.9,0.0,0.91,english;russian;schinese
1091500,2026-08-19 06:30:34,100,109.5,0.96,3847.4,0.0,0.96,english;schinese;spanish
413150,2026-08-19 06:30:40,100,85.6,0.99,5731.9,0.0,0.86,english;schinese;brazilian
252490,2026-08-19 06:30:45,100,69.1,0.83,36863.4,0.0,0.86,russian;english;spanish
1174180,2026-08-19 06:30:50,100,211.6,0.93,5639.6,0.0,0.86,english;brazilian;schinese
292030,2026-08-19 06:30:55,100,130.1,0.99,6630.4,0.0,0.94,english;schinese;russian
359550,2026-08-19 06:31:01,100,33.3,0.7,12997.5,0.0,1.0,english;spanish;schinese
1172470,2026-08-19 06:31:06,100,79.8,0.73,17903.8,0.0,1.0,english;schinese;spanish
105600,2026-08-19 06:31:11,100,93.4,0.95,11670.5,0.0,0.8,english;schinese;spanish
431960,2026-08-19 06:31:16,100,20.4,0.97,5739.0,0.0,0.96,schinese;english;brazilian
550,2026-08-19 06:31:21,100,58.4,0.98,5868.0,0.0,0.89,spanish;english;schinese
4000,2026-08-19 06:31:26,100,47.5,0.95,6754.7,0.0,0.85,english;russian;spanish
322330,2026-08-19 06:31:32,100,53.5,0.93,10209.8,0.0,0.73,schinese;english;russian
1085660,2026-08-19 06:31:37,100,166.5,0.75,35331.3,0.0,1.0,english;schinese;russian
230410,2026-08-19 06:31:42,100,177.2,0.91,34378.5,0.0,1.0,english;brazilian;schinese
236390,2026-08-19 06:31:47,100,98.0,0.71,22347.9,0.0,1.0,english;russian;schinese
218620,2026-08-19 06:31:52,100,123.9,0.81,5799.2,0.0,0.82,english;russian;spanish
1966720,2026-08-19 06:31:58,100,155.9,0.94,3585.8,1.0,0.89,english;russian;koreana
1145360,2026-08-19 06:32:02,100,246.9,0.92,3250.1,0.0,0.94,english;schinese;brazilian
892970,2026-08-19 06:32:07,100,164.9,0.9,11618.1,1.0,0.82,english;russian;brazilian
739630,2026-08-19 06:32:12,100,101.6,0.87,5494.0,1.0,0.79,english;russian;spanish
648800,2026-08-19 06:32:19,100,114.1,0.91,2742.3,0.0,0.8,english;schinese;russian
251570,2026-08-19 06:32:23,100,117.1,0.92,25877.8,0.0,0.54,english;schinese;russian
646570,2026-08-19 06:32:29,100,59.1,0.94,4346.4,0.0,0.9,english;schinese;latam
275850,2026-08-19 06:32:35,100,241.9,0.93,7880.1,0.0,0.63,english;schinese;spanish
990080,2026-08-19 06:32:40,100,313.5,0.81,2684.7,0.0,0.71,english;brazilian;schinese
2358720,2026-08-19 06:32:46,100,138.1,0.89,1701.1,0.0,0.83,schinese;english;spanish
289070,2026-08-19 06:32:50,100,90.3,0.9,14801.8,0.0,0.67,schinese;english;russian
255710,2026-08-19 06:32:56,100,62.8,0.87,5862.3,0.0,0.88,english;schinese;russian
294100,2026-08-19 06:33:01,100,137.4,0.97,25931.1,0.0,0.81,english;schinese;russian
227300,2026-08-19 06:33:06,100,85.0,0.98,8746.2,0.0,0.9,russian;english;brazilian
1203220,2026-08-19 06:33:12,100,53.1,0.53,31581.5,0.0,1.0,schinese;english;russian
2050650,2026-08-19 06:33:18,100,101.3,0.96,2385.4,0.0,0.71,english;brazilian;schinese
381210,2026-08-19 06:33:23,100,168.3,0.84,18031.7,0.0,0.69,english;brazilian;schinese
620,2026-08-19 06:33:28,100,127.6,0.98,1135.8,0.0,0.91,english;russian;spanish
440,2026-08-19 06:33:34,100,69.0,0.92,10735.3,0.0,1.0,english;russian;spanish
1817070,2026-08-19 06:33:39,100,123.6,0.98,1784.3,0.0,0.7,english;spanish;russian
1623730,2026-08-19 06:33:44,100,164.3,0.94,9429.3,0.0,0.81,english;schinese;brazilian
238960,2026-08-19 06:33:49,100,198.1,0.78,62264.2,0.0,1.0,english;russian;brazilian
1290000,2026-08-19 06:33:54,100,208.9,0.92,3894.8,0.0,0.8,english;koreana;japanese
1794680,2026-08-19 06:33:59,100,149.7,0.88,2452.2,0.0,0.89,english;schinese;brazilian
1599340,2026-08-19 06:34:04,100,271.8,0.42,58786.1,0.0,1.0,english;brazilian;french
1145360,2026-08-20 18:32:01,100,267.2,0.93,2261.8,0.0,0.95,english;schinese;brazilian
892970,2026-08-20 18:32:07,100,181.2,0.85,11917.4,1.0,0.78,english;russian;german
739630,2026-08-20 18:32:12,100,102.0,0.83,3796.8,1.0,0.81,english;russian;spanish
648800,2026-08-20 18:32:17,100,51.3,0.9,2027.2,0.0,0.87,schinese;english;russian
251570,2026-08-20 18:32:22,100,249.8,0.64,19642.5,0.0,0.62,english;russian;schinese
646570,2026-08-20 18:32:27,100,54.4,0.95,4505.9,0.0,0.93,schinese;english;koreana
275850,2026-08-20 18:32:33,100,224.2,0.92,9910.5,0.0,0.66,english;schinese;russian
990080,2026-08-20 18:32:38,100,194.1,0.83,2755.9,0.0,0.76,english;russian;schinese
2358720,2026-08-20 18:32:43,100,57.1,0.9,1963.2,0.0,0.81,schinese;english;brazilian
289070,2026-08-20 18:32:48,100,117.3,0.88,9350.7,0.0,0.67,schinese;english;german
255710,2026-08-20 18:32:53,100,58.9,0.9,8807.8,0.0,0.79,english;schinese;russian
294100,2026-08-20 18:32:59,100,87.0,0.99,36591.4,0.0,0.86,english;schinese;russian
227300,2026-08-20 18:33:04,100,43.2,0.96,5248.6,0.0,0.9,russian;turkish;english
1203220,2026-08-20 18:33:09,100,50.7,0.55,29006.9,0.0,1.0,schinese;english;russian
2050650,2026-08-20 18:33:15,100,74.0,0.98,1872.7,0.0,0.58,schinese;english;brazilian
381210,2026-08-20 18:33:20,100,152.9,0.7,18371.5,0.0,0.76,english;russian;schinese
620,2026-08-20 18:33:25,100,86.6,1.0,1327.0,0.0,0.92,english;russian;schinese
440,2026-08-20 18:33:30,100,91.5,0.91,10007.2,0.0,1.0,russian;english;turkish
1817070,2026-08-20 18:33:36,100,216.2,0.95,2013.8,0.0,0.69,english;spanish;schinese
1623730,2026-08-20 18:33:41,100,224.7,0.93,12307.7,0.0,0.82,english;schinese;french
238960,2026-08-20 18:33:46,100,152.4,0.81,50588.0,0.0,1.0,english;russian;polish
1290000,2026-08-20 18:33:51,100,204.3,0.93,3712.7,0.0,0.81,english;japanese;koreana
1794680,2026-08-20 18:33:57,100,124.6,0.95,2529.0,0.0,0.89,english;schinese;russian
1599340,2026-08-20 18:34:02,100,272.9,0.42,58846.4,0.0,1.0,english;brazilian;french
1245620,2026-08-21 06:30:01,100,138.8,0.93,11434.8,0.0,0.71,english;russian;brazilian
570,2026-08-21 06:30:06,100,70.8,0.71,98661.4,0.0,1.0,russian;english;spanish
730,2026-08-21 06:30:11,100,45.3,0.84,18935.5,0.0,1.0,english;russian;schinese
578080,2026-08-21 06:30:15,100,36.5,0.77,30831.1,0.0,1.0,russian;schinese;english
271590,2026-08-21 06:30:20,100,28.5,0.93,20929.8,0.0,0.88,russian;english;schinese
1086940,2026-08-21 06:30:25,100,234.5,0.92,11382.1,0.0,0.86,english;schinese;russian
1091500,2026-08-21 06:30:30,100,163.8,0.95,6273.8,0.0,0.94,english;brazilian;russian
413150,2026-08-21 06:30:35,100,99.4,1.0,5182.3,0.0,0.9,english;schinese;brazilian
252490,2026-08-21 06:30:39,100,180.6,0.76,35198.3,0.0,0.82,russian;english;turkish
1174180,2026-08-21 06:30:44,100,200.5,0.94,5659.4,0.0,0.97,english;schinese;spanish
292030,2026-08-21 06:30:50,100,105.8,0.95,6230.0,0.0,0.93,english;russian;schinese
359550,2026-08-21 06:30:55,100,94.9,0.73,10838.2,0.0,1.0,english;spanish;latam
1172470,2026-08-21 06:31:00,100,60.8,0.7,24816.9,0.0,1.0,english;schinese;russian
105600,2026-08-21 06:31:05,100,72.0,0.93,14607.8,0.0,0.8,english;schinese;spanish
431960,2026-08-21 06:31:09,100,27.1,0.99,4355.6,0.0,0.93,english;schinese;russian
550,2026-08-21 06:31:14,100,129.3,1.0,5921.5,0.0,0.83,spanish;english;schinese
4000,2026-08-21 06:31:19,100,122.0,0.98,9581.4,0.0,0.87,english;spanish;russian
322330,2026-08-21 06:31:24,100,57.8,0.96,11171.0,0.0,0.74,schinese;russian;english
1085660,2026-08-21 06:31:29,100,255.4,0.83,58507.5,0.0,1.0,english;schinese;spanish
230410,2026-08-21 06:31:34,100,103.1,0.8,32247.8,0.0,1.0,english;schinese;russian
236390,2026-08-21 06:31:39,100,97.0,0.62,21116.9,0.0,1.0,english;schinese;russian
218620,2026-08-21 06:31:44,100,143.0,0.88,6100.3,0.0,0.73,english;russian;spanish
1966720,2026-08-21 06:31:49,100,82.2,0.93,4396.5,1.0,0.8,english;russian;brazilian
1145360,2026-08-21 06:31:54,100,223.1,0.93,2385.7,0.0,0.95,english;schinese;spanish
892970,2026-08-21 06:31:59,100,203.3,0.86,14848.9,1.0,0.79,english;russian;brazilian
739630,2026-08-21 06:32:04,100,110.6,0.9,4710.6,1.0,0.9,english;russian;schinese
648800,2026-08-21 06:32:09,100,44.7,0.89,2277.6,0.0,0.88,schinese;english;russian
251570,2026-08-21 06:32:13,100,253.2,0.64,21760.0,0.0,0.64,english;russian;schinese
646570,2026-08-21 06:32:18,100,55.1,0.95,4419.8,0.0,0.92,schinese;english;koreana
275850,2026-08-21 06:32:22,100,209.1,0.94,7030.9,0.0,0.7,english;schinese;russian
990080,2026-08-21 06:32:27,100,257.1,0.82,3449.0,0.0,0.78,english;russian;schinese
2358720,2026-08-21 06:32:32,100,143.8,0.85,1702.2,0.0,0.72,schinese;english;brazilian
289070,2026-08-21 06:32:37,100,111.3,0.88,17412.2,0.0,0.68,schinese;english;german
255710,2026-08-21 06:32:41,100,66.0,0.92,8611.2,0.0,0.8,schinese;english;russian
294100,2026-08-21 06:32:46,100,90.2,0.98,24806.1,0.0,0.85,english;russian;schinese
227300,2026-08-21 06:32:51,100,64.9,0.98,3074.6,0.0,0.88,english;russian;turkish
1203220,2026-08-21 06:32:56,100,51.3,0.53,31876.5,0.0,1.0,schinese;english;russian
2050650,2026-08-21 06:33:01,100,84.6,0.97,2052.0,0.0,0.69,english;schinese;brazilian
381210,2026-08-21 06:33:05,100,232.7,0.75,18424.5,0.0,0.71,english;russian;brazilian
1290000,2026-08-27 18:33:45,100,162.0,0.92,3293.6,0.0,0.84,english;french;japanese
1794680,2026-08-27 18:33:50,100,58.1,0.98,2689.0,0.0,0.97,english;schinese;russian
1599340,2026-08-27 18:33:55,100,262.2,0.38,61257.2,0.0,1.0,english;french;spanish
1245620,2026-08-28 06:30:02,100,178.8,0.81,19816.8,0.0,0.79,english;schinese;brazilian
570,2026-08-28 06:30:07,100,69.0,0.61,93881.0,0.0,1.0,russian;english;schinese
730,2026-08-28 06:30:12,100,27.2,0.85,21887.5,0.0,1.0,schinese;english;russian
578080,2026-08-28 06:30:17,100,63.1,0.68,31101.4,0.0,1.0,schinese;russian;english
271590,2026-08-28 06:30:22,100,40.6,0.91,33688.8,0.0,0.87,english;russian;brazilian
1086940,2026-08-28 06:30:28,100,112.9,0.91,14363.5,0.0,0.9,english;russian;schinese
1091500,2026-08-28 06:30:33,100,195.6,0.95,6913.6,0.0,0.97,english;russian;brazilian
413150,2026-08-28 06:30:38,100,61.2,0.99,8493.2,0.0,0.82,english;schinese;spanish
252490,2026-08-28 06:30:43,100,104.2,0.73,27394.3,0.0,0.85,english;russian;turkish
1174180,2026-08-28 06:30:48,100,176.1,0.9,5216.0,0.0,0.88,english;schinese;spanish
292030,2026-08-28 06:30:54,100,128.7,0.95,6969.3,0.0,0.95,english;brazilian;schinese
359550,2026-08-28 06:30:59,100,74.6,0.77,11127.6,0.0,1.0,english;spanish;schinese
1172470,2026-08-28 06:31:05,100,86.4,0.71,20967.8,0.0,1.0,english;schinese;spanish
105600,2026-08-28 06:31:10,100,72.7,0.94,15557.0,0.0,0.82,english;schinese;russian
431960,2026-08-28 06:31:15,100,32.5,0.94,8251.0,0.0,0.9,schinese;english;russian
550,2026-08-28 06:31:20,100,93.3,0.99,7034.6,0.0,0.85,english;spanish;brazilian
4000,2026-08-28 06:31:25,100,39.4,0.95,12712.9,0.0,0.92,english;russian;spanish
322330,2026-08-28 06:31:30,100,112.2,0.88,9018.3,0.0,0.75,schinese;english;russian
1085660,2026-08-28 06:31:35,100,193.4,0.73,46295.6,0.0,1.0,english;schinese;spanish
230410,2026-08-28 06:31:40,100,125.9,0.82,31300.4,0.0,1.0,english;schinese;spanish
236390,2026-08-28 06:31:45,100,111.2,0.67,21897.7,0.0,1.0,english;russian;schinese
218620,2026-08-28 06:31:50,100,83.8,0.92,6852.0,0.0,0.8,english;russian;spanish
1966720,2026-08-28 06:31:56,100,90.5,0.95,2968.7,1.0,0.76,english;russian;turkish
1145360,2026-08-28 06:32:01,100,240.1,0.96,3676.2,0.0,0.92,english;schinese;spanish
892970,2026-08-28 06:32:06,100,232.4,0.88,11917.0,1.0,0.73,english;russian;spanish
739630,2026-08-28 06:32:11,100,73.4,0.92,5435.1,1.0,0.78,english;russian;schinese
648800,2026-08-28 06:32:16,100,114.6,0.9,2044.9,0.0,0.88,english;schinese;russian
251570,2026-08-28 06:32:21,100,256.7,0.65,28489.0,0.0,0.65,english;russian;schinese
646570,2026-08-28 06:32:26,100,83.2,0.98,4892.0,0.0,0.88,schinese;english;spanish
275850,2026-08-28 06:32:31,100,161.2,0.95,7730.0,0.0,0.67,english;schinese;spanish
990080,2026-08-28 06:32:36,100,102.7,0.84,3063.2,0.0,0.77,english;schinese;russian
2358720,2026-08-28 06:32:41,100,77.9,0.92,2509.9,0.0,0.76,schinese;english;brazilian
289070,2026-08-28 06:32:46,100,90.9,0.93,20000.7,0.0,0.6,schinese;english;russian
255710,2026-08-28 06:32:51,100,125.8,0.88,5120.2,0.0,0.82,english;schinese;russian
294100,2026-08-28 06:32:57,100,200.3,0.95,46147.4,0.0,0.82,english;schinese;russian
227300,2026-08-28 06:33:02,100,49.8,0.96,5963.2,0.0,0.85,russian;english;brazilian
1203220,2026-08-28 06:33:08,100,24.7,0.58,47556.9,0.0,1.0,schinese;english;russian
2050650,2026-08-28 06:33:13,100,134.9,0.98,1827.5,0.0,0.66,schinese;english;brazilian
381210,2026-08-28 06:33:18,100,119.4,0.65,17258.3,0.0,0.79,english;schinese;brazilian
620,2026-08-28 06:33:24,100,100.5,0.98,1620.5,0.0,0.91,english;russian;spanish
440,2026-08-28 06:33:29,100,59.9,0.88,13806.7,0.0,1.0,english;russian;spanish
1817070,2026-08-28 06:33:34,100,296.2,0.95,2019.5,0.0,0.68,english;russian;spanish
1623730,2026-08-28 06:33:40,100,225.8,0.93,8233.2,0.0,0.81,english;schinese;brazilian
238960,2026-08-28 06:33:46,100,156.1,0.8,68958.1,0.0,1.0,english;russian;brazilian
1290000,2026-08-28 06:33:51,100,174.3,0.9,3213.6,0.0,0.82,english;japanese;french
1794680,2026-08-28 06:33:57,100,77.0,0.98,2508.0,0.0,0.96,english;schinese;russian
1599340,2026-08-28 06:34:02,100,262.1,0.41,66339.9,0.0,1.0,english;french;spanish
1245620,2026-08-28 18:30:02,100,173.5,0.7,17347.8,0.0,0.63,english;russian;schinese
570,2026-08-28 18:30:07,100,74.7,0.66,65111.6,0.0,1.0,russian;english;ukrainian
730,2026-08-28 18:30:12,100,29.5,0.82,23889.4,0.0,1.0,russian;english;polish
578080,2026-08-28 18:30:18,100,24.8,0.68,20943.3,0.0,1.0,schinese;russian;english
271590,2026-08-28 18:30:23,100,29.8,0.91,16185.6,0.0,0.88,russian;english;schinese
1086940,2026-08-28 18:30:28,100,170.5,0.95,10691.3,0.0,0.85,english;schinese;russian
1091500,2026-08-28 18:30:33,100,167.6,0.92,5793.1,0.0,0.9,schinese;english;russian
413150,2026-08-28 18:30:38,100,99.9,0.98,9698.0,0.0,0.89,english;schinese;russian
252490,2026-08-28 18:30:44,100,55.0,0.79,48826.1,0.0,0.79,russian;english;czech
1174180,2026-08-28 18:30:49,100,101.4,0.88,3476.7,0.0,0.91,english;schinese;russian
292030,2026-08-28 18:30:56,100,145.5,0.92,13827.3,0.0,0.93,english;schinese;russian
359550,2026-08-28 18:31:01,100,67.0,0.76,12363.7,0.0,1.0,english;schinese;german
1172470,2026-08-28 18:31:06,100,49.6,0.69,17401.6,0.0,1.0,schinese;english;russian
105600,2026-08-28 18:31:11,100,76.7,0.94,14201.0,0.0,0.76,schinese;english;russian
431960,2026-08-28 18:31:16,100,22.7,0.97,6328.1,0.0,0.95,schinese;english;russian
550,2026-08-28 18:31:21,100,54.8,1.0,5820.0,0.0,0.86,schinese;english;spanish
4000,2026-08-28 18:31:25,100,42.3,0.98,10919.9,0.0,0.91,russian;english;schinese
322330,2026-08-28 18:31:31,100,82.8,0.9,10060.2,0.0,0.76,schinese;russian;english
1085660,2026-08-28 18:31:36,100,174.2,0.76,46706.4,0.0,1.0,english;schinese;spanish
230410,2026-08-28 18:31:41,100,162.5,0.78,28055.2,0.0,1.0,english;schinese;russian
236390,2026-08-28 18:31:46,100,88.4,0.63,15587.8,0.0,1.0,russian;english;schinese
218620,2026-08-28 18:31:50,100,98.1,0.87,6147.0,0.0,0.73,english;russian;turkish
1966720,2026-08-28 18:31:56,100,104.9,0.97,3593.0,1.0,0.77,english;russian;turkish
1145360,2026-08-28 18:32:01,0,,,,,,
892970,2026-08-28 18:32:06,100,225.8,0.89,12664.8,1.0,0.8,english;russian;spanish
739630,2026-08-28 18:32:11,100,88.1,0.89,6461.4,1.0,0.8,english;russian;schinese
648800,2026-08-28 18:32:16,100,77.1,0.89,2251.2,0.0,0.86,schinese;english;russian
251570,2026-08-28 18:32:21,100,299.9,0.67,32788.8,0.0,0.65,english;russian;schinese
646570,2026-08-28 18:32:26,100,84.0,0.98,4773.8,0.0,0.9,schinese;english;russian
275850,2026-08-28 18:32:31,100,221.8,0.95,6830.4,0.0,0.66,english;schinese;spanish
990080,2026-08-28 18:32:35,100,137.7,0.82,2137.1,0.0,0.85,english;russian;schinese
2358720,2026-08-28 18:32:40,100,114.8,0.89,2438.6,0.0,0.68,schinese;english;spanish
289070,2026-08-28 18:32:45,100,94.1,0.9,18873.3,0.0,0.62,schinese;english;russian
255710,2026-08-28 18:32:50,100,111.2,0.89,5262.5,0.0,0.79,english;schinese;russian
294100,2026-08-28 18:32:56,100,156.4,0.94,40565.5,0.0,0.8,english;schinese;russian
227300,2026-08-28 18:33:01,100,46.8,0.94,5767.4,0.0,0.85,russian;english;turkish
1203220,2026-08-28 18:33:07,100,27.6,0.55,43672.8,0.0,1.0,schinese;english;russian
2050650,2026-08-28 18:33:11,100,113.7,0.97,2695.9,0.0,0.68,schinese;english;spanish
381210,2026-08-28 18:33:16,100,91.3,0.7,23170.0,0.0,0.79,english;russian;schinese
620,2026-08-28 18:33:21,100,97.8,0.99,1248.1,0.0,0.91,english;russian;schinese
440,2026-08-28 18:33:26,100,56.8,0.88,17145.0,0.0,1.0,russian;english;spanish
1817070,2026-08-28 18:33:31,100,276.2,0.98,1887.9,0.0,0.68,english;spanish;russian
1623730,2026-08-28 18:33:36,100,88.7,0.98,7469.5,0.0,0.83,english;schinese;koreana
238960,2026-08-28 18:33:41,100,230.7,0.8,73556.8,0.0,1.0,english;russian;brazilian
1290000,2026-08-28 18:33:46,100,160.3,0.9,3356.1,0.0,0.82,english;french;japanese
1794680,2026-08-28 18:33:51,100,89.2,0.97,3016.3,0.0,0.95,english;schinese;russian
1599340,2026-08-28 18:33:56,100,261.1,0.42,66551.3,0.0,1.0,english;french;spanish
1245620,2026-08-29 06:30:02,100,122.7,0.79,13119.5,0.0,0.66,english;schinese;brazilian
570,2026-08-29 06:30:07,100,52.6,0.63,90251.2,0.0,1.0,russian;english;spanish
730,2026-08-29 06:30:12,100,43.4,0.75,28878.2,0.0,1.0,english;russian;schinese
578080,2026-08-29 06:30:17,100,36.2,0.72,28859.4,0.0,1.0,schinese;russian;koreana
271590,2026-08-29 06:30:22,100,66.2,0.91,12987.3,0.0,0.91,english;brazilian;russian
1086940,2026-08-29 06:30:27,100,166.6,0.95,10794.8,0.0,0.87,english;russian;schinese
1091500,2026-08-29 06:30:32,100,219.4,0.91,6004.2,0.0,0.93,english;russian;schinese
413150,2026-08-29 06:30:37,100,107.3,0.92,7515.1,0.0,0.92,english;schinese;spanish
252490,2026-08-29 06:30:42,100,63.8,0.78,26771.7,0.0,0.88,russian;english;spanish
1174180,2026-08-29 06:30:47,100,127.9,0.92,3341.2,0.0,0.94,english;schinese;brazilian
292030,2026-08-29 06:30:52,100,154.6,0.92,7056.8,0.0,0.95,english;schinese;spanish
359550,2026-08-29 06:30:57,100,63.3,0.73,10529.6,0.0,1.0,english;brazilian;schinese
1172470,2026-08-29 06:31:02,100,73.0,0.64,23228.9,0.0,1.0,english;schinese;spanish
105600,2026-08-29 06:31:07,100,56.6,0.96,13054.1,0.0,0.84,english;schinese;brazilian
431960,2026-08-29 06:31:12,100,38.7,0.95,4149.3,0.0,0.94,schinese;english;brazilian
550,2026-08-29 06:31:17,100,61.9,0.97,13346.1,0.0,0.83,spanish;english;schinese
4000,2026-08-29 06:31:22,100,33.4,0.98,7437.2,0.0,0.85,english;spanish;schinese
322330,2026-08-29 06:31:26,100,86.5,0.88,8636.7,0.0,0.74,schinese;english;russian
1085660,2026-08-29 06:31:32,100,224.8,0.76,43085.3,0.0,1.0,english;schinese;spanish
230410,2026-08-29 06:31:37,100,159.3,0.84,24786.8,0.0,1.0,english;schinese;russian
236390,2026-08-29 06:31:42,100,108.9,0.69,17826.9,0.0,1.0,english;russian;schinese
218620,2026-08-29 06:31:47,100,133.2,0.86,6087.5,0.0,0.75,english;russian;spanish
1966720,2026-08-29 06:31:52,100,65.4,0.96,3517.2,1.0,0.72,english;russian;turkish
1145360,2026-08-29 06:31:57,100,290.4,0.95,3822.6,0.0,0.94,english;russian;spanish
892970,2026-08-29 06:32:02,100,281.4,0.91,14760.0,1.0,0.84,english;russian;spanish
739630,2026-08-29 06:32:07,100,108.0,0.86,4505.3,1.0,0.82,english;russian;schinese
648800,2026-08-29 06:32:12,100,87.5,0.92,2281.0,0.0,0.9,schinese;english;russian
251570,2026-08-29 06:32:17,100,308.7,0.68,27166.6,0.0,0.67,english;schinese;russian
646570,2026-08-29 06:32:22,100,102.8,0.98,4565.7,0.0,0.89,schinese;english;koreana
275850,2026-08-29 06:32:27,100,188.5,0.94,5767.8,0.0,0.63,english;schinese;spanish
990080,2026-08-29 06:32:32,100,149.3,0.72,1856.8,0.0,0.89,english;russian;schinese
2358720,2026-08-29 06:32:37,100,81.0,0.92,2722.2,0.0,0.74,schinese;english;brazilian
289070,2026-08-29 06:32:42,100,92.7,0.91,17646.5,0.0,0.64,schinese;english;russian
255710,2026-08-29 06:32:47,100,80.4,0.87,4681.6,0.0,0.83,english;schinese;russian
294100,2026-08-29 06:32:52,100,128.3,0.96,32714.4,0.0,0.83,english;schinese;russian
227300,2026-08-29 06:32:57,100,75.7,0.97,9241.0,0.0,0.88,russian;brazilian;english
1203220,2026-08-29 06:33:03,100,27.2,0.53,43186.2,0.0,1.0,schinese;english;russian
2050650,2026-08-29 06:33:08,100,151.1,0.96,2556.0,0.0,0.67,english;schinese;brazilian
381210,2026-08-29 06:33:13,100,108.3,0.68,14739.5,0.0,0.79,english;brazilian;spanish
620,2026-08-29 06:33:18,100,87.7,0.98,1186.3,0.0,0.9,english;russian;brazilian
440,2026-08-29 06:33:23,100,113.5,0.96,14732.5,0.0,1.0,english;russian;brazilian
1817070,2026-08-29 06:33:28,100,152.7,0.95,1973.9,0.0,0.66,english;brazilian;spanish
1623730,2026-08-29 06:33:33,100,108.9,0.95,7454.3,0.0,0.82,english;schinese;brazilian
238960,2026-08-29 06:33:38,100,233.3,0.81,80627.3,0.0,1.0,english;russian;brazilian
1290000,2026-08-29 06:33:43,100,146.7,0.9,3256.1,0.0,0.82,english;french;japanese
1794680,2026-08-29 06:33:48,100,98.4,0.95,4927.9,0.0,0.91,english;schinese;spanish
1599340,2026-08-29 06:33:53,100,261.1,0.42,66551.3,0.0,1.0,english;french;spanish
1245620,2026-08-29 18:30:02,100,127.2,0.82,12941.8,0.0,0.68,english;schinese;koreana
570,2026-08-29 18:30:07,100,29.5,0.64,74626.0,0.0,1.0,russian;english;spanish
730,2026-08-29 18:30:12,100,39.8,0.82,18728.9,0.0,1.0,russian;english;spanish
578080,2026-08-29 18:30:17,100,33.5,0.75,30437.6,0.0,1.0,russian;schinese;english
271590,2026-08-29 18:30:22,100,35.1,0.95,22200.4,0.0,0.93,russian;english;schinese
1086940,2026-08-29 18:30:28,100,207.7,0.95,12093.4,0.0,0.8,english;schinese;brazilian
1091500,2026-08-29 18:30:33,100,153.2,0.95,5644.3,0.0,0.95,english;schinese;russian
413150,2026-08-29 18:30:38,100,71.5,0.96,8491.5,0.0,0.93,schinese;english;russian
252490,2026-08-29 18:30:43,100,87.8,0.74,28922.0,0.0,0.84,russian;english;german
1174180,2026-08-29 18:30:49,100,144.0,0.93,4022.7,0.0,0.91,english;schinese;russian
292030,2026-08-29 18:30:54,100,80.1,0.99,7592.7,0.0,0.91,english;schinese;russian
359550,2026-08-29 18:30:59,100,44.8,0.78,16276.0,0.0,1.0,english;schinese;german
1172470,2026-08-29 18:31:04,100,65.0,0.61,26345.3,0.0,1.0,schinese;english;tchinese
105600,2026-08-29 18:31:10,100,55.9,0.94,12985.2,0.0,0.79,english;schinese;russian
431960,2026-08-29 18:31:15,100,30.2,0.98,7028.9,0.0,0.97,schinese;english;russian
550,2026-08-29 18:31:20,100,50.7,0.98,14846.3,0.0,0.85,schinese;spanish;russian
4000,2026-08-29 18:31:25,100,30.9,0.99,4956.3,0.0,0.86,english;russian;schinese
322330,2026-08-29 18:31:30,100,52.3,0.84,16640.6,0.0,0.71,schinese;english;russian
1085660,2026-08-29 18:31:35,100,151.8,0.73,40009.7,0.0,1.0,english;schinese;spanish
230410,2026-08-29 18:31:40,100,148.9,0.87,31921.7,0.0,1.0,english;schinese;russian
236390,2026-08-29 18:31:45,100,110.8,0.64,16588.1,0.0,1.0,english;russian;schinese
218620,2026-08-29 18:31:51,100,129.8,0.85,7270.4,0.0,0.76,english;russian;schinese
1966720,2026-08-29 18:31:56,100,69.4,0.95,3035.3,1.0,0.7,english;russian;turkish
1145360,2026-08-29 18:32:02,100,224.5,0.97,4025.6,0.0,0.93,english;russian;schinese
892970,2026-08-29 18:32:07,100,297.0,0.91,17606.8,1.0,0.87,english;russian;german
739630,2026-08-29 18:32:12,100,96.7,0.91,3393.8,1.0,0.84,english;russian;schinese
648800,2026-08-29 18:32:17,100,67.8,0.93,2668.0,0.0,0.93,schinese;english;russian
251570,2026-08-29 18:32:22,100,265.4,0.67,35224.8,0.0,0.71,english;russian;schinese
646570,2026-08-29 18:32:28,100,106.1,0.97,6471.8,0.0,0.89,schinese;english;koreana
275850,2026-08-29 18:32:33,100,191.2,0.93,4537.6,0.0,0.6,english;schinese;russian
990080,2026-08-29 18:32:38,100,121.8,0.84,1882.5,0.0,0.84,english;schinese;russian
2358720,2026-08-29 18:32:43,100,115.3,0.89,3344.7,0.0,0.77,schinese;english;russian
289070,2026-08-29 18:32:49,100,90.6,0.91,19489.8,0.0,0.68,schinese;english;russian
255710,2026-08-29 18:32:54,100,83.1,0.89,7459.6,0.0,0.85,english;schinese;spanish
294100,2026-08-29 18:33:00,100,100.4,0.95,28717.5,0.0,0.85,english;schinese;russian
227300,2026-08-29 18:33:05,100,47.5,0.99,5396.5,0.0,0.83,russian;english;schinese
1203220,2026-08-29 18:33:10,100,27.9,0.54,40699.2,0.0,1.0,schinese;english;russian
2050650,2026-08-29 18:33:16,100,254.4,0.97,2182.1,0.0,0.69,english;schinese;brazilian
381210,2026-08-29 18:33:21,100,74.5,0.75,10580.4,0.0,0.79,english;russian;schinese
620,2026-08-29 18:33:26,100,57.7,0.97,1053.4,0.0,0.92,english;russian;schinese
440,2026-08-29 18:33:32,100,52.9,0.91,12337.9,0.0,1.0,english;russian;spanish
1817070,2026-08-29 18:33:37,100,112.4,0.97,1937.8,0.0,0.68,english;russian;brazilian
1623730,2026-08-29 18:33:42,100,129.5,0.95,5498.5,0.0,0.89,english;schinese;brazilian
238960,2026-08-29 18:33:47,100,210.7,0.79,72708.3,0.0,1.0,english;russian;brazilian
1290000,2026-08-29 18:33:52,100,150.6,0.9,3117.4,0.0,0.82,english;schinese;japanese
1794680,2026-08-29 18:33:58,100,126.3,0.94,5999.8,0.0,0.92,english;schinese;spanish
1599340,2026-08-29 18:34:03,100,271.8,0.4,65338.1,0.0,1.0,english;french;spanish
1245620,2026-08-30 06:30:01,100,144.5,0.68,10018.5,0.0,0.62,english;schinese;spanish
570,2026-08-30 06:30:06,100,32.3,0.78,100234.9,0.0,1.0,russian;english;schinese
730,2026-08-30 06:30:11,100,41.2,0.8,30133.2,0.0,1.0,russian;english;schinese
578080,2026-08-30 06:30:15,100,69.6,0.77,19876.8,0.0,1.0,schinese;russian;english
271590,2026-08-30 06:30:20,100,67.0,0.93,13661.9,0.0,0.88,english;brazilian;russian
1086940,2026-08-30 06:30:25,100,245.5,0.96,13681.0,0.0,0.83,english;schinese;brazilian
1091500,2026-08-30 06:30:30,100,146.7,0.9,5925.3,0.0,0.95,english;schinese;brazilian
413150,2026-08-30 06:30:34,100,58.2,0.99,7718.4,0.0,0.89,english;schinese;brazilian
252490,2026-08-30 06:30:39,100,52.0,0.83,31744.3,0.0,0.77,russian;english;turkish
1174180,2026-08-30 06:30:44,100,103.3,0.88,5402.4,0.0,0.88,english;schinese;brazilian
292030,2026-08-30 06:30:49,100,104.3,0.96,6522.9,0.0,0.97,english;brazilian;schinese
359550,2026-08-30 06:30:53,100,62.8,0.73,14776.6,0.0,1.0,english;brazilian;spanish
1172470,2026-08-30 06:30:58,100,82.6,0.63,12171.6,0.0,1.0,english;schinese;spanish
105600,2026-08-30 06:31:03,100,42.9,0.95,9756.2,0.0,0.85,english;schinese;brazilian
431960,2026-08-30 06:31:08,100,30.0,0.91,3981.5,0.0,0.97,english;schinese;brazilian
550,2026-08-30 06:31:13,100,47.9,0.97,5630.1,0.0,0.92,spanish;english;latam
4000,2026-08-30 06:31:18,100,47.0,0.96,6952.8,0.0,0.9,english;spanish;russian
322330,2026-08-30 06:31:23,100,67.7,0.83,18424.2,0.0,0.73,schinese;russian;english
1085660,2026-08-30 06:31:28,100,177.9,0.76,45745.8,0.0,1.0,english;schinese;russian
230410,2026-08-30 06:31:32,100,131.2,0.85,24383.1,0.0,1.0,english;schinese;russian
236390,2026-08-30 06:31:37,100,73.0,0.75,21141.9,0.0,1.0,english;russian;schinese
218620,2026-08-30 06:31:42,100,126.6,0.83,7108.2,0.0,0.74,english;russian;schinese
1966720,2026-08-30 06:31:47,100,63.5,0.96,2642.8,1.0,0.69,english;russian;koreana
1145360,2026-08-30 06:31:52,100,248.2,0.97,3829.5,0.0,0.93,english;russian;spanish
892970,2026-08-30 06:31:57,100,201.2,0.93,15405.9,1.0,0.84,english;russian;ukrainian
739630,2026-08-30 06:32:02,100,65.2,0.92,3719.0,1.0,0.79,english;russian;schinese
648800,2026-08-30 06:32:07,100,91.2,0.89,2547.5,0.0,0.9,english;schinese;russian
251570,2026-08-30 06:32:12,100,255.9,0.61,29815.4,0.0,0.7,english;russian;spanish
646570,2026-08-30 06:32:16,100,105.9,0.97,5550.9,0.0,0.9,schinese;english;spanish
275850,2026-08-30 06:32:21,100,131.9,0.92,5087.2,0.0,0.7,english;schinese;brazilian
252490,2026-08-22 06:30:38,100,123.4,0.78,37919.3,0.0,0.79,english;russian;spanish
1174180,2026-08-22 06:30:43,100,87.2,0.94,6856.8,0.0,0.9,english;brazilian;schinese
292030,2026-08-22 06:30:47,100,186.6,0.92,4757.7,0.0,0.89,english;schinese;russian
359550,2026-08-22 06:30:52,100,90.2,0.75,9921.6,0.0,1.0,english;brazilian;schinese
1172470,2026-08-22 06:30:57,100,70.0,0.67,22319.3,0.0,1.0,english;schinese;russian
105600,2026-08-22 06:31:01,100,116.2,0.97,14715.9,0.0,0.88,english;schinese;spanish
431960,2026-08-22 06:31:06,100,19.0,0.97,3246.1,0.0,0.89,english;schinese;brazilian
550,2026-08-22 06:31:11,100,84.2,0.94,7328.9,0.0,0.9,spanish;english;latam
4000,2026-08-22 06:31:15,100,50.2,0.94,7123.5,0.0,0.89,english;russian;spanish
322330,2026-08-22 06:31:20,100,33.3,0.94,8001.9,0.0,0.75,schinese;english;russian
1085660,2026-08-22 06:31:24,100,197.6,0.82,46838.8,0.0,1.0,english;schinese;brazilian
230410,2026-08-22 06:31:29,100,159.9,0.87,29132.8,0.0,1.0,english;schinese;russian
236390,2026-08-22 06:31:33,100,135.5,0.58,25242.5,0.0,1.0,english;schinese;russian
218620,2026-08-22 06:31:38,100,130.2,0.88,6590.4,0.0,0.77,english;russian;schinese
1966720,2026-08-22 06:31:43,100,90.8,0.9,4106.5,1.0,0.83,english;russian;koreana
1145360,2026-08-22 06:31:48,100,153.4,0.95,2317.4,0.0,0.95,english;schinese;spanish
892970,2026-08-22 06:31:53,100,223.0,0.91,15720.6,1.0,0.83,english;russian;brazilian
739630,2026-08-22 06:31:57,100,83.1,0.84,3590.7,1.0,0.75,english;russian;spanish
648800,2026-08-22 06:32:02,100,58.3,0.9,2465.9,0.0,0.86,schinese;english;russian
251570,2026-08-22 06:32:06,100,236.0,0.68,25364.8,0.0,0.59,english;russian;schinese
646570,2026-08-22 06:32:11,100,54.1,0.96,4619.0,0.0,0.91,schinese;english;russian
275850,2026-08-22 06:32:15,100,158.3,0.91,4760.1,0.0,0.69,english;schinese;brazilian
990080,2026-08-22 06:32:20,100,292.7,0.87,3358.0,0.0,0.72,english;russian;spanish
2358720,2026-08-22 06:32:25,100,90.3,0.9,1935.0,0.0,0.76,schinese;english;brazilian
289070,2026-08-22 06:32:29,100,103.5,0.88,27172.0,0.0,0.7,schinese;english;french
255710,2026-08-22 06:32:34,100,54.9,0.91,7252.9,0.0,0.85,schinese;english;russian
294100,2026-08-22 06:32:39,100,114.4,0.95,21963.6,0.0,0.77,english;schinese;russian
227300,2026-08-22 06:32:43,100,101.8,0.96,4902.8,0.0,0.91,russian;english;turkish
1203220,2026-08-22 06:32:49,100,56.8,0.61,33911.6,0.0,1.0,schinese;english;spanish
2050650,2026-08-22 06:32:53,100,131.2,0.98,2341.6,0.0,0.71,english;schinese;brazilian
381210,2026-08-22 06:32:58,100,203.4,0.68,19128.0,0.0,0.77,english;russian;schinese
620,2026-08-22 06:33:03,100,134.5,0.97,883.4,0.0,0.88,english;russian;spanish
440,2026-08-22 06:33:07,100,55.0,0.89,11906.2,0.0,1.0,english;russian;spanish
1817070,2026-08-22 06:33:12,100,161.1,0.96,2156.8,0.0,0.63,english;brazilian;spanish
1623730,2026-08-22 06:33:16,100,123.3,0.98,8107.7,0.0,0.86,english;brazilian;schinese
238960,2026-08-22 06:33:21,100,99.4,0.79,47625.1,0.0,1.0,english;russian;polish
1290000,2026-08-22 06:33:26,100,195.0,0.91,3531.7,0.0,0.83,english;japanese;schinese
1794680,2026-08-22 06:33:31,100,132.3,0.94,2591.4,0.0,0.93,english;brazilian;schinese
1599340,2026-08-22 06:33:35,100,283.8,0.38,64730.1,0.0,1.0,english;french;spanish
1245620,2026-08-23 18:30:02,100,163.3,0.82,10917.8,0.0,0.71,english;schinese;russian
570,2026-08-23 18:30:06,100,54.5,0.56,93725.0,0.0,1.0,russian;english;ukrainian
730,2026-08-23 18:30:11,100,32.1,0.76,22897.7,0.0,1.0,russian;english;schinese
578080,2026-08-23 18:30:16,100,50.5,0.67,24807.2,0.0,1.0,schinese;russian;english
271590,2026-08-23 18:30:20,100,66.9,0.94,22349.6,0.0,0.87,russian;english;schinese
1086940,2026-08-23 18:30:25,100,170.6,0.98,10968.1,0.0,0.88,english;schinese;russian
1091500,2026-08-23 18:30:30,100,174.3,0.97,6144.1,0.0,0.87,english;schinese;russian
413150,2026-08-23 18:30:34,100,69.2,0.99,7208.2,0.0,0.92,english;schinese;brazilian
252490,2026-08-23 18:30:39,100,68.3,0.78,39943.6,0.0,0.78,russian;english;spanish
1174180,2026-08-23 18:30:44,100,90.7,0.9,6579.2,0.0,0.87,english;schinese;russian
292030,2026-08-23 18:30:49,100,164.4,0.95,5949.7,0.0,0.92,english;russian;schinese
359550,2026-08-23 18:30:53,100,68.6,0.78,15883.9,0.0,1.0,english;brazilian;german
1172470,2026-08-23 18:30:58,100,81.4,0.66,18836.2,0.0,1.0,english;schinese;russian
105600,2026-08-23 18:31:03,100,69.2,0.93,11767.7,0.0,0.83,english;russian;schinese
431960,2026-08-23 18:31:08,100,17.9,0.96,5605.6,0.0,0.95,schinese;english;russian
550,2026-08-23 18:31:12,100,50.7,0.97,6977.4,0.0,0.89,english;schinese;spanish
4000,2026-08-23 18:31:17,100,55.4,0.95,7836.1,0.0,0.86,english;russian;schinese
322330,2026-08-23 18:31:22,100,63.1,0.9,8653.2,0.0,0.76,schinese;english;russian
1085660,2026-08-23 18:31:28,100,130.8,0.72,35155.8,0.0,1.0,english;schinese;russian
230410,2026-08-23 18:31:34,100,123.9,0.85,36804.8,0.0,1.0,english;schinese;russian
236390,2026-08-23 18:31:38,100,68.8,0.65,25745.1,0.0,1.0,russian;english;schinese
218620,2026-08-23 18:31:43,100,97.9,0.83,6032.6,0.0,0.66,english;russian;schinese
1966720,2026-08-23 18:31:49,100,56.5,0.97,4304.6,1.0,0.85,english;spanish;russian
1145360,2026-08-23 18:31:54,100,135.1,0.97,2649.8,0.0,0.96,english;spanish;schinese
892970,2026-08-23 18:31:59,100,200.6,0.84,10693.2,1.0,0.8,english;russian;spanish
739630,2026-08-23 18:32:04,100,143.5,0.86,2535.3,1.0,0.79,english;russian;schinese
648800,2026-08-23 18:32:09,100,131.5,0.89,2915.4,0.0,0.89,english;schinese;russian
251570,2026-08-23 18:32:14,100,191.9,0.72,21271.8,0.0,0.71,english;russian;schinese
646570,2026-08-23 18:32:19,100,73.7,0.97,4323.2,0.0,0.93,schinese;english;russian
275850,2026-08-23 18:32:25,100,178.0,0.91,9116.7,0.0,0.68,english;schinese;russian
990080,2026-08-23 18:32:30,100,163.4,0.78,3115.1,0.0,0.73,english;schinese;russian
2358720,2026-08-23 18:32:36,100,76.1,0.86,1689.3,0.0,0.83,schinese;english;russian
289070,2026-08-23 18:32:41,100,102.4,0.9,22568.0,0.0,0.7,schinese;english;koreana
255710,2026-08-23 18:32:46,100,85.7,0.92,6612.9,0.0,0.86,english;schinese;russian
294100,2026-08-23 18:32:52,100,128.3,0.96,41003.8,0.0,0.85,english;schinese;russian
227300,2026-08-23 18:32:57,100,71.1,0.94,4362.2,0.0,0.87,english;russian;brazilian
1203220,2026-08-23 18:33:02,100,77.8,0.58,39963.9,0.0,1.0,schinese;english;russian
2050650,2026-08-23 18:33:07,100,123.5,0.96,2123.1,0.0,0.61,schinese;english;brazilian
381210,2026-08-23 18:33:13,100,94.9,0.78,14707.3,0.0,0.65,english;russian;schinese
620,2026-08-23 18:33:18,100,114.4,0.99,1379.3,0.0,0.88,english;russian;spanish
440,2026-08-23 18:33:23,100,65.7,0.93,9204.7,0.0,1.0,russian;english;spanish
1817070,2026-08-23 18:33:28,100,131.3,0.93,1469.3,0.0,0.63,english;schinese;russian
1623730,2026-08-23 18:33:33,100,131.4,0.9,7164.6,0.0,0.83,english;schinese;brazilian
238960,2026-08-23 18:33:38,100,85.8,0.8,52574.9,0.0,1.0,english;russian;polish
1290000,2026-08-23 18:33:43,100,186.6,0.9,3460.2,0.0,0.84,english;japanese;russian
1794680,2026-08-23 18:33:48,100,119.1,0.89,2820.5,0.0,0.97,english;russian;brazilian
1599340,2026-08-23 18:33:53,100,310.6,0.37,65833.7,0.0,1.0,english;french;german
1245620,2026-08-24 06:30:02,100,125.6,0.94,10220.9,0.0,0.63,english;brazilian;russian
570,2026-08-24 06:30:07,100,42.5,0.67,97821.0,0.0,1.0,russian;english;schinese
730,2026-08-24 06:30:11,100,33.0,0.8,23717.4,0.0,1.0,russian;english;schinese
578080,2026-08-24 06:30:16,100,57.8,0.75,27430.9,0.0,1.0,schinese;russian;english
271590,2026-08-24 06:30:20,100,62.1,0.92,33586.2,0.0,0.89,english;russian;brazilian
1086940,2026-08-24 06:30:25,100,165.0,0.93,15602.6,0.0,0.86,english;schinese;russian
1091500,2026-08-24 06:30:30,100,120.5,0.95,7119.5,0.0,0.95,english;spanish;brazilian
413150,2026-08-24 06:30:34,100,80.6,0.99,5821.8,0.0,0.88,english;schinese;brazilian
252490,2026-08-24 06:30:39,100,46.1,0.78,42134.8,0.0,0.88,russian;english;spanish
1174180,2026-08-24 06:30:44,100,125.1,0.95,5512.9,0.0,0.92,english;brazilian;schinese
292030,2026-08-24 06:30:48,100,168.2,0.96,5521.3,0.0,0.94,english;schinese;russian
359550,2026-08-24 06:30:53,100,72.2,0.7,11738.7,0.0,1.0,english;spanish;schinese
1172470,2026-08-24 06:30:58,100,41.2,0.76,16210.2,0.0,1.0,english;schinese;russian
105600,2026-08-24 06:31:02,100,55.5,0.97,8485.2,0.0,0.86,english;schinese;brazilian
431960,2026-08-24 06:31:07,100,35.4,0.96,2840.7,0.0,0.96,english;schinese;russian
550,2026-08-24 06:31:12,100,69.1,0.98,13937.8,0.0,0.83,spanish;english;schinese
4000,2026-08-24 06:31:16,100,88.8,0.98,7398.4,0.0,0.94,english;spanish;russian
322330,2026-08-24 06:31:21,100,55.6,0.91,8477.3,0.0,0.75,schinese;english;russian
1085660,2026-08-24 06:31:25,100,110.0,0.73,27545.9,0.0,1.0,english;schinese;spanish
230410,2026-08-24 06:31:30,100,97.3,0.85,29970.9,0.0,1.0,english;schinese;russian
236390,2026-08-24 06:31:35,100,115.2,0.64,21198.3,0.0,1.0,english;schinese;russian
218620,2026-08-24 06:31:40,100,94.8,0.82,5606.6,0.0,0.68,english;russian;spanish
1966720,2026-08-24 06:31:45,100,58.9,0.96,3637.0,1.0,0.78,english;russian;spanish
1145360,2026-08-24 06:31:49,100,163.8,0.96,2810.3,0.0,0.97,english;schinese;russian
1245620,2026-08-22 18:30:01,100,123.6,0.94,9667.9,0.0,0.57,english;schinese;french
570,2026-08-22 18:30:06,100,75.0,0.77,92526.2,0.0,1.0,russian;english;schinese
730,2026-08-22 18:30:11,100,27.3,0.78,26216.0,0.0,1.0,russian;english;polish
578080,2026-08-22 18:30:16,100,29.4,0.64,28797.2,0.0,1.0,schinese;russian;english
271590,2026-08-22 18:30:20,100,28.9,0.9,23813.0,0.0,0.83,russian;english;schinese
1086940,2026-08-22 18:30:25,100,146.1,0.88,9305.8,0.0,0.9,english;schinese;russian
1091500,2026-08-22 18:30:31,100,262.5,0.94,5055.3,0.0,0.94,english;schinese;russian
413150,2026-08-22 18:30:36,100,74.5,0.96,5778.2,0.0,0.92,schinese;english;brazilian
252490,2026-08-22 18:30:41,100,92.6,0.74,30977.8,0.0,0.8,russian;english;turkish
1174180,2026-08-22 18:30:46,100,126.4,0.94,6535.3,0.0,0.91,english;schinese;koreana
292030,2026-08-22 18:30:51,100,70.0,0.97,4948.7,0.0,0.97,english;schinese;russian
359550,2026-08-22 18:30:55,100,52.6,0.72,15889.5,0.0,1.0,english;russian;schinese
1172470,2026-08-22 18:31:00,100,37.4,0.66,18918.6,0.0,1.0,schinese;english;russian
105600,2026-08-22 18:31:05,100,65.8,0.99,15382.4,0.0,0.83,english;russian;schinese
431960,2026-08-22 18:31:10,100,25.8,0.92,4870.7,0.0,0.94,schinese;english;russian
550,2026-08-22 18:31:15,100,43.0,0.96,4759.2,0.0,0.83,english;schinese;spanish
4000,2026-08-22 18:31:19,100,59.7,0.97,25463.6,0.0,0.92,english;russian;spanish
322330,2026-08-22 18:31:25,100,38.4,0.95,10395.1,0.0,0.85,schinese;russian;english
1085660,2026-08-22 18:31:29,100,160.5,0.81,51299.8,0.0,1.0,english;schinese;koreana
230410,2026-08-22 18:31:34,100,93.7,0.9,39922.0,0.0,1.0,english;schinese;spanish
236390,2026-08-22 18:31:39,100,161.3,0.64,17408.3,0.0,1.0,english;russian;schinese
218620,2026-08-22 18:31:44,100,140.3,0.88,5967.8,0.0,0.74,english;russian;schinese
1966720,2026-08-22 18:31:49,100,75.2,0.93,3815.3,1.0,0.85,english;russian;koreana
1145360,2026-08-22 18:31:54,100,154.8,0.96,2256.3,0.0,0.97,english;schinese;spanish
892970,2026-08-22 18:31:59,100,240.0,0.88,13237.3,1.0,0.82,english;russian;polish
739630,2026-08-22 18:32:03,100,78.4,0.91,3210.7,1.0,0.76,english;russian;spanish
648800,2026-08-22 18:32:08,100,118.1,0.88,2941.8,0.0,0.87,english;schinese;russian
251570,2026-08-22 18:32:13,100,194.4,0.66,23074.7,0.0,0.67,english;schinese;russian
646570,2026-08-22 18:32:18,100,63.4,0.97,4544.7,0.0,0.89,schinese;english;koreana
275850,2026-08-22 18:32:22,100,161.0,0.9,6006.5,0.0,0.68,english;schinese;brazilian
990080,2026-08-22 18:32:27,100,180.0,0.84,2566.6,0.0,0.74,english;schinese;russian
2358720,2026-08-22 18:32:32,100,39.0,0.88,1875.3,0.0,0.75,schinese;english;russian
289070,2026-08-22 18:32:37,100,81.4,0.86,26970.8,0.0,0.7,schinese;english;koreana
255710,2026-08-22 18:32:41,100,55.0,0.88,6567.3,0.0,0.82,schinese;english;russian
294100,2026-08-22 18:32:47,100,130.6,0.93,28411.3,0.0,0.78,english;schinese;russian
227300,2026-08-22 18:32:51,100,71.2,0.96,3997.8,0.0,0.91,russian;english;turkish
1203220,2026-08-22 18:32:56,100,56.1,0.58,35966.8,0.0,1.0,schinese;english;russian
2050650,2026-08-22 18:33:01,100,53.9,0.99,2175.3,0.0,0.67,schinese;english;brazilian
381210,2026-08-22 18:33:06,100,97.8,0.7,34952.2,0.0,0.71,english;russian;schinese
620,2026-08-22 18:33:11,100,149.5,0.98,4613.4,0.0,0.88,english;russian;schinese
440,2026-08-22 18:33:16,100,81.4,0.97,12445.0,0.0,1.0,english;russian;spanish
1817070,2026-08-22 18:33:21,100,117.3,0.99,2096.0,0.0,0.68,english;russian;brazilian
1623730,2026-08-22 18:33:26,100,94.3,0.96,8244.2,0.0,0.86,english;schinese;koreana
238960,2026-08-22 18:33:30,100,96.6,0.79,52806.0,0.0,1.0,english;russian;polish
1290000,2026-08-22 18:33:35,100,194.1,0.91,3555.3,0.0,0.83,english;japanese;schinese
1794680,2026-08-22 18:33:40,100,136.1,0.91,2613.1,0.0,0.92,english;russian;schinese
1599340,2026-08-22 18:33:45,100,285.6,0.38,64962.6,0.0,1.0,english;french;german
892970,2026-08-24 06:31:54,100,185.3,0.84,10636.4,1.0,0.76,english;russian;spanish
739630,2026-08-24 06:31:58,100,104.4,0.88,2640.8,1.0,0.84,english;russian;schinese
648800,2026-08-24 06:32:03,100,132.5,0.9,3032.1,0.0,0.89,english;schinese;russian
251570,2026-08-24 06:32:07,100,218.9,0.72,29318.3,0.0,0.67,english;russian;schinese
646570,2026-08-24 06:32:12,100,98.0,0.94,4289.5,0.0,0.88,schinese;english;russian
275850,2026-08-24 06:32:17,100,215.7,0.94,7778.5,0.0,0.68,english;brazilian;schinese
990080,2026-08-24 06:32:21,100,183.0,0.79,3655.0,0.0,0.74,english;schinese;russian
2358720,2026-08-24 06:32:26,100,148.0,0.92,2189.4,0.0,0.77,schinese;english;brazilian
289070,2026-08-24 06:32:31,100,98.5,0.85,14794.1,0.0,0.68,schinese;english;koreana
255710,2026-08-24 06:32:35,100,92.0,0.92,8341.9,0.0,0.87,english;schinese;brazilian
294100,2026-08-24 06:32:41,100,146.4,0.97,36618.8,0.0,0.81,english;schinese;russian
227300,2026-08-24 06:32:45,100,60.2,0.96,3679.5,0.0,0.85,russian;english;brazilian
1203220,2026-08-24 06:32:50,100,71.7,0.59,43789.9,0.0,1.0,schinese;english;russian
2050650,2026-08-24 06:32:55,100,170.0,0.96,2369.5,0.0,0.69,english;schinese;brazilian
381210,2026-08-24 06:33:00,100,98.2,0.75,24962.8,0.0,0.82,english;russian;brazilian
620,2026-08-24 06:33:04,100,99.5,0.99,1527.4,0.0,0.85,english;russian;spanish
440,2026-08-24 06:33:09,100,40.5,0.94,18908.7,0.0,1.0,english;russian;spanish
1817070,2026-08-24 06:33:14,100,94.4,0.99,1805.1,0.0,0.74,english;spanish;brazilian
1623730,2026-08-24 06:33:18,100,165.2,0.96,8442.5,0.0,0.81,english;schinese;brazilian
238960,2026-08-24 06:33:23,100,87.2,0.78,49212.2,0.0,1.0,english;russian;polish
1290000,2026-08-24 06:33:28,100,179.7,0.9,3474.9,0.0,0.85,english;japanese;russian
1794680,2026-08-24 06:33:32,100,115.6,0.89,2893.1,0.0,0.96,english;russian;schinese
1599340,2026-08-24 06:33:37,100,311.6,0.36,66720.1,0.0,1.0,english;french;german
1245620,2026-08-25 06:30:01,100,74.7,0.95,10733.5,0.0,0.74,english;schinese;russian
570,2026-08-25 06:30:06,100,69.6,0.77,146517.8,0.0,1.0,russian;english;spanish
730,2026-08-25 06:30:11,100,40.8,0.89,27445.5,0.0,1.0,russian;english;schinese
578080,2026-08-25 06:30:16,100,63.0,0.66,21729.9,0.0,1.0,russian;schinese;english
271590,2026-08-25 06:30:20,100,81.1,0.9,26897.0,0.0,0.9,english;russian;brazilian
1086940,2026-08-25 06:30:25,100,172.0,0.96,15934.3,0.0,0.91,english;schinese;brazilian
1091500,2026-08-25 06:30:30,100,226.0,0.97,4656.7,0.0,0.9,english;schinese;brazilian
413150,2026-08-25 06:30:35,100,48.0,0.98,8853.3,0.0,0.91,english;schinese;russian
252490,2026-08-25 06:30:39,100,57.4,0.85,38052.2,0.0,0.85,russian;english;spanish
1174180,2026-08-25 06:30:44,100,68.2,0.92,5878.6,0.0,0.89,english;schinese;brazilian
292030,2026-08-25 06:30:49,100,210.0,0.93,5707.4,0.0,0.91,english;russian;schinese
359550,2026-08-25 06:30:54,100,85.2,0.66,12309.1,0.0,1.0,english;latam;schinese
1172470,2026-08-25 06:30:59,100,38.6,0.68,17184.2,0.0,1.0,english;schinese;russian
105600,2026-08-25 06:31:04,100,71.5,0.94,14420.1,0.0,0.83,english;schinese;brazilian
431960,2026-08-25 06:31:08,100,25.9,0.99,4951.1,0.0,0.93,english;schinese;brazilian
550,2026-08-25 06:31:13,100,61.8,0.97,8356.4,0.0,0.88,spanish;english;schinese
4000,2026-08-25 06:31:18,100,53.9,0.98,20325.6,0.0,0.88,english;spanish;russian
322330,2026-08-25 06:31:23,100,82.2,0.92,7337.5,0.0,0.75,schinese;russian;english
1085660,2026-08-25 06:31:27,100,113.6,0.78,27685.7,0.0,1.0,english;schinese;brazilian
230410,2026-08-25 06:31:32,100,162.4,0.89,41809.0,0.0,1.0,english;schinese;russian
236390,2026-08-25 06:31:37,100,101.4,0.66,21725.3,0.0,1.0,english;russian;schinese
218620,2026-08-25 06:31:42,100,97.2,0.73,6126.3,0.0,0.63,english;russian;schinese
1966720,2026-08-25 06:31:47,100,62.9,0.9,3103.5,1.0,0.79,english;russian;schinese
1145360,2026-08-25 06:31:51,100,148.4,0.93,2852.7,0.0,0.94,english;russian;schinese
892970,2026-08-25 06:31:56,100,225.0,0.86,13120.3,1.0,0.75,english;russian;brazilian
739630,2026-08-25 06:32:01,100,87.7,0.9,3088.8,1.0,0.75,english;russian;spanish
648800,2026-08-25 06:32:06,100,119.6,0.88,2644.5,0.0,0.88,english;russian;schinese
251570,2026-08-25 06:32:11,100,178.4,0.76,25980.1,0.0,0.65,english;russian;schinese
646570,2026-08-25 06:32:15,100,89.2,0.94,4414.9,0.0,0.85,schinese;english;russian
275850,2026-08-25 06:32:20,100,243.0,0.91,6289.5,0.0,0.69,english;brazilian;russian
990080,2026-08-25 06:32:25,100,172.4,0.78,3984.7,0.0,0.75,english;schinese;russian
2358720,2026-08-25 06:32:29,100,121.0,0.9,2538.3,0.0,0.81,schinese;english;spanish
289070,2026-08-25 06:32:34,100,131.1,0.86,29459.4,0.0,0.65,schinese;english;russian
255710,2026-08-25 06:32:39,100,66.3,0.94,5860.2,0.0,0.9,english;schinese;brazilian
294100,2026-08-25 06:32:44,100,271.9,0.98,29761.7,0.0,0.81,english;schinese;russian
227300,2026-08-25 06:32:49,100,58.5,0.98,7737.9,0.0,0.86,russian;turkish;english
1203220,2026-08-25 06:32:54,100,72.5,0.59,38405.4,0.0,1.0,schinese;english;russian
2050650,2026-08-25 06:32:59,100,238.5,0.99,2169.5,0.0,0.66,schinese;english;spanish
381210,2026-08-25 06:33:03,100,147.0,0.75,22731.9,0.0,0.77,english;russian;brazilian
620,2026-08-25 06:33:08,100,69.1,1.0,1397.0,0.0,0.86,english;russian;schinese
440,2026-08-25 06:33:13,100,84.6,0.87,19887.6,0.0,1.0,english;russian;spanish
1245620,2026-08-23 06:30:01,100,178.6,0.85,8821.5,0.0,0.64,english;schinese;russian
570,2026-08-23 06:30:06,100,39.3,0.72,84785.4,0.0,1.0,russian;english;schinese
730,2026-08-23 06:30:11,100,41.4,0.77,31526.7,0.0,1.0,english;schinese;russian
578080,2026-08-23 06:30:15,100,44.5,0.67,21778.6,0.0,1.0,schinese;russian;english
271590,2026-08-23 06:30:20,100,70.7,0.86,13958.5,0.0,0.91,brazilian;english;russian
1086940,2026-08-23 06:30:25,100,111.3,0.95,12469.3,0.0,0.86,english;schinese;russian
1091500,2026-08-23 06:30:29,100,160.4,0.97,6176.2,0.0,0.92,english;schinese;russian
413150,2026-08-23 06:30:34,100,65.2,0.96,8157.8,0.0,0.9,english;schinese;brazilian
252490,2026-08-23 06:30:39,100,45.5,0.8,30203.5,0.0,0.83,english;russian;spanish
1174180,2026-08-23 06:30:43,100,187.0,0.94,7751.7,0.0,0.92,english;schinese;brazilian
292030,2026-08-23 06:30:48,100,105.2,0.97,4949.8,0.0,0.97,english;schinese;russian
359550,2026-08-23 06:30:53,100,69.0,0.69,12472.0,0.0,1.0,english;brazilian;spanish
1172470,2026-08-23 06:30:57,100,63.2,0.63,15484.6,0.0,1.0,english;schinese;russian
105600,2026-08-23 06:31:02,100,58.0,0.95,14644.8,0.0,0.83,english;brazilian;schinese
431960,2026-08-23 06:31:06,100,29.8,0.99,3325.7,0.0,0.9,english;schinese;russian
550,2026-08-23 06:31:11,100,58.9,0.96,5840.1,0.0,0.87,spanish;english;schinese
4000,2026-08-23 06:31:16,100,79.0,0.98,6955.9,0.0,0.89,english;spanish;russian
322330,2026-08-23 06:31:20,100,58.3,0.94,11141.0,0.0,0.86,schinese;english;russian
1085660,2026-08-23 06:31:26,100,172.7,0.74,39575.0,0.0,1.0,english;russian;schinese
230410,2026-08-23 06:31:31,100,101.5,0.91,37833.6,0.0,1.0,english;schinese;russian
236390,2026-08-23 06:31:36,100,105.7,0.7,22962.0,0.0,1.0,english;russian;schinese
218620,2026-08-23 06:31:40,100,77.7,0.9,4574.8,0.0,0.76,english;russian;spanish
1966720,2026-08-23 06:31:45,100,62.6,0.96,3334.6,1.0,0.84,english;russian;spanish
1145360,2026-08-23 06:31:50,100,122.8,0.96,2476.5,0.0,0.96,english;schinese;spanish
892970,2026-08-23 06:31:55,100,220.0,0.9,13735.3,1.0,0.8,english;russian;polish
739630,2026-08-23 06:31:59,100,114.5,0.87,2576.9,1.0,0.78,english;russian;schinese
648800,2026-08-23 06:32:04,100,134.7,0.89,3067.5,0.0,0.88,english;schinese;russian
251570,2026-08-23 06:32:08,100,237.8,0.71,26984.1,0.0,0.7,english;russian;schinese
646570,2026-08-23 06:32:13,100,54.2,0.96,4660.7,0.0,0.94,schinese;english;koreana
275850,2026-08-23 06:32:18,100,141.9,0.93,7330.4,0.0,0.65,english;schinese;brazilian
990080,2026-08-23 06:32:23,100,235.8,0.83,2766.3,0.0,0.74,english;schinese;russian
2358720,2026-08-23 06:32:27,100,93.8,0.89,2005.1,0.0,0.81,schinese;english;brazilian
289070,2026-08-23 06:32:32,100,100.5,0.89,19062.6,0.0,0.7,schinese;english;koreana
255710,2026-08-23 06:32:36,100,88.2,0.9,7315.3,0.0,0.84,english;schinese;russian
294100,2026-08-23 06:32:41,100,92.9,0.94,37213.3,0.0,0.83,english;schinese;russian
227300,2026-08-23 06:32:46,100,49.4,0.99,5534.5,0.0,0.88,russian;english;brazilian
1203220,2026-08-23 06:32:51,100,75.5,0.56,37501.7,0.0,1.0,schinese;english;russian
2050650,2026-08-23 06:32:55,100,131.8,0.96,2207.0,0.0,0.67,english;schinese;brazilian
381210,2026-08-23 06:33:00,100,85.1,0.8,21946.2,0.0,0.81,english;brazilian;russian
620,2026-08-23 06:33:05,100,99.2,0.98,4971.9,0.0,0.87,english;russian;schinese
440,2026-08-23 06:33:10,100,39.2,0.95,13621.0,0.0,1.0,english;russian;spanish
1817070,2026-08-23 06:33:14,100,119.7,0.94,2053.5,0.0,0.75,english;brazilian;spanish
1623730,2026-08-23 06:33:19,100,193.0,0.98,10054.1,0.0,0.86,english;koreana;schinese
238960,2026-08-23 06:33:23,100,100.4,0.79,58124.9,0.0,1.0,english;russian;polish
1290000,2026-08-23 06:33:28,100,186.6,0.9,3560.3,0.0,0.84,english;japanese;russian
1794680,2026-08-23 06:33:33,100,142.0,0.89,2760.0,0.0,0.95,english;brazilian;russian
1599340,2026-08-23 06:33:38,100,301.4,0.36,64195.6,0.0,1.0,english;french;german
1817070,2026-08-25 06:33:18,100,103.8,0.99,1801.2,0.0,0.63,english;russian;brazilian
1623730,2026-08-25 06:33:22,100,115.6,0.99,8892.0,0.0,0.8,english;brazilian;schinese
238960,2026-08-25 06:33:27,100,85.4,0.8,52489.3,0.0,1.0,english;russian;brazilian
1290000,2026-08-25 06:33:32,100,177.8,0.9,3457.2,0.0,0.86,english;japanese;french
1794680,2026-08-25 06:33:37,100,95.0,0.91,3055.5,0.0,0.95,english;schinese;russian
1599340,2026-08-25 06:33:41,100,294.8,0.33,57624.1,0.0,1.0,english;french;german
1245620,2026-08-25 18:30:01,100,132.3,0.95,10830.1,0.0,0.56,english;schinese;russian
570,2026-08-25 18:30:06,100,86.6,0.68,79122.3,0.0,1.0,russian;english;schinese
730,2026-08-25 18:30:10,100,32.4,0.79,26329.1,0.0,1.0,russian;english;brazilian
578080,2026-08-25 18:30:15,100,41.1,0.68,24593.6,0.0,1.0,schinese;russian;english
271590,2026-08-25 18:30:19,100,130.8,0.93,18386.6,0.0,0.84,russian;english;schinese
1086940,2026-08-25 18:30:24,100,312.6,0.96,13379.8,0.0,0.88,english;schinese;russian
1091500,2026-08-25 18:30:28,100,161.6,0.94,4666.4,0.0,0.91,schinese;english;russian
413150,2026-08-25 18:30:33,100,37.6,0.95,4773.1,0.0,0.94,schinese;english;russian
252490,2026-08-25 18:30:38,100,48.9,0.84,32760.4,0.0,0.79,russian;english;turkish
1174180,2026-08-25 18:30:43,100,83.1,0.94,6705.1,0.0,0.91,english;schinese;russian
292030,2026-08-25 18:30:48,100,147.2,0.93,5637.9,0.0,0.87,english;schinese;russian
359550,2026-08-25 18:30:54,100,60.7,0.7,9653.4,0.0,1.0,english;polish;german
1172470,2026-08-25 18:30:58,100,38.0,0.61,21397.4,0.0,1.0,schinese;english;french
105600,2026-08-25 18:31:04,100,55.7,0.88,10479.4,0.0,0.75,english;russian;schinese
431960,2026-08-25 18:31:09,100,19.1,0.97,23760.1,0.0,0.98,schinese;english;russian
550,2026-08-25 18:31:14,100,52.4,0.97,6017.5,0.0,0.89,schinese;spanish;russian
4000,2026-08-25 18:31:19,100,53.2,0.97,12942.2,0.0,0.86,russian;english;spanish
322330,2026-08-25 18:31:25,100,85.7,0.92,7235.4,0.0,0.72,schinese;english;russian
1085660,2026-08-25 18:31:30,100,121.5,0.82,36567.7,0.0,1.0,english;schinese;brazilian
230410,2026-08-25 18:31:35,100,177.1,0.92,41643.2,0.0,1.0,english;schinese;russian
236390,2026-08-25 18:31:41,100,67.9,0.63,18269.7,0.0,1.0,russian;english;schinese
218620,2026-08-25 18:31:48,100,87.4,0.77,5783.7,0.0,0.63,english;russian;schinese
1966720,2026-08-25 18:31:53,100,82.6,0.89,2712.8,1.0,0.78,english;russian;brazilian
1145360,2026-08-25 18:31:59,100,172.6,0.95,2665.3,0.0,0.94,english;schinese;russian
892970,2026-08-25 18:32:05,100,165.6,0.87,12886.9,1.0,0.77,english;russian;brazilian
739630,2026-08-25 18:32:11,100,78.3,0.97,6577.0,1.0,0.86,english;russian;spanish
648800,2026-08-25 18:32:18,100,127.6,0.84,2320.3,0.0,0.86,english;schinese;russian
251570,2026-08-25 18:32:24,100,227.4,0.76,22118.0,0.0,0.67,english;russian;schinese
646570,2026-08-25 18:32:30,100,77.1,0.93,3921.7,0.0,0.84,schinese;english;spanish
275850,2026-08-25 18:32:36,100,208.7,0.9,6487.2,0.0,0.67,english;schinese;russian
990080,2026-08-25 18:32:42,100,234.7,0.75,4123.4,0.0,0.74,english;schinese;russian
2358720,2026-08-25 18:32:47,100,51.9,0.94,2104.3,0.0,0.73,schinese;english;koreana
289070,2026-08-25 18:32:52,100,125.6,0.87,31129.8,0.0,0.66,schinese;english;russian
255710,2026-08-25 18:32:57,100,68.3,0.93,5280.8,0.0,0.85,schinese;english;russian
294100,2026-08-25 18:33:02,100,253.0,0.98,25728.7,0.0,0.82,english;schinese;russian
227300,2026-08-25 18:33:07,100,43.1,0.99,3198.0,0.0,0.94,russian;english;turkish
1203220,2026-08-25 18:33:12,100,57.0,0.55,40978.9,0.0,1.0,schinese;english;russian
2050650,2026-08-25 18:33:17,100,189.7,0.97,1652.2,0.0,0.65,schinese;english;spanish
381210,2026-08-25 18:33:22,100,143.5,0.8,16104.5,0.0,0.74,english;russian;spanish
620,2026-08-25 18:33:26,100,67.0,1.0,1343.5,0.0,0.84,english;russian;schinese
440,2026-08-25 18:33:32,100,94.5,0.89,10903.2,0.0,1.0,english;russian;turkish
1817070,2026-08-25 18:33:37,100,127.6,0.99,2093.1,0.0,0.67,english;brazilian;russian
1623730,2026-08-25 18:33:41,100,142.7,0.95,8531.6,0.0,0.81,english;schinese;german
238960,2026-08-25 18:33:46,100,99.5,0.8,56389.2,0.0,1.0,english;russian;brazilian
1290000,2026-08-25 18:33:51,100,177.7,0.92,3532.9,0.0,0.86,english;french;japanese
1794680,2026-08-25 18:33:56,100,90.4,0.93,2596.3,0.0,0.95,english;schinese;russian
1599340,2026-08-25 18:34:01,100,291.7,0.34,49871.5,0.0,1.0,english;french;german
1245620,2026-08-26 18:30:01,100,130.4,0.92,9207.8,0.0,0.53,english;schinese;russian
570,2026-08-26 18:30:08,100,34.1,0.68,91908.0,0.0,1.0,russian;english;ukrainian
730,2026-08-26 18:30:13,100,39.1,0.79,18074.7,0.0,1.0,russian;english;turkish
578080,2026-08-26 18:30:17,100,63.4,0.72,17452.2,0.0,1.0,schinese;russian;english
271590,2026-08-26 18:30:22,100,31.1,0.93,17661.7,0.0,0.88,russian;english;schinese
1086940,2026-08-26 18:30:27,100,164.4,0.95,20314.4,0.0,0.86,english;schinese;russian
1091500,2026-08-26 18:30:31,100,106.9,0.95,5858.8,0.0,0.88,english;schinese;russian
413150,2026-08-26 18:30:36,100,65.2,0.98,7866.6,0.0,0.92,schinese;english;russian
252490,2026-08-26 18:30:41,100,48.7,0.86,26244.0,0.0,0.84,russian;english;ukrainian
1174180,2026-08-26 18:30:45,100,85.1,0.95,5269.9,0.0,0.87,schinese;english;russian
292030,2026-08-26 18:30:50,100,143.3,0.88,5512.6,0.0,0.93,english;russian;brazilian
1245620,2026-08-26 06:30:02,100,122.9,0.91,9490.7,0.0,0.63,english;schinese;russian
570,2026-08-26 06:30:07,100,58.0,0.79,95332.6,0.0,1.0,russian;english;schinese
730,2026-08-26 06:30:11,100,89.2,0.72,17616.4,0.0,1.0,russian;english;schinese
578080,2026-08-26 06:30:16,100,125.2,0.86,27781.6,0.0,1.0,schinese;russian;english
271590,2026-08-26 06:30:21,100,33.9,0.97,31914.8,0.0,0.83,english;russian;brazilian
1086940,2026-08-26 06:30:25,100,246.1,0.95,16556.6,0.0,0.89,english;russian;brazilian
1091500,2026-08-26 06:30:30,100,201.2,0.96,6470.7,0.0,0.9,english;schinese;brazilian
413150,2026-08-26 06:30:35,100,103.3,0.96,6598.4,0.0,0.89,english;schinese;brazilian
252490,2026-08-26 06:30:40,100,60.2,0.74,46511.5,0.0,0.8,russian;english;turkish
1174180,2026-08-26 06:30:44,100,82.7,0.91,5920.3,0.0,0.87,english;schinese;spanish
292030,2026-08-26 06:30:49,100,128.3,0.88,5499.8,0.0,0.96,english;schinese;brazilian
359550,2026-08-26 06:30:54,100,59.3,0.72,10368.1,0.0,1.0,english;brazilian;schinese
1172470,2026-08-26 06:30:59,100,45.8,0.62,16410.9,0.0,1.0,english;schinese;russian
105600,2026-08-26 06:31:03,100,71.1,0.99,12373.6,0.0,0.84,english;schinese;spanish
431960,2026-08-26 06:31:08,100,28.2,0.96,2448.7,0.0,0.96,schinese;english;russian
550,2026-08-26 06:31:13,100,61.1,0.98,5469.1,0.0,0.92,spanish;english;russian
4000,2026-08-26 06:31:18,100,49.8,0.99,14548.5,0.0,0.83,english;russian;brazilian
322330,2026-08-26 06:31:23,100,40.9,0.87,8477.3,0.0,0.72,schinese;russian;english
1085660,2026-08-26 06:31:27,100,133.4,0.77,35255.2,0.0,1.0,english;schinese;brazilian
230410,2026-08-26 06:31:32,100,166.1,0.91,39984.7,0.0,1.0,english;schinese;spanish
236390,2026-08-26 06:31:37,100,109.1,0.73,18420.0,0.0,1.0,english;schinese;russian
218620,2026-08-26 06:31:42,100,68.6,0.82,5475.6,0.0,0.72,english;russian;schinese
1966720,2026-08-26 06:31:47,100,87.2,0.86,2714.4,1.0,0.78,english;russian;brazilian
1145360,2026-08-26 06:31:52,100,164.4,0.95,3131.7,0.0,0.94,english;schinese;brazilian
892970,2026-08-26 06:31:57,100,187.8,0.9,13729.6,1.0,0.74,english;russian;brazilian
739630,2026-08-26 06:32:01,100,86.2,0.9,4743.4,1.0,0.81,english;russian;spanish
648800,2026-08-26 06:32:06,100,129.2,0.86,2380.7,0.0,0.88,english;schinese;russian
251570,2026-08-26 06:32:11,100,277.8,0.73,18698.8,0.0,0.67,english;russian;schinese
646570,2026-08-26 06:32:15,100,80.3,0.93,4245.2,0.0,0.83,schinese;english;spanish
275850,2026-08-26 06:32:20,100,187.2,0.91,8161.7,0.0,0.68,english;schinese;spanish
990080,2026-08-26 06:32:25,100,244.2,0.78,4298.6,0.0,0.72,english;schinese;russian
2358720,2026-08-26 06:32:30,100,135.3,0.88,2644.7,0.0,0.74,schinese;english;spanish
289070,2026-08-26 06:32:34,100,132.4,0.89,29542.8,0.0,0.68,schinese;english;russian
255710,2026-08-26 06:32:39,100,65.2,0.91,5047.9,0.0,0.87,schinese;english;russian
294100,2026-08-26 06:32:45,100,141.9,0.99,28847.8,0.0,0.76,english;schinese;russian
227300,2026-08-26 06:32:49,100,65.8,0.99,6071.7,0.0,0.88,russian;english;turkish
1203220,2026-08-26 06:32:54,100,54.6,0.55,41384.6,0.0,1.0,schinese;english;russian
2050650,2026-08-26 06:32:59,100,118.6,0.98,2006.9,0.0,0.66,schinese;english;spanish
381210,2026-08-26 06:33:04,100,119.8,0.76,20150.5,0.0,0.73,english;schinese;russian
620,2026-08-26 06:33:09,100,60.4,0.99,1228.2,0.0,0.87,english;russian;spanish
440,2026-08-26 06:33:14,100,74.0,0.93,12334.2,0.0,1.0,english;russian;spanish
1817070,2026-08-26 06:33:19,100,218.6,0.96,1985.4,0.0,0.73,english;brazilian;russian
1623730,2026-08-26 06:33:23,100,162.7,0.93,9485.6,0.0,0.87,english;schinese;brazilian
238960,2026-08-26 06:33:28,100,99.3,0.8,57440.2,0.0,1.0,english;russian;brazilian
1290000,2026-08-26 06:33:33,100,160.6,0.92,3503.2,0.0,0.85,english;french;japanese
1794680,2026-08-26 06:33:38,100,85.8,0.95,2601.8,0.0,0.96,english;schinese;russian
1599340,2026-08-26 06:33:43,100,292.9,0.33,42198.9,0.0,1.0,english;french;german
359550,2026-08-26 18:30:54,100,64.2,0.7,14564.1,0.0,1.0,english;german;russian
1172470,2026-08-26 18:30:59,100,62.0,0.57,24925.2,0.0,1.0,schinese;english;russian
105600,2026-08-26 18:31:04,100,68.0,0.96,10845.1,0.0,0.85,english;schinese;russian
431960,2026-08-26 18:31:08,100,39.7,0.92,4419.0,0.0,0.96,schinese;english;russian
550,2026-08-26 18:31:13,100,105.2,0.98,4572.4,0.0,0.83,english;schinese;spanish
4000,2026-08-26 18:31:18,100,56.6,0.99,7743.2,0.0,0.87,russian;english;schinese
322330,2026-08-26 18:31:22,100,49.4,0.89,7313.0,0.0,0.68,schinese;russian;english
1085660,2026-08-26 18:31:27,100,130.3,0.73,36148.0,0.0,1.0,english;schinese;brazilian
230410,2026-08-26 18:31:32,100,150.0,0.89,26701.1,0.0,1.0,english;schinese;brazilian
236390,2026-08-26 18:31:36,100,89.2,0.74,16287.7,0.0,1.0,english;russian;schinese
218620,2026-08-26 18:31:41,100,65.7,0.86,5568.1,0.0,0.75,english;russian;schinese
1966720,2026-08-26 18:31:46,100,90.6,0.88,2351.8,1.0,0.82,english;russian;turkish
1145360,2026-08-26 18:31:51,100,127.8,0.98,3434.4,0.0,0.91,english;schinese;brazilian
892970,2026-08-26 18:31:55,100,152.5,0.91,13158.2,1.0,0.73,english;russian;german
739630,2026-08-26 18:32:00,100,65.0,0.86,4375.1,1.0,0.76,english;russian;schinese
648800,2026-08-26 18:32:05,100,159.2,0.84,2385.2,0.0,0.93,schinese;english;russian
251570,2026-08-26 18:32:09,100,320.2,0.66,19188.2,0.0,0.61,english;russian;schinese
646570,2026-08-26 18:32:14,100,67.8,0.93,5054.7,0.0,0.83,schinese;english;russian
275850,2026-08-26 18:32:19,100,186.1,0.93,7958.7,0.0,0.63,english;schinese;russian
990080,2026-08-26 18:32:24,100,222.2,0.79,4224.0,0.0,0.7,english;schinese;russian
2358720,2026-08-26 18:32:29,100,69.1,0.91,2662.7,0.0,0.75,schinese;english;koreana
289070,2026-08-26 18:32:33,100,50.8,0.93,33809.1,0.0,0.68,schinese;english;russian
255710,2026-08-26 18:32:38,100,79.5,0.91,5102.2,0.0,0.83,schinese;english;russian
294100,2026-08-26 18:32:44,100,171.2,0.98,34526.9,0.0,0.77,english;russian;schinese
227300,2026-08-26 18:32:48,100,103.7,0.98,5692.9,0.0,0.91,russian;english;schinese
1203220,2026-08-26 18:32:54,100,50.3,0.56,40167.6,0.0,1.0,schinese;english;russian
2050650,2026-08-26 18:32:58,100,119.1,0.98,2213.3,0.0,0.58,schinese;english;russian
381210,2026-08-26 18:33:03,100,137.6,0.64,19310.9,0.0,0.78,english;russian;schinese
620,2026-08-26 18:33:08,100,64.6,0.99,1142.6,0.0,0.9,english;russian;schinese
440,2026-08-26 18:33:13,100,55.1,0.91,10542.7,0.0,1.0,russian;english;spanish
1817070,2026-08-26 18:33:18,100,286.1,0.93,1816.5,0.0,0.75,english;schinese;russian
1623730,2026-08-26 18:33:22,100,267.5,0.93,9467.9,0.0,0.86,english;schinese;russian
238960,2026-08-26 18:33:27,100,105.5,0.77,55906.2,0.0,1.0,english;russian;brazilian
1290000,2026-08-26 18:33:32,100,163.8,0.92,3312.5,0.0,0.85,english;japanese;french
1794680,2026-08-26 18:33:37,100,78.8,0.96,2568.7,0.0,0.97,english;schinese;russian
1599340,2026-08-26 18:33:42,100,283.6,0.37,46529.6,0.0,1.0,english;french;german
1245620,2026-08-27 06:30:01,100,95.9,0.93,8952.4,0.0,0.68,english;russian;brazilian
570,2026-08-27 06:30:07,100,39.8,0.73,84549.5,0.0,1.0,russian;english;spanish
730,2026-08-27 06:30:12,100,32.2,0.76,25904.0,0.0,1.0,english;russian;schinese
578080,2026-08-27 06:30:16,100,53.0,0.66,20677.9,0.0,1.0,russian;schinese;english
271590,2026-08-27 06:30:21,100,67.1,0.85,15304.2,0.0,0.87,english;russian;spanish
1086940,2026-08-27 06:30:26,100,64.7,0.96,13955.9,0.0,0.89,english;schinese;spanish
1091500,2026-08-27 06:30:30,100,244.4,0.95,5296.1,0.0,0.9,english;schinese;brazilian
413150,2026-08-27 06:30:35,100,67.4,0.96,6453.4,0.0,0.86,english;schinese;brazilian
252490,2026-08-27 06:30:41,100,52.6,0.82,36120.9,0.0,0.79,russian;english;spanish
1174180,2026-08-27 06:30:46,100,67.2,0.94,3906.7,0.0,0.94,english;schinese;brazilian
292030,2026-08-27 06:30:51,100,100.2,0.92,4157.1,0.0,0.98,english;schinese;russian
359550,2026-08-27 06:30:55,100,62.5,0.72,10573.1,0.0,1.0,english;turkish;latam
1172470,2026-08-27 06:31:01,100,61.3,0.64,23451.2,0.0,1.0,english;schinese;spanish
105600,2026-08-27 06:31:06,100,44.4,0.98,15887.8,0.0,0.76,english;schinese;spanish
431960,2026-08-27 06:31:11,100,22.8,0.95,5622.8,0.0,0.92,schinese;english;brazilian
550,2026-08-27 06:31:15,100,73.1,0.96,9849.6,0.0,0.84,spanish;english;latam
4000,2026-08-27 06:31:20,100,96.3,0.95,11825.3,0.0,0.91,english;russian;spanish
322330,2026-08-27 06:31:25,100,58.8,0.9,8369.6,0.0,0.66,schinese;russian;english
1085660,2026-08-27 06:31:29,100,111.5,0.76,43406.1,0.0,1.0,english;schinese;german
230410,2026-08-27 06:31:34,100,113.0,0.89,30042.4,0.0,1.0,english;russian;schinese
236390,2026-08-27 06:31:39,100,71.5,0.67,22799.5,0.0,1.0,english;schinese;russian
218620,2026-08-27 06:31:44,100,80.2,0.86,5733.0,0.0,0.74,english;russian;schinese
1966720,2026-08-27 06:31:48,100,125.4,0.9,2480.5,1.0,0.81,english;russian;turkish
1145360,2026-08-27 06:31:53,100,186.5,0.98,3532.4,0.0,0.95,english;schinese;brazilian
892970,2026-08-27 06:31:58,100,196.6,0.9,13316.9,1.0,0.71,english;russian;brazilian
739630,2026-08-27 06:32:02,100,72.4,0.9,5739.8,1.0,0.8,english;russian;spanish
648800,2026-08-27 06:32:07,100,134.3,0.88,2171.4,0.0,0.93,schinese;english;russian
1245620,2026-08-24 18:30:01,100,83.1,0.92,7485.3,0.0,0.62,english;schinese;russian
570,2026-08-24 18:30:06,100,57.9,0.66,44720.7,0.0,1.0,russian;english;schinese
730,2026-08-24 18:30:11,100,47.7,0.7,29057.4,0.0,1.0,russian;english;schinese
578080,2026-08-24 18:30:15,100,52.9,0.69,16613.2,0.0,1.0,russian;schinese;english
271590,2026-08-24 18:30:20,100,36.2,0.9,19718.3,0.0,0.9,russian;english;schinese
1086940,2026-08-24 18:30:25,100,101.4,0.95,10589.5,0.0,0.79,english;schinese;russian
1091500,2026-08-24 18:30:29,100,175.3,0.97,4553.2,0.0,0.94,english;schinese;russian
413150,2026-08-24 18:30:34,100,72.0,0.96,7010.0,0.0,0.88,schinese;english;russian
252490,2026-08-24 18:30:39,100,92.4,0.78,35689.8,0.0,0.89,russian;english;ukrainian
1174180,2026-08-24 18:30:43,100,81.0,0.96,5978.3,0.0,0.87,english;schinese;russian
292030,2026-08-24 18:30:48,100,185.2,0.95,5184.4,0.0,0.95,schinese;english;russian
359550,2026-08-24 18:30:53,100,54.5,0.69,14305.0,0.0,1.0,english;schinese;german
1172470,2026-08-24 18:30:57,100,51.8,0.64,20664.6,0.0,1.0,schinese;english;russian
105600,2026-08-24 18:31:02,100,81.8,0.95,16558.6,0.0,0.76,english;russian;schinese
431960,2026-08-24 18:31:07,100,33.5,0.98,9327.2,0.0,0.94,schinese;english;russian
550,2026-08-24 18:31:11,100,81.2,0.98,8171.2,0.0,0.9,english;schinese;spanish
4000,2026-08-24 18:31:16,100,44.0,0.98,6643.2,0.0,0.91,russian;english;schinese
322330,2026-08-24 18:31:20,100,63.4,0.92,7398.9,0.0,0.71,schinese;russian;english
1085660,2026-08-24 18:31:25,100,117.0,0.74,25675.8,0.0,1.0,english;schinese;german
230410,2026-08-24 18:31:30,100,112.4,0.87,34975.8,0.0,1.0,english;schinese;russian
236390,2026-08-24 18:31:34,100,69.1,0.56,19620.5,0.0,1.0,russian;english;schinese
218620,2026-08-24 18:31:39,100,97.3,0.77,6133.0,0.0,0.65,english;russian;schinese
1966720,2026-08-24 18:31:44,100,48.0,0.96,3737.9,1.0,0.78,english;russian;spanish
1145360,2026-08-24 18:31:48,100,173.3,0.93,2812.7,0.0,0.95,english;russian;schinese
892970,2026-08-24 18:31:53,100,220.5,0.83,12111.9,1.0,0.74,english;russian;turkish
739630,2026-08-24 18:31:57,100,72.6,0.86,3395.4,1.0,0.85,english;russian;schinese
648800,2026-08-24 18:32:02,100,82.1,0.92,2560.4,0.0,0.86,english;russian;schinese
251570,2026-08-24 18:32:07,100,168.0,0.75,30307.6,0.0,0.67,english;russian;schinese
646570,2026-08-24 18:32:11,100,90.7,0.94,4069.8,0.0,0.86,schinese;english;koreana
275850,2026-08-24 18:32:16,100,243.3,0.94,6416.2,0.0,0.68,english;brazilian;russian
990080,2026-08-24 18:32:21,100,219.6,0.8,3589.1,0.0,0.74,english;schinese;russian
2358720,2026-08-24 18:32:25,100,52.0,0.92,3671.6,0.0,0.73,schinese;english;russian
289070,2026-08-24 18:32:30,100,152.6,0.85,29694.6,0.0,0.67,schinese;english;italian
255710,2026-08-24 18:32:35,100,102.0,0.94,7566.3,0.0,0.92,english;schinese;russian
294100,2026-08-24 18:32:40,100,278.9,0.97,26555.9,0.0,0.81,english;schinese;russian
227300,2026-08-24 18:32:44,100,67.2,0.94,5243.0,0.0,0.85,russian;english;turkish
1203220,2026-08-24 18:32:52,100,74.5,0.57,39653.2,0.0,1.0,schinese;english;russian
2050650,2026-08-24 18:32:56,100,170.7,0.96,2373.8,0.0,0.57,schinese;english;spanish
381210,2026-08-24 18:33:01,100,166.6,0.68,20920.6,0.0,0.67,english;russian;schinese
620,2026-08-24 18:33:05,100,83.2,0.99,1497.8,0.0,0.87,english;russian;schinese
440,2026-08-24 18:33:10,100,33.1,0.98,3802.3,0.0,1.0,english;russian;german
1817070,2026-08-24 18:33:15,100,178.5,0.94,1687.4,0.0,0.67,english;schinese;russian
1623730,2026-08-24 18:33:20,100,109.3,0.97,8107.4,0.0,0.81,english;schinese;russian
238960,2026-08-24 18:33:24,100,84.7,0.8,55823.7,0.0,1.0,english;russian;polish
1290000,2026-08-24 18:33:29,100,176.5,0.9,3478.9,0.0,0.86,english;japanese;french
1794680,2026-08-24 18:33:34,100,100.9,0.89,2957.5,0.0,0.95,english;russian;schinese
1599340,2026-08-24 18:33:38,100,296.1,0.36,66245.4,0.0,1.0,english;french;german
251570,2026-08-27 06:32:12,100,240.8,0.67,23602.4,0.0,0.66,english;russian;schinese
646570,2026-08-27 06:32:16,100,73.8,0.93,4846.8,0.0,0.84,schinese;english;spanish
275850,2026-08-27 06:32:21,100,192.6,0.94,9862.9,0.0,0.66,english;schinese;spanish
990080,2026-08-27 06:32:26,100,166.4,0.8,3782.6,0.0,0.74,english;schinese;russian
2358720,2026-08-27 06:32:30,100,101.5,0.85,2592.4,0.0,0.74,schinese;english;russian
289070,2026-08-27 06:32:35,100,55.7,0.95,21823.4,0.0,0.63,schinese;english;russian
255710,2026-08-27 06:32:40,100,109.2,0.89,6006.9,0.0,0.82,schinese;english;russian
294100,2026-08-27 06:32:45,100,175.8,0.98,31303.2,0.0,0.76,english;russian;schinese
227300,2026-08-27 06:32:50,100,82.3,0.98,4758.8,0.0,0.9,russian;english;spanish
1203220,2026-08-27 06:32:55,100,46.9,0.6,42493.8,0.0,1.0,schinese;english;russian
2050650,2026-08-27 06:32:59,100,239.4,0.99,2254.1,0.0,0.62,english;schinese;brazilian
381210,2026-08-27 06:33:04,100,124.1,0.7,14830.0,0.0,0.86,english;schinese;spanish
620,2026-08-27 06:33:09,100,71.7,0.98,1599.0,0.0,0.92,english;russian;spanish
440,2026-08-27 06:33:14,100,94.5,0.92,14368.9,0.0,1.0,english;russian;spanish
1817070,2026-08-27 06:33:18,100,193.4,0.91,2200.5,0.0,0.72,english;russian;spanish
1623730,2026-08-27 06:33:23,100,274.6,0.92,8928.9,0.0,0.86,english;schinese;spanish
238960,2026-08-27 06:33:28,100,114.1,0.77,63599.0,0.0,1.0,english;russian;brazilian
1290000,2026-08-27 06:33:32,100,167.1,0.92,3241.0,0.0,0.84,english;french;japanese
1794680,2026-08-27 06:33:37,100,62.2,0.97,2635.6,0.0,0.97,english;schinese;russian
1599340,2026-08-27 06:33:42,100,262.2,0.38,61257.2,0.0,1.0,english;french;spanish
1245620,2026-08-27 18:30:02,100,118.9,0.92,16710.0,0.0,0.67,english;schinese;brazilian
570,2026-08-27 18:30:08,100,68.6,0.66,72638.8,0.0,1.0,russian;english;ukrainian
730,2026-08-27 18:30:13,100,42.6,0.8,30020.8,0.0,1.0,russian;english;polish
578080,2026-08-27 18:30:20,100,32.2,0.65,28261.0,0.0,1.0,schinese;russian;english
271590,2026-08-27 18:30:25,100,65.9,0.92,13620.2,0.0,0.91,english;russian;schinese
1086940,2026-08-27 18:30:31,100,121.7,0.98,13705.1,0.0,0.84,english;schinese;russian
1091500,2026-08-27 18:30:36,100,171.2,0.92,5283.5,0.0,0.84,schinese;english;russian
413150,2026-08-27 18:30:41,100,79.3,0.99,7035.1,0.0,0.89,schinese;english;russian
252490,2026-08-27 18:30:47,100,49.1,0.81,33252.3,0.0,0.84,russian;english;turkish
1174180,2026-08-27 18:30:52,100,138.4,0.93,3739.6,0.0,0.86,english;schinese;russian
292030,2026-08-27 18:30:57,100,82.1,0.93,5366.6,0.0,0.91,english;russian;schinese
359550,2026-08-27 18:31:02,100,66.7,0.71,10039.2,0.0,1.0,english;schinese;turkish
1172470,2026-08-27 18:31:07,100,36.5,0.67,19475.6,0.0,1.0,schinese;english;russian
105600,2026-08-27 18:31:12,100,70.3,0.94,7914.4,0.0,0.77,russian;english;schinese
431960,2026-08-27 18:31:18,100,33.1,0.96,6951.6,0.0,0.96,schinese;english;russian
550,2026-08-27 18:31:23,100,71.0,0.95,8116.3,0.0,0.86,english;schinese;russian
4000,2026-08-27 18:31:28,100,38.6,0.97,12774.9,0.0,0.84,russian;english;spanish
322330,2026-08-27 18:31:33,100,75.4,0.91,9355.5,0.0,0.75,schinese;russian;english
1085660,2026-08-27 18:31:38,100,191.4,0.74,41649.6,0.0,1.0,english;schinese;german
230410,2026-08-27 18:31:43,100,96.0,0.92,32698.5,0.0,1.0,english;schinese;russian
236390,2026-08-27 18:31:48,100,87.5,0.56,24025.3,0.0,1.0,russian;english;schinese
218620,2026-08-27 18:31:53,100,66.8,0.88,5311.2,0.0,0.75,english;russian;schinese
1966720,2026-08-27 18:31:58,100,110.6,0.93,2616.0,1.0,0.8,english;russian;turkish
1145360,2026-08-27 18:32:03,100,202.7,0.96,3649.0,0.0,0.94,english;schinese;brazilian
892970,2026-08-27 18:32:08,100,153.3,0.91,11995.8,1.0,0.72,english;russian;turkish
739630,2026-08-27 18:32:13,100,77.3,0.91,3858.6,1.0,0.8,english;russian;schinese
648800,2026-08-27 18:32:18,100,92.0,0.91,2187.7,0.0,0.9,english;schinese;russian
251570,2026-08-27 18:32:23,100,140.1,0.68,31242.0,0.0,0.63,english;russian;schinese
646570,2026-08-27 18:32:27,100,55.1,0.97,5032.9,0.0,0.87,schinese;english;spanish
275850,2026-08-27 18:32:32,100,211.0,0.97,8728.7,0.0,0.68,english;schinese;spanish
990080,2026-08-27 18:32:37,100,148.8,0.83,3559.0,0.0,0.76,english;schinese;russian
2358720,2026-08-27 18:32:42,100,42.0,0.95,2938.8,0.0,0.65,schinese;english;koreana
289070,2026-08-27 18:32:47,100,61.8,0.96,24367.3,0.0,0.59,schinese;english;russian
255710,2026-08-27 18:32:51,100,98.9,0.88,5243.6,0.0,0.84,schinese;english;russian
294100,2026-08-27 18:32:57,100,214.9,0.94,46453.5,0.0,0.77,english;russian;schinese
227300,2026-08-27 18:33:02,100,71.3,0.94,7369.7,0.0,0.86,russian;english;turkish
1203220,2026-08-27 18:33:07,100,23.6,0.61,41565.3,0.0,1.0,schinese;english;russian
2050650,2026-08-27 18:33:11,100,113.1,0.97,2399.6,0.0,0.62,schinese;english;russian
381210,2026-08-27 18:33:16,100,93.4,0.51,13774.8,0.0,0.75,english;schinese;russian
620,2026-08-27 18:33:21,100,85.8,0.99,1558.8,0.0,0.91,english;russian;spanish
440,2026-08-27 18:33:26,100,61.9,0.9,15488.6,0.0,1.0,english;russian;turkish
1817070,2026-08-27 18:33:31,100,148.0,0.95,2362.3,0.0,0.67,english;russian;spanish
1623730,2026-08-27 18:33:35,100,100.4,0.99,8442.6,0.0,0.78,english;schinese;russian
238960,2026-08-27 18:33:40,100,123.8,0.77,63338.6,0.0,1.0,english;russian;brazilian
990080,2026-08-30 06:32:26,100,149.2,0.83,1865.7,0.0,0.82,english;schinese;brazilian
2358720,2026-08-30 06:32:31,100,167.0,0.92,1839.9,0.0,0.72,schinese;english;brazilian
289070,2026-08-30 06:32:36,100,77.8,0.91,18378.7,0.0,0.65,english;schinese;russian
255710,2026-08-30 06:32:41,100,58.1,0.88,8273.3,0.0,0.86,english;schinese;spanish
294100,2026-08-30 06:32:46,100,86.0,0.96,38615.0,0.0,0.82,english;schinese;russian
227300,2026-08-30 06:32:51,100,65.0,0.93,8786.3,0.0,0.88,russian;english;brazilian
1203220,2026-08-30 06:32:56,100,28.4,0.54,39255.4,0.0,1.0,schinese;english;russian
2050650,2026-08-30 06:33:00,100,225.2,0.97,2266.8,0.0,0.76,english;brazilian;schinese
381210,2026-08-30 06:33:05,100,183.5,0.74,18314.6,0.0,0.79,english;russian;schinese
620,2026-08-30 06:33:10,100,81.1,0.95,1009.8,0.0,0.94,english;russian;spanish
440,2026-08-30 06:33:15,100,104.0,0.91,11295.9,0.0,1.0,english;russian;spanish
1817070,2026-08-30 06:33:20,100,163.3,0.95,2168.6,0.0,0.71,english;brazilian;russian
1623730,2026-08-30 06:33:24,100,172.2,0.98,8504.1,0.0,0.8,english;schinese;brazilian
238960,2026-08-30 06:33:29,100,206.8,0.8,73005.0,0.0,1.0,english;russian;brazilian
1290000,2026-08-30 06:33:34,100,155.3,0.89,3021.7,0.0,0.81,english;japanese;russian
1794680,2026-08-30 06:33:39,100,99.9,0.96,5190.8,0.0,0.94,english;schinese;brazilian
1599340,2026-08-30 06:33:44,100,269.4,0.39,65187.3,0.0,1.0,english;french;spanish
1245620,2026-08-31 06:30:01,100,89.3,0.87,12269.9,0.0,0.77,english;schinese;spanish
570,2026-08-31 06:30:07,100,75.8,0.66,78043.2,0.0,1.0,russian;english;spanish
730,2026-08-31 06:30:12,100,62.1,0.79,24913.7,0.0,1.0,english;russian;schinese
578080,2026-08-31 06:30:17,100,56.1,0.77,19586.2,0.0,1.0,russian;schinese;english
271590,2026-08-31 06:30:22,100,34.4,0.93,14883.1,0.0,0.84,english;russian;brazilian
1086940,2026-08-31 06:30:27,100,217.7,0.9,14903.2,0.0,0.91,english;russian;schinese
1091500,2026-08-31 06:30:32,100,191.5,0.97,5279.0,0.0,0.91,english;schinese;brazilian
413150,2026-08-31 06:30:37,100,83.3,0.98,11418.5,0.0,0.87,english;schinese;brazilian
252490,2026-08-31 06:30:42,100,75.2,0.73,37925.7,0.0,0.88,english;russian;spanish
1174180,2026-08-31 06:30:47,100,65.5,0.96,2968.5,0.0,0.88,english;schinese;spanish
292030,2026-08-31 06:30:52,100,138.3,0.94,5816.1,0.0,0.92,english;russian;brazilian
359550,2026-08-31 06:30:57,100,67.2,0.57,17069.2,0.0,1.0,english;brazilian;spanish
1172470,2026-08-31 06:31:03,100,53.5,0.71,19328.9,0.0,1.0,english;schinese;spanish
105600,2026-08-31 06:31:08,100,86.2,0.95,15859.0,0.0,0.75,english;schinese;brazilian
431960,2026-08-31 06:31:13,100,25.0,0.98,4825.4,0.0,0.95,english;schinese;brazilian
550,2026-08-31 06:31:18,100,52.3,0.99,6248.8,0.0,0.89,spanish;english;latam
4000,2026-08-31 06:31:23,100,49.9,0.97,11885.4,0.0,0.9,english;russian;spanish
322330,2026-08-31 06:31:29,100,81.8,0.85,15132.1,0.0,0.81,schinese;english;russian
1085660,2026-08-31 06:31:34,100,145.9,0.77,36247.9,0.0,1.0,english;schinese;german
230410,2026-08-31 06:31:39,100,114.4,0.93,32931.4,0.0,1.0,english;schinese;spanish
236390,2026-08-31 06:31:44,100,167.0,0.64,18984.0,0.0,1.0,english;russian;schinese
218620,2026-08-31 06:31:49,100,69.9,0.83,6181.8,0.0,0.76,english;russian;spanish
1966720,2026-08-31 06:31:54,100,69.8,0.94,4080.2,1.0,0.77,english;russian;spanish
1145360,2026-08-31 06:31:59,100,229.1,0.93,3740.6,0.0,0.98,english;schinese;brazilian
892970,2026-08-31 06:32:04,100,338.8,0.89,13134.7,1.0,0.86,english;russian;brazilian
739630,2026-08-31 06:32:09,100,90.5,0.87,3527.4,1.0,0.79,english;russian;spanish
648800,2026-08-31 06:32:15,100,129.0,0.91,2237.6,0.0,0.86,english;schinese;german
251570,2026-08-31 06:32:19,100,173.0,0.56,27844.9,0.0,0.67,english;schinese;russian
646570,2026-08-31 06:32:24,100,120.1,0.96,5714.1,0.0,0.89,schinese;english;german
275850,2026-08-31 06:32:30,100,145.3,0.89,7807.2,0.0,0.74,english;schinese;russian
990080,2026-08-31 06:32:35,100,133.5,0.81,1690.6,0.0,0.85,english;schinese;russian
2358720,2026-08-31 06:32:40,100,151.6,0.83,3046.7,0.0,0.66,schinese;english;brazilian
289070,2026-08-31 06:32:45,100,78.4,0.92,27665.1,0.0,0.62,english;schinese;russian
255710,2026-08-31 06:32:50,100,68.8,0.88,8020.3,0.0,0.89,english;schinese;russian
294100,2026-08-31 06:32:56,100,121.9,0.97,43304.5,0.0,0.83,english;schinese;russian
227300,2026-08-31 06:33:01,100,67.6,0.99,10583.1,0.0,0.88,russian;english;brazilian
1203220,2026-08-31 06:33:07,100,51.6,0.55,40998.8,0.0,1.0,schinese;english;russian
2050650,2026-08-31 06:33:12,100,93.0,0.97,1748.6,0.0,0.65,english;schinese;brazilian
381210,2026-08-31 06:33:17,100,124.8,0.65,18441.0,0.0,0.78,english;brazilian;schinese
620,2026-08-31 06:33:22,100,62.5,0.98,1605.5,0.0,0.87,english;russian;spanish
440,2026-08-31 06:33:27,100,50.2,0.9,7626.2,0.0,1.0,english;russian;brazilian
1817070,2026-08-31 06:33:33,100,171.5,0.97,2119.0,0.0,0.69,english;brazilian;russian
1623730,2026-08-31 06:33:38,100,178.2,0.98,6421.3,0.0,0.85,english;schinese;brazilian
238960,2026-08-31 06:33:43,100,191.1,0.83,72432.1,0.0,1.0,english;russian;brazilian
1290000,2026-08-31 06:33:48,100,130.5,0.88,3085.0,0.0,0.82,english;russian;schinese
1794680,2026-08-31 06:33:53,100,72.4,0.98,5403.9,0.0,0.94,english;schinese;russian
1599340,2026-08-31 06:33:58,100,260.6,0.41,65589.1,0.0,1.0,english;french;spanish
1245620,2026-08-30 18:30:01,100,157.4,0.79,11381.2,0.0,0.64,english;schinese;russian
570,2026-08-30 18:30:06,100,110.8,0.7,41565.8,0.0,1.0,russian;english;spanish
730,2026-08-30 18:30:11,100,43.8,0.79,30668.6,0.0,1.0,russian;english;turkish
578080,2026-08-30 18:30:17,100,38.7,0.75,23964.8,0.0,1.0,schinese;russian;koreana
271590,2026-08-30 18:30:22,100,38.1,0.93,18996.8,0.0,0.87,english;russian;brazilian
1086940,2026-08-30 18:30:27,100,230.2,0.97,11649.6,0.0,0.81,english;schinese;russian
1091500,2026-08-30 18:30:31,100,178.2,0.94,5473.3,0.0,0.93,english;schinese;russian
413150,2026-08-30 18:30:36,100,57.0,1.0,8395.1,0.0,0.85,schinese;english;brazilian
252490,2026-08-30 18:30:41,100,48.6,0.88,44845.7,0.0,0.83,russian;english;turkish
1174180,2026-08-30 18:30:45,100,126.8,0.89,4503.5,0.0,0.9,english;brazilian;spanish
292030,2026-08-30 18:30:50,100,81.4,0.93,7037.8,0.0,0.94,english;russian;schinese
359550,2026-08-30 18:30:54,100,80.1,0.71,10990.7,0.0,1.0,english;schinese;german
1172470,2026-08-30 18:30:59,100,189.9,0.7,26277.6,0.0,1.0,english;schinese;russian
105600,2026-08-30 18:31:04,100,136.1,0.96,14683.8,0.0,0.8,english;russian;brazilian
431960,2026-08-30 18:31:08,100,18.4,0.96,3249.5,0.0,0.96,schinese;english;russian
550,2026-08-30 18:31:13,100,45.1,0.97,7093.2,0.0,0.88,schinese;russian;english
4000,2026-08-30 18:31:18,100,33.6,0.96,9566.9,0.0,0.84,english;russian;spanish
322330,2026-08-30 18:31:22,100,85.3,0.81,16817.4,0.0,0.77,schinese;russian;english
1085660,2026-08-30 18:31:27,100,133.1,0.77,42068.2,0.0,1.0,english;schinese;russian
230410,2026-08-30 18:31:32,100,113.9,0.9,31619.5,0.0,1.0,english;schinese;russian
236390,2026-08-30 18:31:37,100,199.7,0.69,16360.8,0.0,1.0,english;russian;schinese
218620,2026-08-30 18:31:41,100,112.6,0.82,6730.6,0.0,0.78,english;russian;spanish
1966720,2026-08-30 18:31:46,100,66.4,0.95,3684.0,1.0,0.7,english;russian;spanish
1145360,2026-08-30 18:31:51,100,255.8,0.94,3807.5,0.0,0.97,english;schinese;russian
892970,2026-08-30 18:31:55,100,169.3,0.95,12647.4,1.0,0.8,english;russian;brazilian
739630,2026-08-30 18:32:00,100,96.3,0.84,3627.8,1.0,0.8,english;russian;schinese
648800,2026-08-30 18:32:05,100,153.4,0.87,2634.2,0.0,0.87,english;schinese;russian
251570,2026-08-30 18:32:09,100,189.8,0.56,30445.3,0.0,0.73,english;russian;schinese
646570,2026-08-30 18:32:14,100,104.7,0.96,5460.7,0.0,0.88,schinese;english;russian
275850,2026-08-30 18:32:19,100,150.4,0.86,6877.6,0.0,0.74,english;schinese;spanish
990080,2026-08-30 18:32:24,100,138.0,0.81,1426.9,0.0,0.91,schinese;english;russian
2358720,2026-08-30 18:32:29,100,68.4,0.81,2864.7,0.0,0.72,schinese;english;russian
289070,2026-08-30 18:32:33,100,67.6,0.94,18687.1,0.0,0.69,english;schinese;russian
255710,2026-08-30 18:32:38,100,83.0,0.87,7612.5,0.0,0.87,english;schinese;spanish
294100,2026-08-30 18:32:43,100,107.2,0.97,45132.9,0.0,0.83,english;schinese;russian
227300,2026-08-30 18:32:48,100,49.7,0.95,8023.0,0.0,0.92,russian;english;brazilian
1203220,2026-08-30 18:32:54,100,44.0,0.54,41611.5,0.0,1.0,schinese;english;russian
2050650,2026-08-30 18:32:59,100,130.4,0.94,2074.9,0.0,0.6,schinese;english;russian
381210,2026-08-30 18:33:03,100,91.7,0.69,12977.0,0.0,0.77,english;russian;schinese
620,2026-08-30 18:33:08,100,84.1,0.96,1387.9,0.0,0.87,english;russian;spanish
440,2026-08-30 18:33:13,100,142.1,0.93,9790.6,0.0,1.0,russian;english;spanish
1817070,2026-08-30 18:33:18,100,181.5,0.95,2184.9,0.0,0.69,english;brazilian;schinese
1623730,2026-08-30 18:33:23,100,146.9,0.95,6636.2,0.0,0.89,english;schinese;german
238960,2026-08-30 18:33:27,100,196.6,0.82,73293.7,0.0,1.0,english;russian;spanish
1290000,2026-08-30 18:33:32,100,133.8,0.9,3077.9,0.0,0.82,english;japanese;french
1794680,2026-08-30 18:33:37,100,71.2,0.97,3447.8,0.0,0.93,english;schinese;russian
1599340,2026-08-30 18:33:42,100,260.6,0.41,65589.1,0.0,1.0,english;french;spanish
1245620,2026-08-31 18:30:01,100,115.9,0.84,11693.1,0.0,0.61,english;schinese;russian
570,2026-08-31 18:30:07,100,70.6,0.72,60920.3,0.0,1.0,russian;english;schinese
730,2026-08-31 18:30:12,100,92.8,0.76,24492.9,0.0,1.0,russian;english;polish
578080,2026-08-31 18:30:16,100,26.1,0.6,24975.5,0.0,1.0,schinese;russian;english
271590,2026-08-31 18:30:21,100,47.0,0.88,15354.1,0.0,0.86,russian;english;brazilian
1086940,2026-08-31 18:30:26,100,235.2,0.92,12140.5,0.0,0.85,english;schinese;russian
1091500,2026-08-31 18:30:31,100,149.9,0.86,4924.6,0.0,0.93,english;schinese;russian
413150,2026-08-31 18:30:37,100,127.4,0.99,6590.9,0.0,0.89,schinese;english;russian
252490,2026-08-31 18:30:42,100,51.8,0.74,28099.3,0.0,0.83,russian;english;turkish
1174180,2026-08-31 18:30:47,100,143.3,0.95,3601.6,0.0,0.93,english;schinese;russian
292030,2026-08-31 18:30:52,100,173.6,0.97,6038.5,0.0,0.94,english;russian;schinese
359550,2026-08-31 18:30:57,100,61.0,0.79,8895.7,0.0,1.0,english;german;brazilian
1172470,2026-08-31 18:31:02,100,40.8,0.63,20822.1,0.0,1.0,schinese;english;russian
105600,2026-08-31 18:31:07,100,53.1,0.95,12338.9,0.0,0.71,english;schinese;russian
431960,2026-08-31 18:31:12,100,26.4,0.93,4531.8,0.0,0.94,schinese;english;russian
550,2026-08-31 18:31:16,100,49.2,0.96,4345.4,0.0,0.86,english;schinese;spanish
4000,2026-08-31 18:31:21,100,56.4,0.94,7861.1,0.0,0.89,russian;english;spanish
322330,2026-08-31 18:31:26,100,81.9,0.85,8554.9,0.0,0.81,schinese;russian;english
1085660,2026-08-31 18:31:31,100,148.4,0.8,32944.6,0.0,1.0,english;brazilian;german
230410,2026-08-31 18:31:36,100,165.2,0.92,27188.1,0.0,1.0,english;schinese;russian
236390,2026-08-31 18:31:40,100,70.1,0.66,18878.9,0.0,1.0,russian;english;schinese
218620,2026-08-31 18:31:45,100,92.0,0.82,5256.4,0.0,0.71,english;russian;spanish
1966720,2026-08-31 18:31:51,100,76.8,0.95,5580.5,1.0,0.81,english;russian;spanish
1145360,2026-08-31 18:31:56,100,226.8,0.93,3316.7,0.0,0.99,english;schinese;spanish
892970,2026-08-31 18:32:00,100,273.1,0.88,11002.6,1.0,0.82,english;russian;spanish
739630,2026-08-31 18:32:05,100,125.4,0.94,2426.5,1.0,0.75,english;russian;spanish
648800,2026-08-31 18:32:10,100,110.7,0.9,1972.3,0.0,0.84,english;schinese;russian
251570,2026-08-31 18:32:15,100,188.5,0.66,25828.0,0.0,0.68,english;schinese;russian
646570,2026-08-31 18:32:20,100,95.4,0.96,5906.9,0.0,0.9,schinese;english;russian
275850,2026-08-31 18:32:25,100,135.5,0.9,7328.9,0.0,0.71,english;russian;schinese
990080,2026-08-31 18:32:29,100,86.9,0.81,1307.9,0.0,0.88,schinese;english;russian
2358720,2026-08-31 18:32:34,100,74.9,0.93,2468.8,0.0,0.73,schinese;english;russian
289070,2026-08-31 18:32:39,100,65.4,0.92,23686.6,0.0,0.61,english;schinese;russian
255710,2026-08-31 18:32:44,100,69.7,0.87,6260.7,0.0,0.88,english;schinese;russian
294100,2026-08-31 18:32:49,100,109.8,0.98,42858.9,0.0,0.83,english;schinese;russian
227300,2026-08-31 18:32:54,100,51.2,0.95,8920.2,0.0,0.88,russian;english;turkish
1203220,2026-08-31 18:32:59,100,60.9,0.59,40022.0,0.0,1.0,schinese;english;russian
2050650,2026-08-31 18:33:04,100,138.5,0.96,1916.2,0.0,0.61,english;schinese;brazilian
381210,2026-08-31 18:33:09,100,153.8,0.69,14168.4,0.0,0.84,english;russian;schinese
620,2026-08-31 18:33:13,100,79.2,0.99,1201.2,0.0,0.91,english;russian;spanish
440,2026-08-31 18:33:18,100,110.8,0.93,9916.6,0.0,1.0,english;russian;spanish
1817070,2026-08-31 18:33:23,100,324.2,0.96,2087.8,0.0,0.68,english;brazilian;russian
1623730,2026-08-31 18:33:28,100,95.2,0.94,5788.5,0.0,0.86,english;schinese;brazilian
238960,2026-08-31 18:33:32,100,193.2,0.81,64622.7,0.0,1.0,english;russian;brazilian
1290000,2026-08-31 18:33:37,100,126.1,0.87,3084.2,0.0,0.85,english;french;schinese
1794680,2026-08-31 18:33:42,100,119.5,0.98,4880.1,0.0,0.96,english;schinese;russian
1599340,2026-08-31 18:33:47,100,265.5,0.41,67060.7,0.0,1.0,english;french;spanish
