video_id,igdb_id,matched_alias,match_method,confidence
--0LsFjsPNs,1020,gta 5,title,0.85
--VUDdAMhk4,8173,오버워치,title,0.85
--ymU8JiDSA,26606,던파,title,0.85
-04xqnY2bbA,27789,배틀그라운드,title,0.85
-0gqp7AFBBg,1877,사이버펑크,title,0.85
-0uCnYp6HIk,27789,배그,title,0.85
-1396-LoqpA,26128,로스트아크,title,0.85
-1HZbzZgH5k,115,롤,title,0.85
-1HZbzZgH5k,119277,원신,title,0.85
-1X3Tr2M2xM,93902,fc온라인,title,0.85
-1yl1_Ltavs,27789,배그,title,0.85
-2alzBNFVnM,115,롤,title,0.85
-2jumRvfnP0,126459,발로,title,0.85
-2rj9Bq6rRY,126459,발로,title,0.85
-2tIZG0N1Zk,126459,valorant,title,0.85
-3KsQ3-k40c,93902,fc온라인,title,0.85
-3RDQRdQST8,9804,메이플,title,0.85
-3RDQRdQST8,26128,로아,title,0.85
-4IRRkD8SvY,1020,gta 5,title,0.85
-4WgE2VgzeI,17269,로블록,title,0.85
-4fwXwq_5pM,1020,gta 5,title,0.85
-4fwXwq_5pM,8173,overwatch,title,0.85
-5iH87YQDe8,26128,로스트아크,title,0.85
-69U5H2f8MM,115,롤,title,0.85
-6AcWtqz1_A,230,starcraft,title,0.85
-6baQiftDp4,135400,minecraft,title,0.85
-7FcCnNYtMs,8173,오버워치,title,0.85
-7KYCA3t96U,17269,로블록,title,0.85
-7LXGqaxsqk,17269,로블록,title,0.85
-7Ni0W5-e1s,1020,gta5,title,0.85
-7mwGIAwA6w,151665,팰월,title,0.85
-7uFyCKmYPM,26606,던파,title,0.85
-7ulfUPJ7J4,27789,배그,title,0.85
-8rDgCWfu30,115,롤,title,0.85
-8y2RtkQjPk,230,starcraft,title,0.85
-9B9y0Se9ps,126459,valorant,title,0.85
-BA2PDXOXbA,186725,뱀서,title,0.85
-BqFeUEDE8Y,230,starcraft,title,0.85
-CES_Ox4gBs,1020,gta 5,title,0.85
-CRjNmXl-5Q,115,롤,title,0.85
-CtsuZHEiqo,17269,로블록,title,0.85
-DF_B1XoMVc,27789,배그,title,0.85
-EIpj57xjYU,119277,원신,title,0.85
-ESPhQmK5zw,135400,마인크래프트,title,0.85
-EouD87hoNY,115,롤,title,0.85
U-SXq6yJ0TM,1020,gta 5,title,0.85
U-W5cCuG8R4,388008,리니지,title,0.85
U-xjxDLI65c,17269,로블록,title,0.85
U0CNWrbPrZE,152271,시티즌 슬리퍼,title,0.85
U0LmzVSnS0Q,27789,배그,title,0.85
U146KZyEwTY,27789,배그,title,0.85
U1S6u3nnQ2I,115,롤,title,0.85
U1dMcmD3aJg,115,롤,title,0.85
U1sxW-JJsZc,115,롤,title,0.85
U28E_0YvvVI,1020,gta5,title,0.85
U38TQqrvTKU,115,롤,title,0.85
U3edVLruHVg,93902,fc온라인,title,0.85
U3zzsIXKz8Y,26606,던파,title,0.85
U6NT6CAHG_I,1020,gta 5,title,0.85
U6SRO6ZyODI,126459,valorant,title,0.85
U7Pp8FlItk8,17269,로블록,title,0.85
U8ZMmRPYHU8,230,starcraft,title,0.85
U8ZpBI-_N0w,115,롤,title,0.85
U8pxTiHOLOg,388008,리니지,title,0.85
U9D-nQxfsG4,17269,로블록,title,0.85
U9g6RC7P8V8,119133,elden ring,title,0.85
U9hL9shrTcM,117199,니케,title,0.85
UAILZbMCZJ0,1020,gta 5,title,0.85
UCFHbXo5yuE,9804,메이플,title,0.85
UCZi6WHubU0,9804,메이플,title,0.85
UCfAmVTK3DY,26606,던파,title,0.85
UCu5A_j4ido,1020,gta 5,title,0.85
UDX-1Ti7JBs,27789,배그,title,0.85
UEEMKeswEuM,115,롤,title,0.85
UESSqRX5Iho,1020,gta 5,title,0.85
UEXWTNz-KKQ,115,롤,title,0.85
UEjiRuwwVQE,27789,배그,title,0.85
UEw_MCyFn4w,27789,배그,title,0.85
UEyFEY8K5gY,135400,마인크래프트,title,0.85
UFJU1Ge6uUs,119277,원신,title,0.85
UFKRjqsLBqU,117199,니케,title,0.85
UFmASg2Hcu0,115,롤,title,0.85
UG5excMCW20,126459,valorant,title,0.85
UG_JUnao3Xk,26128,로스트아크,title,0.85
UHHJyyg-6dc,26128,로아,title,0.85
UHZaMUgT660,1020,gta 5,title,0.85
UIDVcyaPEMw,115,롤,title,0.85
UIDVcyaPEMw,27789,배그,title,0.85
UIj_EozFTy8,126459,발로,title,0.85
UIswxdy92aw,178282,스타레일,title,0.85
UIw37t96sew,115,롤,title,0.85
UJf6JzA1y4I,27789,배그,title,0.85
kw1qLgUizQE,27789,배그,title,0.85
kwRZAFj9_3g,115,롤,title,0.85
kwZ894EQ9iA,93902,fc온라인,title,0.85
kwgZ7388ToE,1020,gta 5,title,0.85
kwypG6Bhc5s,27789,배틀그라운드,title,0.85
kwzxdzMcpuk,1020,gta 5,title,0.85
kxSagojB5J0,126459,발로,title,0.85
kxxD_8Ymm0c,126459,valorant,title,0.85
ky0-4nStUKY,17269,로블록,title,0.85
ky6xkcFiWrI,26128,로스트아크,title,0.85
kyEz9KMwMz0,1020,gta5,title,0.85
kys0bs3rcAU,17269,로블록,title,0.85
kz2aoEbOb6A,9804,메이플,title,0.85
kzVXCLQGWbw,119277,원신,title,0.85
kzcSLhnqq0o,126459,valorant,title,0.85
kzfqioF9op4,17269,로블록,title,0.85
l-D5JGh_Cmc,1020,gta 5,title,0.85
l-VTImG_Ik8,21492,마비노기,title,0.85
l-XKI_2OMmI,93902,fc온라인,title,0.85
l06TZsHlafc,126459,valorant,title,0.85
l0_ViUO0r8U,17269,로블록,title,0.85
l1O89nt4AkQ,17269,로블록,title,0.85
l2Nv4hJRNT8,1020,gta 5,title,0.85
l2v-mkvHrwo,1020,gta5,title,0.85
l3PAQCcq0ww,9804,메이플,title,0.85
l5qXP1udXS0,126459,발로,title,0.85
l62MQB0H1pU,126459,valorant,title,0.85
l67dyIb71YM,17269,로블록,title,0.85
l69AT9JMjjs,93902,fc온라인,title,0.85
l6Q0KKI02-o,126459,valorant,title,0.85
l6Q8mZJler0,1020,gta 5,title,0.85
l7zSEXSWWKM,27789,배그,title,0.85
l8B8A44HTwE,1020,gta 5,title,0.85
l8EobR9_1iM,119277,원신,title,0.85
l9DUXcNAfBI,115,롤,title,0.85
l9V-wBNYl3A,8173,오버워치,title,0.85
lARQtiMr5co,1020,gta5,title,0.85
lAmvd3CqpWE,26606,던파,title,0.85
lB1ci32VtSQ,230,starcraft,title,0.85
lBAcMNHZIow,135400,마인크래프트,title,0.85
lBxDrJzjLt8,26128,로스트아크,title,0.85
sRAFaEKXdYw,115,롤,title,0.85
sSMWhUvc27o,621,콜오브듀티,title,0.85
sSeDlRA4Z1U,27789,배그,title,0.85
sSxRxPW5eZ8,27789,배그,title,0.85
sTCx_2mHATI,27789,배그,title,0.85
sU8i8NxWTJU,178282,스타레일,title,0.85
sU9B1tjjNLM,93902,fc온라인,title,0.85
sUuIH5fKA-k,27789,배그,title,0.85
sV6FAGi01HM,115,롤,title,0.85
sVDlUeMEILM,230,스타크,title,0.85
sVFRovez7m0,115,롤,title,0.85
sVNBtoppFOE,230,starcraft,title,0.85
sVjCX7JJ3LE,126459,valorant,title,0.85
sVt-tgmJNKM,93902,fc온라인,title,0.85
sWXo5by3nk4,21492,마비노기,title,0.85
sX5FNfIN6Do,126459,발로,title,0.85
sXXnVf5J-k8,119277,원신,title,0.85
sY3JnW7oQhw,126459,발로,title,0.85
sY5JqyQvJBQ,27789,배틀그라운드,title,0.85
sYAvB9_Lh4c,115,롤,title,0.85
sZBkCjQF0r4,9804,메이플,title,0.85
sZjQ41YBc0s,27789,pubg,title,0.85
s_5PFaN5TdA,17269,로블록,title,0.85
sayRUgEYlsg,17269,로블록,title,0.85
sb_7BnOdgrA,119277,원신,title,0.85
sbbLR40so6E,1020,gta 5,title,0.85
sbdSsBzY-PI,115,롤,title,0.85
sd26iKWDOx4,126459,발로,title,0.85
sdHMpxX3DuQ,115,롤,title,0.85
seHzRhaLjT0,119133,elden ring,title,0.85
seXKRPTCpkU,8173,오버워치,title,0.85
sfQeC4cXzBg,119277,원신,title,0.85
sfxYz8bc6qM,1020,gta 5,title,0.85
sg7LL0w0zt0,17269,로블록,title,0.85
sgIiWYscBTQ,26606,던파,title,0.85
sh-CVwtgaIA,27789,배그,title,0.85
shQXMzo8Nnc,115,롤,title,0.85
shptQoJpuyw,17269,로블록,title,0.85
siLhxp26oF8,135400,minecraft,title,0.85
simCBL716Zc,119277,원신,title,0.85
sj1aFp7ld-w,126459,발로,title,0.85
sjJEkHpfujE,26128,로스트아크,title,0.85
sk-Z6IAylBs,126459,valorant,title,0.85
sk5xJatXO00,1020,gta 5,title,0.85
skEzd1h6tqQ,27789,배틀그라운드,title,0.85
skM9hyIGET0,126459,발로,title,0.85
Z-1JvQ9U6IE,26606,던파,title,0.85
Z-83-DfXAEc,178282,스타레일,title,0.85
Z-IAKh-hskA,17269,로블록,title,0.85
Z-UbJf1viHs,126459,valorant,title,0.85
Z-fd-HtSyrE,135400,마인크래프트,title,0.85
Z-z_Z1vMu28,8173,오버워치,title,0.85
Z0EvJS1VlW0,27789,배그,title,0.85
Z0OPkASm-sE,115,롤,title,0.85
Z0_iMdZa0UE,1020,gta 5,title,0.85
Z0d4u2D4DCk,388008,리니지,title,0.85
Z0lYfn638vw,135400,마인크래프트,title,0.85
Z28A9oxJOU8,1020,gta 5,title,0.85
Z2Ei0LnJoBU,9804,메이플,title,0.85
Z2G1ttPBXAU,119133,elden ring,title,0.85
Z2QTiYXESRw,1020,gta5,title,0.85
Z2YIp2BPBQY,135400,마인크래프트,title,0.85
Z32zMXzsz1k,126459,발로,title,0.85
Z38sGtHl89c,17269,로블록,title,0.85
Z3F5Gr-JBYA,93902,fc온라인,title,0.85
Z3NyftSjVRw,9804,메이플,title,0.85
Z49kT4_PvM0,93902,fc온라인,title,0.85
Z4LGrvjL_t8,27789,배그,title,0.85
Z4fovY5wIs8,1020,gta5,title,0.85
Z5WbFiivvk8,9804,메이플,title,0.85
Z5Z0zb9NNwE,1877,사이버펑크,title,0.85
Z5oMRhuCCUE,27789,pubg,title,0.85
Z5ygE2qkM0M,119133,elden ring,title,0.85
Z6VPLXyTzZo,1020,gta 5,title,0.85
Z7591zSs7O8,135400,minecraft,title,0.85
Z85Ev2hs4NY,126459,발로,title,0.85
Z8RiAOV4KeA,27789,pubg,title,0.85
Z8YuEjarw7w,8173,오버워치,title,0.85
Z996ziRo4aA,135400,minecraft,title,0.85
Z9RpiJam7lI,26606,던파,title,0.85
Z9Zc0qKB558,1020,gta 5,title,0.85
Z9cb7xcH-pU,135400,minecraft,title,0.85
Z9ghBYcmeNQ,115,롤,title,0.85
Z9ksRYGUIpI,1020,gta 5,title,0.85
ZA1_kAqilsw,27789,배그,title,0.85
ZA5EmEYSvZg,27789,배그,title,0.85
ZAERj9jv6Gg,8173,오버워치,title,0.85
ZAXDdOuD2fE,126459,valorant,title,0.85
ZAaqrQMFOFQ,119133,elden ring,title,0.85
ZAe8MB3LJYw,135400,minecraft,title,0.85
ZBZbF_CwBtM,126459,발로,title,0.85
ZBm3DAO4oCA,27789,배틀그라운드,title,0.85
ZBzV6ItFyyo,26128,로스트아크,title,0.85
ZCFN5j4tRfc,1020,gta 5,title,0.85
ZCmFT_awlts,8173,오버워치,title,0.85
ZCyLNx5kdLs,1020,gta5,title,0.85
ZDTOMwmIujo,9804,메이플,title,0.85
ZED2LCpHBHQ,125165,diablo 4,title,0.85
ZFfS2_ddy8A,26606,던파,title,0.85
ZGDUu6tB49I,115,롤,title,0.85
ZGNxNF-kgqA,126459,발로,title,0.85
ZH4InLBFBNY,126459,발로,title,0.85
ZHDEhIzSB8E,126459,발로,title,0.85
ZHDEhIzSB8E,135400,마인크래프트,title,0.85
ZHNKmKoKBVQ,135400,마인크래프트,title,0.85
ZHUqSq28URI,6292,검은사막,title,0.85
ZHWR35siWZ0,8173,오버워치,title,0.85
ZHtJUZk9HFk,26128,로스트아크,title,0.85
PmHlunblL3Y,9804,메이플,title,0.85
PmnrbWPpuLU,1020,gta 5,title,0.85
Pn8fGC_MM0Q,26128,로스트아크,title,0.85
PnAvWbUZRCU,126459,발로,title,0.85
PnCrGHNx6oc,119133,elden ring,title,0.85
PnI2u_965pE,1020,gta5,title,0.85
PnRcJ6XFLKk,126459,발로,title,0.85
PnSnMfKopGQ,126459,발로,title,0.85
PneyNuMqPGY,115,롤,title,0.85
PnusjuyAZGU,26128,로스트아크,title,0.85
PoZaS_khqxc,93902,fc온라인,title,0.85
PoogGcJjsFU,126459,valorant,title,0.85
PoyHIDKHUTg,26606,던파,title,0.85
PpwQevTLuB4,126459,발로,title,0.85
PqL2GlLEXsw,115,롤,title,0.85
Pr7lcr95yX8,119133,엘든링,title,0.85
PrVoUyDUea0,26128,로스트아크,title,0.85
Prjem5SEuy0,119277,원신,title,0.85
PsFKyS7EhmQ,8173,오버워치,title,0.85
Psx-esmwBAE,115,롤,title,0.85
PtIlxMM2-Nw,230,스타1,title,0.85
PtowKH4dSNw,388008,리니지,title,0.85
PuhYRmVDeJA,119277,원신,title,0.85
PunL3HVZBtk,125165,diablo 4,title,0.85
PvGHKVSBCyU,230,스타크,title,0.85
PvwGnAoCHQc,27789,배틀그라운드,title,0.85
PwSBiq6ciJI,115,롤,title,0.85
PwSOF7peOKQ,27789,배그,title,0.85
PwZLIKpaXL8,17269,로블록,title,0.85
PxpBQwYEBiI,388008,리니지,title,0.85
PyGJ1Q7uGcg,126459,발로,title,0.85
PySk7SExrWM,126459,발로,title,0.85
PyeOGfbfj0g,17269,로블록,title,0.85
PzVyev-9FlQ,115,롤,title,0.85
PziSVA0Crrc,27789,배틀그라운드,title,0.85
Pzk7gAfNAIA,115,롤,title,0.85
Pzy2_UsyE8Q,8173,오버워치,title,0.85
Q-Vc6Q0pUsk,9804,메이플,title,0.85
Q-jXR0wd0ZE,119277,원신,title,0.85
Q-uKGOeSZlw,126459,valorant,title,0.85
Q0iiTaRAFuw,93902,fc온라인,title,0.85
Q1ZunXRqxT4,115,롤,title,0.85
Q1dcDHjpzKc,126459,발로,title,0.85
Q1g9AhT_MjY,230,스타크,title,0.85
Q1uTMoxzqhU,388008,리니지,title,0.85
D-7TH4ytpNQ,151665,팰월,title,0.85
D0jTqCFNvZ8,26128,로스트아크,title,0.85
D0x2OFbH7kY,126459,발로,title,0.85
D12Nxlz9XBE,27789,배그,title,0.85
D264vJxff90,178282,스타레일,title,0.85
D2CKFfE4Mfg,17269,로블록,title,0.85
D3-XjY1xP0I,27789,배그,title,0.85
D31VKPCcui8,126459,발로,title,0.85
D3AHlMTIBi8,178282,스타레일,title,0.85
D3GqnU5Hd-M,126459,발로,title,0.85
D4s8WmWPpXc,115,롤,title,0.85
D5-vnlF94wE,230,스타크,title,0.85
D5BiD5plyI8,1020,gta5,title,0.85
D5RTzP3svw8,115,롤,title,0.85
D5y3pLMnQFA,26128,로스트아크,title,0.85
D7gzsyIgu3g,126459,발로,title,0.85
D7o8l9BKC4Q,126459,발로,title,0.85
D84jvf07iCA,135400,마인크래프트,title,0.85
D8BGd2cxZOA,93902,fc온라인,title,0.85
D8M4tIJZ9HU,126459,valorant,title,0.85
D8NuOkNZLx8,178282,스타레일,title,0.85
D8ze6t_qVKs,17269,로블록,title,0.85
DAHOWDAHW3M,135400,마인크래프트,title,0.85
DB-7evObMQo,126459,발로,title,0.85
DBDZ9oqUTsg,17269,로블록,title,0.85
DBEEk4vykLA,126459,valorant,title,0.85
DBINp1nrh-4,115,롤,title,0.85
DBYLxrgBnKY,8173,오버워치,title,0.85
DBp2O3aedJc,1020,gta5,title,0.85
DCONKm2o2ms,135400,마인크래프트,title,0.85
DCytcKoi4H0,135400,마인크래프트,title,0.85
DDvrXrxXAOY,8173,오버워치,title,0.85
DDzZtLU4Orc,115,롤,title,0.85
DELkSFhke4A,17269,로블록,title,0.85
DElfWk0HBPY,1020,gta 5,title,0.85
DFKoGTtFz-Y,126459,valorant,title,0.85
DFhcDHBdZGo,115,롤,title,0.85
cacnCdP5xC8,230,스타크,title,0.85
cbSZsIl-o_g,119133,elden ring,title,0.85
cc-UqNEoPAg,1020,gta 5,title,0.85
cc9SFfpttuI,136879,검은신화,title,0.85
ccM-S-IGh2Q,8173,오버워치,title,0.85
ccWVmz4jcEU,115,롤,title,0.85
ccWVmz4jcEU,126459,발로,title,0.85
cc_cj8lcHgU,1020,gta 5,title,0.85
cdFgfpNAegI,151665,팰월,title,0.85
cdPQqD6YJsk,8173,오버워치,title,0.85
cdR8wh-Wu98,119277,genshin impact,title,0.85
cdf-TJ_QsWk,17269,로블록,title,0.85
ce4WvQpw8ts,115,롤,title,0.85
cehsRMmN2ns,126459,발로,title,0.85
ceveU52fd68,135400,마인크래프트,title,0.85
cevrAZ-kITY,388008,리니지,title,0.85
cfBD3Jg74zY,126459,발로,title,0.85
cfF_1MS71Gc,17269,로블록,title,0.85
cfj8zRpaUq0,115,롤,title,0.85
cfrs9UE59YY,1020,gta5,title,0.85
cgO_b7kr_DI,230,스타크,title,0.85
cgQLhnhtW7o,9804,메이플,title,0.85
chec7ttt8m0,115,롤,title,0.85
ciQ1E45wHKM,1020,gta5,title,0.85
cjhGkNhDuO0,230,starcraft,title,0.85
cjlrcMrxDsE,126459,발로,title,0.85
cjqp1VXj8-s,115,롤,title,0.85
cjtzEPkj0GI,126459,발로,title,0.85
ckf3yCHba_Y,17269,로블록,title,0.85
ckknkR0XhWI,17269,로블록,title,0.85
clIIeZh4wWg,115,롤,title,0.85
cmgYRSJ0VTM,126459,발로,title,0.85
cmmnMvs5XMk,9804,메이플,title,0.85
cnJTOHjhPFU,9804,메이플,title,0.85
cnQzOVkML4I,126459,valorant,title,0.85
cnmwXqngYkg,26606,던파,title,0.85
cnpLnPGakDc,9804,메이플,title,0.85
coCZF9AQDik,1020,gta 5,title,0.85
coOaDM94-WU,1020,gta 5,title,0.85
coSvLmOGP08,135400,마인크래프트,title,0.85
comCUIYzwoE,230,스타크,title,0.85
cp1vWSHVink,9804,메이플,title,0.85
cpPiwtgPYtM,119133,elden ring,title,0.85
L018PRMbeqM,26128,로스트아크,title,0.85
L04PegC8mD0,27789,배그,title,0.85
L1NIMTrWRdo,17269,로블록,title,0.85
L1hHnOLsHy8,178282,스타레일,title,0.85
L2EMscdUnAM,26128,로스트아크,title,0.85
L2FMp05kLro,135400,minecraft,title,0.85
L3-lnRacUYY,119277,원신,title,0.85
L35YVJFCJCI,119277,원신,title,0.85
L3678CDC9UI,115,롤,title,0.85
L3FM15Dka34,17269,로블록,title,0.85
L3PO5k0YAUo,115,롤,title,0.85
L3jMD0iXNR4,119133,elden ring,title,0.85
L3ncLcW1hfk,21492,마비노기,title,0.85
L4YE3B00iNc,126459,valorant,title,0.85
L4f4BDDssEk,135400,마인크래프트,title,0.85
L4xrPvRfO0g,1020,gta5,title,0.85
L51PmO2T0fY,26606,던파,title,0.85
L5a8T6NE_24,119277,원신,title,0.85
L5d8tqV2ed4,135400,마인크래프트,title,0.85
L5gdr7RNK94,26606,던파,title,0.85
L5xbUqPu2DI,17269,roblox,title,0.85
L67TQGZ5iEc,93902,fc온라인,title,0.85
L68fURdI_zA,1020,gta5,title,0.85
L71smU61Hls,178282,스타레일,title,0.85
L73MgtzPAOk,230,스타크,title,0.85
L7OqeKIZOUc,388008,리니지,title,0.85
L7XDORYnRFk,93902,fc온라인,title,0.85
L7irmy4fGdA,6292,검은사막,title,0.85
L7n3bANinX0,115,롤,title,0.85
L8VyjzJ4KD8,26606,던파,title,0.85
L8ql3YXnDS8,119277,원신,title,0.85
L8uW8X_DM5Y,115,롤,title,0.85
L8vaYmdaHG0,126459,발로,title,0.85
L99REoPZpZc,26128,로스트아크,title,0.85
L9KnCxHeMM8,17269,로블록,title,0.85
L9LBQ4a3VVU,26128,로스트아크,title,0.85
L9Qu60wVkoo,27789,배그,title,0.85
LAZ_odtld40,115,롤,title,0.85
LAp5foGZrT4,93902,fc온라인,title,0.85
LApnh7LoKHg,9804,메이플,title,0.85
LBJwvAQfgyc,9804,메이플,title,0.85
LBUOM-2ufhM,115,롤,title,0.85
LC5U4wuNvxM,27789,배틀그라운드,title,0.85
LC6pBE0XoPo,230,스타크,title,0.85
LCw9qWU7gac,115,롤,title,0.85
LDZKBIdIPcA,178282,스타레일,title,0.85
LEcbLpCX91w,119133,엘든링,title,0.85
LExdb12Oy-g,17269,로블록,title,0.85
LF0vd6QklZw,117199,니케,title,0.85
LF7ADaidqzo,230,starcraft,title,0.85
LFqC0LgM978,126459,valorant,title,0.85
LG_pptVPQIo,115,롤,title,0.85
LGgAATlIxVU,1020,gta 5,title,0.85
LHyIU39ig88,119277,원신,title,0.85
LI3UKVP0qwM,115,롤,title,0.85
LICY95cKbFI,135400,마인크래프트,title,0.85
LIRc_2PlfhI,115,롤,title,0.85
LImzJQOFqtE,27789,배틀그라운드,title,0.85
LIxw-_-C4EQ,26606,던파,title,0.85
LJW422iGVpQ,17269,로블록,title,0.85
LJpkP8A1LMo,178282,스타레일,title,0.85
6f4Rz0IxUHo,119133,엘든링,title,0.85
6fAJPH49C90,17269,로블록,title,0.85
6fUhGHn5Jhg,126459,발로,title,0.85
6fwFfAb33Lk,126459,발로,title,0.85
6gFXGzZYioA,1020,gta 5,title,0.85
6ghoUerHWAk,119277,원신,title,0.85
6hIdbVDLvn8,115,롤,title,0.85
6hLAJoLXlhY,135400,마인크래프트,title,0.85
6hairFVs8x8,115,롤,title,0.85
6hoONp3jyiY,126459,valorant,title,0.85
6hyeNZrxHH4,115,롤,title,0.85
6i_NChI-txc,1020,gta 5,title,0.85
6iu_gKW6eN4,1020,gta 5,title,0.85
6ivvbJgAu64,26606,던파,title,0.85
6j2XnwrKQYw,115,롤,title,0.85
6j2qJQmqY28,1020,gta 5,title,0.85
6jjC470XRIU,115,롤,title,0.85
6jtreGkILKs,178282,스타레일,title,0.85
6k6jhywjnZ0,1020,gta 5,title,0.85
6kotLPnOqjo,115,롤,title,0.85
6l3JFNNhXbs,388008,리니지,title,0.85
6nCTgra84_8,9804,메이플,title,0.85
6o4yRg_miJg,9804,메이플,title,0.85
6o6AwFRj0M0,126459,발로,title,0.85
6oIDlVHNM4s,115,롤,title,0.85
6p4FBjDW9N4,27789,배틀그라운드,title,0.85
6p5R6polBV8,3277,러스트,title,0.85
6pKEsfvd2yY,1020,gta 5,title,0.85
6pQU5-iZVDU,9804,메이플,title,0.85
6pa-yZ2SyXs,178282,스타레일,title,0.85
6ppintr_-BI,178282,스타레일,title,0.85
6qNLvqTioAk,119388,왕눈,title,0.85
6qSTdDfGtew,115,롤,title,0.85
6rDeLJlSmHs,27789,배그,title,0.85
6rvb0yUBrsA,119277,원신,title,0.85
6s0RQyqSt7c,26128,로스트아크,title,0.85
6sHQ5iFWVL4,115,롤,title,0.85
6sNBBY_Ljpw,27789,배그,title,0.85
6sdEI7Zbk-g,26606,던파,title,0.85
6snmNyJCiQQ,93902,fc온라인,title,0.85
6t8rynHZDYg,115,롤,title,0.85
2p-CiWTsLqw,1020,gta 5,title,0.85
2pKcqGe-wy8,8173,오버워치,title,0.85
2pTUjIRQpBI,115,롤,title,0.85
2p_yPl_DS6I,126459,발로,title,0.85
2qse4vuDNTM,17269,roblox,title,0.85
2s63G8zUbww,126459,발로,title,0.85
2sRHQ234lLE,1020,gta 5,title,0.85
2tPArdOkHQo,563,아이온,title,0.85
2tWXSfO65qo,152271,시티즌 슬리퍼,title,0.85
2tjpf77NiHk,151665,palworld,title,0.85
2tvKk98JL3I,9804,메이플,title,0.85
2u2x2La2as8,26128,로스트아크,title,0.85
2viPUX4JfuY,8173,오버워치,title,0.85
2vsWa8UCfM0,27789,pubg,title,0.85
2wfK5UcnuQw,27789,배틀그라운드,title,0.85
2wz1Shpqy3c,26606,던파,title,0.85
2x3DEBnovYA,26606,던파,title,0.85
2xfdwLnH4DA,115,롤,title,0.85
2y5N2kwmeyU,26128,로스트아크,title,0.85
2zaumj6wdPg,9804,메이플,title,0.85
3-cadPmjemA,18866,데바데,title,0.85
3-fzJy90hSY,126459,발로,title,0.85
30YCfaddI4c,126459,발로,title,0.85
30bkd-BygN4,135400,minecraft,title,0.85
30qRjbCZ-jQ,563,아이온,title,0.85
31ngxZ1-d1A,26606,던파,title,0.85
31rsRN1fmF4,8173,오버워치,title,0.85
32WqZ6psCl8,26128,로스트아크,title,0.85
33-AUClPIGI,1020,gta 5,title,0.85
33SGtMzFH-A,115,롤,title,0.85
349lT0oluwg,27789,pubg,title,0.85
34JMSl8j1Po,1020,gta 5,title,0.85
34La_kyc6wU,1020,gta 5,title,0.85
34giRG2_Ies,17269,로블록,title,0.85
34tPo8qg3TA,119277,원신,title,0.85
wQaqugq4CiE,93902,fc온라인,title,0.85
wQoxi-4HfWY,27789,배틀그라운드,title,0.85
wQvd2_un_Kg,136879,검은신화,title,0.85
wR4hc1YmWgM,1020,gta5,title,0.85
wS_xpoV69wo,8173,오버워치,title,0.85
wSoCCmEsSk0,230,스타크,title,0.85
wSrKOtaeLis,1020,gta5,title,0.85
wTrdCsxUq4A,117199,니케,title,0.85
wTspNASEZLw,119277,원신,title,0.85
wU6amvC0ARY,135400,마인크래프트,title,0.85
wVfKYbkebuo,115,롤,title,0.85
wWF1_HRSA4I,17269,로블록,title,0.85
wWfa2urPGD4,27789,배그,title,0.85
wWfvObXltvM,115,롤,title,0.85
wXM1A9y-YK4,17269,로블록,title,0.85
wXfIYW7tpFk,119277,genshin,title,0.85
wYNBtVAiH0Y,115,롤,title,0.85
wZB6iHQTnvw,115,롤,title,0.85
wZaibbBSON4,17269,로블록,title,0.85
wZqcw58Mkrc,126459,발로,title,0.85
wZzsrBz3UmM,1020,gta5,title,0.85
w_01aZ3Fmx4,27789,배틀그라운드,title,0.85
w_FLrsU48HI,9804,메이플,title,0.85
w_HaJSWreqY,388008,리니지,title,0.85
w_J9NsxNt7w,93902,fc온라인,title,0.85
waHtSAYpY8o,135400,minecraft,title,0.85
wabOW47ftt4,18866,데바데,title,0.85
wbBLyQpboOA,388008,리니지,title,0.85
wck8YMG8drE,115,롤,title,0.85
wd5uIwii2mo,26128,로스트아크,title,0.85
wd9xCM0GtOg,115,롤,title,0.85
wdGLN2hQ-sQ,115,롤,title,0.85
wdWFl96sB6o,1020,gta 5,title,0.85
wdaj-q0HPgA,17269,로블록,title,0.85
wdoJGCZgEFk,17269,로블록,title,0.85
weKksMXZr8g,26606,던파,title,0.85
A--nZPoeSqE,1020,gta 5,title,0.85
A-0lxe5G_5E,27789,배틀그라운드,title,0.85
A-4mQkMaA88,9804,메이플,title,0.85
A-AFPIz-a0s,27789,배그,title,0.85
A-DdFkhlJOQ,93902,fc온라인,title,0.85
A-nwEa_2H0Q,115,롤,title,0.85
A05u30kdkUE,126459,발로,title,0.85
A0IbtA4-sqQ,1020,gta 5,title,0.85
A0aN1UEpLZQ,115,롤,title,0.85
A0wuPc79aMU,135400,마인크래프트,title,0.85
A1au2CStcD8,17269,로블록,title,0.85
A2bhWKPQjP8,17269,로블록,title,0.85
A2tQd9iYIwI,1020,gta 5,title,0.85
A34SXN98Tsg,119277,원신,title,0.85
A3FI7J6bAYU,26606,던파,title,0.85
A3LIi0RZwDs,119277,원신,title,0.85
A3aRwq7kisE,178282,스타레일,title,0.85
A4XBtEo9JpM,135400,마인크래프트,title,0.85
A4o-SdbiV90,1020,gta5,title,0.85
A57WNOC4zFA,18866,데바데,title,0.85
A58_mlfONeI,115,롤,title,0.85
A5HT7OzBBcA,8173,오버워치,title,0.85
A5OhAQhLgSg,27789,배그,title,0.85
A5Y4VzKQo-Q,8173,오버워치,title,0.85
A6NgRxntJvE,115,롤,title,0.85
A6qCEmaQeAo,9804,메이플,title,0.85
A7n5R9fsUdw,115,롤,title,0.85
A8t4Qc1fXqc,115,롤,title,0.85
A8tX_4MRp0s,26606,던파,title,0.85
A9Vi1qrlnzw,17269,로블록,title,0.85
AAAQzSQ0xIU,26128,로스트아크,title,0.85
ABAUiyaHNBU,115,롤,title,0.85
ABmAV9pF8gQ,126459,발로,title,0.85
ACRJA-dcoZE,93902,fc온라인,title,0.85
ACVk4IXp_Po,8173,오버워치,title,0.85
ADA7OE6ztxU,26606,던파,title,0.85
ADNtnxn13zY,115,롤,title,0.85
AE4shWNryJ4,119277,원신,title,0.85
AE9Eg4zNn_E,26128,로스트아크,title,0.85
AED-F0g83Co,126459,valorant,title,0.85
AEMZLxk0Hgo,119277,원신,title,0.85
AEdnxVwDC6M,21492,마비노기,title,0.85
AEzPFru1k4g,119133,elden ring,title,0.85
AFDjh7NRJ4A,115,롤,title,0.85
AFK8jw8EXfg,119277,원신,title,0.85
AFT-pcAbqt8,17269,로블록,title,0.85
AFc4BwnP5CM,1020,gta5,title,0.85
AG3caDuqYZE,9804,메이플,title,0.85
AGkqaLzbaZM,9804,메이플,title,0.85
AGmP57zyUNk,115,롤,title,0.85
AH5pajwhPw4,119277,원신,title,0.85
AIcWi8u3b4w,115,롤,title,0.85
AIsbAMckXrQ,1877,사이버펑크,title,0.85
AJ0mUk_Oeh4,1020,gta 5,title,0.85
AJ1KbyrwDS0,115,롤,title,0.85
AJ1KbyrwDS0,136879,오공,title,0.85
AJ9b_yER6jE,9804,메이플,title,0.85
AJF8xx0UF78,17269,로블록,title,0.85
AJNdh-LAX2o,126459,발로,title,0.85
AJQ2_098Dys,93902,fc온라인,title,0.85
AKXmVFDVnP4,126459,valorant,title,0.85
AKo8pu625nw,27789,배그,title,0.85
AKyPBjTt_Y4,115,롤,title,0.85
AL1cIW2KA1k,27789,배그,title,0.85
ALgFmbRUmiE,230,스타크,title,0.85
ALl3MUHT4NY,17269,로블록,title,0.85
ALm1uJ5bBZU,27789,배그,title,0.85
AM90EsdPMpM,9804,메이플,title,0.85
AMObS_MKdBc,151665,팰월,title,0.85
AMvfhLrZ9Jo,230,스타크,title,0.85
AMwWaUFhhoo,1020,gta5,title,0.85
gHRWKV3UJZI,26128,로스트아크,title,0.85
gHmVVqEhqoY,126459,발로,title,0.85
gHp-Pptyjs8,1020,gta v,title,0.85
gIDtrBIpg4Y,125165,디아블로4,title,0.85
gIP-Uxwiyso,1020,gta 5,title,0.85
gIoHcREsRco,1020,gta5,title,0.85
gIsZ0-Vmf1Y,8173,오버워치,title,0.85
gKOPNWoIocU,26606,던파,title,0.85
gKlH86NCLU0,17269,로블록,title,0.85
gKlZbQ18ZiQ,151665,팰월,title,0.85
gLA6PeleNis,17269,로블록,title,0.85
gLGFbpd_Ij0,9804,메이플,title,0.85
gLs9rKh_Fog,1020,gta5,title,0.85
gM1UtHsreoM,17269,로블록,title,0.85
gN9x3nc87tQ,388008,리니지,title,0.85
gNAVeTWBidA,115,롤,title,0.85
gNIgxLya2DY,115,롤,title,0.85
gNKWUQWImxw,1020,gta5,title,0.85
gNs7IvDkuvc,115,롤,title,0.85
gNzqw-7SOig,1020,gta5,title,0.85
gO4Lbe67auM,115,롤,title,0.85
gO98cWQDxFg,230,스타크,title,0.85
gOaD3wJA2M4,9804,메이플,title,0.85
gPCRcn8flCQ,230,스타크,title,0.85
gPLUkw3W_BQ,17269,로블록,title,0.85
gQ2V59umOBo,115,롤,title,0.85
gQgkSEhMTEo,93902,fc온라인,title,0.85
gQuZyCBcXXY,27789,배그,title,0.85
gREtph8hjzo,27789,pubg,title,0.85
gRM6yyO-tkQ,26128,로스트아크,title,0.85
gSJ_Zlc-3m4,135400,마인크래프트,title,0.85
gSffOEaBbdU,8173,오버워치,title,0.85
gT4ZDKEhYZI,27789,배그,title,0.85
gU2BxIod_J8,1020,gta 5,title,0.85
gUrs74l_NZE,26128,로스트아크,title,0.85
gVKrvXULks8,26128,로스트아크,title,0.85
gVdmfjvr85M,17269,로블록,title,0.85
gVftXYySxAY,17269,로블록,title,0.85
gW1-WoAsJI4,563,아이온,title,0.85
gWH75mp5gfU,1020,gta 5,title,0.85
gWZ8yGhqrpM,119133,elden ring,title,0.85
gX1PTazyQyM,135400,마인크래프트,title,0.85
gXYL9vjiERQ,17269,로블록,title,0.85
gXcRmpwSnbk,125165,디아블로4,title,0.85
gXwuGXWxJ9Y,1020,gta 5,title,0.85
ohNNBFYNB3E,115,롤,title,0.85
ohm98cTiPHI,1020,gta5,title,0.85
oihTLYtdBK0,17269,로블록,title,0.85
oiviPZnZRq8,115,롤,title,0.85
ojVWpTwrF78,119133,elden ring,title,0.85
ojhh_2cvXrY,135400,minecraft,title,0.85
ojjCXQ8Njzs,8173,오버워치,title,0.85
ojsxbm_I3cA,135400,마인크래프트,title,0.85
ojuNFVxEttA,9804,메이플,title,0.85
okDbBC4iATk,17269,로블록,title,0.85
okGiCZc6k4s,17269,로블록,title,0.85
okJu1vopLA0,126459,valorant,title,0.85
okLD_d-tJng,1020,gta5,title,0.85
okMxisGWzDE,115,롤,title,0.85
okQYAE9K1Kk,135400,마인크래프트,title,0.85
okyvpCOyK54,9804,메이플,title,0.85
ol6I7s9M2xU,1020,gta 5,title,0.85
oleNcjzMiio,1020,gta 5,title,0.85
olz0yO4Wg-s,119277,원신,title,0.85
om0Y9Dz0BPQ,135400,마인크래프트,title,0.85
omQ0u2HiH0g,26128,로스트아크,title,0.85
onABsQHTzaI,9804,메이플,title,0.85
on_ZI-FWZ3M,93902,fc온라인,title,0.85
oo6NxmjZWOk,119388,왕눈,title,0.85
op1l1iF_TbQ,17269,로블록,title,0.85
op5PgjrrB6w,230,스타크,title,0.85
opHDj7gIKTk,26128,로스트아크,title,0.85
opRz6aJTMuc,8173,오버워치,title,0.85
oqVXSs-fFlo,26606,던파,title,0.85
oqy6iBRrppU,115,롤,title,0.85
orWZTAO24_w,93902,fc온라인,title,0.85
orhG-VBSy4M,125165,diablo 4,title,0.85
ort0NAPGrPs,563,아이온,title,0.85
orvobVSbuCM,27789,배그,title,0.85
orzLzVyES8E,17269,로블록,title,0.85
ot9RoOZU_D4,135400,마인크래프트,title,0.85
otc7orMJjqU,115,롤,title,0.85
otlxpMcgUqE,1020,gta5,title,0.85
H-3pGPliaR8,9804,메이플,title,0.85
H-6oOtUoHv8,119388,왕눈,title,0.85
H-NU1lG4R3s,17269,로블록,title,0.85
H-coItDD0JM,1020,gta 5,title,0.85
H-o1FHgcDDU,115,롤,title,0.85
H-pl_Cvi9e8,27789,pubg,title,0.85
H0LQoYbuom0,17269,로블록,title,0.85
H0Ob87BgVaU,117199,니케,title,0.85
H0Ob87BgVaU,119277,원신,title,0.85
H10shdcSFeg,1020,gta 5,title,0.85
H2MnsNAeXsI,26128,로아,title,0.85
H2cdrE8d-QE,115,롤,title,0.85
H2n_yDrtmgc,126459,발로,title,0.85
H2vux5tKWWY,27789,배그,title,0.85
H2xRrEKZIe8,26128,로스트아크,title,0.85
H3OEOzmbC4E,1020,gta 5,title,0.85
H3aVJXF--qI,115,롤,title,0.85
H3cHYkdJwZM,9804,메이플,title,0.85
H3jioqb7bfU,230,스타크,title,0.85
H3mkGyRfcNI,126459,발로,title,0.85
H4-arRroHBE,8173,오버워치,title,0.85
H4h9y3a8F-4,126459,발로,title,0.85
H4n4qxQBL6o,115,롤,title,0.85
H5A_5SUMi9w,1020,gta 5,title,0.85
H6ZIhJ49rR4,26606,던파,title,0.85
H70NhYMO-6U,126459,발로,title,0.85
H71eySMNITA,151665,팰월,title,0.85
H7YU3iOLFds,126459,발로,title,0.85
H9e1LQF8k8o,9804,메이플,title,0.85
HAgWzLPIyhA,17269,roblox,title,0.85
HB_goZsHujw,27789,배틀그라운드,title,0.85
HCLPVjqqnHk,17269,로블록,title,0.85
HD81_v8NhKA,27789,배그,title,0.85
HDMH9ZjrcTA,119277,원신,title,0.85
HDR-vnEbsMo,17269,로블록,title,0.85
HDkAF4mnqcQ,17269,로블록,title,0.85
HENgijGuWbo,27789,pubg,title,0.85
HERmX2R_Oik,7346,야숨,title,0.85
HFCD0meWAbQ,26128,로스트아크,title,0.85
HFqJCbn_bbQ,9804,메이플,title,0.85
HGxrdmVE-1Y,17269,로블록,title,0.85
HGzkGSzj8F8,1020,gta 5,title,0.85
HH6DwS2x4Dw,115,롤,title,0.85
NZ1KS_1bQQU,17269,로블록,title,0.85
NZVxBeDIYKw,9804,메이플,title,0.85
NZeble3fNfc,8173,오버워치,title,0.85
N_FZTnK3KBQ,1020,gta 5,title,0.85
N__oVHucanM,230,starcraft,title,0.85
N_lbX12mVRw,115,롤,title,0.85
N_s-mlX4wY0,1020,gta5,title,0.85
NalbQWe1ZLA,1020,gta 5,title,0.85
Nb8UuQPiFc4,119388,왕눈,title,0.85
NbjlhuHQoCg,126459,발로,title,0.85
Nc47trlRvFM,115,롤,title,0.85
NcRRJq-ZN9k,135400,마인크래프트,title,0.85
Nd2BKCbdCV0,115,롤,title,0.85
NdVzd51MHzk,1020,gta 5,title,0.85
NdhvJBcXdmE,1020,gta 5,title,0.85
Ndj1wfyJYV4,178282,스타레일,title,0.85
NemF87jFpRo,230,스타크,title,0.85
NfZA5VHeZWE,119277,원신,title,0.85
Nffm21UtBlY,126459,발로,title,0.85
NfhO4wL9aWo,8173,오버워치,title,0.85
Nfpghach3PI,126459,발로,title,0.85
NgiE3SC_-4k,178282,스타레일,title,0.85
NhTQnk3_NbU,388008,리니지,title,0.85
NhUbPkkQCKE,1020,gta 5,title,0.85
NivVl4NEsio,126459,발로,title,0.85
NjFCcc8FIRo,26606,던파,title,0.85
Nk7DhcmyXy4,119133,elden ring,title,0.85
NmF9VgeX8OE,1020,gta 5,title,0.85
Nn4BXi7P3pw,26128,로스트아크,title,0.85
NnKRelMN8Mg,115,롤,title,0.85
NnOCCOVy4QY,230,starcraft,title,0.85
NnlmWg-geXg,126459,valorant,title,0.85
NntLm8eLOHo,8173,오버워치,title,0.85
Nopt-9SRlQw,115,롤,title,0.85
NpNYC2NP-jE,21492,마비노기,title,0.85
NpSxZTqNEL0,9804,메이플,title,0.85
Npb3XHMN4HA,1020,gta5,title,0.85
NpcOKbnf6NY,563,아이온,title,0.85
NpoJzwTDpE0,115,롤,title,0.85
NpztnFNdzMA,115,롤,title,0.85
Nq8P4Z_bHSw,9804,메이플,title,0.85
Nq_9RXSoNXA,1020,gta 5,title,0.85
NqlGMiglLNA,230,스타크,title,0.85
WSIV1JirHws,8173,옵치,title,0.85
WSUW3cjpGpA,17269,로블록,title,0.85
WSiuaPUp4VA,115,롤,title,0.85
WT2ugPg-h4A,135400,마인크래프트,title,0.85
WTUGmbXs700,26128,로스트아크,title,0.85
WUTirSOVSZ4,135400,마인크래프트,title,0.85
WUZvUDMV240,27789,배틀그라운드,title,0.85
WUl0PrwDPUM,115,롤,title,0.85
WVPHxH3AwcA,115,롤,title,0.85
WXUu-yWJ1ec,126459,valorant,title,0.85
WXWzY7r7sVY,1020,gta 5,title,0.85
WXbHyA8ihao,115,롤,title,0.85
WXbHyA8ihao,119277,원신,title,0.85
WYnNi5i8K3Q,1020,gta 5,title,0.85
WZ47HBnCeZw,93902,fc온라인,title,0.85
WZDc2ZxzGDs,125165,diablo 4,title,0.85
WZNT1YWy0h0,8173,오버워치,title,0.85
WZXKMJ15mOk,126459,발로,title,0.85
WZoRc4nDLZ0,1020,gta 5,title,0.85
WZvP3GuW_-0,115,롤,title,0.85
W_4hXo1MEg0,9804,메이플,title,0.85
W_IVipmCgH4,1020,gta5,title,0.85
W_fRJhkgZIU,126459,valorant,title,0.85
W_kdzYm2z1M,115,롤,title,0.85
WaUaDoLPNAk,27789,배그,title,0.85
Wb1iivzlNBU,230,starcraft,title,0.85
Wb7ojOlSAOc,27789,배틀그라운드,title,0.85
WcLlkFw1m8A,115,롤,title,0.85
Wd1chGQ7eGM,126459,발로,title,0.85
WdOPX7Y5iQ4,17269,roblox,title,0.85
WdR_5euL3J4,563,아이온,title,0.85
WdeYg2qrA7w,126459,발로,title,0.85
WeFjFl7aAGk,126459,발로,title,0.85
WfZE3Cm4ABE,93902,fc온라인,title,0.85
Wg160ZvN1c8,26128,로아,title,0.85
WgLqe9iVb34,1020,gta 5,title,0.85
WgakVVMP-LQ,125165,디아블로4,title,0.85
WgueDsqU3O0,17269,로블록,title,0.85
Wguied_9nYU,17269,로블록,title,0.85
WhmLtLOa6kc,119277,원신,title,0.85
WhmLtLOa6kc,178282,스타레일,title,0.85
WhvCVRel9Ls,126459,발로,title,0.85
Wi15ZIJTv0A,27789,pubg,title,0.85
Wi219RyLK2I,126459,valorant,title,0.85
WigNDDJyO0o,230,starcraft,title,0.85
Wj0cJ8g8Wqo,26128,로스트아크,title,0.85
Wj3Uw-oDfgw,18866,dead by daylight,title,0.85
WjizZWUJyEw,230,스타크,title,0.85
Wk0x0pxOEV4,26128,로스트아크,title,0.85
Wk8Ahr_pA90,9804,메이플,title,0.85
WkJ5B8YMqys,115,롤,title,0.85
WkRoGVArS90,135400,마인크래프트,title,0.85
WlZG2DbnGhQ,26606,던파,title,0.85
Wld1nu2fAoE,93902,fc온라인,title,0.85
WldAK6Jwf3I,125165,디아4,title,0.85
Wm85Cz9TgNw,26606,던파,title,0.85
Wn6XoFgMPnM,18866,데바데,title,0.85
S--xn1neGOg,115,롤,title,0.85
S-JhBI5hrTI,27789,배그,title,0.85
S0HEkGJ-Pkk,117199,nikke,title,0.85
S0Tfx1h2Hf8,135400,minecraft,title,0.85
S15SzRzOZGE,9804,메이플,title,0.85
S1oePrBiMHk,230,starcraft,title,0.85
S1tvWCzP7-M,93902,fc온라인,title,0.85
S2EmS2vAf7M,17269,로블록,title,0.85
S2Srnydsizs,1020,gta 5,title,0.85
S2b_ZOJUGCE,115,롤,title,0.85
S2fmPXw1QK0,115,롤,title,0.85
S37maBJ_TYg,27789,배그,title,0.85
S3JNy3ARtg8,563,아이온,title,0.85
S3hAgigA4P8,17269,로블록,title,0.85
S445Q6XgKP4,178282,스타레일,title,0.85
S4FRayDEBtE,27789,배틀그라운드,title,0.85
S54Fv1ewj8A,115,롤,title,0.85
S5ZV5CIcVpQ,126459,발로,title,0.85
S5fJSUSQdyw,115,롤,title,0.85
S6WD6b2HHvw,119277,원신,title,0.85
S6bfvloaqdE,115,롤,title,0.85
S737CE7DzCQ,17269,로블록,title,0.85
S7mxwcFnsTo,26606,던파,title,0.85
S8Z3N76busQ,26128,로스트아크,title,0.85
S8c3fqi9k3A,9804,메이플,title,0.85
S8r-crinU_Q,27789,pubg,title,0.85
S9IjYIDJWEs,230,스타크,title,0.85
S9VMOTfc9gQ,1020,gta5,title,0.85
S9_aIf20XTk,388008,리니지,title,0.85
S9ljkud9Z2Q,93902,fc온라인,title,0.85
S9qM9y1LyXo,151665,팰월,title,0.85
SAxMCTy5tRk,178282,스타레일,title,0.85
SCRpXvjeIbE,135400,마인크래프트,title,0.85
SCX_I7znPNs,8173,오버워치,title,0.85
SD0uTEYY8ow,17269,로블록,title,0.85
SDHijDN4oHw,119277,원신,title,0.85
SDqspfkxtSE,1020,gta5,title,0.85
SE6n-abuGQQ,26606,던파,title,0.85
SEKIxgZUqUY,26606,던파,title,0.85
SEXAWkFIOE8,1020,gta5,title,0.85
SEeSTv14_78,151665,팰월,title,0.85
SEi82Kn1YQE,26606,던파,title,0.85
SEwMmIMaVHc,8173,오버워치,title,0.85
aP2tCV75xLs,126459,valorant,title,0.85
aPcRZ2-23gg,126459,발로,title,0.85
aQ2DPFx_yh4,27789,배그,title,0.85
aQZTpaOHvAI,115,롤,title,0.85
aQjg_0q7Xmo,115,롤,title,0.85
aSD0dJ-0M0U,9804,메이플,title,0.85
aTA0LMyA-zo,26606,던파,title,0.85
aTMps6FDWyI,115,롤,title,0.85
aUKxwhmC0CM,563,아이온,title,0.85
aUQW49azUlA,1020,gta5,title,0.85
aUYWlBCBido,115,롤,title,0.85
aUoNKEAmF-I,563,아이온,title,0.85
aVpyx17SfRw,119277,원신,title,0.85
aVq3w_wpQN0,93902,fc온라인,title,0.85
aW-Mrkg8A78,8173,오버워치,title,0.85
aW5Cv2qkDQU,8173,오버워치,title,0.85
aW5P7VLeHEQ,1020,gta 5,title,0.85
aWRHhICMiDg,117199,nikke,title,0.85
aW_QlSZhU7M,17269,로블록,title,0.85
aWqchdiyCvo,115,롤,title,0.85
aX1gC56cW4A,125165,디아블로4,title,0.85
aXRQ4kakZYI,26128,로스트아크,title,0.85
aX_9Zb5cX1A,26128,로스트아크,title,0.85
aXpoA5soAzs,152271,시티즌 슬리퍼,title,0.85
aYKlqaki2ls,115,롤,title,0.85
aYkYDHO0GQQ,178282,스타레일,title,0.85
aYuY-qRvEz4,7346,breath of the wild,title,0.85
aZTuoT6KzTI,230,starcraft,title,0.85
aZVDihGzaes,26606,던파,title,0.85
aZeagFqOwJ0,26128,로스트아크,title,0.85
a_Y70J1ON0g,115,롤,title,0.85
a_e-_NQvvnQ,27789,pubg,title,0.85
aaj1-Lo4TUw,151665,팰월,title,0.85
ab8Hc79XzlE,26606,던파,title,0.85
abCabtHQGxQ,17269,로블록,title,0.85
abD2yEJA4Dc,115,롤,title,0.85
abyaXrwyESI,151665,팰월,title,0.85
adlnngmjIVg,93902,fc온라인,title,0.85
adu8gj8Kxgw,126459,발로,title,0.85
aeCiHrm1Y-w,26606,던파,title,0.85
aeSbnJA7DDM,119277,원신,title,0.85
aefn1BfSrSk,388008,리니지,title,0.85
aejVhxlCSJs,119277,원신,title,0.85
aesHdbDIXeU,17269,로블록,title,0.85
afDSS9cwgfw,115,롤,title,0.85
afNvSqgo6IY,8173,옵치,title,0.85
afUOTrTrS9E,27789,배그,title,0.85
afgK6xQe9ZQ,230,스타크,title,0.85
ib0Zbtaw21g,27789,배그,title,0.85
ibU1Ghl3U2s,1020,gta5,title,0.85
ibmCmEUpp9U,230,스타크,title,0.85
icJlBwGZJMs,17269,로블록,title,0.85
icU7AhNBxls,563,아이온,title,0.85
idMpGX8zGGo,1020,gta 5,title,0.85
idi9EEGC5E4,27789,배그,title,0.85
idoWywQWQYc,178282,스타레일,title,0.85
ieCsICVa_V8,26606,던파,title,0.85
ieObPtTy1PQ,27789,배그,title,0.85
iej9oFIs9dQ,1020,gta5,title,0.85
iep6S6HtXtY,115,롤,title,0.85
iep6S6HtXtY,119277,원신,title,0.85
iez84zIi_Ck,1020,gta5,title,0.85
ifuTmGtgX3M,26128,로스트아크,title,0.85
igPSQF7LPug,230,스타크,title,0.85
igq2-DwjVi8,17269,로블록,title,0.85
ihRompHxxG8,151665,팰월,title,0.85
ihSqF2iC5mI,9804,메이플,title,0.85
ihW7ZXRhPzA,36926,몬헌,title,0.85
ih_LOAprfw4,1020,gta5,title,0.85
ihafthmK69s,27789,배그,title,0.85
ihcvKyNJq8k,1020,gta 5,title,0.85
iie0pPL4OIY,152271,시티즌 슬리퍼,title,0.85
ijd8CsZXoJ8,178282,스타레일,title,0.85
ijxbHvgL8ZQ,1020,gta5,title,0.85
ik1Wu1-Eakw,135400,minecraft,title,0.85
ikqJnWnBqgM,230,스타크,title,0.85
ilNYmF8G25I,9804,메이플,title,0.85
in-d_pE5CAA,126459,valorant,title,0.85
in3o6jI-oQI,1905,fortnite,title,0.85
io5hONi_9n8,26606,던파,title,0.85
ioWlbFOIjX4,21492,마비노기,title,0.85
ip-NoFTkD7A,563,아이온,title,0.85
ipXdbaaD9ok,26606,던파,title,0.85
iq7606UCP68,8173,오버워치,title,0.85
iqDr24wiKYc,563,아이온,title,0.85
iqGQeesvLVc,1020,gta 5,title,0.85
iqT7x2yajt8,17269,로블록,title,0.85
irASOgFgKNM,93902,fc온라인,title,0.85
irU2bi_Bm8Q,126459,발로,title,0.85
isc1kWz_fJs,27789,배그,title,0.85
iseRk6dGMcE,1020,gta 5,title,0.85
isvY3za0bZc,135400,마인크래프트,title,0.85
isxBCUdheco,563,아이온,title,0.85
F40IACovXLs,27789,배틀그라운드,title,0.85
F4ULw5LOC_w,115,롤,title,0.85
F4vs-lLqxRA,115,롤,title,0.85
F5fHMhb2OvI,135400,마인크래프트,title,0.85
F5rQqca_MMA,17269,로블록,title,0.85
F5uqsq7qHi8,26128,로스트아크,title,0.85
F69Qr-u3H08,26128,로스트아크,title,0.85
F6H1M6Es4LE,230,스타크,title,0.85
F78RqmImqHw,17269,로블록,title,0.85
F79F1jWmu6Y,17269,로블록,title,0.85
F7PumaFjosU,26606,던파,title,0.85
F8g-AOMDKgE,26128,로스트아크,title,0.85
F8hB6APultc,8173,overwatch,title,0.85
F8vs-x_Lx2o,1020,gta5,title,0.85
F9_sj8bJbyE,27789,배그,title,0.85
F9eLhmOqNrU,27789,배틀그라운드,title,0.85
F9pzvU07qqA,17269,로블록,title,0.85
F9yZUwLw_zE,17269,로블록,title,0.85
FAW8v93xC1I,119133,엘든링,title,0.85
FAvW-COeAnY,135400,minecraft,title,0.85
FBHv57kZYXo,115,롤,title,0.85
FBc8wDPBTho,135400,마인크래프트,title,0.85
FBduQneRYIc,135400,마인크래프트,title,0.85
FBiJAX5b7Hc,26128,로스트아크,title,0.85
FBlu17rv6jM,230,starcraft,title,0.85
FC2DfhjwEKI,115,롤,title,0.85
FCSP0zd84TY,27789,pubg,title,0.85
FCXqCA5Fk5M,26128,로아,title,0.85
FDTSe1QQgd0,17269,로블록,title,0.85
FDxisqGjKdY,9804,메이플,title,0.85
FEWk0-BZoqM,17269,로블록,title,0.85
FFxB6BExHD8,27789,배틀그라운드,title,0.85
FG3GomjrfjM,17269,로블록,title,0.85
FGXU9Iymxtg,26128,로스트아크,title,0.85
FGrFETKLxsU,178282,스타레일,title,0.85
FHIRu9ur7vk,126459,valorant,title,0.85
FHjl7Rkuh70,26606,던전앤파이터,title,0.85
FIa4fKChQlg,115,롤,title,0.85
FIlvX2Li8Is,115,롤,title,0.85
FJhMKsfDb4w,1020,gta v,title,0.85
FJvqXXjFRLc,115,롤,title,0.85
FKCga9X_iFg,27789,배그,title,0.85
FKDjOmMgQ60,126459,발로,title,0.85
ugABltWStbg,1020,gta5,title,0.85
uguVmrVHOnI,115,롤,title,0.85
uhAm8c_j1AQ,115,롤,title,0.85
uhPDcjsP9FU,126459,발로,title,0.85
uhQRfFrK4AI,135400,마인크래프트,title,0.85
uhRBot61opc,8173,오버워치,title,0.85
uhrn0XNplAI,126459,발로,title,0.85
uiMmsMLT94A,27789,배그,title,0.85
uicw6Imffeg,93902,fc온라인,title,0.85
ujU18ZVzu5w,17269,로블록,title,0.85
ujZGZMoe99Y,126459,발로,title,0.85
ujgpeeoqV-k,115,롤,title,0.85
ujpus6Kizyk,115,롤,title,0.85
uk0qCtaTkEQ,563,아이온,title,0.85
ukWpozbbJEc,26128,로스트아크,title,0.85
ukoczOF9S38,93902,fc온라인,title,0.85
ukvF3SjSeH0,8173,오버워치,title,0.85
ul9DVEteTT8,17269,로블록,title,0.85
um_uuMJffpM,1020,gta5,title,0.85
umbsDG4AsGA,115,롤,title,0.85
un3P9PUm5rE,8173,오버워치,title,0.85
unnfKOD6eV8,8173,오버워치,title,0.85
upGIx0N0H5Q,26128,로스트아크,title,0.85
upHtlot9aSM,230,starcraft,title,0.85
updC5K4Sr60,119133,elden ring,title,0.85
uq0GAMlY4lE,27789,배그,title,0.85
uq38j-6U49c,230,starcraft,title,0.85
uq54Hc5BIws,119277,원신,title,0.85
uqC-KHSi10Q,135400,minecraft,title,0.85
uqHTjy5o51s,26606,던파,title,0.85
uqpwcakwbz8,27789,배그,title,0.85
uqumxzwiG_4,119133,엘든링,title,0.85
uqvbqd3xEvc,115,롤,title,0.85
uqy4R5sXi6s,1020,gta5,title,0.85
urB2NeY0EZo,125165,diablo 4,title,0.85
urHPKHUWqns,8173,오버워치,title,0.85
urZsvQqAbM4,115,롤,title,0.85
usGy3TB0w7k,17269,로블록,title,0.85
usjyXjCpUrM,563,아이온,title,0.85
usnWdTDv8pM,8173,오버워치,title,0.85
utpEMioGMu4,115,롤,title,0.85
mp2PPBYTLrs,115,롤,title,0.85
mpW_Vrfu-R8,26606,던파,title,0.85
mq0z7bGMXLQ,9804,메이플,title,0.85
mq5j21r9mW4,26606,던파,title,0.85
mrRpuCDd4dg,115,롤,title,0.85
mrRxOub_zWA,27789,배틀그라운드,title,0.85
ms-HhxxmyK8,27789,배그,title,0.85
msZ7cSLBZmU,1020,gta5,title,0.85
msaxFRvYJYs,135400,마인크래프트,title,0.85
mt9IvwPhQUI,126459,발로,title,0.85
mtZPO-D0yXQ,126459,valorant,title,0.85
muY7JxEhjXs,115,롤,title,0.85
muf5Aq8VfVs,93902,fc온라인,title,0.85
mvhNx_vQsRQ,26606,던파,title,0.85
mwPaRrIc2Uo,115,롤,title,0.85
mwgk0_PRwqU,119277,원신,title,0.85
mxD4AunbzWM,8173,오버워치,title,0.85
mxkdGvnq7Ms,119277,원신,title,0.85
mxmQ0gtMQ9U,126459,발로,title,0.85
mxvxGYQpmFg,178282,스타레일,title,0.85
mxyJRxPDrgA,135400,마인크래프트,title,0.85
n-GVoMCzfn0,115,롤,title,0.85
n-bzWoeS_LE,1911,패스오브엑자일,title,0.85
n-hkq0VbKN0,8173,오버워치,title,0.85
n0xnK8Ue1qU,8173,오버워치,title,0.85
n11ZprpC-_8,119133,elden ring,title,0.85
n1GvYusD4sY,27789,pubg,title,0.85
0qJyjqfuyo0,26128,로스트아크,title,0.85
0qw2uFcG14U,66463,서든어택,title,0.85
0rKEePT4Cuw,9804,메이플,title,0.85
0sF1tdFFoPE,178282,스타레일,title,0.85
0t0RsrMeu24,27789,배틀그라운드,title,0.85
0t4DfTNgfUE,26606,던파,title,0.85
0tCnLtllkVQ,26128,로스트아크,title,0.85
0tcedD43j2g,27789,배그,title,0.85
0uA-f6eOjIU,115,롤,title,0.85
0vbWGspGwSk,26128,로스트아크,title,0.85
0wSMNoQYR-k,9804,메이플,title,0.85
0wrjadXShtI,563,아이온,title,0.85
0wvsJmZnO00,26606,던파,title,0.85
0xDu9HztQe0,27789,배그,title,0.85
0xho5l6w-2Q,135400,마인크래프트,title,0.85
0xmaForlqUY,125165,디아블로4,title,0.85
0yP1o7SYEH8,125165,diablo 4,title,0.85
0z5vIWNzrCg,27789,배틀그라운드,title,0.85
0z9Gt9YVA78,135400,마인크래프트,title,0.85
0zCILKFMYmo,27789,배틀그라운드,title,0.85
0zehXXJ0OCE,26128,로스트아크,title,0.85
0zgIOBT0VrA,17269,로블록,title,0.85
0zsfcNt8asM,8173,오버워치,title,0.85
1-bqJRQ3XTs,9804,메이플,title,0.85
105GVF5uTfk,17269,로블록,title,0.85
109g3XTN9As,17269,로블록,title,0.85
10tc9LBDdBo,119388,왕눈,title,0.85
11FR1kbIZAY,388008,리니지,title,0.85
11mztt3w13Q,17269,로블록,title,0.85
12F_Swh2hBc,8173,오버워치,title,0.85
12Ptx_6691s,26128,로스트아크,title,0.85
13NQjSQYBZE,17269,로블록,title,0.85
13Z7bwsFLMc,230,starcraft,title,0.85
13ixxDF-YI4,126459,valorant,title,0.85
13oaFy2NxH8,115,롤,title,0.85
13yL6DOD5Jc,388008,리니지,title,0.85
14sL3CyBno4,26606,던파,title,0.85
e_TgryZCoH4,9804,메이플,title,0.85
e_pWMS5_-zE,17269,로블록,title,0.85
eb70DwGjc-g,126459,valorant,title,0.85
ebSG-39ZDC8,27789,배그,title,0.85
ec-ofEuFCZE,119277,원신,title,0.85
ec4ONN8P_pc,26606,던파,title,0.85
ecLicC_eA0k,8173,오버워치,title,0.85
ecPPvqfF68c,26606,던파,title,0.85
ed0fBG2tNFU,17269,로블록,title,0.85
ed8Mz1m26vw,17269,로블록,title,0.85
ed9tdP-65pM,26128,로스트아크,title,0.85
edU91nS5_VQ,125165,diablo 4,title,0.85
edklAd1vNd8,115,롤,title,0.85
eeR6MU2uaHI,178282,스타레일,title,0.85
eezgzbIyJHc,9804,메이플,title,0.85
efTj2AI5gG0,17269,로블록,title,0.85
eg47PjhBcTE,115,롤,title,0.85
eg75mzdygnc,125165,diablo 4,title,0.85
egOz64jZN5M,27789,배그,title,0.85
egro2RKlkMk,115,롤,title,0.85
eh-S_oAegw4,1020,gta 5,title,0.85
ehe1h6nyb7s,17269,로블록,title,0.85
eiG28hT9oow,17269,로블록,title,0.85
eifJbXu_kyw,17269,로블록,title,0.85
ejxR3JqwUtI,1020,gta 5,title,0.85
elAvqNWrG4U,27789,배그,title,0.85
elWbY1J67z0,126459,valorant,title,0.85
emwibLRJ0rQ,117199,니케,title,0.85
enIWErG7700,27789,배틀그라운드,title,0.85
endvwVy2Lhg,1020,gta 5,title,0.85
engUH2js1co,1020,gta 5,title,0.85
8O6NcA7A4G0,26606,던파,title,0.85
8OHqJ3c5Dfk,17269,로블록,title,0.85
8OVqzWxLFFs,93902,fc온라인,title,0.85
8OxlL-J7nQ4,115,롤,title,0.85
8PEXemogUqQ,26606,던파,title,0.85
8PGcsue-QTE,9804,메이플,title,0.85
8PI7xzjUduA,26128,로스트아크,title,0.85
8Pc5Jpdl95s,126459,valorant,title,0.85
8PlHxdl6xwo,9804,메이플,title,0.85
8PmfGC0FbYc,119277,원신,title,0.85
8Q-zNLzXiHE,126459,발로,title,0.85
8QRnDt-1AWA,1020,gta 5,title,0.85
8QTXiTAEUU0,17269,로블록,title,0.85
8Qtey_u3kyw,26606,던파,title,0.85
8RflO0K0HUk,17269,로블록,title,0.85
8Rzd58tEaWA,17269,로블록,title,0.85
8S3b8ejxD9A,17269,로블록,title,0.85
8VdBTS6-0FY,26128,로스트아크,title,0.85
8W4GsmckXwE,17269,로블록,title,0.85
8WUsWnwL0qY,126459,valorant,title,0.85
8WV-ezQYsKw,388008,리니지,title,0.85
8XVB88tBqa4,563,아이온,title,0.85
8YjjcTiEhKM,1020,gta 5,title,0.85
8Zfgpy6HWMs,1020,gta5,title,0.85
8Zmew9l8ReQ,9804,메이플,title,0.85
8_2uyCVNdJc,115,롤,title,0.85
8_LP0bJ1Uv4,135400,마인크래프트,title,0.85
8_VZRX0_YZM,115,롤,title,0.85
8_hAIEh_k6U,26606,던파,title,0.85
8_ln8XH2Cvs,125165,디아블로4,title,0.85
8aw1n9uuyXo,135400,minecraft,title,0.85
8bZU7vxR8ZM,115,롤,title,0.85
8bhp16HGrgo,119133,엘든링,title,0.85
BOKk4xSMKkg,115,롤,title,0.85
BPgytcrpI4E,115,롤,title,0.85
BPiuVWbLIbg,93902,fc온라인,title,0.85
BQIC_xhUmi8,115,롤,title,0.85
BSMz1OveRNE,17269,roblox,title,0.85
BSgowuJ5k78,115,롤,title,0.85
BTRMHUsy_VI,115,롤,title,0.85
BToj2s21KYc,115,롤,title,0.85
BU1mgYM-Wcg,178282,스타레일,title,0.85
BU_Nnt5Dlp0,563,아이온,title,0.85
BUcWhTCrm5w,1020,gta 5,title,0.85
BUfHkueeqvw,119277,원신,title,0.85
BUoLksfneng,119277,원신,title,0.85
BUr6PkGaJwA,115,롤,title,0.85
BV6l-HnCpgk,26128,로스트아크,title,0.85
BVRYitwp4Ek,563,아이온,title,0.85
BVveMXVc3nI,126459,발로,title,0.85
BW0q078Y0hc,1020,gta 5,title,0.85
BWFRefubN-g,126459,valorant,title,0.85
BWJOEBXTss8,119277,원신,title,0.85
BWo89bkrjS0,9804,메이플,title,0.85
BX4_I0bu6iA,115,롤,title,0.85
BXSPMAB5FVY,9804,메이플,title,0.85
BXWLaOGbLWM,119277,원신,title,0.85
BXg1-eiOiXs,1020,gta5,title,0.85
BYOjeoKs9Eg,115,롤,title,0.85
BYxba6x5Abc,115,롤,title,0.85
BZ9Y0wHBxwI,1020,gta 5,title,0.85
BZAiM21uuSY,27789,배그,title,0.85
BZQRAT97UNc,26606,던파,title,0.85
B_2WIwWzOyk,17269,로블록,title,0.85
B_798Axb9R4,9804,메이플,title,0.85
B_cmxbHACas,119277,원신,title,0.85
B_e6FCYQdmo,26128,로스트아크,title,0.85
B_q2sQLfddg,9804,메이플,title,0.85
XkHQQcaUyok,26128,로스트아크,title,0.85
XlJfNyzBsTw,119133,엘든링,title,0.85
XlXeDQd7Hcc,126459,valorant,title,0.85
XmGjruxqJDw,9804,메이플,title,0.85
XmoEJLiTs1c,7346,야숨,title,0.85
XmtB_HwvD6Y,230,스타크,title,0.85
Xn58YcxryT8,125165,diablo iv,title,0.85
XoNQssHU6IA,26128,로스트아크,title,0.85
Xok5CmUjeRI,126459,valorant,title,0.85
Xolxtj7SQ8I,27789,배틀그라운드,title,0.85
XovgFsm1l2Y,115,롤,title,0.85
XpHVT8JIi_o,26128,로스트아크,title,0.85
XpNejEokXvU,126459,발로,title,0.85
XqKWN9p7qrM,115,롤,title,0.85
Xqcp-G4Cm2E,126459,valorant,title,0.85
XqokyAWsAAM,126459,발로,title,0.85
Xr1WGyjQiWE,17269,로블록,title,0.85
XroX2od7QFY,26128,로스트아크,title,0.85
XsW3moYSyiA,115,롤,title,0.85
XsW3moYSyiA,27789,배그,title,0.85
Xt4l3vnTyDE,115,롤,title,0.85
XtT8Rdzf8_c,26128,로아,title,0.85
XtyTn0NIN3s,115,롤,title,0.85
Xu2j-eJxVYU,7346,야숨,title,0.85
Xu8ATqiD47E,93902,fc온라인,title,0.85
XvQ6c6t5AWA,178282,스타레일,title,0.85
Xw4ZUQ09RoI,1020,gta 5,title,0.85
XwXQYIcCEZU,8173,오버워치,title,0.85
XwYGHoDFvcM,21492,마비노기,title,0.85
Xx1_eYaV_WU,26128,로스트아크,title,0.85
XxSFOEdJ72Q,1020,gta v,title,0.85
Xxl9yH69IH4,151665,팰월,title,0.85
XxwO2Ec2yT0,115,롤,title,0.85
Xy7tK-Uc6NY,17269,로블록,title,0.85
XyWSrXmcx14,18866,데바데,title,0.85
XyfVFJ1M6q8,7346,야숨,title,0.85
XyrgwBXDgeo,126459,valorant,title,0.85
Xys6lDs6-ZM,3277,rust,title,0.85
XzB5Q4XWkCc,230,starcraft,title,0.85
XzCQag6jW-4,230,starcraft,title,0.85
Y-cstgAZSFM,17269,로블록,title,0.85
Y-fDPhLi7wY,135400,마인크래프트,title,0.85
Y0-lXIXK30U,17269,로블록,title,0.85
Y16dHBHSB8A,126459,발로,title,0.85
Y1Jm1QA8QxU,119133,elden ring,title,0.85
Y1ms5IsBJ4E,26606,던파,title,0.85
Y24JWkl4U1g,8173,오버워치,title,0.85
Y2SotsUWo3w,9804,메이플,title,0.85
Y2jCblLgWmc,115,롤,title,0.85
Y2rIHt3J5Kw,178282,스타레일,title,0.85
Y34SeJPdh0U,9804,메이플,title,0.85
Y35PTSf1FjM,1020,gta 5,title,0.85
Y3_vjoTIWxg,126459,발로,title,0.85
Y3nZoxgeTWw,17269,로블록,title,0.85
Y4HPmdEOKpQ,126459,발로,title,0.85
Y4iLK0OVSaA,115,롤,title,0.85
Y52WelWew3g,119133,elden ring,title,0.85
Y55mNGMowDw,9804,메이플,title,0.85
Y5TdFne3NBs,119277,원신,title,0.85
Y5v1ahEAFoE,119277,원신,title,0.85
Y6jfBHzqcPg,119277,원신,title,0.85
Y6vtPHOgn0o,26606,던파,title,0.85
yI1n-yDwv2w,1020,gta 5,title,0.85
yIC4Jx23vWs,119277,원신,title,0.85
yJg8jgZSIhU,8173,오버워치,title,0.85
yJvqHNt8VWU,151665,팰월,title,0.85
yKZLYDqdmcc,9804,메이플,title,0.85
yKsxTJdrpPk,17269,로블록,title,0.85
yLmzbZEQnJQ,125165,diablo 4,title,0.85
yM8ohz89Qn0,135400,마인크래프트,title,0.85
yNC7q3aPMMY,8173,오버워치,title,0.85
yNKRkzEXk_g,115,롤,title,0.85
yNvYKS9n7hc,115,롤,title,0.85
yOBpMmbaX4M,119277,원신,title,0.85
yOOOLxAM3I8,9804,메이플,title,0.85
yOV7kV9iyAQ,126459,valorant,title,0.85
yOh0UewG0oU,230,스타크,title,0.85
yOqlIw39l3A,1020,gta 5,title,0.85
yOrUuS4cKK8,126459,발로,title,0.85
yOvh3yuJpLc,126459,valorant,title,0.85
yPGY9Emnv-0,27789,배틀그라운드,title,0.85
yPOk-7_IOkM,125165,디아블로4,title,0.85
yPhWmckGE60,135400,마인크래프트,title,0.85
yQ08XPxMmek,125165,디아블로4,title,0.85
yQ51SlBZVEs,17269,roblox,title,0.85
yQsz5pSfvbs,27789,배그,title,0.85
yQvtypDPWUU,8173,오버워치,title,0.85
yR9bYp2DsCw,119133,엘든링,title,0.85
yRMmx0gHv-c,126459,valorant,title,0.85
yRVabZe6s9Q,26128,로스트아크,title,0.85
yRfLOnCR-Uw,115,롤,title,0.85
yRhADGMeBPE,27789,pubg,title,0.85
ySFQs9XJWp0,126459,발로,title,0.85
ySPqgHgJJ2o,119388,왕눈,title,0.85
yShXvFcerHI,1877,사이버펑크,title,0.85
ySoTp4qYD5Q,17269,로블록,title,0.85
yTWdhT0RB-E,115,롤,title,0.85
yUd1IOqqiIA,115,롤,title,0.85
yUsat7e2axI,115,롤,title,0.85
yV-ZCeLJjXE,27789,배그,title,0.85
yV2MPxWttj8,126459,발로,title,0.85
yVVpfRr18EA,1020,gta v,title,0.85
yVbeDod2EnU,9804,메이플,title,0.85
yVy0wH5uLzQ,17269,로블록,title,0.85
yWUypiy2W9o,563,아이온,title,0.85
yWviLzlTGjI,178282,스타레일,title,0.85
yX66DX5VKfQ,115,롤,title,0.85
yXY3r_epi3M,26128,로스트아크,title,0.85
yXmfPhP5SHg,117199,니케,title,0.85
yXxIaQbDpMs,115,롤,title,0.85
yYBpDNR2CNE,563,아이온,title,0.85
yYJUW0O7_a4,26128,로스트아크,title,0.85
IwKCw8WdRB8,115,롤,title,0.85
IwlvCMwvjcY,126459,발로,title,0.85
IxDAeg2Ij8Q,115,롤,title,0.85
IxHlbNGaucY,119133,elden ring,title,0.85
IxcUg387Vyw,115,롤,title,0.85
IxcsmiyhP-A,9804,메이플,title,0.85
Ixk8w_AfMzk,119133,엘든링,title,0.85
Ixx2wj7YgbM,27789,배그,title,0.85
Iy9c0PFFWcs,126459,발로,title,0.85
IyStjfiBMWs,115,롤,title,0.85
IybDCEjMU_g,126459,valorant,title,0.85
IyuGiqNxQ1s,17269,로블록,title,0.85
IyziYKDyTjU,563,아이온,title,0.85
Iz4sMjN-WVI,8173,오버워치,title,0.85
IzETImTCfOY,115,롤,title,0.85
IzreZWGpnwM,178282,스타레일,title,0.85
J-Puqv5GXEI,1020,gta 5,title,0.85
J-YhGdLet8Y,8173,오버워치,title,0.85
J-h4_senmZo,119133,elden ring,title,0.85
J-jbyQlQFO8,8173,오버워치,title,0.85
J-uUXlpXO6k,17269,로블록,title,0.85
J-zRO8YXFos,126459,발로,title,0.85
J0lpuHaTI5s,9804,메이플,title,0.85
J0ls1OvwFjs,563,아이온,title,0.85
J0poSzW7asA,1020,gta 5,title,0.85
J18cBqPFF7k,9804,메이플,title,0.85
J1orHHYZN4k,17269,로블록,title,0.85
J2e-lCduEGk,27789,배그,title,0.85
J3dIXySsLCU,26128,로스트아크,title,0.85
J4B7psgaWQg,126459,valorant,title,0.85
J4s0r85yjeU,27789,배그,title,0.85
J56qSA9axbM,230,starcraft,title,0.85
J5bP0Xd7Wyg,9804,메이플,title,0.85
J5ojU1EHFH0,115,롤,title,0.85
J5rRexfHzdo,119277,원신,title,0.85
J6ZzwFt4P10,230,starcraft,title,0.85
J6xWSpx55-o,115,롤,title,0.85
J7DZOrCndPQ,114795,apex legends,title,0.85
J7Tgo3I7t4Q,115,롤,title,0.85
J81fWo64d5w,115,롤,title,0.85
J8Sm_j05hns,115,롤,title,0.85
J9ECVkXvEmA,26128,로스트아크,title,0.85
J9OBMKfmCGM,1020,gta5,title,0.85
JAE3dPBijQE,115,롤,title,0.85
JAHRRlXfIpA,115,롤,title,0.85
JBKogrYHCGU,230,starcraft,title,0.85
JBX9cFrjG-0,119277,원신,title,0.85
4iNAAbb2DxM,115,롤,title,0.85
4ij2Hg-fe3Q,126459,발로,title,0.85
4ilz_R6pRJk,119277,원신,title,0.85
4jXdzTJTffo,115,리그 오브 레전드,title,0.85
4jnW7ZSOVFM,9804,메이플,title,0.85
4k6q6sRgsyY,126459,발로,title,0.85
4kKQphknDMk,1020,gta 5,title,0.85
4kLB0Z72B3o,125165,디아블로4,title,0.85
4kOwKLmKQaE,119133,elden ring,title,0.85
4lCFiBpcFYk,119133,elden ring,title,0.85
4lHjsYNJAYo,115,롤,title,0.85
4lv447mJsgQ,26128,로스트아크,title,0.85
4mO4wyxBFQU,17269,로블록,title,0.85
4mxXWv2Yf3E,230,스타크,title,0.85
4nDkN1s_vyg,17269,로블록,title,0.85
4nJnNG--Kh8,115,롤,title,0.85
4oOrWFR_moY,126459,발로,title,0.85
4obE7ohLCVY,26128,로아,title,0.85
4opWkRgvct8,26128,로스트아크,title,0.85
4pbPtB4bNbY,230,스타크,title,0.85
4pt_KCqXNA4,66463,서든어택,title,0.85
4q-tSID47-8,115,롤,title,0.85
4qp-idLm9Sk,135400,마인크래프트,title,0.85
4rYH9NiqQE8,126459,발로,title,0.85
4rfuJXSQoCw,8173,오버워치,title,0.85
4rkBo907XlI,93902,fc온라인,title,0.85
4rr_FDx_LDA,93902,fc온라인,title,0.85
4sRmDhsTDx8,230,starcraft,title,0.85
4sWF-xPpMGQ,9804,메이플,title,0.85
4t9wLmDiPsM,8173,오버워치,title,0.85
4t_RcrkZr5M,17269,로블록,title,0.85
4u60sjSZ-Qc,126459,발로,title,0.85
4u_XaIX2n4s,126459,valorant,title,0.85
4v7RoOcvWx8,26606,던파,title,0.85
4vAamNrntgs,17269,로블록,title,0.85
4vW80_ivo2g,27789,배그,title,0.85
4wGFosP_LhU,93902,fc온라인,title,0.85
4weMNco2J3M,1020,gta5,title,0.85
4wfnIhBppDw,135400,마인크래프트,title,0.85
4wg0Ncx7cUA,27789,배그,title,0.85
4wh7AiaD9yw,9804,메이플,title,0.85
4xHOUiAVDc0,9804,메이플,title,0.85
4y5HY8630oA,126459,발로,title,0.85
4yA6pqtUkTo,93902,fc온라인,title,0.85
4yKnuw-mV08,126459,발로,title,0.85
4z9rASS7_Dw,26128,로스트아크,title,0.85
4zCbOPaWP_Y,115,롤,title,0.85
4zjvRBqPUos,117199,니케,title,0.85
VEYchafq7OQ,1020,gta 5,title,0.85
VEZKkIJm5PQ,26606,던파,title,0.85
VEfx51T0CZI,115,롤,title,0.85
VFJbDpa5Gh4,115,롤,title,0.85
VGQUcx4GNws,126459,valorant,title,0.85
VG_N-qSklYI,17269,로블록,title,0.85
VGvqXNUZiMM,1020,gta 5,title,0.85
VHxAwtyfhlQ,9804,메이플,title,0.85
VIUUV_eIWpc,17269,로블록,title,0.85
VIiPn2QERgc,8173,오버워치,title,0.85
VIlgnCbRpy4,17269,로블록,title,0.85
VJLVYvyQxOM,115,롤,title,0.85
VK1O7baT09k,115,롤,title,0.85
VK5ZzWP3-mA,27789,배그,title,0.85
VKs9H17QAKc,115,롤,title,0.85
VKvjspX9fG4,115,롤,title,0.85
VLCBqIe49Kc,230,starcraft,title,0.85
VLVkEvaqjp4,125165,diablo 4,title,0.85
VLcmuNXDxBQ,126459,발로,title,0.85
VLnmZ7Ci3L8,9804,메이플,title,0.85
VLs7HHczFUA,115,롤,title,0.85
VMAcNqE3Z8Y,93902,fc온라인,title,0.85
VMdM_kUBwqc,27789,배틀그라운드,title,0.85
VMkacdIV4J4,126459,valorant,title,0.85
VN2YJZg4Smk,1020,gta 5,title,0.85
VNec0dxuCp4,26128,로스트아크,title,0.85
VNnYgsGJk5c,230,starcraft,title,0.85
VO8h6rpb4yA,9804,메이플,title,0.85
VOXHDCGeR5I,125165,diablo 4,title,0.85
VOcWlEGaqik,1020,gta5,title,0.85
VPmjwCDm7mE,125165,diablo 4,title,0.85
VPxcwU4CAzc,1020,gta5,title,0.85
VQPTxGQpUjY,115,롤,title,0.85
VQatqUaZ1EQ,26128,로스트아크,title,0.85
VQwbWoi4EgA,115,롤,title,0.85
VQx5qXsvvLY,26128,로스트아크,title,0.85
VReSE4AnpOM,119277,원신,title,0.85
VRjnxf2L3_A,27789,배틀그라운드,title,0.85
VRl3bfrUexc,9804,메이플,title,0.85
VRnwA0qJ5wI,17269,로블록,title,0.85
VSCvHQxWFeY,115,롤,title,0.85
VSO6FyoO-VM,151665,팰월,title,0.85
VU7LoQ5wunQ,17269,로블록,title,0.85
VU9psJ7Ifyg,115,롤,title,0.85
VUAm2djf5Ek,178282,스타레일,title,0.85
VUCqCAllzOk,26128,로아,title,0.85
VURtrPfFWss,126459,valorant,title,0.85
VVFLKwXeHNo,126459,발로,title,0.85
VVmfh_sVHjM,17269,로블록,title,0.85
VWC2umg7TyY,135400,마인크래프트,title,0.85
VWD5mu35GUw,26128,로스트아크,title,0.85
VWJbBxeHPrA,230,starcraft,title,0.85
VWSKJXu7pZs,388008,리니지,title,0.85
VWSNRLGI0x8,17269,로블록,title,0.85
VWSZ4Mk0LL8,1020,gta 5,title,0.85
VWvEC2bDsBY,9804,메이플,title,0.85
VXJtd9MVBEY,26128,로스트아크,title,0.85
VXSiqSeLu58,115,롤,title,0.85
VXh71kr9gXI,151665,팰월,title,0.85
VXw6ZJYR_rc,115,롤,title,0.85
qa1WlVhbaJw,26128,로스트아크,title,0.85
qa6CnfAw9f8,125165,diablo 4,title,0.85
qbMNkE7Po9s,26606,던파,title,0.85
qbPzR135fok,1020,gta 5,title,0.85
qbSz00eh_as,119133,elden ring,title,0.85
qblp8IGZtxY,9804,메이플,title,0.85
qbplfTN2x70,26606,던파,title,0.85
qdxIxORUofY,126459,발로,title,0.85
qe92yA_XDps,1020,gta 5,title,0.85
qefQ1Neics8,9804,메이플,title,0.85
qefQ1Neics8,26128,로아,title,0.85
qffac2VCjLU,135400,마인크래프트,title,0.85
qgLu2v_7Oq4,26606,던파,title,0.85
qkFkVd3wVDA,26128,로스트아크,title,0.85
qkmnr4Y3RpQ,17269,로블록,title,0.85
qko4xEHvAWU,93902,fc온라인,title,0.85
qkq1rNSMTng,26128,로스트아크,title,0.85
ql8Rrg00x3Y,26128,로스트아크,title,0.85
qlj67Efg8DY,126459,발로,title,0.85
qlkQQBkJZc8,17269,로블록,title,0.85
qn21yfQeO2w,136879,검은 신화,title,0.85
qnSo7EWrgd8,93902,fc온라인,title,0.85
qn_13OY1xq4,126459,발로,title,0.85
qo5lmlPkkwM,93902,fc온라인,title,0.85
qoEx1F37KDY,115,롤,title,0.85
qoPkPajqDug,126459,발로,title,0.85
tX2LgjjcBSs,8173,오버워치,title,0.85
tX2dfKtIyco,26128,로스트아크,title,0.85
tXA6cfzF82k,1020,gta 5,title,0.85
tXCMYcRP1-I,1020,gta 5,title,0.85
tXFiDqciRSY,26128,로아,title,0.85
tXJjn4rpHDA,126459,valorant,title,0.85
tXVHEPIpFl0,126459,valorant,title,0.85
tX_CnCuUn-Y,115,롤,title,0.85
tYNWlxl8Aug,17269,로블록,title,0.85
tY_psIpJa34,388008,리니지,title,0.85
tYh8q33nPMk,115,롤,title,0.85
tYlVPhkvLEE,27789,배그,title,0.85
tZ6JhRnPIYs,388008,리니지,title,0.85
tZ7ruuUnVqk,1020,gta 5,title,0.85
t_Rivvv7QT0,115,롤,title,0.85
t_e2E76S35w,119277,원신,title,0.85
t_iJNOLl_5o,126459,valorant,title,0.85
taJ_yRR7zUI,9804,메이플,title,0.85
taR2AataG7E,135400,minecraft,title,0.85
tasSdi6YJmM,135400,minecraft,title,0.85
tb3YLDQtEWU,178282,스타레일,title,0.85
tcjs9hRsIFA,17269,로블록,title,0.85
tdOYGDcAuhI,26128,로스트아크,title,0.85
tdZU985dZOw,1020,gta 5,title,0.85
te2OxpXLLLw,9804,메이플,title,0.85
tepRUVNYAtc,119133,elden ring,title,0.85
tfAFerVi_ug,135400,마인크래프트,title,0.85
tfirw3CqMTc,126459,발로,title,0.85
tgBmikQIPCk,26606,던파,title,0.85
tgI_wyDEo6s,126459,발로,title,0.85
thLGgRE1Yig,119277,원신,title,0.85
thRmtaSWGvY,115,롤,title,0.85
ti9b7IMOPhE,126459,발로,title,0.85
tiT0MJHxvdM,1020,gta 5,title,0.85
tiZHPoMVx_c,119388,왕눈,title,0.85
tj1R_VF-c6A,115,롤,title,0.85
tjLQG7a1cME,26128,로스트아크,title,0.85
tjTVQa5Vq08,1020,gta 5,title,0.85
tji3vfvX95Q,1020,gta 5,title,0.85
tjibys_NdFM,115,롤,title,0.85
tk4FedE6Wiw,9804,메이플,title,0.85
tk4jhZjIXe4,230,스타크,title,0.85
tkG0ozKWXJo,119388,왕눈,title,0.85
tkMPEI8oztI,1020,gta 5,title,0.85
tk_3xNom-JM,27789,배틀그라운드,title,0.85
tkfhXgTfdRk,151665,팰월,title,0.85
tmGvZZCDiqk,135400,마인크래프트,title,0.85
tm_qugMfg-Y,17269,로블록,title,0.85
tmpqwHjl2N4,115,롤,title,0.85
tmzkcCbXFdA,115,롤,title,0.85
tnYUIQCW788,26606,던파,title,0.85
jn8dM-JIp1w,17269,로블록,title,0.85
joXrXqkSDxo,230,스타크,title,0.85
jp8q5GW3GMQ,1020,gta 5,title,0.85
jq-CxX-qCPs,230,starcraft,title,0.85
jq4QAfilnac,115,롤,title,0.85
jq_y5PLAdxA,135400,마인크래프트,title,0.85
jqaz-RSlk5M,115,롤,title,0.85
jr3ZIv9f73Q,119133,엘든링,title,0.85
jrKOJFYwaNI,17269,로블록,title,0.85
jrZDRP_mqGo,126459,valorant,title,0.85
jrrSsPwtWdI,8173,오버워치,title,0.85
jrvhKk_wmmU,1020,gta5,title,0.85
jsH-zVIplH8,119277,원신,title,0.85
jsK9Q5DCUWQ,27789,배그,title,0.85
jsbcA-nGgKk,119277,원신,title,0.85
jsuT4rshIb0,126459,valorant,title,0.85
jtNvGMscksY,9804,메이플,title,0.85
ju2bxTpq9CE,563,아이온,title,0.85
juCc6cxTxlY,8173,오버워치,title,0.85
juChKc_gXk8,115,롤,title,0.85
jucaVkDOWa4,26128,로스트아크,title,0.85
jucoPfi4_Kg,26128,로아,title,0.85
judsLT5xa3I,8173,오버워치,title,0.85
jvDAew80BpE,93902,fc온라인,title,0.85
jvdRpUst6jg,26128,로스트아크,title,0.85
jvuKVp8uzIc,27789,배그,title,0.85
jwia9zFJQM4,93902,fc온라인,title,0.85
jwmNo2TutJs,26128,로스트아크,title,0.85
jxnhgEMc_DU,115,롤,title,0.85
jyUlniS28Mg,93902,fc온라인,title,0.85
jyk-l6qWnno,115,롤,title,0.85
jz8V7OXaKxA,93902,fc온라인,title,0.85
jz8k6JJGC78,26606,던파,title,0.85
jz9SFLDWrvA,230,스타크,title,0.85
jzRTV_INSqw,1020,gta 5,title,0.85
jzXtUVowDxM,115,롤,title,0.85
k-EXWLhxQIk,563,아이온,title,0.85
k-VlVDsH8C8,115,롤,title,0.85
k-qzKnINE50,1020,gta 5,title,0.85
k0LH6AoKi_s,26128,로스트아크,title,0.85
k0VCmteDxTM,152271,citizen sleeper,title,0.85
k2BUmF4zaFM,1020,gta 5,title,0.85
k2OJviz2CsY,115,롤,title,0.85
k2fR5yv06W0,1020,gta 5,title,0.85
k3JKJVAw2Ak,8173,오버워치,title,0.85
k4NTY6uYevE,178282,붕괴스타레일,title,0.85
k4XZtbEx6cU,126459,발로,title,0.85
_59KzEPPQUA,8173,오버워치,title,0.85
_5IbkBIvGcc,26606,던파,title,0.85
_5es04lwUv0,115,롤,title,0.85
_5gGKOFAOXM,178282,스타레일,title,0.85
_6PCg69zUQg,17269,로블록,title,0.85
_9zJeCrb0cM,1020,gta5,title,0.85
_AIDVKv1-l4,93902,fc온라인,title,0.85
_ApK83c6DNA,26606,던파,title,0.85
_BAiyouuitw,9804,메이플,title,0.85
_C0dUOivaxs,119277,원신,title,0.85
_CXqF7tXLVw,115,롤,title,0.85
_CYfDNFOi_U,26128,로스트아크,title,0.85
_CZcxIx9gIM,115,롤,title,0.85
_Ce2LxSF3xo,9804,메이플,title,0.85
_Cifm8nSlwU,26606,던파,title,0.85
_CwodWXN6o8,26128,로스트아크,title,0.85
_CyL_Jk4Bhw,8173,오버워치,title,0.85
_DIyZSd4EQM,119277,원신,title,0.85
_DZWpxv_Nc0,9804,메이플,title,0.85
_DpVOSmy73k,115,롤,title,0.85
_E2edsb8Aog,119388,왕눈,title,0.85
_EOil7kfUq8,9804,메이플,title,0.85
_FvB57-n7W8,115,롤,title,0.85
_GC1ywkg2EA,1020,gta5,title,0.85
_GfCb_VBg28,115,롤,title,0.85
_GtIhESRy0M,115,롤,title,0.85
_H-JnSmUt4k,17269,로블록,title,0.85
_H4lprZq8J0,125165,디아블로4,title,0.85
_HUsy3Bl01w,9804,메이플,title,0.85
_He_q5LJPuk,17269,로블록,title,0.85
_HtlvOvXRCM,115,롤,title,0.85
_IwmXlKWHE0,178282,스타레일,title,0.85
_JIP-RPfDYk,115,롤,title,0.85
_JX670x2j6w,178282,스타레일,title,0.85
_JyDLLKf2yA,17269,로블록,title,0.85
_KAlWGjCcvM,178282,스타레일,title,0.85
_KF3Q6XYGKw,26128,로스트아크,title,0.85
_KuyHEEfgUw,115,롤,title,0.85
_LQCHvoYTOE,1020,gta 5,title,0.85
_LWic48M-Zg,115,롤,title,0.85
_LYHkfkLB9Q,119277,원신,title,0.85
_LZhNYTRrgA,26606,던파,title,0.85
_Lmqjjvg86A,115,롤,title,0.85
_M5B1OJnx9o,27789,배그,title,0.85
_MCr-9Lwx7I,17269,roblox,title,0.85
_MHO2xY2gac,1020,gta 5,title,0.85
_NvSQ72ciyo,115,롤,title,0.85
_O3JdnU-F5k,26128,로스트아크,title,0.85
_OomVfedyVI,1020,gta 5,title,0.85
_Ougg4ak81E,115,롤,title,0.85
_P8nYp4Ay4k,8173,오버워치,title,0.85
_PD_bSk3uw0,115,롤,title,0.85
_PNxKn8Cr8c,9804,메이플,title,0.85
_Q5yRPp7QmA,17269,로블록,title,0.85
_QEqRpim6hg,26606,던파,title,0.85
_QLuCggqjkk,119277,원신,title,0.85
_QUUBqklnhM,115,롤,title,0.85
_QlCtcuvlNY,9804,메이플,title,0.85
_QqV_vBXw4M,151665,팰월,title,0.85
MI6-iBJB1gE,126459,valorant,title,0.85
MIM4vmUyTtk,27789,배그,title,0.85
MIbxrGEitqc,17269,로블록,title,0.85
MKBQqAJnXfI,115,롤,title,0.85
MKaF0E1zGgw,388008,리니지,title,0.85
MKkmHnCF_hQ,26606,던파,title,0.85
MKrVTJgaBGk,563,아이온,title,0.85
MKrf0nQTk6A,126459,valorant,title,0.85
MKsNTaMIyK4,17269,로블록,title,0.85
ML-T5BYZj_M,27789,pubg,title,0.85
MLFXXsULMcs,26606,던파,title,0.85
MLS4gwEV_8M,26128,로스트아크,title,0.85
MLZctZUgnk4,178282,스타레일,title,0.85
MMJ4wE9g8qU,115,롤,title,0.85
MMWuNofodVY,388008,리니지,title,0.85
MMaS0nlet_w,115,롤,title,0.85
MMjRTXVPTeU,1020,gta 5,title,0.85
MMlpZ5upAKw,27789,배그,title,0.85
MNOzK55_4r0,26606,던파,title,0.85
MNQ7J0vIGv4,27789,배틀그라운드,title,0.85
MNkfjh4S18o,93902,fc온라인,title,0.85
MOMmgcKJj9I,1020,gta 5,title,0.85
MONFzLIXhZk,8173,오버워치,title,0.85
MOcSOn3Lm4Q,9804,메이플,title,0.85
MOxLWyI-FXw,1020,gta5,title,0.85
MPhljomKMWI,26128,로스트아크,title,0.85
MPnRYFkif2M,563,아이온,title,0.85
MQFFhISHcEo,563,아이온,title,0.85
MRh44E-7rIQ,126459,발로,title,0.85
MRyuCGa3FxA,1020,gta 5,title,0.85
MSb-y6y9f8M,17269,roblox,title,0.85
MStLVV2JDVA,230,스타크,title,0.85
MSwa0PfafW8,27789,배그,title,0.85
MTg4W27L94I,27789,배틀그라운드,title,0.85
MU-eCpHXDKY,119277,원신,title,0.85
MU3-PEPW-0g,17269,로블록,title,0.85
MUDSgi24qxU,1020,gta 5,title,0.85
MUY4VJ5e3pM,119277,원신,title,0.85
MUv3XI_mk_8,1020,gta5,title,0.85
MV2EADWlvPY,563,아이온,title,0.85
MV53WgfX-rk,26128,로스트아크,title,0.85
MVHvAAVlWbw,119277,원신,title,0.85
MVvNH0xVZkg,115,롤,title,0.85
MWi9mpfNSUQ,17269,로블록,title,0.85
MY4RkH20cIQ,9804,메이플,title,0.85
MYcykqA6ZtA,119133,elden ring,title,0.85
MZmtgkhcWWI,126459,발로,title,0.85
M_J77UhfWXs,126459,발로,title,0.85
M_KbKWNmmcM,9804,메이플,title,0.85
Ma3HjHRUC1A,126459,valorant,title,0.85
Og0xTW8ISjw,8173,오버워치,title,0.85
OgEqXaATMCc,125165,디아블로4,title,0.85
Ogja4S6rwy4,8173,오버워치,title,0.85
OhJr7ODPE5g,115,롤,title,0.85
OhTTcfRV-aM,126459,발로,title,0.85
OikktWUIYLI,126459,발로,title,0.85
OjjXRYunRTE,119133,엘든링,title,0.85
OjmHEPXN-vg,1020,gta 5,title,0.85
OklteIsXfy0,26606,던파,title,0.85
Ol4V2rhVLb4,93902,fc온라인,title,0.85
OlEkjZz-Eas,115,롤,title,0.85
OlQBIAQ-e1A,1020,gta5,title,0.85
OlRSwd6yy6M,115,롤,title,0.85
OlRiYyA-QtM,26606,던파,title,0.85
OlTLdd7_ivw,27789,pubg,title,0.85
OloZEfI3R-A,8173,오버워치,title,0.85
OmREti9P248,1020,gta 5,title,0.85
OmwKBJ5jyYk,135400,마인크래프트,title,0.85
OnSbDphw5Ps,1020,gta v,title,0.85
OneSidMK6ww,26128,로아,title,0.85
OoA6dBtTz54,17269,로블록,title,0.85
OoGRxZRk54A,126459,valorant,title,0.85
OoyW6tv6gAw,26128,로스트아크,title,0.85
OqiYbvavKMk,9804,메이플,title,0.85
Or9e8jk9yOg,26128,로스트아크,title,0.85
Osg7He2kzyM,17000,스타듀,title,0.85
Ot4bfK_0_x0,27789,배그,title,0.85
Ou1TZ8locFo,135400,minecraft,title,0.85
OubudLbMnmU,563,아이온,title,0.85
Oun1oKzPyf0,26606,던파,title,0.85
OvbiJ8zJ91c,1020,gta 5,title,0.85
Ow0eCDkuZJk,9804,메이플,title,0.85
OwR3Wq1QedE,26128,로스트아크,title,0.85
OwTCOqueDW0,135400,마인크래프트,title,0.85
OwftZymb8Hw,135400,마인크래프트,title,0.85
Ox0edtEnR60,126459,발로,title,0.85
OxtFnRCXS34,27789,배그,title,0.85
OxzGvOROlH4,17269,로블록,title,0.85
OyPSQrMYiI4,119277,원신,title,0.85
OzZDlLitDV0,27789,배그,title,0.85
Ozx6UprZojU,26128,로스트아크,title,0.85
hRZBBQzEY8o,27789,pubg,title,0.85
hRq61ZY8U5k,26606,던파,title,0.85
hRz7DTEGeLQ,9804,메이플,title,0.85
hS-L8azRqLk,117199,니케,title,0.85
hSC-sj911a0,135400,마인크래프트,title,0.85
hSGXDReUKu4,1020,gta 5,title,0.85
hSTX6m-GoCI,17269,로블록,title,0.85
hSVrIEEaUlk,27789,배그,title,0.85
hS_UUZ0Qd24,115,롤,title,0.85
hSmoAb0QJV0,178282,스타레일,title,0.85
hTW2dAvST4U,1020,gta 5,title,0.85
hTfyk6rAtz8,27789,배그,title,0.85
hTkFRrpKQCo,135400,마인크래프트,title,0.85
hV08hRsPmQ4,9804,메이플,title,0.85
hVsyx5IU_yU,17269,로블록,title,0.85
hXYTIGQhVKg,1020,gta 5,title,0.85
hXxr6ZcvVrE,115,롤,title,0.85
hYG81L3T5fE,9804,메이플,title,0.85
hYt4KzhFsJY,27789,배그,title,0.85
hYxgRZSeby4,126459,valorant,title,0.85
hZCzVd2DP6k,17269,로블록,title,0.85
hZ_jUPKFbio,126459,valorant,title,0.85
hZdkK9KFky4,115,롤,title,0.85
h_L4Y2i1KEY,26128,로스트아크,title,0.85
h__ickLVKwY,1020,gta 5,title,0.85
h_yvo79CW1k,115,롤,title,0.85
haGR8NhRbBY,26128,로아,title,0.85
haJsX8ISYp8,27789,배틀그라운드,title,0.85
hbCpH1fwkIM,115,롤,title,0.85
hbn7KdeWavA,1879,테라리아,title,0.85
hc-Ehw-Z5Ek,126459,발로,title,0.85
hcInuuKQxb4,93902,fc온라인,title,0.85
hcK2WLgl9ow,115,롤,title,0.85
hcS2a5ITDgY,178282,스타레일,title,0.85
hcj1EfaWzAo,26606,던파,title,0.85
hdhdyNs3f8w,27789,배그,title,0.85
hdwMdYrg59A,27789,배틀그라운드,title,0.85
heO6IfISUok,115,롤,title,0.85
heODfgASY68,26606,던파,title,0.85
hf38oOCbAGM,26606,던파,title,0.85
hfmMn04wK0g,26606,던파,title,0.85
hfy9BoifipQ,27789,배그,title,0.85
hgPojx3vZhA,17269,로블록,title,0.85
hgr0zt-4Ep8,178282,스타레일,title,0.85
hhuVFClPve0,115,롤,title,0.85
hiPIOAIJ_uw,135400,마인크래프트,title,0.85
E-bfxj60Nrg,17269,로블록,title,0.85
E-lf474aK_4,126459,발로,title,0.85
E0AKcmhBY5A,17269,로블록,title,0.85
E0ebpe2413M,27789,배그,title,0.85
E17lrEACvWE,93902,fc온라인,title,0.85
E1R87Ac2JWY,17269,로블록,title,0.85
E1lOxU5snR8,17269,로블록,title,0.85
E2BZWT5l9as,17269,로블록,title,0.85
E2PFuwpPXL0,93902,fc온라인,title,0.85
E2URycpzRr4,17269,로블록,title,0.85
E3lxAi7a60c,17000,스타듀,title,0.85
E3zD_JCgBH4,135400,마인크래프트,title,0.85
E49paAzQCLU,115,롤,title,0.85
E5PgqectfiI,126459,발로,title,0.85
E5YgNSLm0x4,115,롤,title,0.85
E6DCXPR1Z7g,126459,발로,title,0.85
E6Sc4sT5hNM,126459,발로,title,0.85
E6lX_wv5N5M,126459,발로,title,0.85
E7AKn7P-rz0,126459,발로,title,0.85
E7NNshLZjJc,115,롤,title,0.85
E7_gQPe1_G0,126459,발로,title,0.85
E8IpxyCB8ZE,115,롤,title,0.85
E8IpxyCB8ZE,9804,메이플,title,0.85
E8lsfuYeAyo,1020,gta5,title,0.85
E9DX5FBQ-L4,93902,fc온라인,title,0.85
E9iAIna16kY,178282,스타레일,title,0.85
EAEBVuM7raM,9804,메이플,title,0.85
EAMdHWr3Uqc,17269,로블록,title,0.85
EAuG9blNHnY,119277,원신,title,0.85
EAzkfWV3Ppg,115,롤,title,0.85
ED6ayhnrKw0,9804,메이플,title,0.85
ED91jo036K8,115,롤,title,0.85
EDWKk7iL0Zs,1020,gta5,title,0.85
EDZ1q1MKK2w,135400,마인크래프트,title,0.85
EDs_VH-VphQ,135400,마인크래프트,title,0.85
EE7vaGM5HH0,1020,gta5,title,0.85
EEHX10aYyHc,8173,옵치,title,0.85
EEnO55AhnLU,26128,로스트아크,title,0.85
EF0rvZtHk00,126459,발로,title,0.85
EFDRFWSlmnA,119171,발더스게이트,title,0.85
EFUEIaqmn-E,17269,로블록,title,0.85
EFegpvyGlDo,27789,배그,title,0.85
EFqDtIGxOvg,17269,로블록,title,0.85
EG8gRywVx1g,1020,gta 5,title,0.85
EGa8527r0yU,17269,로블록,title,0.85
EH3vcHKygj0,93902,fc온라인,title,0.85
EHyFg5HCQxw,135400,minecraft,title,0.85
Qs1hw25WukQ,17269,로블록,title,0.85
Qs49aSaaVqY,21492,마비노기,title,0.85
QsPz4kMPWhU,126459,발로,title,0.85
Qsl12nD6tUc,27789,pubg,title,0.85
QsqTaf1XgAE,563,아이온,title,0.85
QsyDHWgaOzk,230,starcraft,title,0.85
QtS-jiOsH9o,115,롤,title,0.85
QtdWTETjgd8,9804,메이플,title,0.85
QvF9Xut5Hnc,115,롤,title,0.85
QvugmzcdeCo,1020,gta5,title,0.85
QvwhmoAdT34,563,아이온,title,0.85
Qw-f6waWXZY,230,스타크,title,0.85
QwVg8CO635Y,115,롤,title,0.85
Qwv-MmwT9vw,115,롤,title,0.85
Qxm0a42YRPw,126459,발로,title,0.85
Qy5Vt9gEMuU,115,롤,title,0.85
QyIzgPYhwsY,230,스타크,title,0.85
QyKqLIlqEbQ,126459,발로,title,0.85
QycGOXWkBuo,115,롤,title,0.85
Qyhx6NyIfBk,115,롤,title,0.85
QykP9ddZSSo,115,롤,title,0.85
QzWkNUt-Xc4,9804,메이플,title,0.85
QzfCowR2UMs,230,스타크,title,0.85
QzpxJuVc_kQ,115,롤,title,0.85
QzshxPhItXA,93902,fc온라인,title,0.85
R-53TVkiC1k,115,롤,title,0.85
R0QD-HE2ewc,27789,배틀그라운드,title,0.85
R0te8ClBRYQ,26606,던파,title,0.85
R1ig56JgGy4,115,롤,title,0.85
R2JrvRZRqE4,7346,야숨,title,0.85
R2K8W1zLQm4,126459,발로,title,0.85
R30dv5Xtr4g,135400,마인크래프트,title,0.85
R34LBElPLP0,119388,왕눈,title,0.85
R3dGZHQdWeM,119133,elden ring,title,0.85
R3vijBtb0-4,126459,발로,title,0.85
R4V5gp7cLd4,126459,valorant,title,0.85
R4mTZdeiUhk,119133,엘든링,title,0.85
R4xZRBUfAQY,115,롤,title,0.85
R51vTvfVYpU,115,롤,title,0.85
R520H6O9pmU,26606,던파,title,0.85
R5O038gwFU8,563,아이온,title,0.85
R5dXHj62Edg,1020,gta 5,title,0.85
R5sX4MitIBM,17269,로블록,title,0.85
R6BZogz87X0,1020,gta 5,title,0.85
R6Lvdqle1II,7346,야숨,title,0.85
R6OilgOh82s,126459,발로,title,0.85
R6cQp1VzqBA,27789,배그,title,0.85
R717cFQL268,119133,엘든링,title,0.85
R75WXL-LQ30,119133,엘든링,title,0.85
R7BaNzBjchg,135400,마인크래프트,title,0.85
R7BldGNrtV0,388008,리니지,title,0.85
T428HAgkEMI,151665,팰월,title,0.85
T4AKvnhfJbk,186725,뱀서,title,0.85
T4e9FU7VrVA,178282,스타레일,title,0.85
T4gY6KFUBGI,115,롤,title,0.85
T5-wPX1w1zs,115,롤,title,0.85
T5FYHbDPvWI,9804,메이플,title,0.85
T5MYGlOBulU,151665,팰월,title,0.85
T5u28nJREWM,115,롤,title,0.85
T6715f0qfNo,17269,로블록,title,0.85
T69ufjn9x3E,27789,배틀그라운드,title,0.85
T6EZbMSuy3U,1020,gta 5,title,0.85
T6Mq8VNq3u8,26128,로스트아크,title,0.85
T6SXpU3rVAE,230,스타크,title,0.85
T7N04j9oro4,563,아이온,title,0.85
T9_MPvSYEmI,563,아이온,title,0.85
T9jJhpm9uCw,230,starcraft,title,0.85
TAcDrGhY1CI,9804,메이플,title,0.85
TAvYURhvzZ4,26128,로스트아크,title,0.85
TBmtLUYeasg,135400,minecraft,title,0.85
TCCtXZq1xgE,119133,elden ring,title,0.85
TCjrjC1m610,563,아이온,title,0.85
TCjuX-t4CQY,126459,valorant,title,0.85
TDRJ13uWXHM,1020,gta5,title,0.85
TD_ZTsGpqZ0,115,롤,title,0.85
TDqqmD872AE,93902,fc온라인,title,0.85
TEBh_WSH0CQ,117199,니케,title,0.85
TEZHOR7ZfeM,27789,배그,title,0.85
TG77LFY4jIg,17269,로블록,title,0.85
TGRpy23Fick,115,롤,title,0.85
TGUlIgOz6vw,17269,roblox,title,0.85
TH-WlxjzPJk,27789,배그,title,0.85
TH3LpP3kNsU,126459,발로,title,0.85
THTpwOHDU2Q,8173,오버워치,title,0.85
TI-qLtOsMxk,119133,elden ring,title,0.85
TI8f5-_4Wf8,1020,gta 5,title,0.85
dbOkvxmlUrg,1020,gta 5,title,0.85
dbb8ma8yypg,388008,리니지,title,0.85
dc0RCApdaTY,26128,로스트아크,title,0.85
dcCUVwAUsb0,27789,pubg,title,0.85
dcIkXS6548A,1020,gta5,title,0.85
dcd9gwCeRjo,178282,스타레일,title,0.85
dct1AeEg6Hg,17269,로블록,title,0.85
dct1AeEg6Hg,126459,발로,title,0.85
ddGGlWtCBLs,17269,로블록,title,0.85
ddPj3poP2J8,1020,gta 5,title,0.85
ddXIeSD-w_4,119133,elden ring,title,0.85
deG0vMUfkxg,1020,gta 5,title,0.85
dex872YyYuc,115,롤,title,0.85
dfPBK8AwktA,119388,왕눈,title,0.85
dfVrVx7LoRM,126459,발로,title,0.85
dfmy-gGt9ho,115,롤,title,0.85
dgBGkbMxotE,1020,gta 5,title,0.85
dgtmYJ3Vkg8,119277,원신,title,0.85
dgyWtIEbSmw,93902,fc온라인,title,0.85
dhus5JFhabg,1020,gta 5,title,0.85
di1YhcWlK4k,126459,발로,title,0.85
diKDYQP9usw,27789,배그,title,0.85
diYTTAxj6Ag,388008,리니지,title,0.85
diiVyF_ZhvE,115,롤,title,0.85
djZMYAAxqb8,17269,로블록,title,0.85
djjoqcvwe2s,26128,로스트아크,title,0.85
dkfGhpBCMz0,26128,로스트아크,title,0.85
dknOJ0gry2g,119277,원신,title,0.85
dl9bxioaknk,1020,gta 5,title,0.85
dleFNlmSqbA,1020,gta5,title,0.85
dnGkyG9sFgI,117199,니케,title,0.85
dnUSCC_xj-A,563,아이온,title,0.85
dnaNi0uv-V8,27789,pubg,title,0.85
dniV88nP0eQ,126459,발로,title,0.85
doZCXVCxl4s,17269,로블록,title,0.85
doZWSJ9rboI,9804,메이플,title,0.85
doZWSJ9rboI,26606,던파,title,0.85
dogpTQSuh0k,1020,gta5,title,0.85
dolsY5OH1l4,27789,배틀그라운드,title,0.85
dpPTlCsHMbA,126459,valorant,title,0.85
dqdFpvIc1PY,27789,배틀그라운드,title,0.85
dqzh28QxOFA,151665,팰월,title,0.85
1r4KLLipYv4,1020,gta 5,title,0.85
1r4kqUMpK08,126459,valorant,title,0.85
1r7-OsQ6wW8,115,롤,title,0.85
1rQFdvW9dNM,126459,발로,title,0.85
1raA3xGCpl4,1020,gta5,title,0.85
1sCDUrNVDss,123395,명일방주,title,0.85
1sH-sS2sguI,1020,gta 5,title,0.85
1snQi5gh-1E,126459,발로,title,0.85
1t2aUkeMD_4,27789,배그,title,0.85
1tWCPWBf1RU,26606,던파,title,0.85
1tyMQI-nT7k,8173,오버워치,title,0.85
1uL3Uofvd_0,8173,오버워치,title,0.85
1uVufp9Rc1w,17269,로블록,title,0.85
1v-pz_x6brg,26606,던파,title,0.85
1wIoM4kqYt8,17269,로블록,title,0.85
1wM_4JnkZWw,388008,리니지,title,0.85
1wYaRT1cvAA,1020,gta 5,title,0.85
1xZVtreKwbo,135400,마인크래프트,title,0.85
1xo20P-O7BE,126459,발로,title,0.85
1zLo1DXZvv8,178282,스타레일,title,0.85
1zme0uup3I4,178282,스타레일,title,0.85
1zyAPX4NZ9E,119277,원신,title,0.85
2-0k5hHdIS8,115,롤,title,0.85
2-K8tXx3PNk,1020,gta 5,title,0.85
2-O_IC2PLcg,178282,스타레일,title,0.85
20TSySmXYt8,17269,로블록,title,0.85
20d8Rv7OkG0,388008,리니지,title,0.85
21JLtBRLask,115,롤,title,0.85
21yRor_NP0c,27789,배틀그라운드,title,0.85
22RrOnegq3c,17269,로블록,title,0.85
22mFuSLOEzQ,26128,로스트아크,title,0.85
23bxtfV8W2E,563,아이온,title,0.85
24_5KlT-Le0,126459,발로,title,0.85
K-RXFMG-r2Q,17269,로블록,title,0.85
K0hQWZMB8fs,126459,발로,title,0.85
K1BCfiPEksU,115,롤,title,0.85
K1R_Z-PTtjI,115,롤,title,0.85
K2fmQoLfBW4,119388,왕눈,title,0.85
K2kD0d39Oj0,26128,로스트아크,title,0.85
K361eav-29A,125165,디아블로4,title,0.85
K3Geq5qxozs,17269,로블록,title,0.85
K3rsxdUN-go,27789,배그,title,0.85
K4R7Qs8nD9g,230,스타크,title,0.85
K4s-2hJKxJ0,1020,gta 5,title,0.85
K5lZlOvFjcA,115,롤,title,0.85
K60CIMoZMgc,1020,gta 5,title,0.85
K65Oy4fJP3g,26128,로스트아크,title,0.85
K66yS3y13ZU,26606,던파,title,0.85
K6_Q9w3KNII,26128,로스트아크,title,0.85
K6r_7wegn58,126459,발로,title,0.85
K725pWPaMJ0,135400,마인크래프트,title,0.85
K7Jf4rCaoNY,126459,발로,title,0.85
K88uxSHZfiI,1879,테라리아,title,0.85
K8bdlLvGSwQ,126459,valorant,title,0.85
K8bnki2_oXk,119277,원신,title,0.85
K8ek7uWqVz4,26128,로스트아크,title,0.85
K9-3Vx8Ki3I,178282,스타레일,title,0.85
K9w4EH0XT7s,27789,배그,title,0.85
K9wNDd5J_ig,178282,스타레일,title,0.85
KA37muZ7nqs,115,롤,title,0.85
KA_l6gyPl5U,93902,fc온라인,title,0.85
KBJdmgruhOc,119277,원신,title,0.85
KC-WRw8MPSA,126459,발로,title,0.85
KCG9UTy8neY,17269,로블록,title,0.85
lxbU1W2FaLQ,8173,오버워치,title,0.85
lydE-rk_sGY,135400,minecraft,title,0.85
lyz-kudmt4Y,1020,gta 5,title,0.85
lzYO0IdyoBI,26128,로스트아크,title,0.85
m-0pLhWtz1U,126459,발로,title,0.85
m-OZjLWgamU,135400,minecraft,title,0.85
m0MQmvkf_mE,9804,메이플,title,0.85
m0MQmvkf_mE,26128,로아,title,0.85
m0R5X66gVN0,27789,배그,title,0.85
m0Zbf2b6DXw,27789,배그,title,0.85
m10Xwnk1K9M,115,롤,title,0.85
m17fOcx1KcE,115,롤,title,0.85
m1MgUR4rz9E,1020,gta 5,title,0.85
m1pLLQAwDrY,26606,던파,title,0.85
m2fW33qm3AE,27789,배틀그라운드,title,0.85
m3HWvwwra-4,125165,diablo 4,title,0.85
m3Kwd5FHB60,27789,배그,title,0.85
m4fAf_rKzvc,126459,valorant,title,0.85
m4ossJCGDec,26128,로아,title,0.85
m5SskLuh3Sc,126459,valorant,title,0.85
m6Cfkr-taMQ,27789,pubg,title,0.85
m6KbY6w2Ipc,230,starcraft,title,0.85
m6nH_rB_dr0,115,롤,title,0.85
m7SQ__sfrLg,1020,gta5,title,0.85
m7ooUY0Ohvs,115,롤,title,0.85
m7rktvBXEg0,26128,로스트아크,title,0.85
m828Fbjv5dQ,119388,왕눈,title,0.85
m997UCPYkUg,178282,스타레일,title,0.85
mA5HjQ8FEcg,115,롤,title,0.85
mA76LrWocG8,115,롤,title,0.85
mA9AL9_h7nw,26128,로스트아크,title,0.85
mADvLAMPiAA,27789,배그,title,0.85
mAJWV33kzY4,17269,로블록,title,0.85
mAjPEHJKRoY,119133,elden ring,title,0.85
fVQdwUnRjNI,135400,마인크래프트,title,0.85
fW17Q-Lgkng,126459,발로,title,0.85
fW81ikqfndA,17269,로블록,title,0.85
fWCvFV1pb4s,27789,배그,title,0.85
fXI_cN9kpSY,119277,원신,title,0.85
fXwqPPPsP-s,26606,던파,title,0.85
fY-F0V-zGt4,1020,gta5,title,0.85
fYSupCWPdq0,1020,gta 5,title,0.85
fYgU2vVaxBU,115,롤,title,0.85
fZAS7RgfuUI,26606,던파,title,0.85
fZmuWPng_y8,93902,fc온라인,title,0.85
fZqvNGiqdWg,126459,발로,title,0.85
f_IVn_KfWJA,27789,배틀그라운드,title,0.85
f_M93H8EKHI,17269,로블록,title,0.85
f_p303Efjkk,230,starcraft,title,0.85
faJwVIRYA6g,8173,오버워치,title,0.85
faNHd9nj3xQ,93902,fc온라인,title,0.85
fbdPMX5OkcU,135400,마인크래프트,title,0.85
fbrbFB_ssuc,9804,메이플,title,0.85
fc4wa6w8p6M,17269,로블록,title,0.85
fcGlBzyPlwg,115,롤,title,0.85
fcMNJWccxTU,1020,gta5,title,0.85
fclVNmK_kBU,8173,오버워치,title,0.85
fdQ3Cu7gNpw,26128,로스트아크,title,0.85
fdiD5KPMWNA,17269,로블록,title,0.85
fdrA2jf297Q,26128,로스트아크,title,0.85
feEFqKSXvoo,115,롤,title,0.85
feNJBHEExO8,8173,오버워치,title,0.85
feVwXmtdxCk,17269,로블록,title,0.85
feyG3BbmEig,115,롤,title,0.85
fg01xpMDsaY,115,롤,title,0.85
fg7wX3oSuW4,135400,minecraft,title,0.85
fgEMo0oafdk,230,starcraft,title,0.85
fgfd-KOroSc,115,롤,title,0.85
bdohlUCnquA,17269,로블록,title,0.85
bdyKAwoVppY,230,starcraft,title,0.85
be7H4k098eo,93902,fc온라인,title,0.85
be7OOoLaobo,115,롤,title,0.85
bfnKNleC-1E,26606,던파,title,0.85
bgIH3OwF3eY,27789,배그,title,0.85
bgNFyMwS_kQ,119277,원신,title,0.85
bghr9RhQq9A,27789,배틀그라운드,title,0.85
bgjN5ZVBKPc,151665,팰월,title,0.85
bh26UOk8PL4,8173,오버워치,title,0.85
bhbKZN5x68M,1020,gta 5,title,0.85
bi4CaPimU9Q,17269,로블록,title,0.85
bi7YrsPMa9M,563,아이온,title,0.85
biG2E8AH2TY,8173,오버워치,title,0.85
bioaLkA8d2Q,26606,던전앤파이터,title,0.85
bixgPvTQ2ts,8173,오버워치,title,0.85
bjAG89vt6N0,9804,메이플,title,0.85
bjl4wTEeUiA,26128,로스트아크,title,0.85
bkl9WYKD6ac,26606,던파,title,0.85
bkljbaImeLg,27789,배틀그라운드,title,0.85
blCyPJWaIPQ,119133,elden ring,title,0.85
blGtahswOl8,178282,스타레일,title,0.85
blHqSJ88ElA,8173,오버워치,title,0.85
blMMKgDCpaw,115,롤,title,0.85
blN6Ir1cpL4,8173,오버워치,title,0.85
blQG-jW4KBk,26128,로스트아크,title,0.85
blvPt-hzTGI,388008,리니지,title,0.85
bmo-NuFGRI8,115,롤,title,0.85
bmp1bnF_anA,8173,오버워치,title,0.85
bmuZgvFuDVc,126459,발로,title,0.85
bn3u_tvsw7Y,126459,발로,title,0.85
bnGMaXgsrmk,26606,던파,title,0.85
bnYTdUvpLvA,1020,gta5,title,0.85
bnbSa7rn2oU,115,롤,title,0.85
bosp0IMzk88,115,롤,title,0.85
botffkIYJAo,27789,배그,title,0.85
boxTK_rjfE4,115,롤,title,0.85
bpGpBsr5Pws,1020,gta5,title,0.85
bpZXMkNC8ug,119133,elden ring,title,0.85
bpeSWR92YPY,230,starcraft,title,0.85
bprHBewsIOQ,119277,원신,title,0.85
bqPmh87UCYM,27789,배그,title,0.85
vaREd6wpWt4,93902,fc온라인,title,0.85
vacx6rsoRE8,115,롤,title,0.85
vafMbgG19AU,119133,elden ring,title,0.85
vb0B2isBBrA,8173,오버워치,title,0.85
vbTfb2njRK4,115,롤,title,0.85
vbzhEIYxln4,135400,minecraft,title,0.85
vcbQNuO5-CQ,115,롤,title,0.85
vdCLcxk5iO8,135400,마인크래프트,title,0.85
vdK18OIHfCo,17269,로블록,title,0.85
vdgP9ln5A3M,1020,gta5,title,0.85
vdgeOtbKTT4,26606,던파,title,0.85
veB4mcbU9cM,27789,배그,title,0.85
veOleBS4n6k,230,starcraft,title,0.85
veOpuF6ryfo,1020,gta5,title,0.85
veR0mnJJGDE,17269,로블록,title,0.85
velu2-HtsKQ,26128,로스트아크,title,0.85
vf4FNPkOAcU,115,롤,title,0.85
vfVZHx5EObc,1020,gta 5,title,0.85
vgsoZqPdI04,1020,gta 5,title,0.85
vhJreJXUfWc,9804,메이플,title,0.85
vhXDybTF0M8,119277,원신,title,0.85
vi3Qpjp-00g,119133,엘든링,title,0.85
vihXZkFxc2M,27789,배그,title,0.85
vizbZeQpg9Q,135400,minecraft,title,0.85
vjFCrlfgDhQ,9804,메이플,title,0.85
vkxYKMS52Sw,1020,gta 5,title,0.85
vl2IMAkIMVc,178282,스타레일,title,0.85
vlLpfjlagI8,26606,던파,title,0.85
vlO9RYNBQew,9804,메이플,title,0.85
vlTtOgL-FWw,135400,마인크래프트,title,0.85
vlZou4G2qPM,1020,gta 5,title,0.85
vo7iZ-qe6CA,119277,원신,title,0.85
voL2LzMNR3g,115,롤,title,0.85
vofmp6Dtfvo,126459,발로,title,0.85
-zOnVGyJZEo,1020,gta 5,title,0.85
-zQYg68gb8o,115,롤,title,0.85
-zbSyV9ZwkQ,135400,마인크래프트,title,0.85
-zs3M__Cf28,115,롤,title,0.85
-zwx33yHcQA,26606,던파,title,0.85
0-S8yhkuv9o,115,롤,title,0.85
00-LVEdOyLY,117199,니케,title,0.85
00-jmDmFCr4,1020,gta 5,title,0.85
00_uKladpKw,8173,오버워치,title,0.85
00tD7tU45T0,115,롤,title,0.85
01Ccoo9V5xI,115,롤,title,0.85
01IKpCH0NWM,388008,리니지,title,0.85
01MSbIguAhE,27789,배그,title,0.85
01cJWIdE260,126459,발로,title,0.85
021viHKjK7o,115,롤,title,0.85
02fjyuevKmg,115,롤,title,0.85
02p7PUuVZpY,26606,던파,title,0.85
03FzRMGkpIE,135400,마인크래프트,title,0.85
03YMIhhzrKQ,115,롤,title,0.85
03dTEG8pi7E,388008,리니지,title,0.85
03iD9VKChfc,17269,로블록,title,0.85
03oHbGrDFPQ,126459,발로,title,0.85
03tNUlThfOA,17269,로블록,title,0.85
044p4gntbww,1020,gta 5,title,0.85
04YC6OJ3igU,93902,fc온라인,title,0.85
053oHia2g50,9804,메이플,title,0.85
05xwzFsi_a4,93902,fc온라인,title,0.85
06--CZc1TNY,230,starcraft,title,0.85
061ggpLsvM0,230,스타크,title,0.85
07vY5kLZEnU,26128,로스트아크,title,0.85
093Vq9ee9U8,26128,로아,title,0.85
099PYrUdoRE,17269,로블록,title,0.85
09Cb54eelj0,126459,발로,title,0.85
09XHW6VtAi8,9804,메이플,title,0.85
09YV_WIVCQU,26606,던파,title,0.85
09bCMm9CRPo,93902,fc온라인,title,0.85
I1MMRFmGCkE,8173,옵치,title,0.85
I1QTYN2YZn8,115,롤,title,0.85
I2SPGTu5gec,26128,로스트아크,title,0.85
I3Vut9DJKLA,27789,배틀그라운드,title,0.85
I4IyWNC73zQ,563,아이온,title,0.85
I4YB4lmHQCM,27789,배그,title,0.85
I5RNCbxEH3E,17269,로블록,title,0.85
I5ThNsJLxEA,17269,로블록,title,0.85
I5dZ0HHCifQ,115,롤,title,0.85
I5eRtgjtLOc,27789,배그,title,0.85
I5vGFrYg5BE,26128,로스트아크,title,0.85
I6INhTyPagE,115,롤,title,0.85
I7DmF5_7-44,17269,로블록,title,0.85
I7HsWqNfcgk,25076,레데리,title,0.85
I7_JGh3WQsI,119277,원신,title,0.85
I7jcgCWJCoI,115,league of legends,title,0.85
I8zrVFsX4B0,119133,elden ring,title,0.85
I99eWe9aH8w,119388,왕눈,title,0.85
I9dUB2Yk3qQ,17269,로블록,title,0.85
IA0p8jGiz0Q,26128,로스트아크,title,0.85
IA1D-dV6xJo,178282,스타레일,title,0.85
IAIJqoaILXw,1020,gta5,title,0.85
IALJ2vLJxVo,230,스타크,title,0.85
IAlQWnrtGLc,1020,gta5,title,0.85
IBfSTg_kLG0,9804,메이플,title,0.85
ICDCZ3dYZoc,115,롤,title,0.85
ICNEavBREWY,115,롤,title,0.85
ICqIJtXbvRY,8173,오버워치,title,0.85
IDaq_T3w6bw,17269,로블록,title,0.85
IDg85j2I72M,115,롤,title,0.85
IDjKB8RdrvQ,18866,데바데,title,0.85
IDzKwAsEiwg,1020,gta 5,title,0.85
IEGLVOjrvBk,9804,메이플,title,0.85
IEbSC75NCos,126459,valorant,title,0.85
pY7UPppnrAc,230,starcraft,title,0.85
pYAUJMs1qYA,115,롤,title,0.85
pYo7s39bkww,17269,로블록,title,0.85
pZUSnFB63uc,126459,valorant,title,0.85
p_ZWlnJl2hA,1020,gta5,title,0.85
pa6QiAaP2z8,26128,로스트아크,title,0.85
pa9AHjRQVaI,1020,gta5,title,0.85
paQ8rsaE2ZA,26606,던파,title,0.85
paRheVVL50U,17269,로블록,title,0.85
pacvfnJ5RXw,126459,발로,title,0.85
pbcmgrY7BJw,135400,마인크래프트,title,0.85
pc6aHC2-pRE,126459,발로,title,0.85
pcCeNhL_hZU,178282,스타레일,title,0.85
pcQQQOv9_c8,26128,로스트아크,title,0.85
pcS44I94hLU,1020,gta5,title,0.85
pd71ufwkxCo,388008,리니지,title,0.85
pdwQdWC4lYw,26128,로스트아크,title,0.85
pe1xzrz5RdE,1020,gta 5,title,0.85
peDOBuNnRxE,9804,메이플,title,0.85
peLZ-XTIRVA,115,롤,title,0.85
peZwHyNbE9Q,563,아이온,title,0.85
peZwHyNbE9Q,388008,리니지,title,0.85
pfHGbRB3Qpo,1020,gta 5,title,0.85
pf_z1F2vG1U,9804,메이플,title,0.85
pg21Em2MNhc,9804,메이플,title,0.85
pg8NbeywwMI,1020,gta5,title,0.85
pgrQ2NXfB6U,119133,elden ring,title,0.85
pgtDQ2w1n6I,230,starcraft,title,0.85
phLqHb6AY60,115,롤,title,0.85
phgm7qcrBHI,26606,던파,title,0.85
phl7sR2zbM0,115,롤,title,0.85
pioM5Nh83ig,135400,마인크래프트,title,0.85
pjFWPU0G2X4,9804,메이플,title,0.85
pjHJGHw5hfM,119133,elden ring,title,0.85
pjapbUTaFhg,135400,마인크래프트,title,0.85
pk473Zj3CX8,26128,로스트아크,title,0.85
pkNNoAmxeHI,26128,로스트아크,title,0.85
pkSPnkajlZg,115,롤,title,0.85
pkS_9IZaKqE,126459,발로,title,0.85
plDC_I3lVO4,26128,로스트아크,title,0.85
plf1TDfZeCc,9804,메이플,title,0.85
pmBQ5E6FzE4,115,롤,title,0.85
pmM_3dZpsR0,119133,elden ring,title,0.85
pmxx4dpAGlQ,115,롤,title,0.85
pnScQBOcxzw,126459,valorant,title,0.85
pniqC0LNs7g,126459,발로,title,0.85
pnuuxJscVQI,115,롤,title,0.85
xPEn2t4vSa4,1020,gta 5,title,0.85
xPN4dDyqdCk,115,롤,title,0.85
xPYtVPduCH8,119133,elden ring,title,0.85
xPYwHWJ8JG8,17269,로블록,title,0.85
xP_qMUdYuHQ,125626,카트라이더,title,0.85
xPjHJQuxDu0,26128,로스트아크,title,0.85
xPtSaylfQQ0,388008,리니지,title,0.85
xPvqiDY6Szg,26128,로스트아크,title,0.85
xQ_siOHHBDo,119388,왕눈,title,0.85
xQfy49DTjo0,1020,gta 5,title,0.85
xQh3wykWCjk,230,스타크,title,0.85
xRLrD84tNs4,17269,로블록,title,0.85
xRS01DjNc2Y,26128,로아,title,0.85
xRucnXHIHIQ,115,롤,title,0.85
xS1jjLssd0Q,9804,메이플,title,0.85
xSAfQa8B_4Q,119277,원신,title,0.85
xSYk1r6fTsc,26128,로스트아크,title,0.85
xSfMSSXKp1w,135400,minecraft,title,0.85
xSx2n1_RCLo,1020,gta 5,title,0.85
xTTinqPkR_g,1020,gta5,title,0.85
xTdG6Guxp9c,1020,gta 5,title,0.85
xTdVhjEWVZw,1020,gta 5,title,0.85
xTvN6bTAgLA,17269,로블록,title,0.85
xU44-uAF7vg,27789,배틀그라운드,title,0.85
xUREkJB5igM,135400,마인크래프트,title,0.85
xUYQZQQSm1c,126459,발로,title,0.85
xU_jWIBoFw0,1020,gta 5,title,0.85
xUqEDcqqSj8,135400,minecraft,title,0.85
xV-gG9zKUDg,117199,니케,title,0.85
xW2hfRuRpfg,26128,로스트아크,title,0.85
xW8_X8jiGvE,26128,로스트아크,title,0.85
xWDhMRPqOd0,126459,발로,title,0.85
xWFsDBmzMuI,1020,gta 5,title,0.85
xWqAcQbDk6M,126459,발로,title,0.85
xX7TnCPa_Q4,115,롤,title,0.85
xXXl1tVcUTw,115,롤,title,0.85
xXe6iw2jkfs,115,롤,title,0.85
xYPk17cYo2c,8173,overwatch,title,0.85
xYRwjsXZ2gI,18866,데바데,title,0.85
xYzXka62F8o,115,롤,title,0.85
xZL4v9UNBO4,178282,스타레일,title,0.85
xZSZSQg7kNk,230,스타크,title,0.85
xZa5fv_5eeI,26128,로스트아크,title,0.85
xZfVsT240Ug,9804,메이플,title,0.85
x_a7KP6rJxc,230,스타크,title,0.85
x_aGt23X6Zw,230,starcraft,title,0.85
xa4IuRjXD90,135400,마인크래프트,title,0.85
xa9Gq1essrY,8173,오버워치,title,0.85
xahsh6qI9Ks,1879,테라리아,title,0.85
xarEz-x77bg,135400,마인크래프트,title,0.85
xb6l7cNQIGc,7346,야숨,title,0.85
xb6l7cNQIGc,119388,왕눈,title,0.85
xbQ-ggkuK5I,26128,로스트아크,title,0.85
xbjaL44ZF8E,17269,로블록,title,0.85
xbnmAGVnaNk,27789,배틀그라운드,title,0.85
xbzuYBdGA7Y,178282,스타레일,title,0.85
xc4GFXIDVQ4,115,league of legends,title,0.85
xcFAbFLo0ps,17269,로블록,title,0.85
xd0xqCcFJZ0,115,롤,title,0.85
xd63q1zkAJA,119277,원신,title,0.85
xdBY8816tJc,115,롤,title,0.85
xdDAgsJmyog,26606,던파,title,0.85
5j6gIV_tW-A,26128,로스트아크,title,0.85
5jJElMbuhNE,1020,gta5,title,0.85
5jLBhej5NN8,115,롤,title,0.85
5jN2y8rgPsM,27789,배틀그라운드,title,0.85
5jb7xO1CEuI,126459,발로,title,0.85
5jckbwS6I4E,26606,던파,title,0.85
5jtBjCwS9k8,1020,gta 5,title,0.85
5jvBp1mb9Tk,119133,elden ring,title,0.85
5jvwNg6tO5w,126459,발로,title,0.85
5kGnjUvopDA,126459,발로,title,0.85
5lLjlYHNLdk,17269,로블록,title,0.85
5le-BTSx4uc,26606,던파,title,0.85
5mQTHxnwfT4,115,롤,title,0.85
5mnisksCUtg,119277,원신,title,0.85
5nAEzWGtjDY,27789,배그,title,0.85
5nVdvxYdVA4,26606,던파,title,0.85
5oUDATPZQ9s,135400,마인크래프트,title,0.85
5otkAGjQUAc,9804,메이플,title,0.85
5pKmX0werXw,26606,던파,title,0.85
5pPxAsl8oxw,115,롤,title,0.85
5pjUHCyL2v4,115,롤,title,0.85
5qieDunQcMw,126459,valorant,title,0.85
5qmwER5KkTw,9804,메이플,title,0.85
5qul2aXNKOk,17269,로블록,title,0.85
5rCVONE8PWI,9804,메이플,title,0.85
5rK7crTj6p4,115,롤,title,0.85
5sB74C9EIWI,563,아이온,title,0.85
5sE537-8Z3Y,230,스타크,title,0.85
5sFYq0XDxd0,126459,발로,title,0.85
5sp5FZv6x_c,8173,오버워치,title,0.85
5taKt8tBxKg,1020,gta 5,title,0.85
5tpjrew00v4,115,롤,title,0.85
5uAQyWTc91U,178282,스타레일,title,0.85
5ufCcZWnv2Y,1020,gta 5,title,0.85
5uu7oW7GQMs,1020,gta 5,title,0.85
5vlgFwM5U40,26128,로아,title,0.85
nfciCNsUuXU,8173,오버워치,title,0.85
ngIvGgmrE6g,115,롤,title,0.85
nhNrcZG60ps,126459,valorant,title,0.85
nhWGMQOW-ks,93902,fc온라인,title,0.85
nhtBTTiaclA,126459,valorant,title,0.85
nhz_tX5DzH0,126459,발로,title,0.85
ni5uh-l4q8Y,17269,로블록,title,0.85
niVV1M2jMfU,17269,로블록,title,0.85
ni_q6Fg6c5g,388008,리니지,title,0.85
niayQkHJ72Y,119277,원신,title,0.85
niztHM-WRu0,26606,던파,title,0.85
njIPRs0H_9Y,17269,로블록,title,0.85
nkACAsHYLLo,17269,로블록,title,0.85
nkYvfRoMpOo,93902,fc온라인,title,0.85
nl3z2EpXtpE,1020,gta 5,title,0.85
nlUDM5vyfyU,26606,던파,title,0.85
nlyHBPWsgeI,125165,diablo 4,title,0.85
nm5zKX0YGfg,26128,로아,title,0.85
nm5zKX0YGfg,151665,팰월,title,0.85
nn5d_6R7beQ,119277,원신,title,0.85
nnHLePIyCdk,26128,로스트아크,title,0.85
nnWz-6R35js,17269,로블록,title,0.85
nnedHcB7F0s,8173,오버워치,title,0.85
nnlzk0gk4B0,125165,diablo 4,title,0.85
nnnooc4B3f4,115,롤,title,0.85
nnzLD_6O-bM,1020,gta 5,title,0.85
no2dRoKjb2o,123395,명일방주,title,0.85
noFJCjrPMwc,17269,로블록,title,0.85
noSo5T89sfk,26128,로스트아크,title,0.85
noTY5Ptmb0A,27789,배그,title,0.85
noiX7erw6AM,1020,gta 5,title,0.85
npEiq_uGFXk,151665,팰월,title,0.85
npd1v8LzfJ8,135400,minecraft,title,0.85
nq8yGQBDB50,9804,메이플,title,0.85
nqH8lH55Gsk,26128,로아,title,0.85
nqJLF-1MFaw,126459,발로,title,0.85
nqgylaqCbls,26128,로스트아크,title,0.85
nqzQH_nrWwA,26128,로스트아크,title,0.85
nrKESXLzGHc,117199,니케,title,0.85
nra8kqsO1W8,1020,gta 5,title,0.85
nraX2iXGEWU,8173,오버워치,title,0.85
nryn5RViu80,26128,로스트아크,title,0.85
ns6Rr1QqtMY,8173,오버워치,title,0.85
nsSEVfHjVdU,135400,마인크래프트,title,0.85
nsWrbwA8arM,135400,마인크래프트,title,0.85
nupAQuo_i7M,26128,로스트아크,title,0.85
nurNxff-i0Y,126459,발로,title,0.85
rXK8kfs_Dvg,115,롤,title,0.85
rXQdu6f4geI,119133,엘든링,title,0.85
rXT6_gmXH0Y,151665,팰월,title,0.85
rXtWOGXScvw,230,스타크,title,0.85
rY4VSKracbw,1020,gta 5,title,0.85
rYhkO6uTETU,93902,fc온라인,title,0.85
rZLnOjm7WDE,9804,메이플,title,0.85
rZYWsz0j8Yc,17269,로블록,title,0.85
rZn_hscWurM,27789,배그,title,0.85
racJhhggViM,8173,오버워치,title,0.85
ratBna-3yeQ,117199,니케,title,0.85
rbe4tTso2dM,135400,마인크래프트,title,0.85
rbkpdg83oOg,126459,발로,title,0.85
rbl3kGn4fvU,26606,던파,title,0.85
rblvhzAz9Mk,126459,발로,title,0.85
rbtjmu3e_Nw,126459,발로,title,0.85
rc6PKn1dMnI,126459,valorant,title,0.85
rcBYfVItJBc,1020,gta5,title,0.85
rcTo-txhDjc,178282,스타레일,title,0.85
rcVSJ_GiFas,135400,마인크래프트,title,0.85
rcZyCBpufLg,230,starcraft,title,0.85
rceqyOarq68,1879,테라리아,title,0.85
rdAL_2z7Ye8,26128,로스트아크,title,0.85
rdTuFoVXly0,126459,발로,title,0.85
rd_XdiglcYU,230,스타크,title,0.85
rdlygbSkmC0,126459,발로,title,0.85
re8LpQCDjOs,17269,로블록,title,0.85
reZoBz-NVQw,563,아이온,title,0.85
renvGiC9-4g,119277,원신,title,0.85
revU8Iqi8oY,1020,gta5,title,0.85
rfayxs8RnkU,135400,minecraft,title,0.85
rfoL18AMpYY,126459,발로,title,0.85
rg2RjHiHbIw,126459,발로,title,0.85
rgaEkqVyEKg,26128,로스트아크,title,0.85
rggJSQeYHY4,186725,뱀서,title,0.85
rh3d0hhL_mo,93902,fc온라인,title,0.85
rhBzai0jXpc,135400,minecraft,title,0.85
ri-phgzERZs,26128,로스트아크,title,0.85
riN9M11Ywnw,1020,gta 5,title,0.85
rijeb-F99_w,17269,로블록,title,0.85
riql0GgGkMw,9804,메이플,title,0.85
G62MiQJDBds,230,스타크,title,0.85
G6Iz_ZgRk1U,115,롤,title,0.85
G6axTC1V05U,1020,gta 5,title,0.85
G6sZ2Hoxk28,135400,마인크래프트,title,0.85
G7-7m-ZaX4I,1020,gta 5,title,0.85
G73zUCYf3bU,93902,fc온라인,title,0.85
G7JAzCYk4kg,123395,명일방주,title,0.85
G7iDtVhl6Ck,27789,배틀그라운드,title,0.85
G83O9lHcoiM,119277,원신,title,0.85
G87sut2fnl0,178282,스타레일,title,0.85
G8Sk4w0YWG8,135400,마인크래프트,title,0.85
G9An8w8eY9E,1020,gta 5,title,0.85
G9ZLrz7GIRA,115,league of legends,title,0.85
GA00p2QNUWk,126459,발로,title,0.85
GAE3B2lGaY0,26128,로스트아크,title,0.85
GAcu1LqBCr8,8173,오버워치,title,0.85
GAoWKmtsWvA,115,롤,title,0.85
GAoWKmtsWvA,9804,메이플,title,0.85
GBauQCqy4Gc,17269,로블록,title,0.85
GCJbIavk-Jc,178282,스타레일,title,0.85
GCV9xF8bOyI,135400,마인크래프트,title,0.85
GCy7NGzLOQw,115,롤,title,0.85
GDAJYI9vU_s,9804,메이플,title,0.85
GDc4FJWMAGE,17269,로블록,title,0.85
GDnGphNlgL8,115,롤,title,0.85
GE4CKRFoyyg,1020,gta5,title,0.85
GEVOyKfawZk,1020,gta 5,title,0.85
GEuXNvN9C8k,115,롤,title,0.85
GFj3E_wZumQ,126459,발로,title,0.85
GFv-rSTnvtY,126459,valorant,title,0.85
GHkC6GVwLRA,1020,gta 5,title,0.85
GHlK4X4_u3M,1020,gta5,title,0.85
GIBHZSoSmlk,26606,던파,title,0.85
GIfwzFT31ZI,126459,발로,title,0.85
GJm8glydeIs,126459,발로,title,0.85
GJtxrTDjINE,151665,palworld,title,0.85
GJwNBkaaZUU,8173,오버워치,title,0.85
GKpXVejNfYQ,126459,발로,title,0.85
GL2vslRiiGI,115,롤,title,0.85
GLKCsN_jGzA,17269,로블록,title,0.85
GLUOdCwuKCU,115,롤,title,0.85
7_aZOV3RUx0,115,롤,title,0.85
7_fyLMGToa0,126459,발로,title,0.85
7_jDLoO4aM8,26128,로스트아크,title,0.85
7_tJ1Sd0Z-M,9804,메이플,title,0.85
7a0FeG6SbwI,17269,로블록,title,0.85
7aOGMjqHygo,126459,발로,title,0.85
7amC9sdiN0c,26606,던전앤파이터,title,0.85
7aorzD0kySM,18866,데바데,title,0.85
7axm5Wz5nJw,27789,배그,title,0.85
7bVjj05PKQo,119277,원신,title,0.85
7bXaVdxd180,93902,fc온라인,title,0.85
7cKFMdpH64U,8173,오버워치,title,0.85
7cR5UB0M3fk,93902,fc온라인,title,0.85
7caVwr63H8g,1020,gta 5,title,0.85
7dJ5Pxb3YGY,119133,elden ring,title,0.85
7eKdKrHu48E,1020,gta 5,title,0.85
7eSxx2jcNTg,388008,리니지,title,0.85
7eoxTgE82gA,115,league of legends,title,0.85
7f4-Mag0X88,93902,fc온라인,title,0.85
7fHBdZuMjyQ,1020,gta 5,title,0.85
7favTVnSWq8,135400,마인크래프트,title,0.85
7g1PjixX2HY,9804,메이플,title,0.85
7g5Q94t_4Ys,126459,발로,title,0.85
7gGvcboip3g,27789,pubg,title,0.85
7gSZfqCJ3M0,135400,마인크래프트,title,0.85
7gfZynLm7wc,26128,로스트아크,title,0.85
7h2uKfxB1XU,230,스타크,title,0.85
7h36cQ9xTY0,126459,발로,title,0.85
7hNP2jhAbok,119133,elden ring,title,0.85
7h_FU6j40Po,230,스타1,title,0.85
7hkDGjfhNdE,115,롤,title,0.85
7iG7axy01eE,26606,던파,title,0.85
7it0Re8jmDo,1020,gta 5,title,0.85
7j08nQ3zY-4,119133,elden ring,title,0.85
7j2wFhcxnSo,115,롤,title,0.85
7jNJrV4_XE0,388008,리니지,title,0.85
7jUJIycYca8,115,롤,title,0.85
7jbBjwzT03g,27789,배그,title,0.85
7jiOlFYH5hs,1020,gta 5,title,0.85
7jmrAp-qkNY,27789,배틀그라운드,title,0.85
7jqRBLzS4q0,1020,gta 5,title,0.85
7k34xOVUpuw,115,롤,title,0.85
7lLxUSmRZsQ,135400,마인크래프트,title,0.85
7lYKIQ1JWdU,8173,오버워치,title,0.85
7lZtP9mxaA0,115,롤,title,0.85
zGSlWzyqiTY,115,롤,title,0.85
zGaVlppptEA,115,롤,title,0.85
zGcnnaeikjU,1020,gta5,title,0.85
zGgdkiSNgZc,135400,마인크래프트,title,0.85
zIlHGlGgyGQ,9804,메이플,title,0.85
zIv2r3Vo_iw,115,롤,title,0.85
zJQrD9KYHwk,119388,왕눈,title,0.85
zJcRcgjZNYU,126459,valorant,title,0.85
zKC_Z2yuBBY,26606,던파,title,0.85
zK_5nXP36fY,119388,왕눈,title,0.85
zKzo4Un96MU,230,starcraft,title,0.85
zLjZah6__-k,115,league of legends,title,0.85
zLmVUSyPWaU,26128,로스트아크,title,0.85
zM1Mii6Vymw,115,롤,title,0.85
zM3afmJf0cU,230,starcraft,title,0.85
zMIJN2Y6p8c,1020,gta5,title,0.85
zMeYT5a95hg,230,스타크,title,0.85
zMnnvrbFr3I,115,롤,title,0.85
zMvAM-edADA,230,starcraft,title,0.85
zNNmRzTiAmM,27789,배틀그라운드,title,0.85
zNfcE8IGqOE,17269,로블록,title,0.85
zORh4MFe9fo,115,롤,title,0.85
zOikbw29q90,117199,니케,title,0.85
zOpGDO7qAYs,115,롤,title,0.85
zP7AdxumHCo,26606,던파,title,0.85
zPmoxNN1mH4,26606,던파,title,0.85
zPtrnW46Ss0,115,롤,title,0.85
zQKPXOdHxn8,9804,메이플,title,0.85
zQZM5dgoe1w,26606,던파,title,0.85
zQZM5dgoe1w,16741,블소,title,0.85
zQZV-wl4ldw,115,롤,title,0.85
zR2iyxLDO4w,1020,gta 5,title,0.85
zS51TOgPFzE,8173,오버워치,title,0.85
zSAmCrwysTA,1020,gta 5,title,0.85
zSmNMXlJXeE,115,롤,title,0.85
zTMd305m3tk,26606,던파,title,0.85
zTkV4tI_1_A,1020,gta5,title,0.85
zTotmQ42Odc,93902,fc온라인,title,0.85
zU687mP7LTE,27789,배그,title,0.85
zUR5rtCIgwI,8173,오버워치,title,0.85
zUSNMMl-jzM,126459,발로,title,0.85
zUVKQ_bZCm8,388008,리니지,title,0.85
zVpfcXryoZk,26606,던파,title,0.85
zXQPlqBY4jU,126459,valorant,title,0.85
zXX98oVjFAQ,115,롤,title,0.85
zXa4AbJWF4g,36926,몬스터헌터,title,0.85
zXcQloqSdzg,9804,메이플,title,0.85
zXwuZfoho9c,1020,gta 5,title,0.85
zY5Hqsos7z0,126459,valorant,title,0.85
zYjKjFUMISk,1020,gta5,title,0.85
zZIoZuvCanI,115,롤,title,0.85
zZsyIJ6_Xa8,126459,발로,title,0.85
z_GETlXPDdM,115,롤,title,0.85
zaH6rB3kQZc,126459,발로,title,0.85
zaPsJ2a_sB8,115,롤,title,0.85
zagJTJgeTZg,26606,던파,title,0.85
zbJffefOgmY,1020,gta 5,title,0.85
zbLVt7eGqfw,125165,diablo 4,title,0.85
zbgLnrzll6s,126459,발로,title,0.85
zbyZMN_fhYg,126459,발로,title,0.85
9G-nwwIKGGk,1020,gta5,title,0.85
9GNJztQu_Bc,230,스타크,title,0.85
9GPOP_2GPcc,230,스타크,title,0.85
9GX7OxnG4FM,17269,로블록,title,0.85
9Gc92RSpP1c,115,롤,title,0.85
9Gvqj_vOQYU,135400,마인크래프트,title,0.85
9HR9hCLikc0,26128,로스트아크,title,0.85
9HbKACovhOM,1020,gta 5,title,0.85
9HyebwafxYk,26606,던파,title,0.85
9IjFFWiiQLc,135400,minecraft,title,0.85
9JW4Ml644fo,126459,발로,title,0.85
9JYGpyOL9ng,119133,elden ring,title,0.85
9JtdHhwsWd0,115,롤,title,0.85
9K8R2o0BJrU,1020,gta 5,title,0.85
9KbtkYIpk8s,126459,발로,title,0.85
9Lp5zo54LgQ,7346,야숨,title,0.85
9MBSobTDj_I,563,아이온,title,0.85
9MH4pbD1tKA,17269,로블록,title,0.85
9MPNZK8uKYY,26606,던파,title,0.85
9MexqaVRji4,26128,로스트아크,title,0.85
9MmfXwoQmRU,119277,원신,title,0.85
9MoY4ovIuhI,6292,검은사막,title,0.85
9MuIllMCuTs,8173,오버워치,title,0.85
9NgXd1i0etU,151665,팰월,title,0.85
9POU-MvoZKI,115,롤,title,0.85
9PSXKYbHZ_8,230,스타크,title,0.85
9PVRVstCLVc,93902,fc온라인,title,0.85
9Pt1dsj8LPg,17269,로블록,title,0.85
9QBRrKex49Y,115,롤,title,0.85
9QC-ugH_g5A,115,롤,title,0.85
9QiPXhO-2_Y,17269,로블록,title,0.85
9Qq8MJHpiP4,1020,gta 5,title,0.85
9Qwqw3FEfmk,26606,던파,title,0.85
9RJMSXktL9c,26128,로스트아크,title,0.85
9RuGWxhEamM,17269,로블록,title,0.85
9SIGDSArrjA,17269,roblox,title,0.85
9T3d8rp1_Ok,17269,로블록,title,0.85
9T6eBJTaG6s,17269,로블록,title,0.85
9Tfd0X-MLKs,115,롤,title,0.85
9TmxSWrkfq4,1020,gta5,title,0.85
9UHzYL-k-ys,17269,로블록,title,0.85
9UdFzzeOJTc,27789,배그,title,0.85
9UiLJ4bsHjM,8173,오버워치,title,0.85
9UpuErsv8qE,230,starcraft,title,0.85
9UzTB0Znxuw,115,롤,title,0.85
9VEX2EBMGdQ,26606,던파,title,0.85
9VFNz-Gksvw,178282,스타레일,title,0.85
9VhEKPVExvM,1020,gta5,title,0.85
9WqPW08ZHO0,17269,로블록,title,0.85
9X3pnvu1tx0,17269,로블록,title,0.85
9XB5U45JCLA,178282,스타레일,title,0.85
9XCTjxI_5rQ,115,롤,title,0.85
9XUwjXf7cZk,1020,gta 5,title,0.85
9Xr-S_HPCjg,8173,오버워치,title,0.85
9Y8EI4JUELo,1020,gta5,title,0.85
9YgdjWFykpc,8173,오버워치,title,0.85
9YnGCzQ5iBs,17269,로블록,title,0.85
9YyAScgDJSc,9804,메이플,title,0.85
9ZN3DEz43mY,9804,메이플,title,0.85
9_0Y0zad0lc,26128,로스트아크,title,0.85
9_23Sv7bF04,115,롤,title,0.85
9_GFhEd2fnA,1020,gta 5,title,0.85
9_Od6Lv66cg,9804,메이플,title,0.85
9_UpKfsvnT0,17269,로블록,title,0.85
9aDReXfRVhE,230,스타크,title,0.85
9aNx3qFF9_s,1020,gta 5,title,0.85
9bqPN36fR3k,9804,메이플,title,0.85
Ai0V4kyaocM,1020,gta 5,title,0.85
AiJxo55mL5E,125165,diablo 4,title,0.85
AiR_jBmOVgM,388008,리니지,title,0.85
AiRxv16U22U,9804,메이플,title,0.85
AiaAXmPTyks,115,롤,title,0.85
Aj8b0ws1Oag,115,롤,title,0.85
AjHcnLd5W5w,26606,던파,title,0.85
AkHwvbU4Axo,126459,valorant,title,0.85
AkXaWxgw-Zk,126459,발로,title,0.85
Al4PtTGJZrk,126459,발로,title,0.85
Am7a6uhFINQ,1020,gta 5,title,0.85
AmD1aQ6-8ic,126459,발로,title,0.85
AmIdAr2tA8Q,115,롤,title,0.85
AmMDKI1EPVo,8173,오버워치,title,0.85
AmnfUvl_5lA,230,starcraft,title,0.85
AmpC70xqnUU,115,롤,title,0.85
AnO4VZ7RVZY,563,아이온,title,0.85
AnZs3b4VHko,18866,데바데,title,0.85
Ao46X7auzSs,119277,원신,title,0.85
AoR-R6Qy3U0,27789,pubg,title,0.85
AojMJ46JjxI,8173,오버워치,title,0.85
Ap3U2NAWzI8,17269,로블록,title,0.85
Ar3XQzJ2PkI,115,롤,title,0.85
ArpRmg71hX4,115,롤,title,0.85
ArsaXWdf7Ow,115,롤,title,0.85
As6_vBCLqpU,26606,던파,title,0.85
AsQ0FOq3mbE,388008,리니지,title,0.85
AsXAJIL8Z2E,9804,메이플,title,0.85
Asnwv1z802A,1020,gta5,title,0.85
At24Hym_V8U,93902,fc온라인,title,0.85
AtoBWsevAcw,563,아이온,title,0.85
Au-d977ysnc,17269,로블록,title,0.85
AvUT7tLn094,9804,메이플,title,0.85
AwIhQ8Kwdm4,1020,gta 5,title,0.85
AwND-u9Di2g,26606,던파,title,0.85
AwbYxjnJ3iE,119277,원신,title,0.85
Awi8uuVfh6Q,27789,배그,title,0.85
Ax-cgLkOgz8,9804,메이플,title,0.85
AxCFZiwfBJg,1020,gta5,title,0.85
AxLdwfmNxcI,26128,로스트아크,title,0.85
Ax_1X6N6oEs,9804,메이플,title,0.85
Axagd3ISDrg,8173,overwatch,title,0.85
Axt7FdVmFk4,126459,발로,title,0.85
Ay9nwsdYajo,27789,배그,title,0.85
AyQpdTfEy_8,26606,던파,title,0.85
AyvsmmHOfn4,125165,디아블로4,title,0.85
AzLA32RTBQk,26606,던파,title,0.85
AzpxV4x4Ny0,119277,원신,title,0.85
B-1WpFDUye8,27789,배틀그라운드,title,0.85
B-AtUDyOn4U,1020,gta 5,title,0.85
B-im2zkIaic,126459,valorant,title,0.85
B-itljQjVMA,26128,로스트아크,title,0.85
B-sMkKHx8yE,27789,배그,title,0.85
B0SgKOzZyIY,26606,던전앤파이터,title,0.85
B0mugEVaLOA,230,starcraft,title,0.85
B1rEov5KYX8,126459,발로,title,0.85
B2duk1bL1uw,9804,메이플,title,0.85
B2zM9-LM_cQ,17269,로블록,title,0.85
CD3D6LzSE7o,115,롤,title,0.85
CDHXbyNkObY,230,스타크,title,0.85
CDTrYsn2E9s,26606,던파,title,0.85
CDftk1_QX5s,125165,diablo 4,title,0.85
CF9eZg8DQjQ,1020,gta 5,title,0.85
CFEPA73-MtI,126459,발로,title,0.85
CFhz5OmyjgU,115,롤,title,0.85
CGaIYPB3HbE,26128,로스트아크,title,0.85
CHTXMZBwG4I,8173,오버워치,title,0.85
CHUkvKsi9c8,117199,니케,title,0.85
CJFRPdVEKT0,26128,로스트아크,title,0.85
CJeSAzyLzlQ,126459,발로,title,0.85
CKSF_JSVdsk,126459,valorant,title,0.85
CKZO_wvEMY4,9804,메이플,title,0.85
CKZWGysBCS8,126459,valorant,title,0.85
CKmvqQGyd1k,115,롤,title,0.85
CLp_XW0Wvxw,230,starcraft,title,0.85
CMSRHiJKqbA,17269,로블록,title,0.85
CMooT_uHPOI,9804,메이플,title,0.85
CN2Jimlc9v0,126459,valorant,title,0.85
CN4YvHY8S3E,17269,로블록,title,0.85
CNF-GFLHPiA,8173,오버워치,title,0.85
CNGg_QlVEw4,17269,로블록,title,0.85
CNOc7Wgvu4Q,230,starcraft,title,0.85
COrlyKvnk2Y,126459,valorant,title,0.85
COwJqXmZ1HU,93902,fc온라인,title,0.85
CP30jxVaiDg,135400,마인크래프트,title,0.85
CQ1EM3rEU-s,115,롤,title,0.85
CQ3wHqmH0ho,27789,배그,title,0.85
CQ58guckeug,119133,elden ring,title,0.85
CQGIB2OcB4c,27789,배그,title,0.85
CQUSTL3gCT8,135400,마인크래프트,title,0.85
CQbwSRTsT0c,1020,gta 5,title,0.85
CQgsW97mpdk,119277,원신,title,0.85
CRdYDlDlX-Y,119277,원신,title,0.85
CRnO9D5Uzes,126459,발로,title,0.85
CRuNSV6UyJw,126459,발로,title,0.85
CSXDzVerWtA,126459,발로,title,0.85
CTBoq-k43nc,119133,elden ring,title,0.85
CTXJBWulKL8,388008,리니지,title,0.85
CUKb0lG7Zes,178282,스타레일,title,0.85
CVAS0XlVk_o,8173,오버워치,title,0.85
CWoAjyNiuTI,27789,배틀그라운드,title,0.85
CX-Vy4QBjWM,115,롤,title,0.85
CX4kcyIi_Io,1877,사이버펑크,title,0.85
CYNaO41OsBc,230,starcraft,title,0.85
CYQxP8l_KNI,1020,gta5,title,0.85
CYVExFNDctg,9804,메이플,title,0.85
CZ5CaOjltC0,135400,마인크래프트,title,0.85
CZgQ4W2BOH0,1020,gta 5,title,0.85
CZyKnQ8jAYk,115,롤,title,0.85
C_qKIg0uP2I,27789,배그,title,0.85
C_xFV9bg2nk,115,롤,title,0.85
CaP_bOrKDLs,9804,메이플,title,0.85
CaewVsikj7U,178282,스타레일,title,0.85
3jkj5fVZ5hQ,115,롤,title,0.85
3kVgQTIoxso,126459,발로,title,0.85
3kipFBfcQNc,17269,로블록,title,0.85
3lJRqetgu24,17269,로블록,title,0.85
3lMIuCc5Lq8,17269,로블록,title,0.85
3lOFtGBhS5o,1020,gta 5,title,0.85
3laVmqCHKIg,115,롤,title,0.85
3lkNuEWu5QQ,1879,테라리아,title,0.85
3lxGwA6J-cI,26606,던파,title,0.85
3mUrsAAf6S0,1020,gta 5,title,0.85
3nIdebqzIZ8,126459,발로,title,0.85
3oI7CGUZtFE,117199,nikke,title,0.85
3oY7S6ChImE,21492,마비노기,title,0.85
3o_xKpoY8m4,126459,valorant,title,0.85
3p3MTw988Hg,178282,스타레일,title,0.85
3p7PGYLbfwQ,26128,로스트아크,title,0.85
3piWWdmXZws,178282,스타레일,title,0.85
3pnlJo00CNo,1020,gta5,title,0.85
3qKGcEfVhbo,230,스타크,title,0.85
3rwbuSO6WTw,115,롤,title,0.85
3sCx3f01YqM,119133,elden ring,title,0.85
3sOprLKUpdc,126459,발로,title,0.85
3t9lhYlkpgI,115,롤,title,0.85
3tCQe9xWA0M,115,롤,title,0.85
3tu4gf8YwvE,115,롤,title,0.85
3uj_Kz-UxFQ,117199,니케,title,0.85
3vko2uejX3s,115,롤,title,0.85
3w6YreCoxE4,26128,로아,title,0.85
3y7OekYQg1g,126459,발로,title,0.85
3yIsMW3QTFA,115,롤,title,0.85
3yl_0VGUrJQ,115,롤,title,0.85
N-9Cn0_sZ0s,1020,gta5,title,0.85
N15eeEofHmg,26128,로아,title,0.85
N24KqZVTV6k,115,league of legends,title,0.85
N2gTiajps0Y,26128,로아,title,0.85
N2gTiajps0Y,151665,팰월,title,0.85
N2mWbbeXSIg,178282,스타레일,title,0.85
N2maXb2evas,178282,스타레일,title,0.85
N3FOZtrEa_8,126459,발로,title,0.85
N3hYXrgJ0Gs,26128,로스트아크,title,0.85
N3sTkiCedWI,119277,원신,title,0.85
N3vzbHFCFTI,119277,원신,title,0.85
N47IXfrwRJQ,119133,elden ring,title,0.85
N4UxI6JJNaw,125165,diablo 4,title,0.85
N5HidkbvH2U,230,스타크,title,0.85
N5kFGacR75U,178282,스타레일,title,0.85
N678RgiOYDU,26128,lost ark,title,0.85
N6OylmxPngg,27789,배그,title,0.85
N6SvQv3crV0,17269,로블록,title,0.85
N77CZhU8n1k,17269,로블록,title,0.85
N7Dv01kRzCE,17269,로블록,title,0.85
N7ctoQpelug,93902,fc온라인,title,0.85
N7ztVpvnGfQ,17269,로블록,title,0.85
N8LCMJdk8fk,115,롤,title,0.85
N8mvFPvrZss,115,롤,title,0.85
N8pFNOb0qOk,1020,gta5,title,0.85
N9kCyYeVBtk,27789,배그,title,0.85
N9yB_oySTCM,126459,발로,title,0.85
NAqcUuME474,26128,로스트아크,title,0.85
NBJl0tWJtnA,26128,로스트아크,title,0.85
NBLzf_OfrY4,135400,마인크래프트,title,0.85
NBRrGkJ72gA,115,롤,title,0.85
NBhg5P1W2Lg,1020,gta 5,title,0.85
NCWI_0eP9Dw,17269,로블록,title,0.85
NCzNrf6MjK8,17269,roblox,title,0.85
NDDHmGw9i4A,27789,배그,title,0.85
ND_JKkoloAA,26606,던파,title,0.85
NDoAj7Z8XxM,563,아이온,title,0.85
NE6Y41XmExI,26606,던파,title,0.85
NEOZemDu0eQ,1020,gta5,title,0.85
NEa5PFzOR0k,126459,발로,title,0.85
NF33xdYgDn8,9804,메이플,title,0.85
NFBV_7_9b1c,1020,gta5,title,0.85
NFJ9i1JnFuk,26128,로아,title,0.85
NFZjDIZdp6Q,119133,elden ring,title,0.85
NFnEQPWWMhI,1020,gta 5,title,0.85
NG1SR47da5o,115,롤,title,0.85
NG6uOWGSMt0,119133,elden ring,title,0.85
NG7mDAfUQ7s,17269,로블록,title,0.85
_nFUij4Af1I,17269,로블록,title,0.85
_nSIjI_RVtU,126459,발로,title,0.85
_pENuh9-kjk,1020,gta 5,title,0.85
_pruqhX3Gww,27789,배그,title,0.85
_puLwf9BIEI,126459,valorant,title,0.85
_pwf2PWlKpI,115,롤,title,0.85
_q6-M-By9qI,17269,로블록,title,0.85
_qGbotDnUJo,1020,gta 5,title,0.85
_qLSkty6KNc,178282,스타레일,title,0.85
_qvUjeSZ6l0,126459,발로,title,0.85
_rTdc0olqnQ,1020,gta5,title,0.85
_svOQqCvym8,9804,메이플,title,0.85
_tLmQuvrthI,126459,발로,title,0.85
_tP69rNWGfA,151665,팰월,title,0.85
_trIMuWSm6k,388008,리니지,title,0.85
_ucLP6dMV2Y,27789,배그,title,0.85
_ukcvUe6sT8,9804,메이플,title,0.85
_ul8nqF8Auk,27789,배틀그라운드,title,0.85
_umph_E9RIU,115,롤,title,0.85
_v0633JgjOs,26606,던파,title,0.85
_vCI6UUSdTQ,126459,발로,title,0.85
_vKjaqEg80E,115,롤,title,0.85
_vXVvJf-62s,27789,배틀그라운드,title,0.85
_vgoA8LK3hY,93902,fc온라인,title,0.85
_w5P5IOi0qs,126459,발로,title,0.85
_wzRQDFh0oU,115,롤,title,0.85
_xt0zz3myLU,119133,엘든링,title,0.85
_ySLEHySiv0,26606,던파,title,0.85
_yavsyIqT48,126459,발로,title,0.85
_ycxbTVPD8U,1020,gta 5,title,0.85
_ydC0yusB7s,126459,발로,title,0.85
_ynTyN2os8o,126459,발로,title,0.85
_zRs2Jlcua0,126459,발로,title,0.85
_zasSL1COxc,135400,마인크래프트,title,0.85
_zckyL8H6n0,17269,로블록,title,0.85
_zrKpOeNzr4,17269,로블록,title,0.85
a-dq89C7Y9s,119133,elden ring,title,0.85
a0K-yY23Ea8,17269,로블록,title,0.85
a0SCMWSu6q4,1020,gta 5,title,0.85
a1B6jbfDP1U,119133,elden ring,title,0.85
a1T_Ww4xxGI,26128,로스트아크,title,0.85
a1fyYpYq8AI,119277,원신,title,0.85
a1lkSbpaRoc,1020,gta 5,title,0.85
a2I0rd_oZg0,125165,디아블로4,title,0.85
a2UaiGqJ1KU,9804,메이플,title,0.85
VqSyrjnxVxc,1911,패스오브엑자일,title,0.85
VqrbxJBn0zM,117199,니케,title,0.85
Vr0CBOWAl9M,26128,로스트아크,title,0.85
Vr0CBOWAl9M,151665,팰월,title,0.85
VrSaJYC9hc0,93902,fc온라인,title,0.85
VrY9Xh6TraI,26606,던파,title,0.85
VrpyWxzB-9I,26128,로스트아크,title,0.85
VsT7V49x80c,388008,리니지,title,0.85
VsZctIAVVpo,17269,로블록,title,0.85
Vt8WMqE79pY,8173,오버워치,title,0.85
VtQ4EcIZhqs,1020,gta 5,title,0.85
VuA10FBN5D4,115,롤,title,0.85
VuIG9ZSOF8I,115,롤,title,0.85
Vv3T4onKuG8,27789,배그,title,0.85
Vv_x1AK_9V0,27789,배틀그라운드,title,0.85
VvkVyMJm2SM,26606,던파,title,0.85
VwNPTCZde-8,115,롤,title,0.85
VwvE5c3FlGY,27789,배틀그라운드,title,0.85
VxeW35B0LVs,27789,배틀그라운드,title,0.85
VxfNIGRKBNg,17269,로블록,title,0.85
Vxh45UhF-tk,126459,valorant,title,0.85
Vy2e8hhEHbA,115,롤,title,0.85
VyTObjYImAE,93902,fc온라인,title,0.85
Vz734VU69yQ,126459,발로,title,0.85
VzF9cIf2FEw,230,스타1,title,0.85
VzICGc0oJBs,17269,로블록,title,0.85
W--AKpVPGmE,21492,마비노기,title,0.85
W-9YMxcaQwE,115,롤,title,0.85
W-S73sJnIuI,135400,마인크래프트,title,0.85
W-jPh2zvCg0,26128,로스트아크,title,0.85
W-u9MxxDwXE,26128,로스트아크,title,0.85
W-wgVzg8WZY,135400,마인크래프트,title,0.85
W0aFr7pnWmw,115,롤,title,0.85
W0oP7EObwog,115,롤,title,0.85
W1Cn3NdR8hY,26606,던파,title,0.85
W1XlupKe6T4,26128,로스트아크,title,0.85
W1g0WEVAOAo,115,롤,title,0.85
W20rAQu3N84,9804,메이플,title,0.85
W26qodU_hik,135400,마인크래프트,title,0.85
W3fny0sFiJk,17269,로블록,title,0.85
W3iSRJvDpbo,115,롤,title,0.85
W43shkz_0pk,17269,로블록,title,0.85
W5HbDn2bfHU,17269,로블록,title,0.85
W5kiulWNR6k,17269,로블록,title,0.85
W5mUzGUW0Po,26606,던파,title,0.85
W5qpIig4e2I,27789,배그,title,0.85
W7Vrl6rRtsM,27789,배그,title,0.85
W7aAuPGKVWs,126459,발로,title,0.85
W7o7eIS9QFc,27789,배틀그라운드,title,0.85
W96G0re7XtQ,8173,오버워치,title,0.85
W9K4DIbFUA8,186725,뱀서,title,0.85
W9WGXYwx4IE,135400,minecraft,title,0.85
W9aWWO5NeqE,26606,던파,title,0.85
Uc6rpyLNwCI,135400,마인크래프트,title,0.85
UcLyJ0_MRG4,135400,minecraft,title,0.85
UcYX0F6h-hw,9804,메이플,title,0.85
UcwqyM1uOzQ,9804,메이플,title,0.85
Ud-jZjeMTZw,230,스타1,title,0.85
UdD7hjJXA0w,126459,valorant,title,0.85
UdmIoxCr8sM,27789,배그,title,0.85
UeMT7HBCEKw,1020,gta 5,title,0.85
Uf7WGROvK7k,126459,발로,title,0.85
UfT74AQEIHo,151665,팰월,title,0.85
UfcarxA8lCo,563,아이온,title,0.85
UfhRUqUzi1k,1020,gta 5,title,0.85
Ufo3Dd1nu7o,8173,오버워치,title,0.85
Ug-D_RvAEek,119133,엘든링,title,0.85
Ui0J7l1MAMU,27789,배그,title,0.85
UiRubBNGBN4,115,롤,title,0.85
Uj4O_jUW40I,1020,gta 5,title,0.85
UjK7vKBCIuc,117199,니케,title,0.85
Ujo7e0xrguA,115,롤,title,0.85
UkE0JTCO2bw,1020,gta5,title,0.85
UkKC4gxgMvk,230,starcraft,title,0.85
UkMUmu19VlM,26128,로스트아크,title,0.85
UkVmx7WUdDk,27789,배그,title,0.85
UkyMVwGkZNs,115,롤,title,0.85
Ul-YN4a9ZHQ,117199,니케,title,0.85
UlNibBebPC8,126459,발로,title,0.85
UlVrJpovuTg,9804,메이플,title,0.85
UmL5AltmCbI,115,롤,title,0.85
UmpcIg1QI5U,230,starcraft,title,0.85
UnC-KNy-MGk,1020,gta 5,title,0.85
UnQfmZsyPDo,26606,던파,title,0.85
UoDeh42lKYk,135400,마인크래프트,title,0.85
Uod4dRT9qAI,135400,minecraft,title,0.85
UpWGadL_xIE,119133,elden ring,title,0.85
Uq19WBxf1U8,26606,던파,title,0.85
Uqzd11rWpOE,27789,배틀그라운드,title,0.85
Ur2lE3xNWaM,17269,로블록,title,0.85
Ur6Psf66oTk,135400,마인크래프트,title,0.85
UrAs42cQCdo,115,롤,title,0.85
UrY_T00Uc_E,17269,로블록,title,0.85
Us8grIMt-zQ,115,롤,title,0.85
UsCQ3Vd5FZs,27789,배그,title,0.85
UsE2ZpmrpHM,230,스타크,title,0.85
UsIj4-dGPz0,178282,스타레일,title,0.85
UsbxnT9Q3vw,27789,배그,title,0.85
UsmLzmJwSFo,135400,마인크래프트,title,0.85
UsuNKv136Ss,117199,니케,title,0.85
UsxSLkMJLmE,9804,메이플,title,0.85
UtWFbboK8CU,1942,위쳐,title,0.85
UtZzu0TTaIc,178282,스타레일,title,0.85
Uto3-cDLjpA,119133,엘든링,title,0.85
UtweJcaujeY,26128,로아,title,0.85
UtyX3vJS2Jg,135400,minecraft,title,0.85
UupyF1EvofQ,1020,gta5,title,0.85
UvpMqIXyeRw,115,롤,title,0.85
Ld1TO8AUKWY,1020,gta 5,title,0.85
LdO725Jzvto,6292,검은사막,title,0.85
LdRW9JAMlmY,26128,로스트아크,title,0.85
Ld_n1bMJMFk,126459,valorant,title,0.85
LeemjP-ljcg,230,스타크,title,0.85
Lef88YNlTKQ,388008,리니지,title,0.85
Lf1uCp7Nmbo,126459,발로,title,0.85
LfoD8EVZok8,9804,메이플,title,0.85
Lg0wH0NyIJE,1020,gta 5,title,0.85
LgFGP4kKfLs,1020,gta 5,title,0.85
LgShanUPJFk,151665,팰월,title,0.85
LgjmcrDCuuY,27789,배그,title,0.85
Lh0pV4BUVEk,388008,리니지,title,0.85
Lhtf-xv3Cvw,115,롤,title,0.85
Li2r0hY1Bmg,27789,배틀그라운드,title,0.85
LiIKgftNyC0,26128,로스트아크,title,0.85
LiLR8JkNYvc,26606,던파,title,0.85
LjbZJNRQ9Wo,17269,로블록,title,0.85
Lk9tsyN3qXw,26606,던파,title,0.85
LkPxOBjcwMk,126459,발로,title,0.85
Lkh0ip8ttOM,126459,발로,title,0.85
LkyyWRvFs3g,1020,gta 5,title,0.85
LlD9qF0ht1A,26606,던파,title,0.85
LlilDR8MFVk,115,롤,title,0.85
LlnNITHoX8o,125165,diablo 4,title,0.85
Lm1zBOElenU,1020,gta 5,title,0.85
LmK4rPxAUeo,119277,원신,title,0.85
LmlDLSwjGe4,126459,발로,title,0.85
LmlmvyPXszk,93902,fc온라인,title,0.85
Ln5OhjC8FBE,1020,gta5,title,0.85
LnDXk2Fsd6Q,126459,valorant,title,0.85
LodkCch4J9Y,126459,발로,title,0.85
LpS3L_tjIag,115,롤,title,0.85
LpjRgr5AWug,1020,gta 5,title,0.85
Lptj8WSDYNA,93902,fc온라인,title,0.85
Lpwg57yYAAk,27789,배틀그라운드,title,0.85
Lq-TuxE2a0Y,26128,로스트아크,title,0.85
Lq0rdm-OB8c,27789,배그,title,0.85
Lq48Ii0lKmQ,115,롤,title,0.85
LqSLyU_LRuc,115,롤,title,0.85
Lqk5zOGTJ1g,1020,gta 5,title,0.85
Lr6LgWY4sCQ,26606,던파,title,0.85
LrLv7ZQcbLA,126459,발로,title,0.85
Lr_IIr3E6EA,27789,배틀그라운드,title,0.85
LsxP5-zKnMA,388008,리니지,title,0.85
Lt45cshjvd4,93902,fc온라인,title,0.85
Lto9oN9C14k,135400,마인크래프트,title,0.85
Lu53JqI3nIM,7346,야숨,title,0.85
LuD-1kNyQoA,178282,스타레일,title,0.85
LuR4h9QVdbM,126459,valorant,title,0.85
Luha1iieSd4,8173,오버워치,title,0.85
Lv7YZ1-0hwY,151665,팰월,title,0.85
LvRwOke9ZGE,27789,배그,title,0.85
LvUlXGZrchk,17269,로블록,title,0.85
LxNq7YLSXSE,388008,리니지,title,0.85
LxlLiCtlns0,26606,던파,title,0.85
XB6ZzLgrn5E,26128,로스트아크,title,0.85
XBDS-mhzP4Y,126459,발로,title,0.85
XBHFVyIkEds,26606,던전앤파이터,title,0.85
XBxttRLwzkk,230,스타크,title,0.85
XCBw6uZv3Qo,27789,배그,title,0.85
XCTZwgQiZrs,115,롤,title,0.85
XCjysOtK80g,126459,발로,title,0.85
XCuTFWhyJFk,17269,로블록,title,0.85
XDUHNglXCiI,230,스타크,title,0.85
XDV8eSDoyT8,7346,야숨,title,0.85
XDbwkhF2_Nk,114795,에이펙스,title,0.85
XDcUet2-ZWw,230,starcraft,title,0.85
XE9RE0moEXk,26606,던파,title,0.85
XEgaf-IWRTc,17269,로블록,title,0.85
XFNRWlfKj3I,8173,오버워치,title,0.85
XFRZpMjpLa4,26606,던파,title,0.85
XGCT_GULohc,1020,gta 5,title,0.85
XGgA6ZQbMmo,3277,러스트,title,0.85
XGlX2ZfuNLU,126459,발로,title,0.85
XH0k25pVqGY,1020,gta5,title,0.85
XH7e0Q7A8zY,26128,로스트아크,title,0.85
XHL9_1PJZAM,17269,로블록,title,0.85
XHgD9VbmQKA,126459,valorant,title,0.85
XI4-4fLfnxU,178282,스타레일,title,0.85
XISH3kPY3zk,17269,로블록,title,0.85
XIVaktOVJZQ,563,아이온,title,0.85
XIbI1AB4KJ0,17269,로블록,title,0.85
XJKAdQbxc2A,26128,로스트아크,title,0.85
XJtWqb8XxOY,563,아이온,title,0.85
XJwPHYkhE3Y,115,롤,title,0.85
XK4sXXUTEqE,115,롤,title,0.85
XKDwqvVTzP4,26606,던파,title,0.85
XKi6xv24t24,126459,발로,title,0.85
XKjbGs97uVI,135400,minecraft,title,0.85
XKlFU8uLjcQ,93902,fc온라인,title,0.85
XKwCUdZR_SY,8173,오버워치,title,0.85
XLkVOvERDME,17269,로블록,title,0.85
XLygZf7t0qk,115,롤,title,0.85
XLzCcs_PLqg,27789,pubg,title,0.85
XMcPuXFuz2I,125165,diablo 4,title,0.85
XMkYZBcRkmM,126459,발로,title,0.85
XMm5Rz0ZVD8,17269,로블록,title,0.85
XMqrjHTBP4I,126459,발로,title,0.85
XN3BgYtcQko,126459,valorant,title,0.85
XNTkXQtz87k,27789,배그,title,0.85
XOVvISV3KuE,1020,gta 5,title,0.85
XOjyj0F2R4Q,8173,오버워치,title,0.85
XP57tQzPlcw,1020,gta5,title,0.85
XPrX_Xw_lIY,126459,발로,title,0.85
XPxyqXMMezc,26606,던파,title,0.85
XQIwag9E1jA,126459,발로,title,0.85
XQKZB4DVJI0,115,롤,title,0.85
XQMT2ALv5RA,26606,던파,title,0.85
XQUhVZE6ZJY,126459,발로,title,0.85
XQl9XdhQuTg,115,롤,title,0.85
XQpNIklWrBU,9804,메이플,title,0.85
XQtnELaxljQ,1020,gta 5,title,0.85
XQyswGtpCK0,8173,오버워치,title,0.85
XRFn_QGph4s,126459,발로,title,0.85
XRd8_LVBfQo,27789,배틀그라운드,title,0.85
XScDstCP38E,27789,배틀그라운드,title,0.85
XSwKS-v8MoM,8173,오버워치,title,0.85
XSwKS-v8MoM,331286,오버워치2,title,0.85
YQQFEUVMZxE,1020,gta5,title,0.85
YR_V2J63LOI,26128,로아,title,0.85
YRqSiryyOgA,126459,발로,title,0.85
YS2QgMTp_8s,8173,오버워치,title,0.85
YSSKDYCfTkw,9804,메이플,title,0.85
YT2lOhgSGIA,93902,fc온라인,title,0.85
YU6l8gxETvo,27789,배그,title,0.85
YUV1GkJaiHo,1020,gta 5,title,0.85
YUXLVbU2hoY,230,스타크,title,0.85
YVvZ75sk_Is,115,롤,title,0.85
YWUqawmSmOo,27789,배틀그라운드,title,0.85
YXuRBK-nbus,26606,던파,title,0.85
YY2J5LoO6JU,119277,원신,title,0.85
YYdShGDDHXo,126459,valorant,title,0.85
YYkuvYaoXK8,1020,gta 5,title,0.85
YYrHFigUePc,115,롤,title,0.85
YZSTnsO4I7w,27789,배그,title,0.85
Y_6EQZCkHWg,27789,배그,title,0.85
Y_XKHxaEBWE,27789,배그,title,0.85
YaJkbkCd-Mo,119133,엘든링,title,0.85
YbFDWf2h62o,125165,디아블로4,title,0.85
YboIAHLdjxU,1942,위쳐,title,0.85
Ybpo1S9Qw4w,1020,gta5,title,0.85
Ycr1Von59XY,26128,로스트아크,title,0.85
Yd0OnZDrU_U,1020,gta 5,title,0.85
Yd9t64Q1LZ4,1020,gta 5,title,0.85
YdAREhLlPTU,93902,fc온라인,title,0.85
YdB5rhkQFgw,126459,발로,title,0.85
YdPjZO7lzEE,115,롤,title,0.85
Ydf5t-byCtA,178282,스타레일,title,0.85
YduaouGiLl8,17269,로블록,title,0.85
Ydyg78Q13H8,388008,리니지,title,0.85
YecCUxmGyu8,135400,마인크래프트,title,0.85
YemwAA8z9Lk,119277,원신,title,0.85
YfVab3P15bE,178282,스타레일,title,0.85
YfWmsGIP0fo,27789,배그,title,0.85
YfcN4ZvyFXs,126459,발로,title,0.85
YgOnMZqtL-k,1020,gta 5,title,0.85
Yh-llkxfWhY,93902,fc온라인,title,0.85
YhsH5EvBoiI,126459,발로,title,0.85
EY2MJoIaolg,27789,배그,title,0.85
EZHlEcHJHBs,26128,로스트아크,title,0.85
EZKxhNzxgTY,126459,발로,title,0.85
EZNLgaNx33U,17269,로블록,title,0.85
E_-stQBwA7o,1020,gta 5,title,0.85
E_x5IBwTYQg,17269,로블록,title,0.85
E_x7fJH3yY4,115,롤,title,0.85
EaC4Y1JBcyM,115,롤,title,0.85
EadIERrizSs,126459,valorant,title,0.85
EahEMKdB5Y0,126459,발로,title,0.85
EajR2LOXC3E,17269,roblox,title,0.85
EavAJGro3yU,135400,minecraft,title,0.85
Eb2W78TdbZY,230,starcraft,title,0.85
Eb62BIlruuU,119133,엘든링,title,0.85
EbmfYmp0kuo,119277,원신,title,0.85
Ec-6jnHHEkI,26606,던파,title,0.85
EcW_Zfe2Gfs,115,롤,title,0.85
Ed0CPR2gPZY,27789,배그,title,0.85
Ed4XVs_kqYs,1877,사펑,title,0.85
EdkaFQc2hjE,119277,원신,title,0.85
Edpo9N-DRqk,17269,로블록,title,0.85
EfsNQmhLfts,115,롤,title,0.85
EgM-z60uqfs,115,롤,title,0.85
Egh3UJOxeCc,27789,pubg,title,0.85
Eh-RIOyLTfE,27789,배그,title,0.85
EheuJ8wSBD4,17269,로블록,title,0.85
EiQ_Q3wvmP8,27789,배그,title,0.85
EiybfBbyUYc,66463,서든어택,title,0.85
EjI9uDmqGKw,1020,gta 5,title,0.85
EkBk20P4MXE,8173,오버워치,title,0.85
El_qyhzmawA,119277,원신,title,0.85
EldOnXiVdf8,9804,메이플,title,0.85
EljwhJ1aiHk,9804,메이플,title,0.85
EmFYuTr08as,26606,던파,title,0.85
EmpQwqNPD8w,26128,로스트아크,title,0.85
EmsQB1EHf_c,126459,valorant,title,0.85
EnIxKpA5MPA,230,스타크,title,0.85
EnV_lZdoqEg,126459,valorant,title,0.85
PI8NtC39rVY,17269,로블록,title,0.85
PIRUMnWafr8,119277,원신,title,0.85
PI_zwpKiMEo,1020,gta 5,title,0.85
PIaRVuT1HOg,126459,valorant,title,0.85
PJ5KFkUAZWg,1020,gta 5,title,0.85
PKA7HVwGjcY,17269,로블록,title,0.85
PL8FmZL90jU,115,롤,title,0.85
PLiUf_UXfb8,17000,스타듀,title,0.85
PM9KSXvFevo,17269,로블록,title,0.85
PNG6j-_OP44,119277,원신,title,0.85
PNGMqI92zag,178282,스타레일,title,0.85
PNhXMgcvbp8,1020,gta5,title,0.85
PO683sF40M8,9804,메이플,title,0.85
POY9IN7ZjtY,8173,오버워치,title,0.85
POapJ398WFU,9804,메이플,title,0.85
PObZjSi4D3Q,17269,로블록,title,0.85
PP5fZVm3wp4,1020,gta5,title,0.85
PPEXG_EgA0Y,119133,elden ring,title,0.85
PPz1PRwhngU,26128,로스트아크,title,0.85
PQW7FuwW4ak,119277,원신,title,0.85
PQgnwzLVGsw,1020,gta 5,title,0.85
PRtSzZZita0,26606,던파,title,0.85
PSD1LZBJrFI,126459,발로,title,0.85
PSDE70DNVNs,1911,패스오브엑자일,title,0.85
PSL_DrWna44,9804,메이플,title,0.85
PSNuanmUsCo,1020,gta 5,title,0.85
PSWECHLd6eU,115,롤,title,0.85
PT8GM84hy4s,126459,발로,title,0.85
PTIl3KMnXvU,1020,gta5,title,0.85
PTTANzEPQrs,26606,던파,title,0.85
PTwmWXxWmtI,115,롤,title,0.85
PU_0u_3X-No,9804,메이플,title,0.85
PUh_XZcAm8M,115,롤,title,0.85
PUsHdTzPa40,115,롤,title,0.85
PVFjoS5tyAo,17269,로블록,title,0.85
PWPA1ethSMc,126459,valorant,title,0.85
PWRjm8lEmMo,135400,마인크래프트,title,0.85
PWmRob_ykqQ,9804,메이플,title,0.85
j91FEYIipwc,27789,pubg,title,0.85
j9ViaOy_av4,115,롤,title,0.85
j9oH9PlRC88,17269,로블록,title,0.85
jA9I26a92uo,563,아이온,title,0.85
jAy-eS64tAw,135400,마인크래프트,title,0.85
jB9NO0VjtLY,115,롤,title,0.85
jBLbRC0bU9g,126459,valorant,title,0.85
jBcRub1uon0,9804,메이플,title,0.85
jC9OTgsSr-Y,125165,diablo 4,title,0.85
jCC7XFC8kpc,388008,리니지,title,0.85
jCKys5M_7Kk,115,롤,title,0.85
jCbHebgbBWE,26606,던파,title,0.85
jCctVCos55g,17269,로블록,title,0.85
jDGRVDPgM4U,126459,발로,title,0.85
jDMv_ORwlks,1020,gta5,title,0.85
jDXLakpdVO8,115,롤,title,0.85
jE-dvnEjCeI,8173,오버워치,title,0.85
jEHyOEDU8VY,17269,로블록,title,0.85
jEn8aKox7FU,26128,로스트아크,title,0.85
jFcmm7X_l0w,17269,roblox,title,0.85
jGJ0P6SQgBc,21492,마비노기,title,0.85
jGPS3cGSvL4,9804,메이플,title,0.85
jGihnKzI24s,1020,gta 5,title,0.85
jGsWn0qcBjk,8173,오버워치,title,0.85
jGsWn0qcBjk,331286,오버워치2,title,0.85
jH3ueltDLYg,1020,gta5,title,0.85
jHCxB9O-Py0,388008,리니지,title,0.85
jHhfDnTe7wM,26606,던파,title,0.85
jI36lh5bRQ8,17269,로블록,title,0.85
jIvvgkclNHc,26128,로스트아크,title,0.85
jJH_ybC18u0,93902,fc온라인,title,0.85
jJIvDKSLJWM,9804,메이플,title,0.85
jJIvDKSLJWM,26128,로아,title,0.85
jJRdpK_1q7c,8173,오버워치,title,0.85
jJXeV_u3kfs,9804,메이플,title,0.85
jJwawV9lvtk,26128,로스트아크,title,0.85
jJwuRcMJLsY,135400,minecraft,title,0.85
jL2-WsjMGF4,563,아이온,title,0.85
jLR_58TZ3cc,93902,fc온라인,title,0.85
jMSUrz2FaR0,1020,gta 5,title,0.85
jNjwO-RnMrM,17269,로블록,title,0.85
jOkqwP-S498,178282,스타레일,title,0.85
jPM3pLbpfa8,126459,발로,title,0.85
jQESpbXB-cg,563,아이온,title,0.85
jQGhQi-uqvY,26128,로스트아크,title,0.85
jQ_-GAkBxCM,8173,오버워치,title,0.85
jQsQDV1hdLE,93902,fc온라인,title,0.85
jRWXcb_boZg,119277,원신,title,0.85
jRxzPjyDX8U,230,스타크,title,0.85
jSvAYaV_-CA,26128,로스트아크,title,0.85
u5WvzhzZBH0,8173,오버워치,title,0.85
u6jnQ4bZdJY,93902,fc온라인,title,0.85
u6yi9WCVzqQ,119277,원신,title,0.85
u8Heb-Q0Brw,117199,nikke,title,0.85
u8Qtgfkk3IA,126459,valorant,title,0.85
u94qaWeV-nc,119133,elden ring,title,0.85
u9LVS7y461U,126459,발로,title,0.85
uAmrcE_eaYA,9804,메이플,title,0.85
uCQ82OY0_j4,27789,배그,title,0.85
uCQa1VHbSZY,119277,원신,title,0.85
uCRR_8mbJ_E,26606,던파,title,0.85
uE6A1MueX6k,135400,마인크래프트,title,0.85
uELVqeyFj6Y,1020,gta 5,title,0.85
uEQeXZc-oDU,1020,gta5,title,0.85
uEc9s9NKos0,7346,야숨,title,0.85
uFPEJxt1vig,9804,메이플,title,0.85
uFV-p_TSR_E,230,스타크,title,0.85
uFq_f-MWMKc,119388,왕눈,title,0.85
uG2YAy06xds,1020,gta 5,title,0.85
uG6Endv5L1U,17269,로블록,title,0.85
uGYj9kaVYsU,151665,팰월,title,0.85
uGv6aoirv2g,126459,발로,title,0.85
uIJ1jKBr_ic,26128,로아,title,0.85
uIMXj8I1WiU,9804,메이플,title,0.85
uIiRukmvj6w,126459,valorant,title,0.85
uJHgFiDVnUg,115,롤,title,0.85
uJXvMNNac7c,563,아이온,title,0.85
uJdhbsj6gYA,26606,던파,title,0.85
uJl0g49DeNg,26606,던파,title,0.85
uK4zAp-yP70,17269,로블록,title,0.85
uKbmws0WYMk,126459,valorant,title,0.85
uL2LD-Hbe7E,26606,던파,title,0.85
uLDhKyYNQOA,115,롤,title,0.85
uLPNTRXjjDg,115,롤,title,0.85
uLUVaoLuVSw,1020,gta 5,title,0.85
uM5EsNe_WL0,17269,로블록,title,0.85
uMAxsYuMLKU,230,스타크,title,0.85
uMfwnbzZnNk,17269,로블록,title,0.85
uMm8vAI3iYw,27789,배그,title,0.85
uMwXOb_Liqs,126459,valorant,title,0.85
uN98ofSvbvs,1020,gta 5,title,0.85
Za2iQeiGm2Y,230,starcraft,title,0.85
ZaGdPrAkQjE,178282,스타레일,title,0.85
ZaaPCudGdlc,93902,fc온라인,title,0.85
ZadFsZ017Hs,26606,던파,title,0.85
Zc1fZosSwrg,126459,valorant,title,0.85
Zco6X7nx22k,8173,오버워치,title,0.85
Zd3dv99LhPo,9804,메이플,title,0.85
Zd5khgblO58,115,롤,title,0.85
Zdda2vWG7I0,1020,gta v,title,0.85
ZdhVYxxOh8o,115,롤,title,0.85
Zf0HknD2Occ,26128,로스트아크,title,0.85
Zfdu7vuVtCk,26128,lost ark,title,0.85
ZgOT3bTo_1E,1905,포트나이트,title,0.85
ZgcQmsHOLZ0,26128,로스트아크,title,0.85
ZgkjHLnEp4I,115,롤,title,0.85
Zh5pL5I_Q3w,135400,마인크래프트,title,0.85
ZhvACwuXiOA,27789,배그,title,0.85
Zi1c-m6Ak3Y,119277,원신,title,0.85
ZiSwhB7dGqY,115,롤,title,0.85
ZiVG6QvaRdQ,115,롤,title,0.85
ZiZLUqzL5XA,126459,발로,title,0.85
Zirb-3sQoiI,115,롤,title,0.85
ZitD7xcdNDE,17269,로블록,title,0.85
ZjoBWc4GsiU,135400,마인크래프트,title,0.85
ZjzXOY1VVjM,26606,던파,title,0.85
Zk8VhGALS34,230,스타크,title,0.85
ZkEsw2wEMZw,1877,사펑,title,0.85
ZlB6a8FIYEk,230,starcraft,title,0.85
ZlClQ9u41t8,9804,메이플,title,0.85
ZlClQ9u41t8,151665,팰월,title,0.85
ZlYmL_kmu-8,1020,gta v,title,0.85
ZmXZM_O5v7E,8173,오버워치,title,0.85
Zn5rBXUqvVI,178282,스타레일,title,0.85
Zn98B_S_e44,27789,배틀그라운드,title,0.85
ZnpxHaO2pig,1020,gta 5,title,0.85
ZoLDvMSwJds,1020,gta 5,title,0.85
ZojLH29HQp8,563,아이온,title,0.85
Zooikt_dATI,126459,발로,title,0.85
O71xWejY5kk,115,롤,title,0.85
O7Ap2IYh0G4,178282,스타레일,title,0.85
O7DpHlRxRFk,115,롤,title,0.85
O7VsMiZNb0s,135400,마인크래프트,title,0.85
O87u8HdGrwo,8173,오버워치,title,0.85
O8WmBHUWISk,27789,배그,title,0.85
O8Y4tnQ5Dtw,115,롤,title,0.85
O8c7Z-EbU5s,151665,팰월,title,0.85
O8qbv5rBWhM,9804,메이플,title,0.85
O8t7lc-uVHs,26128,로스트아크,title,0.85
O8urvVBO0yk,135400,마인크래프트,title,0.85
O9GLr_ipmC0,126459,발로,title,0.85
OBMQi1aPFZA,17269,로블록,title,0.85
OBy0fi86A8g,135400,마인크래프트,title,0.85
OCEcRrjTtxA,17269,로블록,title,0.85
OCEcRrjTtxA,126459,발로,title,0.85
OCSXWRvYsqQ,115,롤,title,0.85
OC_TNdH-rwA,26606,던파,title,0.85
ODsh3BOmNSA,17269,로블록,title,0.85
OE45tw--AWk,135400,마인크래프트,title,0.85
OEAHsIOUb8o,26606,던파,title,0.85
OEZKC60NZdE,8173,오버워치,title,0.85
OFcrqm4nN4Q,115,롤,title,0.85
OFppeF8tt5Q,1020,gta 5,title,0.85
OG46eKkDof0,119133,elden ring,title,0.85
OGExlj1JtlE,119277,원신,title,0.85
OGMhhQiEIDI,230,스타크,title,0.85
OHFyCcCgFCc,115,롤,title,0.85
OHgkz1UUqZs,26128,로아,title,0.85
OHlACYbTPSk,135400,마인크래프트,title,0.85
OHuWR-DBzEg,8173,옵치,title,0.85
OHuWR-DBzEg,126459,발로,title,0.85
OI1IH18STv0,8173,오버워치,title,0.85
OIDpftUcSMg,1020,gta 5,title,0.85
OIMMUu8KFlE,1020,gta 5,title,0.85
OJ25rbb_5xo,388008,리니지,title,0.85
OJElm7p5obk,27789,배그,title,0.85
OJSiSgb8brw,126459,발로,title,0.85
OJqSOFPfI4o,26606,던파,title,0.85
OKJZyKvcFtU,126459,발로,title,0.85
OL4YKHwm8l0,119133,elden ring,title,0.85
OLKFATXW50w,126459,발로,title,0.85
OLmwhiXDIJ4,230,starcraft,title,0.85
OLy4sKWb56E,26128,로스트아크,title,0.85
OMLHf_-v39c,17269,로블록,title,0.85
OMpT6X_obqg,126459,발로,title,0.85
ONE0koQS150,1020,gta5,title,0.85
OO1S6MMStZ4,135400,minecraft,title,0.85
OOUn8xybX-w,27789,배그,title,0.85
OOfxi9wRr2A,27789,배그,title,0.85
OOxhsXrd4IM,126459,발로,title,0.85
OQ8c5YeatJI,27789,배틀그라운드,title,0.85
OQDNFE4dABQ,125165,디아블로4,title,0.85
OQI_DOgekkg,1020,gta 5,title,0.85
OQUhWzVHFAo,115,리그 오브 레전드,title,0.85
kPBnk2oojmc,126459,valorant,title,0.85
kPOIk2suI74,119133,엘든링,title,0.85
kPUY57Xkiv0,1020,gta 5,title,0.85
kPXZmoxeXKA,230,스타크,title,0.85
kQ9ZyC5E-2M,126459,valorant,title,0.85
kR6UylUwb84,230,스타1,title,0.85
kR7G9yM2stQ,9804,메이플,title,0.85
kRLrcOvDI5I,8173,오버워치,title,0.85
kRh12F0-LFo,1020,gta 5,title,0.85
kSHX_Z_dTsM,135400,minecraft,title,0.85
kSJUakaBUCM,27789,배그,title,0.85
kSiIwzwGe1g,1942,위쳐,title,0.85
kSljzD2KSvA,178282,스타레일,title,0.85
kSt16u40bTw,126459,발로,title,0.85
kSwPu3IEKuM,126459,발로,title,0.85
kT42iwkLXUM,115,롤,title,0.85
kUVNLmKbrfU,17269,로블록,title,0.85
kV7SZykqfFQ,126459,발로,title,0.85
kVgA-GMqymA,26128,로스트아크,title,0.85
kVvtP5BsweU,1020,gta 5,title,0.85
kWewM7SQA8A,115,리그 오브 레전드,title,0.85
kWu73gQQzNw,8173,오버워치,title,0.85
kWwKrGu1zsc,126459,발로,title,0.85
kXO8Sg9nHqg,9804,메이플,title,0.85
kXmRSotcq1Q,115,롤,title,0.85
kYMabFrKNZ0,26128,로스트아크,title,0.85
kYS4XY6K3Us,115,롤,title,0.85
kYmDWRovi_0,115,롤,title,0.85
kYoL0FQdh9s,9804,메이플,title,0.85
kZ5gHgibatM,26606,던파,title,0.85
kZ6XJ1Q1Pgo,115,리그오브레전드,title,0.85
kZGHCknivaI,9804,메이플,title,0.85
kZlHGjuQg6o,115,롤,title,0.85
k_RJLmf3kYE,119277,원신,title,0.85
k_vWBUh7kCs,17269,로블록,title,0.85
kaF0W0jPatY,26128,로스트아크,title,0.85
kafBhUwWH_U,8173,오버워치,title,0.85
kavFtbx5png,9804,메이플,title,0.85
kavFtbx5png,26606,던파,title,0.85
kb-RA5-9MMA,1020,gta5,title,0.85
kbJr_vfM6yg,230,starcraft,title,0.85
kbnbH2R6H_U,27789,배그,title,0.85
kcFQ7RC-v4c,27789,배그,title,0.85
kcbzxcXshtY,119277,원신,title,0.85
kdq9RWzWqLo,26606,던파,title,0.85
kdu_vtYReLM,1020,gta 5,title,0.85
i3I06Zrmsu0,563,아이온,title,0.85
i43hV8kkODE,230,스타크,title,0.85
i4AJp-OQ0uw,178282,스타레일,title,0.85
i4NpDD54KJQ,1020,gta 5,title,0.85
i5Cv5SL-AVA,17269,roblox,title,0.85
i6A6pbN0jLQ,9804,메이플,title,0.85
i6PPMJaeVZU,115,롤,title,0.85
i6ntGs45T1U,115,롤,title,0.85
i71f0PPFlnA,135400,minecraft,title,0.85
i7h0ZVja2dA,115,롤,title,0.85
i7k2XboBcPA,115,롤,title,0.85
i7v5_uk5-OI,151665,팰월,title,0.85
i996km_4fK4,26128,로아,title,0.85
i9BZwJAMfn8,1020,gta5,title,0.85
i9IiyLiXb6Q,135400,minecraft,title,0.85
iAKNudlB5mA,563,아이온,title,0.85
iBc0zKgC7iI,126459,발로,title,0.85
iC89DLlpK8I,126459,valorant,title,0.85
iCEg8ICIdm0,125165,diablo 4,title,0.85
iChX3EUZXIE,563,아이온,title,0.85
iDrpF60uUkw,26128,로스트아크,title,0.85
iEZTUI6AbW0,178282,스타레일,title,0.85
iEfsegu_oZw,125165,디아블로4,title,0.85
iEpeCJTlV0o,1020,gta 5,title,0.85
iEvChuM2cN4,126459,발로,title,0.85
iF_AOfyat0U,388008,리니지,title,0.85
iFvCFHYv85U,17269,로블록,title,0.85
iFvR6Wcjy4I,26606,던파,title,0.85
iG0pwGoR8bw,8173,오버워치,title,0.85
iGBhbrzRImU,115,롤,title,0.85
iGxeJdwYEj0,119133,엘든링,title,0.85
iH0c5MLKpOI,26606,던파,title,0.85
iHR3ml0dy8g,126459,발로,title,0.85
iHUKlYZBJDg,26606,던파,title,0.85
iHn8eUnXtAE,388008,리니지,title,0.85
iIQTxhJfohI,115,롤,title,0.85
iIWpVkWsIsg,230,스타1,title,0.85
iJH1ag-k7B0,115,롤,title,0.85
iJU3OCBnT3g,9804,메이플,title,0.85
iJly5KZFJGI,9804,메이플,title,0.85
iJw0RfExFPk,17269,로블록,title,0.85
iKVh1bbHglo,27789,배그,title,0.85
iL-wOk5aKDU,1020,gta 5,title,0.85
iLVhp3UwpnE,115,롤,title,0.85
iLXNSFhGB_o,178282,스타레일,title,0.85
iLyJIeF_0Wk,115,롤,title,0.85
JVfT4EcxFN8,9804,메이플,title,0.85
JWrkvINa6NE,93902,fc온라인,title,0.85
JX1hLR8vQ-g,27789,배틀그라운드,title,0.85
JXVdLJD8LaI,178282,스타레일,title,0.85
JYGj_8H1vp0,135400,minecraft,title,0.85
JZidQkwvEXQ,115,롤,title,0.85
J_GBE2qSTIM,126459,valorant,title,0.85
J_QpwXoOUTg,27789,pubg,title,0.85
J_W1p9L_Khc,66463,서든어택,title,0.85
J_g358NJsQ4,563,아이온,title,0.85
JaSopFyejwM,230,starcraft,title,0.85
JaXOr2BBiGo,1020,gta 5,title,0.85
Jbm06KmJM-w,135400,마인크래프트,title,0.85
JbqUK8747mc,9804,메이플,title,0.85
JcJ8no6lso4,27789,배그,title,0.85
JcuhwlGkhQU,26606,던파,title,0.85
Jd2JE_Lp3xw,126459,valorant,title,0.85
JdThU4hO8yw,8173,오버워치,title,0.85
Jdd8MQ-n7Iw,26128,로스트아크,title,0.85
JdeY1_YMbTw,17269,로블록,title,0.85
Je8JAhEvUFs,126459,발로,title,0.85
JeDfqocXLh8,119133,엘든링,title,0.85
Je_wW9tAxcg,115,롤,title,0.85
Jf-jOHGZ9us,119133,엘든링,title,0.85
JfZPolmEh9k,26128,로스트아크,title,0.85
Jfy1hGpdszM,8173,오버워치,title,0.85
JgESdDELZIs,26128,로아,title,0.85
JgTfasdAvH8,1020,gta5,title,0.85
JhH9ghAPgIk,26606,던파,title,0.85
Jire4JvDAtM,93902,fc온라인,title,0.85
JjPNA4MmdkU,115,롤,title,0.85
Jjc3HN7LlpI,9804,메이플,title,0.85
JjxCo6CHwG0,1020,gta 5,title,0.85
Jk-R-Mgbxfo,151665,팰월,title,0.85
Jk4vno0Y2i8,126459,발로,title,0.85
Jk8yK0KzAE8,115,롤,title,0.85
Jkvzii2y1C4,1020,gta5,title,0.85
JkxmG--QvvM,126459,발로,title,0.85
ay3pIOBVBHc,178282,스타레일,title,0.85
aybt8WItV7E,1020,gta5,title,0.85
aywSaeBadwU,26606,던파,title,0.85
azGMMcHObmM,17269,로블록,title,0.85
azdWWfH5b-U,230,스타크,title,0.85
azofUvymt3Y,17269,로블록,title,0.85
azsnDKSfmfU,115,롤,title,0.85
azyeSgrJXfY,1020,gta 5,title,0.85
b0iDkQLi0t0,27789,배그,title,0.85
b1SlAx1s4EU,26606,던파,title,0.85
b2EyK-tRLWE,8173,오버워치,title,0.85
b2oFjK8I7_I,26128,로스트아크,title,0.85
b2pXlBhTwv4,26128,로스트아크,title,0.85
b3203hxWbSs,26128,로스트아크,title,0.85
b3TRMG71rNc,17269,로블록,title,0.85
b464-PkXJFQ,17269,로블록,title,0.85
b4jqPTEvtgs,26128,로스트아크,title,0.85
b4n8ksqQ1Tk,119277,원신,title,0.85
b5UldLCAg0Q,1020,gta 5,title,0.85
b6kpLEj-lfQ,1020,gta 5,title,0.85
b6nKprQmhcc,119133,elden ring,title,0.85
b6r_XrOOfRc,26606,던파,title,0.85
b6sdkktzmRM,26128,로스트아크,title,0.85
b7mxUKX5wuo,126459,valorant,title,0.85
b7y2IJUVQ1o,178282,스타레일,title,0.85
b94xCi6xu-8,8173,오버워치,title,0.85
b9N5sJbm43w,230,starcraft,title,0.85
bBXt6QwFoUQ,6292,검은사막,title,0.85
bCS-Se87FPE,115,롤,title,0.85
bCXZw2Np2B4,115,롤,title,0.85
bCop63ihGK0,115,롤,title,0.85
bDQl8VdDExk,115,롤,title,0.85
bEhnJlm5Htk,9804,메이플,title,0.85
bFpW-So9FW8,126459,발로,title,0.85
bFuDw2kcv48,230,starcraft,title,0.85
bGAjd7DeyIU,17269,로블록,title,0.85
bGHUW197NRI,17269,로블록,title,0.85
bGJF43xGmxg,115,롤,title,0.85
bGQ-EnI1D-k,388008,리니지,title,0.85
bGak0Hm0lA0,1942,위쳐,title,0.85
bGnPnv06ptg,119277,원신,title,0.85
bGtlog_Y_CI,135400,마인크래프트,title,0.85
bH-VX5_Qz4Y,115,롤,title,0.85
bH-VX5_Qz4Y,1942,위쳐,title,0.85
bH6Xe7shsrs,9804,메이플,title,0.85
bHLQsC7s3kg,27789,배틀그라운드,title,0.85
bIGt7Y4c3LA,115,롤,title,0.85
bIPHc8UXIrA,27789,배그,title,0.85
bIekzF78I7I,26606,던파,title,0.85
RQ5zb_EBc9A,27789,배틀그라운드,title,0.85
RQpJdwjo7Yc,230,starcraft,title,0.85
RRUKMoMmWv0,27789,배그,title,0.85
RRaA6VFAuWE,115,롤,title,0.85
RS09AjS5JG8,9804,메이플,title,0.85
RS7LE9Vsgl8,115,롤,title,0.85
RS9Bxy5Ufok,27789,배그,title,0.85
RSKcjbZyhtU,27789,배그,title,0.85
RT-xBSCSRNI,17269,로블록,title,0.85
RTDURwNDO2o,8173,오버워치,title,0.85
RU0vmB30KNs,178282,스타레일,title,0.85
RU1oZT_tgQ8,8173,오버워치,title,0.85
RU2fF56RJwg,9804,메이플,title,0.85
RV4WH_mIhSo,115,롤,title,0.85
RVcJt9_tAgU,230,starcraft,title,0.85
RXXFg7dXwnA,126459,발로,title,0.85
RXltuQJCJyQ,230,starcraft,title,0.85
RXxRkAcM4RQ,230,starcraft,title,0.85
RZWVilpX14o,17269,로블록,title,0.85
RZYVup0Tjlw,27789,배그,title,0.85
R_JMvprTYy8,26128,로스트아크,title,0.85
R_R2VOqZ3go,178282,스타레일,title,0.85
R_wZa-nnty0,115,롤,title,0.85
Ra1vH0F6KlI,115,롤,title,0.85
Raa5mEfLLyo,119277,원신,title,0.85
Ranfosnca_Q,230,starcraft,title,0.85
Rc077guvtPA,119133,엘든링,title,0.85
RcAb2yKMX8U,126459,발로,title,0.85
Rdj_MVfpKFA,17269,로블록,title,0.85
Re6PcYSMaGw,26606,던파,title,0.85
ReFBq4PIaMc,115,롤,title,0.85
ReWiw3LViW8,27789,배그,title,0.85
Rf7DOeTV1cg,119133,elden ring,title,0.85
RfWzHTuGQh8,119277,원신,title,0.85
Rg24-f5jI-k,27789,배틀그라운드,title,0.85
RhbsKg8sac4,178282,스타레일,title,0.85
HZ98YtuyeWc,1020,gta 5,title,0.85
HZAO9n5e2H4,26606,던파,title,0.85
HZN9XlQ-UCI,9804,메이플,title,0.85
H_LPnSlHdXY,26606,던파,title,0.85
H_geg-H4M-Q,135400,마인크래프트,title,0.85
H_l_x2cqIi8,8173,오버워치,title,0.85
HaO5fYYs4pE,115,롤,title,0.85
HaUl79tjcnk,1020,gta 5,title,0.85
Hc-Ld6eIknY,17269,로블록,title,0.85
HcVg9euNz90,115,롤,title,0.85
HcwQYV7JDZk,230,스타크,title,0.85
HdIol7H0QrE,8173,오버워치,title,0.85
Hdu-_wvRBeM,27789,배틀그라운드,title,0.85
HdzDcW-wpj4,230,starcraft,title,0.85
HeRRMciIjZg,26606,던파,title,0.85
HehDf6xGp90,8173,오버워치,title,0.85
Het7faI8EL0,126459,valorant,title,0.85
HeuMX4kixmQ,115,리그 오브 레전드,title,0.85
HfGaATgJrIY,115,롤,title,0.85
HfJ4DUla38w,9804,메이플,title,0.85
Hg5ZHrYgDp8,125165,디아블로4,title,0.85
Hg8B4aGD6CY,1020,gta 5,title,0.85
Hgox9qKv6qs,8173,오버워치,title,0.85
Hgq_ZhwiYQM,117199,니케,title,0.85
HgrlnpT9nXE,8173,오버워치,title,0.85
Hh5spTujzuc,126459,발로,title,0.85
Hh98_zB_QDk,135400,minecraft,title,0.85
HhEqEXFWpNM,119388,왕눈,title,0.85
HhOa9u5dB1s,126459,발로,title,0.85
HhaqWJPUqqg,230,스타크,title,0.85
HhmhjYpcNUQ,17269,로블록,title,0.85
HifNw-QSM6o,151665,팰월,title,0.85
HijiCNUmpfY,119133,엘든링,title,0.85
HiwuB0aETXQ,93902,fc온라인,title,0.85
Hj3u0GLLJBE,17269,로블록,title,0.85
HjKBFdWiols,135400,minecraft,title,0.85
HjStWcgm4b8,115,롤,title,0.85
HjY9qzopVHQ,27789,배그,title,0.85
HkAdwLRQrJE,115,롤,title,0.85
HkRZCDgZCGY,388008,리니지,title,0.85
HkeB8nfIp1o,151665,팰월,title,0.85
HkkGbB-ywXY,1020,gta 5,title,0.85
Hl6g-ypAMXs,115,롤,title,0.85
Hl8akEjUpvg,17269,로블록,title,0.85
HlXlMHL4-uE,27789,배그,title,0.85
Hm9HZIk-nDo,115,롤,title,0.85
HmF4lIS9eIE,178282,스타레일,title,0.85
HmGojyqud8U,115,롤,title,0.85
HmzFK7lQLCY,230,starcraft,title,0.85
HnPB1MqN12I,17269,로블록,title,0.85
t0-V8DPthuI,126459,발로,title,0.85
t02lT4kn_bk,115,롤,title,0.85
t0CXi95Jnno,1020,gta 5,title,0.85
t0TgWdvG3Q8,115,롤,title,0.85
t0kBrEA4QFk,115,롤,title,0.85
t18gTLJHvpU,115,롤,title,0.85
t1JblQc7bl8,125165,디아블로4,title,0.85
t1KbERv9xM0,27789,배그,title,0.85
t1xxu2hzvVY,93902,fc온라인,title,0.85
t2FMBZt5XpE,8173,오버워치,title,0.85
t2HrMMuNAnU,1020,gta5,title,0.85
t2vSrj3u2Qo,26606,던파,title,0.85
t3MPXXJ2GzQ,126459,발로,title,0.85
t4BQhssJua0,17269,로블록,title,0.85
t4FvJfhmRN4,115,롤,title,0.85
t4MR4HCj6xw,126459,발로,title,0.85
t4TzxUxbOW8,93902,fc온라인,title,0.85
t5xfLkF-f98,126459,발로,title,0.85
t5zVxSM3lH4,115,롤,title,0.85
t6EwL5hoobQ,26606,던파,title,0.85
t6UM5RDAv2I,178282,스타레일,title,0.85
t7KWXsd3B2M,178282,스타레일,title,0.85
t7Tj-m1kbw8,115,롤,title,0.85
t86FmqefANI,1020,gta 5,title,0.85
t8UPjECKomc,26128,로스트아크,title,0.85
t8npMxSwJ2k,178282,스타레일,title,0.85
t8oYZ0Jm6jM,125165,디아블로4,title,0.85
t9ArwaKd_LI,17269,로블록,title,0.85
t9rokg0OWZc,1020,gta 5,title,0.85
tAYlynHr3YQ,135400,마인크래프트,title,0.85
tBbfLCDz6LI,126459,valorant,title,0.85
tDHRlFzG5fY,119133,elden ring,title,0.85
tDlN1FhUA50,178282,스타레일,title,0.85
tFf5HTws5Rw,1020,gta 5,title,0.85
tFfNk918R6s,1020,gta 5,title,0.85
tGiU33uKrQ0,115,롤,title,0.85
tGkSTsiPlnI,126459,발로,title,0.85
tGwKAZ57--Y,115,league of legends,title,0.85
5E7oSSJlhbc,9804,메이플,title,0.85
5ER7F36hQqI,26606,던파,title,0.85
5F6QQ5_Daec,1020,gta 5,title,0.85
5FMjNcOkiUY,26606,던파,title,0.85
5Fdx_GaJLXc,9804,메이플,title,0.85
5FexVeordJs,117199,니케,title,0.85
5FuyAAghJdA,1020,gta 5,title,0.85
5GAuZzH_Vpk,17269,로블록,title,0.85
5GVIeHg6zRc,26128,로스트아크,title,0.85
5GqcC4BgMZg,93902,fc온라인,title,0.85
5GzJ4tHvcdU,135400,마인크래프트,title,0.85
5HYglwik1dQ,1020,gta5,title,0.85
5HzJ-vGXkUU,115,롤,title,0.85
5IChvGjupXQ,115,롤,title,0.85
5IYOfTi55DA,8173,overwatch,title,0.85
5IxylE-yjbM,135400,마인크래프트,title,0.85
5JC2va7u4s0,126459,valorant,title,0.85
5JNhCjg3BA4,119277,원신,title,0.85
5Js0jwHgGr0,125165,diablo 4,title,0.85
5K_Nn0Y_YFQ,126459,발로,title,0.85
5Kt7MRa5pSE,125165,diablo 4,title,0.85
5KweFpRWlgU,1020,gta 5,title,0.85
5M0RTdGQEUU,27789,pubg,title,0.85
5MMjeK7SS0w,115,롤,title,0.85
5NzlwPvIsqY,126459,발로,title,0.85
5OFTwlaCwrE,115,롤,title,0.85
5OStgbZOydE,1020,gta5,title,0.85
5OTJ7S6tfxE,119277,원신,title,0.85
5OyaP1vq328,115,리그오브레전드,title,0.85
5PPR-Xr2sWo,26606,던파,title,0.85
5PttP4wDv94,1020,gta5,title,0.85
5PuyImRWkcg,1020,gta5,title,0.85
5RRXFpHio4I,115,롤,title,0.85
5Sj3L-oBdrk,178282,스타레일,title,0.85
goUrfRl8QFs,119277,원신,title,0.85
goXs2yOz-2A,26606,던파,title,0.85
gosi_STL-Zc,9804,메이플,title,0.85
gpFBY-ldzLQ,26606,던파,title,0.85
gq9dsvN16TU,230,스타1,title,0.85
gqErVbYXOUM,115,롤,title,0.85
gqRfCrx0UFE,1020,gta5,title,0.85
grYRP65W6H8,26128,로스트아크,title,0.85
gr_nwcB_1WM,27789,배틀그라운드,title,0.85
gsBLjFHPyuI,178282,스타레일,title,0.85
gtv1_7snxdw,26606,던파,title,0.85
gudvHwaFbn8,17269,로블록,title,0.85
gvBKhZSo0Bg,230,starcraft,title,0.85
gvWaPlDE6_U,17269,로블록,title,0.85
gweg66RmXyw,186725,뱀서,title,0.85
gwhkczEXSJI,115,롤,title,0.85
gxE2a4BWH8g,115,롤,title,0.85
gxW30vZC3zg,115,롤,title,0.85
gy8nZltQFBc,178282,스타레일,title,0.85
gyOaMIJlu8s,126459,발로,title,0.85
gySXb5Eds6g,119133,elden ring,title,0.85
gyf59uw9ZZ0,8173,오버워치,title,0.85
gykz_wP7yxs,26606,던파,title,0.85
gyoDJkNOuzc,9804,메이플,title,0.85
gz1zhe6Wq1E,8173,오버워치,title,0.85
h--b_9dK6_o,1020,gta 5,title,0.85
h-X4rKDEI2s,119133,엘든링,title,0.85
h-ZDKkyunQs,26606,던파,title,0.85
h01a-0A5lSs,8173,오버워치,title,0.85
h072TVzGeQI,388008,리니지,title,0.85
h0U4rtoo5ys,126459,valorant,title,0.85
h13LDRy8xp8,1020,gta 5,title,0.85
h1BxJeEX8X4,126459,발로,title,0.85
h1Hj8vnr4Cw,26606,던파,title,0.85
h2-ERKAKErU,1020,gta 5,title,0.85
h2JHtnrDceg,119277,원신,title,0.85
h2V5zPa6r-s,115,league of legends,title,0.85
h2vsnyuoAP4,17269,roblox,title,0.85
h34qxFwa0KY,26606,던파,title,0.85
h4yUnGHCc24,17269,로블록,title,0.85
h57emZWiWAE,17269,로블록,title,0.85
h5BtjJaxh6Q,135400,마인크래프트,title,0.85
h5CFmPf3lmg,26606,던파,title,0.85
h5MfN95Bypk,1020,gta 5,title,0.85
h5glCQI9Q_I,230,starcraft,title,0.85
h5tn6tDcDJM,27789,배그,title,0.85
h62aSNZacXs,26606,던파,title,0.85
h76DLwsnVtY,26128,로스트아크,title,0.85
h7R7TSpcWJ4,17269,로블록,title,0.85
KUUEJK0MRxI,9804,메이플,title,0.85
KUZdq0I7_qQ,178282,스타레일,title,0.85
KUvFD35Du9Y,135400,minecraft,title,0.85
KUyAkyGhYLg,17269,로블록,title,0.85
KV1ArTWlEFU,115,league of legends,title,0.85
KVLhEyx6TIQ,135400,마인크래프트,title,0.85
KVTzTp73wq4,115,롤,title,0.85
KVc9fEBjHaU,126459,발로,title,0.85
KVdNaDJ_OA4,9804,메이플,title,0.85
KWU7eUKt8ks,126459,valorant,title,0.85
KWgQ3_72xLw,125165,diablo 4,title,0.85
KWirk669lwc,126459,발로,title,0.85
KWyb26GRwi0,26128,로스트아크,title,0.85
KXCSf0VIWu8,27789,배틀그라운드,title,0.85
KXDuTGlkJ7k,26128,로스트아크,title,0.85
KXJWi-8-DHw,8173,옵치,title,0.85
KXe3qupIfKM,115,롤,title,0.85
KXwaKTcZ5lk,563,아이온,title,0.85
KYMG4AdoE2Q,17269,로블록,title,0.85
KZ0uWAy6xew,119388,왕눈,title,0.85
KZ165dH-N9M,115,롤,title,0.85
KZepkm3u8nU,125165,diablo 4,title,0.85
KZw8GOj47AQ,151665,팰월,title,0.85
K_I3QPaeXI4,27789,배그,title,0.85
K_L-PwTAdi8,26128,로스트아크,title,0.85
K_bjb1tRjYM,26606,던파,title,0.85
K_tb9bAK9HU,17269,로블록,title,0.85
KatC7YS63DA,17269,로블록,title,0.85
KbCFRVLw2nU,27789,배그,title,0.85
KbJQYQye9MQ,115,롤,title,0.85
KbvswdNfvMs,8173,오버워치,title,0.85
KcvOfblv0-Y,1020,gta 5,title,0.85
KdqibzvJZO4,8173,오버워치,title,0.85
KdrlDl_y1p0,8173,오버워치,title,0.85
KdsHyTz0XJQ,1020,gta5,title,0.85
KeJo3eA-Jzo,1020,gta5,title,0.85
KeOOc1ZJcWE,26606,던파,title,0.85
KeWoLxRxmLE,119277,원신,title,0.85
KeeTRP0dzFs,115,롤,title,0.85
Kf3X8XakvHk,9804,메이플,title,0.85
KfE_56hz5VM,178282,스타레일,title,0.85
KfXV2UbiFRM,8173,옵치,title,0.85
KfusgmLBe1s,119277,원신,title,0.85
KfxtxiGuR1g,115,롤,title,0.85
Kg25D-UAYZ4,27789,배틀그라운드,title,0.85
Kicue38yBZs,27789,배그,title,0.85
Kiht97GuxvA,8173,오버워치,title,0.85
KikHekz9QMk,230,starcraft,title,0.85
QKRXAJbm8h4,93902,fc온라인,title,0.85
QKV7nzPTlUQ,26128,로스트아크,title,0.85
QKgl8xC7Y1c,17269,로블록,title,0.85
QKnA0SyFkYU,115,롤,title,0.85
QKnZ9RFJ6nQ,26606,던파,title,0.85
QLVJ6VIlIjY,9804,메이플,title,0.85
QLcSH0NGbyQ,8173,오버워치,title,0.85
QLfE6gQpfcE,119133,엘든링,title,0.85
QMnPOEkIbR8,26128,로스트아크,title,0.85
QMskXZhr9v0,8173,오버워치,title,0.85
QN1PyOm8-F8,563,아이온,title,0.85
QNz60Box8uQ,178282,스타레일,title,0.85
QO-q86RNXsQ,27789,배그,title,0.85
QPrKpMXIH1s,17269,로블록,title,0.85
QPrrBJBrFYE,115,롤,title,0.85
QQ2UbPjt4Sg,27789,배그,title,0.85
QQ6mrP3gUzo,93902,fc온라인,title,0.85
QQVj5K2bN04,8173,오버워치,title,0.85
QQVj5K2bN04,331286,오버워치2,title,0.85
QRccNcZmVUg,135400,minecraft,title,0.85
QSSskQAWnpU,115,롤,title,0.85
QSf5qMyO1qs,1942,위쳐,title,0.85
QSlMk4FF-cE,126459,발로,title,0.85
QT18ZIfOfgE,115,롤,title,0.85
QTCSYbTxy3I,26128,로스트아크,title,0.85
QTE8D_ESClQ,126459,발로,title,0.85
QTH8ckXIqxk,1020,gta 5,title,0.85
QTRqZ1y89es,115,롤,title,0.85
QUOBLTysEzs,8173,오버워치,title,0.85
QUzcTcRLKDs,115,롤,title,0.85
QVeAXFLqjqg,9804,메이플,title,0.85
QVfqKfpA5iw,115,리그 오브 레전드,title,0.85
QVvnRfyKHGo,26128,로스트아크,title,0.85
QX7egZ22TDA,1020,gta 5,title,0.85
QYKcaFn-n7I,115,리그오브레전드,title,0.85
QYmLRj32fmk,125165,diablo 4,title,0.85
QYsD6jhbF6k,119133,엘든링,title,0.85
QZe596TmNBU,126459,발로,title,0.85
QZfvO-e_EGk,17269,로블록,title,0.85
Q_KnXmptqTA,115,롤,title,0.85
Q_vdpeRPgP8,115,롤,title,0.85
Qbvyrs2uzD0,115,롤,title,0.85
c6lzVatDGmg,126459,valorant,title,0.85
c8-zw3BFGR4,126459,발로,title,0.85
c84A-ukHXAU,27789,배그,title,0.85
c8FdzQxkbU0,115,롤,title,0.85
c8PCj6i0K0M,115,롤,title,0.85
c9Kzo7d7uSc,27789,배그,title,0.85
c9UJQN_rTY8,115,롤,title,0.85
c9d1QCziTlY,1020,gta 5,title,0.85
c9koe4Fhhx4,119277,원신,title,0.85
cA8znhn6BFA,27789,배그,title,0.85
cAsiXqDtJA8,17269,로블록,title,0.85
cAxT2nPWyoM,17269,로블록,title,0.85
cB8ZVteLZrQ,1020,gta5,title,0.85
cBlqZQeyEqM,119277,원신,title,0.85
cC5pKAdgOFA,563,아이온,title,0.85
cCCMUqQ-938,26606,던전앤파이터,title,0.85
cCERTLYY2aI,1020,gta5,title,0.85
cCRhG1n6Qz4,1020,gta 5,title,0.85
cCj3hggjTfI,1020,gta 5,title,0.85
cD-X-pDtqak,178282,스타레일,title,0.85
cDLK8VOgTME,26128,로스트아크,title,0.85
cDgokCmDD5M,178282,스타레일,title,0.85
cEcXf2jLcEY,93902,fc온라인,title,0.85
cFXtHz8zYU0,9804,메이플,title,0.85
cFfCTiAFy4o,119277,원신,title,0.85
cFgaU5cijrs,1020,gta 5,title,0.85
cFxbiuGKF9c,115,롤,title,0.85
cGLCC1wE1ns,26128,로스트아크,title,0.85
cGjIYHX-ha0,135400,마인크래프트,title,0.85
cGj__FYq0R0,8173,오버워치,title,0.85
cHpfvx-DdrU,115,롤,title,0.85
cI7Rcr18SzE,135400,마인크래프트,title,0.85
cI_-PUVwLx4,126459,valorant,title,0.85
cIcpRmJdVDU,17269,로블록,title,0.85
cIjY5eb3Gsk,119277,원신,title,0.85
cIwSjd12gIY,27789,배그,title,0.85
cJhX05ZpFiM,115,롤,title,0.85
cK2Y6igpn0w,126459,valorant,title,0.85
cK9pK-dKgwc,26606,던파,title,0.85
yq6q7ywU1BA,126459,valorant,title,0.85
yqH-bhtUUGc,135400,마인크래프트,title,0.85
yqUMZu2puCs,115,롤,title,0.85
yqnyechrDEw,26606,던파,title,0.85
yrRZqFboYLU,26606,던파,title,0.85
yrbDaCNxq5w,9804,메이플,title,0.85
yruPw4XEIH8,17269,로블록,title,0.85
ysIUGimMo88,119133,elden ring,title,0.85
yse-6jlFvr4,26606,던파,title,0.85
ysjI1_4L-To,1020,gta 5,title,0.85
yt15I06xEvs,126459,발로,title,0.85
ytproTrn4X8,26128,로스트아크,title,0.85
ytvf78HdZVY,7346,야숨,title,0.85
yu4HhWUDnpk,26128,로스트아크,title,0.85
yuOKalK2ef8,115,롤,title,0.85
yus6UA1r05w,1020,gta 5,title,0.85
yvB5M2nepaE,1020,gta5,title,0.85
yvG2odgSLOs,1020,gta5,title,0.85
yw0Ted2hHuI,8173,옵치,title,0.85
ywLTmG5WHJ0,93902,fc온라인,title,0.85
ywxN0xyBj28,178282,스타레일,title,0.85
yx3XmtT18uA,1020,gta 5,title,0.85
yx4OT4Ha2AI,119133,elden ring,title,0.85
yxRrV-Ii1gw,117199,니케,title,0.85
yxy1S8YC97U,27789,배그,title,0.85
yyEB4otd_l0,17269,로블록,title,0.85
yygvSo-qxDU,117199,니케,title,0.85
yyqerEsOSos,115,롤,title,0.85
yz6YupR6jbU,26128,로스트아크,title,0.85
yz6sv7ByDnc,1020,gta5,title,0.85
yzDmE-aEzdA,135400,minecraft,title,0.85
yzEuDwd60dw,115,롤,title,0.85
yzT8SvbIet8,26606,던파,title,0.85
yztrjtYyhuo,17269,로블록,title,0.85
yztx0sZSKmw,126459,valorant,title,0.85
z-9wcvc3z2w,126459,발로,title,0.85
z-PXyVnzTJE,26606,던파,title,0.85
z-zTBqHXcIw,126459,valorant,title,0.85
z0DvJDEvZsU,125165,디아블로4,title,0.85
z0HhouRXSIM,21492,마비노기,title,0.85
z1ACnKl2zgM,126459,발로,title,0.85
z1SYcAjUEe0,27789,배그,title,0.85
z1zUA16Qjms,135400,마인크래프트,title,0.85
ww64HsBEQ4o,115,롤,title,0.85
wx8371_yM20,17269,로블록,title,0.85
wxYw9e0V6Ko,119277,원신,title,0.85
wxoQvfQBpV8,115,롤,title,0.85
wxuxQI4QBEc,178282,스타레일,title,0.85
wy6OkefftYk,1020,gta5,title,0.85
wymtvATY1tg,230,starcraft,title,0.85
x-EAKXXq1jU,27789,배그,title,0.85
x-jD-c0cp_o,115,롤,title,0.85
x-xah5TcHIc,1020,gta 5,title,0.85
x02Vq2A6TNI,17269,로블록,title,0.85
x0KGFLvc1oQ,125165,diablo 4,title,0.85
x0lwZjN6Sfw,27789,배그,title,0.85
x0s3a3XoS7w,27789,배그,title,0.85
x10pFiiC4c8,26606,던파,title,0.85
x1w_8-vWIaE,1020,gta 5,title,0.85
x2BQDkjLSKo,21492,마비노기,title,0.85
x3HWO3Whenc,1020,gta 5,title,0.85
x53ypbEsosM,27789,배그,title,0.85
x6S7GB87u3g,119133,엘든링,title,0.85
x6WRDNgD4A4,135400,마인크래프트,title,0.85
x6jWPwclrT4,26606,던파,title,0.85
x6wqq-csu4w,115,롤,title,0.85
x78x3M4c8i4,115,롤,title,0.85
x7WcB5ul9MI,17269,roblox,title,0.85
x7aMIZzohqo,119133,elden ring,title,0.85
x8-mZ1zAun0,126459,valorant,title,0.85
x8SoyASZX4g,17269,로블록,title,0.85
x8iIrjIhquA,27789,배틀그라운드,title,0.85
x8xiDgoyJ4s,151665,팰월,title,0.85
x97oZBQ47xo,119133,elden ring,title,0.85
x9OvyUDSTjo,1020,gta 5,title,0.85
x9YWQ1fwC8E,119133,elden ring,title,0.85
x9fTcNu3cTQ,26606,던파,title,0.85
x9wbMIM99_g,126459,발로,title,0.85
oB31cbkMWZs,26128,로스트아크,title,0.85
oB5bgAFYvWU,115,롤,title,0.85
oBSpfxN1ips,119277,원신,title,0.85
oBp_xwIBlIs,126459,발로,title,0.85
oCuV5_5SYfk,115,롤,title,0.85
oD32alHO0gY,8173,옵치,title,0.85
oD4PFEDs6uE,1020,gta 5,title,0.85
oDWsceiRdLM,115,롤,title,0.85
oEKJAm8-DIc,26606,던파,title,0.85
oE_6NHqHiR0,26128,로스트아크,title,0.85
oEejtot9Swg,115,롤,title,0.85
oFO6XR2H3og,1020,gta 5,title,0.85
oFiUm76u9kE,135400,마인크래프트,title,0.85
oFnRUVF7E-E,17269,로블록,title,0.85
oFpNghKiXnA,7346,야숨,title,0.85
oG3X8fXTNu0,115,롤,title,0.85
oG3uzXx9T9s,1020,gta5,title,0.85
oG6seMMRUKs,8173,오버워치,title,0.85
oG6seMMRUKs,126459,발로,title,0.85
oGH8FuRdfCE,135400,마인크래프트,title,0.85
oGRWAh0a0jk,115,롤,title,0.85
oGdMsbqt8Fw,1020,gta 5,title,0.85
oGthiuv-pWM,1020,gta 5,title,0.85
oHH8xfl8X2Q,8173,오버워치,title,0.85
oHJosOPDidc,1020,gta 5,title,0.85
oHLCAyjxywA,9804,메이플,title,0.85
oHuE0ckDvyI,17269,로블록,title,0.85
oI-jdyEtEFQ,563,아이온,title,0.85
oIYKvPjSptE,8173,오버워치,title,0.85
oIvgw4ju8DM,126459,발로,title,0.85
oJUF2TxjS5c,1020,gta 5,title,0.85
oKIGAdkxt50,126459,발로,title,0.85
oKPVgq5_MnA,119277,원신,title,0.85
oLHPfdIKL8o,8173,오버워치,title,0.85
oLeiq7kyHr8,151665,팰월,title,0.85
oLkt2WGYHy4,178282,스타레일,title,0.85
oLqQ85oXpK0,388008,리니지,title,0.85
oMbaaMSOvMA,135400,마인크래프트,title,0.85
oOQu0teN5VA,115,롤,title,0.85
oOpjlQC9los,115,롤,title,0.85
oPyWQVo6nt4,115,롤,title,0.85
oQkYMwxcsN8,563,아이온,title,0.85
e67W7-ZyMqI,26128,로스트아크,title,0.85
e6SD102ta7c,27789,배틀그라운드,title,0.85
e6V7FCP8nWM,230,starcraft,title,0.85
e6pBBC-Feq4,135400,마인크래프트,title,0.85
e81e7CAMe3A,563,아이온,title,0.85
e8Qb3nNaJeE,115,롤,title,0.85
e8vHxBIKpT0,17269,로블록,title,0.85
e9QtEzZXMyY,17269,로블록,title,0.85
e9WC7gHWHmk,388008,리니지,title,0.85
e9u7bi_zWvI,27789,pubg,title,0.85
eAJ0fO3cy8U,1020,gta 5,title,0.85
eAqwUCFbvJs,9804,메이플,title,0.85
eBNamYyZ0mI,9804,메이플,title,0.85
eBRMp_1ZwGM,126459,발로,title,0.85
eCg3wxFJ1Ec,115,롤,title,0.85
eCw1X1Liubs,126459,valorant,title,0.85
eCwX4we-jd0,8173,overwatch,title,0.85
eDBeL5oKOe8,26606,던파,title,0.85
eE3pUbY-DlE,1020,gta 5,title,0.85
eFSudO0x4ck,119277,원신,title,0.85
eH3zGrNDvgM,115,롤,title,0.85
eHK6nwEWJ1Q,119133,elden ring,title,0.85
eHQUwlxqzNc,17269,로블록,title,0.85
eI2ufbxKcH0,9804,메이플,title,0.85
eINbQcTFrOg,115,롤,title,0.85
eIRmluBY1jo,26606,던파,title,0.85
eIf3tPUDSYs,26128,로스트아크,title,0.85
eJjBZiz_LE0,1020,gta 5,title,0.85
eJwAWgCwJoI,27789,배틀그라운드,title,0.85
eKD70XvPaB4,126459,valorant,title,0.85
eKF3vlzDJwQ,17269,로블록,title,0.85
eKGuYGOU_OM,17269,로블록,title,0.85
eKTboCV_aTc,9804,메이플,title,0.85
DVC6d6V2hM8,9804,메이플,title,0.85
DVX00YxAcFo,230,starcraft,title,0.85
DVXkAUIgCI0,26128,로스트아크,title,0.85
DWIZ11j31Ec,9804,메이플,title,0.85
DX8Uo6qIC8s,26128,로스트아크,title,0.85
DXIjkx21_q0,119388,왕눈,title,0.85
DYKwF280S0E,115,롤,title,0.85
DYM1df3YC0k,17269,로블록,title,0.85
DYjcSBVb3aU,178282,스타레일,title,0.85
DZz4KzTgPO4,9804,메이플,title,0.85
D_-Sk96HAHk,26606,던파,title,0.85
D_1eM6CsUiU,178282,스타레일,title,0.85
D_393Q2UoHU,1020,gta5,title,0.85
D_cNyoKp2ew,17269,로블록,title,0.85
D_j5RYtpglE,27789,배그,title,0.85
Da8VAtGhKEM,115,롤,title,0.85
Da_-FFzk2jM,135400,마인크래프트,title,0.85
DaaIPIS5_KA,119277,원신,title,0.85
DaeozymaEfA,115,롤,title,0.85
DagntR0Iq04,17269,로블록,title,0.85
DavSsHs-xgg,126459,valorant,title,0.85
Db4lLSylvPk,17269,로블록,title,0.85
Db94yUMBr8M,126459,발로,title,0.85
DbHAnyt4J7Q,9804,메이플,title,0.85
DbJILKalKyQ,17269,roblox,title,0.85
DbJh_IO2br8,115,롤,title,0.85
DbQf7ajX9KE,115,롤,title,0.85
DbZrzquqLWI,1020,gta 5,title,0.85
Dc0wuPK1WDI,119277,원신,title,0.85
DcyTUzKtbXU,8173,오버워치,title,0.85
Dd13XtzleAA,8173,오버워치,title,0.85
DduCkAjY0SI,1020,gta 5,title,0.85
DffTOXks0R8,117199,니케,title,0.85
DfzaUILeM2o,26128,로스트아크,title,0.85
DgC9R1ysXQE,1020,gta 5,title,0.85
DgZBNUPgx6g,27789,배그,title,0.85
DgvX6rmgfRg,26128,로아,title,0.85
DgyxUdAmE58,26128,로스트아크,title,0.85
DhKqPWjkLIE,17269,로블록,title,0.85
DhNgizhDyA4,8173,옵치,title,0.85
DhR8MFzX31Q,115,롤,title,0.85
Dje7ubbrlWs,115,롤,title,0.85
DjeSvMjV7ds,1020,gta5,title,0.85
-W6V0DFxAyE,119277,원신,title,0.85
-Wp-mL9bxNg,1020,gta 5,title,0.85
-WwvmWgHcwI,119133,엘든링,title,0.85
-XBsJ33Jop4,9804,메이플,title,0.85
-XiueqJ9OU8,3277,러스트,title,0.85
-XiueqJ9OU8,26606,던파,title,0.85
-Y0QeaXhYM4,230,스타크,title,0.85
-Y9fnYbmVxU,126459,발로,title,0.85
-YayhPX0ZFA,9804,메이플,title,0.85
-ZNqCs5BFcA,230,starcraft,title,0.85
-ZanpHm72Es,26606,던파,title,0.85
-ZubqGV6iyA,1020,gta 5,title,0.85
-_MZvZVuULk,135400,minecraft,title,0.85
-_rxe8VhuDo,115,롤,title,0.85
-a8Z2DIhFQ8,26128,로스트아크,title,0.85
-aUm9gaEvqg,27789,배틀그라운드,title,0.85
-aqRxg6eQhA,125165,디아블로4,title,0.85
-b5A2Bm_Acc,17269,로블록,title,0.85
-bBdSOWKbdQ,26606,던파,title,0.85
-c-7QFcmtI4,17269,로블록,title,0.85
-c7wh_vEk9A,26606,던파,title,0.85
-cvXxXC-jfk,151665,팰월,title,0.85
-dDeBTb0KJk,126459,valorant,title,0.85
-dftPsxEOPo,8173,오버워치,title,0.85
-dneNuk0-N8,178282,스타레일,title,0.85
-druwt9TZqE,9804,메이플,title,0.85
-e-e0c8Zisc,1020,gta 5,title,0.85
-eS5SvbCsJA,1020,gta5,title,0.85
-eSAKUFxTOU,178282,스타레일,title,0.85
-f5ZJr9IWYA,27789,배그,title,0.85
-f6YBRMXfFU,93902,fc온라인,title,0.85
-f925bc0Rmw,27789,배틀그라운드,title,0.85
-gNEutYTrLk,115,롤,title,0.85
-h332_F1iUM,115,롤,title,0.85
-hE2f53oG1A,26128,로스트아크,title,0.85
-hsd5Xritcc,27789,배틀그라운드,title,0.85
-iSQYwVJMJI,119277,원신,title,0.85
-iYyMycjWls,9804,메이플,title,0.85
-jXYJ2dFxsg,27789,배틀그라운드,title,0.85
-kldqG0fsck,17269,로블록,title,0.85
-krGXgkTfqY,17269,로블록,title,0.85
FaBQAyKkKRk,115,롤,title,0.85
FadAu2OPsig,151665,팰월,title,0.85
FbP3y62jAyI,151665,팰월,title,0.85
FcB94OfdxbU,135400,마인크래프트,title,0.85
FcEJLxdAhdc,9804,메이플,title,0.85
FcHB1tTIfVI,17269,로블록,title,0.85
FcLKQMfWCs8,17269,로블록,title,0.85
FcjmvzpRhfU,135400,마인크래프트,title,0.85
FdFqkQRkFyw,126459,발로,title,0.85
FdNHlLlez1s,119277,원신,title,0.85
FdSOCe_C91U,9804,메이플,title,0.85
FdcfdprrcWU,135400,마인크래프트,title,0.85
Fdl0xf90NkI,115,롤,title,0.85
Fex8K2wJXt0,1020,gta 5,title,0.85
Ff7-4SWWYCM,17269,로블록,title,0.85
FfHZ3z7flUY,17269,roblox,title,0.85
FfdGifNQY3E,9804,메이플,title,0.85
Fg9zcDXv2hI,1020,gta5,title,0.85
Fg_O24RQNPg,230,starcraft,title,0.85
Fh597rB1iz0,27789,배그,title,0.85
FhJrf5kBtD8,17269,로블록,title,0.85
FhX4dR5pOoQ,1020,gta 5,title,0.85
FhebubZ9oOc,27789,배틀그라운드,title,0.85
Fi8lW8Gn4i0,8173,옵치,title,0.85
Fj36TZdi2os,27789,배그,title,0.85
FjXT1eRzkbY,115,롤,title,0.85
FjolEriaxE0,27789,배틀그라운드,title,0.85
FkZC5uezqxM,1020,gta 5,title,0.85
Fke7QplvtB8,1020,gta 5,title,0.85
Fl-t9CrkZJc,126459,valorant,title,0.85
FlCn-PGUrzg,135400,마인크래프트,title,0.85
FlEE0yT_Asw,126459,발로,title,0.85
FlW-5axifKE,17269,로블록,title,0.85
Fm3DlFR02pk,126459,발로,title,0.85
FmolH6m1x5g,126459,valorant,title,0.85
FmvTAzT7JPs,125165,diablo 4,title,0.85
Fn5AOZDOnpc,115,롤,title,0.85
FnDdjRY-1Dk,119277,원신,title,0.85
FnbyrEfCim0,26606,던파,title,0.85
Fnm2HsiigzA,17269,로블록,title,0.85
FpKjNaFX6JE,8173,오버워치,title,0.85
FpMdYHDgAHQ,1942,위쳐,title,0.85
FpZj-ifqqk4,1020,gta 5,title,0.85
FpivOTYPlDQ,9804,메이플,title,0.85
ry2UUEnkfp8,9804,메이플,title,0.85
ryO4GpRTD8c,178282,스타레일,title,0.85
ryfVExtnAJI,27789,배틀그라운드,title,0.85
ryvZ5PMnF_k,126459,valorant,title,0.85
rz68RX3fk2E,126459,발로,title,0.85
s-gNc7MmOWU,115,롤,title,0.85
s06PNw7uZX0,115,롤,title,0.85
s0FZpL8p6lo,18866,데바데,title,0.85
s0JQaCfOSrs,388008,리니지,title,0.85
s0Ru5LkvTVA,115,롤,title,0.85
s0TDbk2dAlA,115,롤,title,0.85
s0mf1YqPcbk,1020,gta 5,title,0.85
s12Wj6jgKbI,126459,발로,title,0.85
s1npXrvLZsI,26606,던파,title,0.85
s2PwPsqhunU,115,롤,title,0.85
s2teGMIUEZc,17269,로블록,title,0.85
s2yCRg1w9ow,26606,던파,title,0.85
s39AazbszY8,115,롤,title,0.85
s3ZCdUlwlyQ,230,스타크,title,0.85
s3iiy0oNg30,388008,리니지,title,0.85
s3s-s3_ckfU,126459,발로,title,0.85
s4WtB1RRfOc,26128,로스트아크,title,0.85
s4X2lHchhvc,1020,gta5,title,0.85
s4_TFikdy14,115,롤,title,0.85
s5BukSRioJ8,17269,로블록,title,0.85
s5JcTrGUnh4,27789,배그,title,0.85
s5tSetFeoyM,126459,발로,title,0.85
s6DIgpsXcrY,126459,valorant,title,0.85
s6fPB_fiWkE,1020,gta 5,title,0.85
s6nq3P3zzLk,388008,리니지,title,0.85
s6rTFy2pU5o,1020,gta 5,title,0.85
s8F6c_lWFOY,18866,데바데,title,0.85
s8VDX0Umryc,152271,시티즌 슬리퍼,title,0.85
s9--jz1YWSo,126459,발로,title,0.85
s94vVQii6cI,115,롤,title,0.85
s98pddEAIWo,26606,던파,title,0.85
s9HuqGp3xTY,1020,gta5,title,0.85
sA9y7-ei2qU,135400,마인크래프트,title,0.85
sAiASoquPn8,563,아이온,title,0.85
sAj_RTlNvdY,115,롤,title,0.85
sB0HXEX_NwY,26128,로스트아크,title,0.85
sBGRdEhk5SQ,115,롤,title,0.85
sBYvcssErRk,125165,diablo 4,title,0.85
sBgz8D5ZiS0,26606,던파,title,0.85
f3DLA1EU8vw,9804,메이플,title,0.85
f3MGOMmrHwA,27789,배그,title,0.85
f3T5DJ7vxdM,126459,valorant,title,0.85
f3ujrpCYvm8,115,롤,title,0.85
f454ZBV381U,27789,배틀그라운드,title,0.85
f4bv2ATflwo,115,롤,title,0.85
f4uu1FmL858,1020,gta5,title,0.85
f557U1j4w0Y,136879,검은 신화,title,0.85
f58S1RK0o9U,93902,fc온라인,title,0.85
f5F0U251BxA,17269,로블록,title,0.85
f5uDE6gi_Gk,388008,리니지,title,0.85
f7KqvvUa5pY,1020,gta 5,title,0.85
f7x7I-VEkrE,9804,메이플,title,0.85
f848Y3qspZ4,9804,메이플,title,0.85
f94FZP__mXI,26128,로스트아크,title,0.85
fAQtOEtN56M,1020,gta 5,title,0.85
fARWaDEzu5Y,125165,디아블로4,title,0.85
fAiorGS_7og,119277,원신,title,0.85
fB3Xby-mjCA,126459,발로,title,0.85
fBIsIY3XWw8,93902,fc온라인,title,0.85
fBLEbk0XS50,126459,발로,title,0.85
fBPbtgFX1bo,1020,gta5,title,0.85
fC114FZk4J0,8173,오버워치,title,0.85
fC5v8fb4Gj0,135400,마인크래프트,title,0.85
fCbD0O3HFpo,9804,메이플,title,0.85
fCsP1JDVVDI,126459,발로,title,0.85
fDbqkGmGkX0,117199,니케,title,0.85
fDkC5y6Cxl8,27789,배그,title,0.85
fEZWafNKSgA,26606,던파,title,0.85
fEu3wA4gOSk,27789,배그,title,0.85
fFHNvn1J0m8,17269,로블록,title,0.85
fFR9NwG3wYY,115,롤,title,0.85
fFURpvRF2rc,17269,로블록,title,0.85
fGy6p3yH0Jw,230,스타크,title,0.85
d65Jr2DMoLw,115,롤,title,0.85
d671DI02rF0,126459,발로,title,0.85
d6P8BgqnOGM,7346,야숨,title,0.85
d7_-8Dq4HIM,115,롤,title,0.85
d8-Kvq9Dvsc,125165,diablo 4,title,0.85
d9gsyfDVm5Q,126459,valorant,title,0.85
d9yNwz9ZMKg,115,롤,title,0.85
dA7pnDLadxw,126459,발로,title,0.85
dBKvK4H9edo,27789,배그,title,0.85
dBSFCYpbbg0,9804,메이플,title,0.85
dBfbF4MylfM,125165,diablo 4,title,0.85
dBnccXG4pW0,17269,로블록,title,0.85
dCFZChfzlD8,17269,로블록,title,0.85
dCRQ0ii_4HA,8173,오버워치,title,0.85
dD6DaJXcJH0,93902,fc온라인,title,0.85
dD7GP-kaDzE,135400,마인크래프트,title,0.85
dD7mAIAcnFQ,26606,던전앤파이터,title,0.85
dDF85M_MjKM,93902,fc온라인,title,0.85
dDgXjT2hcPg,7346,야숨,title,0.85
dEK2gHz1rmE,27789,배틀그라운드,title,0.85
dENj50mOo2w,1020,gta 5,title,0.85
dEYnwOYn168,26128,로스트아크,title,0.85
dFFiaZv8qfc,126459,valorant,title,0.85
dFP4KtpR5e4,126459,발로,title,0.85
dGC-r7FiEtw,115,롤,title,0.85
dH-W5848vRU,1020,gta 5,title,0.85
dIPjBO8WGwA,178282,스타레일,title,0.85
dIjpGOXs4Hg,126459,valorant,title,0.85
dJRRuUMsiWA,17269,로블록,title,0.85
dL7V29815rU,27789,배그,title,0.85
dLzVMwOcD_Q,26128,로스트아크,title,0.85
3JJnyuvZhO0,115,롤,title,0.85
3JQFSpQBxS8,115,롤,title,0.85
3Jv3Xst1jAE,8173,오버워치,title,0.85
3KEOlrQCAB4,7346,야숨,title,0.85
3KEOlrQCAB4,119388,왕눈,title,0.85
3KICjttWywo,8173,오버워치,title,0.85
3MnENhxlKHs,115,롤,title,0.85
3NFEHI6_DDE,26606,던파,title,0.85
3NX0qpO-xHc,230,starcraft,title,0.85
3NeYbptSzVE,27789,배그,title,0.85
3Nq-3V2ENAg,26128,로스트아크,title,0.85
3OHMcsC_VVg,115,롤,title,0.85
3OIDE2y8rEQ,126459,발로,title,0.85
3OrF3yvc9Zk,8173,오버워치,title,0.85
3OxxnrLsmCs,26128,로스트아크,title,0.85
3P1y6xvOn2g,1020,gta5,title,0.85
3PG0SQ8qLTE,27789,배그,title,0.85
3PceWpm_3kI,135400,마인크래프트,title,0.85
3PhahvSf8QU,27789,배틀그라운드,title,0.85
3Q3asKQUTAE,27789,배그,title,0.85
3QK_5LOIfnc,8173,오버워치,title,0.85
3QLyw9bjOz0,8173,오버워치,title,0.85
3R7TG7g1eaM,126459,valorant,title,0.85
3RnELF6Bw-M,17269,로블록,title,0.85
3Srsj6-Cuv0,27789,배그,title,0.85
3Sy2ZaDGCAU,126459,valorant,title,0.85
3TLxp8nUlRw,8173,오버워치,title,0.85
3TdflveqlLw,1020,gta5,title,0.85
3UM4YehQLHQ,8173,오버워치,title,0.85
3UQgbbqDmPo,135400,minecraft,title,0.85
3Ubzl6actUo,8173,오버워치,title,0.85
3VHHVfE0Aec,8173,오버워치,title,0.85
3VaqS5O4Hbo,115,롤,title,0.85
3VeFh9ffqJc,119133,elden ring,title,0.85
STgSQnKsWYQ,126459,발로,title,0.85
STx3jGH-TC4,117199,니케,title,0.85
SU97YbsBMdE,151665,팰월,title,0.85
SV1bpCigqyI,115,롤,title,0.85
SVUetMUNA2k,1020,gta 5,title,0.85
SWNoelvsFH4,9804,메이플,title,0.85
SXiDpQ8ZwaE,93902,fc온라인,title,0.85
SYAHKz5z-G4,115,롤,title,0.85
SYE8Cc4gd5U,17269,로블록,title,0.85
SZSlv1oTW-Y,9804,메이플,title,0.85
SZh0famEXZY,115,롤,title,0.85
S_GT7ITncjw,9804,메이플,title,0.85
S_NPJwPTG5k,1020,gta 5,title,0.85
S_OBHjZyrK0,17269,로블록,title,0.85
S_bXxggW6JA,126459,발로,title,0.85
Sb3xdA8IF7A,126459,발로,title,0.85
SbiAMQlAH2w,126459,발로,title,0.85
SbyA1E04C9g,117199,니케,title,0.85
Scr9-yAYvCY,26128,로스트아크,title,0.85
SdI1iLaQpFI,178282,스타레일,title,0.85
SdOrWcZQMrU,115,롤,title,0.85
SdVOp1cMUMM,1020,gta5,title,0.85
SeHcSO7bI0k,27789,배틀그라운드,title,0.85
SeI0cTpRDFA,119277,원신,title,0.85
Sf09lxdDKh4,115,league of legends,title,0.85
SfPrwuAUbz4,27789,pubg,title,0.85
SfSOaqsIXKQ,8173,오버워치,title,0.85
SffipEj9aAI,27789,배그,title,0.85
SfwzTcwiigE,115,롤,title,0.85
SgksCWyIwUU,9804,메이플,title,0.85
SgxYX_lNc4A,1020,gta 5,title,0.85
ShOhHMx3bac,119133,elden ring,title,0.85
Si1UIX-Z_Oo,1020,gta5,title,0.85
SiU3a6eA1oo,125165,diablo 4,title,0.85
Sid6RLQyyBQ,26606,던파,title,0.85
SimzSq3tj7k,9804,메이플,title,0.85
SipJ38aL6hs,27789,배그,title,0.85
SivMh-VBdr8,26128,로아,title,0.85
Sj0q4JDhPgo,126459,valorant,title,0.85
SjF9lf7ZTOY,126459,valorant,title,0.85
SjH6ebzBicI,119277,genshin,title,0.85
SjtoctLfC3Y,126459,발로,title,0.85
SkxzvO18H7g,115,롤,title,0.85
lT0Z_B8WZL4,230,스타크,title,0.85
lTgZyH11KVE,136879,검은 신화,title,0.85
lTwofiyifUM,152271,citizen sleeper,title,0.85
lTxLaoQ-vYg,26128,로스트아크,title,0.85
lUKCAsfxCcc,26606,던파,title,0.85
lUoI6ycXGY4,27789,배그,title,0.85
lUqSX7n7R3U,27789,배틀그라운드,title,0.85
lVEm1F4kYII,1020,gta 5,title,0.85
lVoJlTUdZFk,151665,팰월,title,0.85
lW-Pc_68Cbo,117199,니케,title,0.85
lW-lFfaGwco,8173,오버워치,title,0.85
lWGXWTbRuYE,93902,fc온라인,title,0.85
lWU5XUgNmas,93902,fc온라인,title,0.85
lXZyfJHscw0,1020,gta5,title,0.85
lXm4CHb8RcE,115,롤,title,0.85
lXzMa90Tk4k,115,롤,title,0.85
lYCphMdx4XY,115,롤,title,0.85
lYH4_haLrdU,126459,valorant,title,0.85
lYHwZAfeH0M,1020,gta 5,title,0.85
lYK7e8l7b4I,26128,로스트아크,title,0.85
lYLnxPH_jLA,1020,gta 5,title,0.85
lYR5S7ViooY,563,아이온,title,0.85
lZEBmKN9DiU,115,롤,title,0.85
lZTF0rizOeI,93902,fc온라인,title,0.85
lZc6voW5vTU,115,롤,title,0.85
lZsf501YQ_4,115,롤,title,0.85
lZwZFtfhGkc,1020,gta 5,title,0.85
l_4aowDOkEQ,26128,로스트아크,title,0.85
l_KqY9rZjxo,126459,발로,title,0.85
l_mMXr8UN0A,119133,elden ring,title,0.85
l_sLGDa-n4s,126459,발로,title,0.85
la1s33-ggRs,9804,메이플,title,0.85
la4qA6ny6bQ,26606,던파,title,0.85
lazKvSTWbFU,126459,발로,title,0.85
lbR8Idgy0uc,1020,gta 5,title,0.85
lbfKmil445A,115,롤,title,0.85
lbhK-Dlwrfw,27789,배그,title,0.85
lbtOzq21TYQ,115,롤,title,0.85
lcNVxEiJamw,126459,발로,title,0.85
lccS_U0v7j8,126459,발로,title,0.85
ldPohIftu4I,135400,minecraft,title,0.85
lduyzqgoj0o,135400,minecraft,title,0.85
le7Y7L9I_co,93902,fc온라인,title,0.85
leoGHcHz0zk,26128,로아,title,0.85
lerk7z4sqiM,126459,valorant,title,0.85
levQfzskbuQ,1020,gta 5,title,0.85
lfsZrmQGYOk,27789,배그,title,0.85
lgEPgkhBG-c,8173,오버워치,title,0.85
lgGxYnlAYng,17269,로블록,title,0.85
lgLyA3TBaGc,9804,메이플,title,0.85
lgVhDgMZKmA,1020,gta5,title,0.85
2PdG2yt077s,119133,elden ring,title,0.85
2Pxu4k3VzMw,26606,던파,title,0.85
2QJF5DmaFP8,93902,fc온라인,title,0.85
2RIuHjsaAKQ,27789,배그,title,0.85
2RKqe6mmGp0,115,롤,title,0.85
2SK3Ee8A_8E,126459,발로,title,0.85
2SMrZaHeKmI,115,롤,title,0.85
2SN44zKfqVw,17269,로블록,title,0.85
2SOazMtsDL8,115,롤,title,0.85
2SiVx6-fPsg,115,롤,title,0.85
2T1tcBlMwTw,27789,배그,title,0.85
2T6LsIwRXbM,17269,로블록,title,0.85
2UGb-LYsmzU,27789,배그,title,0.85
2WDR_DoMD0s,26606,던파,title,0.85
2WPubd0g-xA,17269,로블록,title,0.85
2WsljfA0CTM,126459,valorant,title,0.85
2X1Y0djVpmo,115,롤,title,0.85
2XFhHdngl8Y,115,롤,title,0.85
2XNTA1sCzTg,27789,배그,title,0.85
2XVkEj-683g,388008,리니지,title,0.85
2XZt8J50_xs,1020,gta 5,title,0.85
2Y1G2ziaxQY,8173,오버워치,title,0.85
2Y4BMcI9ciI,9804,메이플,title,0.85
2YBEfAIg7zM,8173,오버워치,title,0.85
2YUCqcxAyr8,126459,발로,title,0.85
2Zm7iZbJ6ys,126459,valorant,title,0.85
2_QMBeyWBGw,115,롤,title,0.85
2_fuvbIokN8,126459,발로,title,0.85
2aFERcsApwQ,178282,스타레일,title,0.85
2abvhtOEx3M,126459,발로,title,0.85
p520v-IA5I4,17269,로블록,title,0.85
p52TeDyq3Ko,1020,gta 5,title,0.85
p5arXHVC2cg,26128,로스트아크,title,0.85
p61YL_qJEbY,563,아이온,title,0.85
p7HDGpWMe00,26606,던파,title,0.85
p7_FgnLGoxg,178282,스타레일,title,0.85
p7xhNmdSKnE,1020,gta 5,title,0.85
p85okWcPR3g,8173,오버워치,title,0.85
p8q8ldt9IXg,115,롤,title,0.85
p8uHNI-AwOU,115,롤,title,0.85
pA5-xwbw1io,9804,메이플,title,0.85
pAnVy8rFspQ,115,롤,title,0.85
pBTRVI_SaBQ,17269,로블록,title,0.85
pC0Mx8vXHa0,115,롤,title,0.85
pCPv43LOpGE,115,롤,title,0.85
pD9_KJGaPNM,18866,데바데,title,0.85
pDV4IiBdgmY,27789,배그,title,0.85
pDYDAmNbB3Q,115,롤,title,0.85
pDdoB1rt6Nw,1020,gta 5,title,0.85
pDe7_LP9-p0,93902,fc온라인,title,0.85
pEMeX9PnVp4,8173,오버워치,title,0.85
pEbOHdZiZ3Y,9804,메이플,title,0.85
pFii7Z19hJA,1020,gta 5,title,0.85
pFn0iW3PY1U,115,롤,title,0.85
pGRAVDusnyM,26606,던파,title,0.85
pGVXg3t0-aQ,26128,로스트아크,title,0.85
pGVb2vAGKAQ,126459,발로,title,0.85
pG_m0vwGPdc,115,롤,title,0.85
pGed3y1CWvc,17269,로블록,title,0.85
pGuSTpTJ51c,26606,던파,title,0.85
pGwaWfQ-z7I,9804,메이플,title,0.85
pI2WvwWx7bA,93902,fc온라인,title,0.85
pI2WvwWx7bA,126459,발로,title,0.85
pIljHxawN3c,1020,gta 5,title,0.85
pIooIqnqfIo,178282,스타레일,title,0.85
q4rhnzCkZTs,9804,메이플,title,0.85
q53CnTS5Rzo,115,롤,title,0.85
q56HA0TVHTY,115,롤,title,0.85
q59FgZ6NEPo,126459,valorant,title,0.85
q5KUJY9CBVg,126459,발로,title,0.85
q5NCnV6kflU,115,롤,title,0.85
q5a7FEhAdag,17269,로블록,title,0.85
q5lHUfouS5k,119133,엘든링,title,0.85
q6TLM8_lS9E,17269,로블록,title,0.85
q7GSSKEH2D0,135400,마인크래프트,title,0.85
q7_huvjVoQs,126459,발로,title,0.85
q7aQrD7vG3c,126459,valorant,title,0.85
q7nWyVw_eko,27789,배그,title,0.85
q8m5UTn3i7o,9804,메이플,title,0.85
q8tT2Lzygrg,26606,던파,title,0.85
q8vbksA7_go,26128,로스트아크,title,0.85
q98f1strBls,126459,발로,title,0.85
q9Nixas7SXo,135400,minecraft,title,0.85
q9Z-vx0Xw1o,119133,elden ring,title,0.85
q9c7AN5VqCw,230,starcraft,title,0.85
q9nGapOmmj4,1020,gta 5,title,0.85
qDbdNMN40ZU,115,롤,title,0.85
qDw9XH62B5o,9804,메이플,title,0.85
qEEg_HiZBss,17269,로블록,title,0.85
qFFrG9lhbLA,17269,로블록,title,0.85
qFuEslNDxfE,135400,minecraft,title,0.85
qFxPt4EKXY4,126459,valorant,title,0.85
qHXUS96HPv0,26128,로스트아크,title,0.85
qI9fpqM755w,126459,발로,title,0.85
qJ-0TjHerk0,230,starcraft,title,0.85
qJZe4j0SZFg,26606,던파,title,0.85
qKF2moMlcJA,27789,배그,title,0.85
qKQjAQvlA4E,26606,던파,title,0.85
0PDxRrJ7EJI,1020,gta 5,title,0.85
0PKea388EAM,9804,메이플,title,0.85
0PQSvTWyCPo,119277,원신,title,0.85
0PReHwml9dI,93902,fc온라인,title,0.85
0PW-7m9Njkg,26606,던파,title,0.85
0R-P4OdlEMk,126459,발로,title,0.85
0RMcB0Mba6A,115,롤,title,0.85
0RvYON-7KYY,17269,로블록,title,0.85
0S7Z6GqYQCM,115,롤,title,0.85
0SJm7Uvyts0,115,롤,title,0.85
0Scsmpx5YOk,8173,오버워치,title,0.85
0SidAgNhbcI,119277,원신,title,0.85
0TAfcbIe1Bk,9804,메이플,title,0.85
0TRvJ-K5pas,115,롤,title,0.85
0UEvMgJv-qs,26128,로스트아크,title,0.85
0UiZv83eZ3Q,26128,로스트아크,title,0.85
0UlJq5XX2KA,27789,배그,title,0.85
0UlcdQ_uXKM,115,롤,title,0.85
0UlwaRr5b-M,126459,valorant,title,0.85
0Uyk9NaXlVg,115,롤,title,0.85
0VywtT1XB0c,135400,마인크래프트,title,0.85
0WXfLc_YC0U,9804,메이플,title,0.85
0XFvsbTIOW4,115,롤,title,0.85
0Xc4OSqUfp4,135400,마인크래프트,title,0.85
0XsMS2r32QA,125165,diablo 4,title,0.85
0XvvSvHh_68,126459,발로,title,0.85
0YBBU-tjeN8,26606,던파,title,0.85
0YFNdXXvhwc,119133,엘든링,title,0.85
0YPyz1FwFzw,115,롤,title,0.85
0Za2soZDj8s,126459,발로,title,0.85
0Zc8gx0HlFQ,388008,리니지,title,0.85
0_bFqOwnWKc,178282,스타레일,title,0.85
0aB7mvp7F6A,27789,배그,title,0.85
0bDYesGVe3Q,1020,gta 5,title,0.85
0bocOYJR8j0,135400,마인크래프트,title,0.85
0by546PPV9w,230,스타크,title,0.85
0byrc2Qlvzk,26606,던파,title,0.85
xsTF0mLou6c,8173,오버워치,title,0.85
xseEHE_Jx_c,26128,로스트아크,title,0.85
xt1VYV52kIA,119277,원신,title,0.85
xtHNH6LA7yE,135400,마인크래프트,title,0.85
xtHWzczBVRo,93902,fc온라인,title,0.85
xtUKb5l9lLU,119133,elden ring,title,0.85
xtaWPWhjcqA,8173,오버워치,title,0.85
xtmferoSnqM,126459,valorant,title,0.85
xtyZkAj01P0,115,롤,title,0.85
xu4J-U5HV6g,115,롤,title,0.85
xuAIAGYGyDU,126459,valorant,title,0.85
xuHibhszHRs,26606,던파,title,0.85
xuZgZTbvh2U,9804,메이플,title,0.85
xumWtOzpVfE,126459,발로,title,0.85
xuxifdQXusc,126459,발로,title,0.85
xuzjN_f0pN0,27789,배그,title,0.85
xv2XkouXAUw,230,스타크,title,0.85
xvsdW8O6uxo,26606,던파,title,0.85
xw5fmqVwecc,135400,마인크래프트,title,0.85
xw9HSwj3Kio,126459,발로,title,0.85
xwaqegx5GRk,27789,배그,title,0.85
xwpNb_cHEds,8173,오버워치,title,0.85
xx7nndVLViY,230,스타크,title,0.85
xxpMN9H1V_g,115,롤,title,0.85
xy0uCV5VyaU,9804,메이플,title,0.85
xyRXH5ZCil0,1020,gta5,title,0.85
xywGaVdP9C8,26128,로스트아크,title,0.85
xz8nCCvc_ss,27789,배그,title,0.85
y-exxwzh15Y,1020,gta 5,title,0.85
y0fQkJPQ4oc,115,롤,title,0.85
y0zfhJaCXXo,17269,로블록,title,0.85
y1Si65CEzRA,26606,던파,title,0.85
y1uUPuxkYeU,115,롤,title,0.85
y2UWmcKNo_I,17269,roblox,title,0.85
y2XqTTNRfII,126459,발로,title,0.85
y2ZGrzx5UQc,115,롤,title,0.85
y2xDi0zrPRs,26128,로스트아크,title,0.85
y2zEwaxTDj0,126459,발로,title,0.85
y2ztglaRxps,9804,메이플,title,0.85
y39FJadJpPw,17269,로블록,title,0.85
y3DNVEhvcm8,115,롤,title,0.85
y3Ly4flflOM,1020,gta 5,title,0.85
y44QFP-UfLc,17269,로블록,title,0.85
y4BbueXsYwE,151665,팰월,title,0.85
y4DdxVkPx64,126459,valorant,title,0.85
y4YWmJo2R2M,8173,오버워치,title,0.85
y4bq27wpQlE,115,롤,title,0.85
y4gSTfBHr7w,26128,로스트아크,title,0.85
1MEfxkqbtHg,119277,원신,title,0.85
1Ng2srUum1I,135400,마인크래프트,title,0.85
1O2CRWAZcMg,93902,fc온라인,title,0.85
1PpwVHw6zQE,117199,니케,title,0.85
1QC8eQ_uHpw,17269,로블록,title,0.85
1Qei7u48EIU,9804,메이플,title,0.85
1QwN3TZwTpM,27789,배그,title,0.85
1RH4SNc9hao,93902,fc온라인,title,0.85
1RQlSMQnI9I,27789,pubg,title,0.85
1RxEjAHADKM,1020,gta 5,title,0.85
1SIiB1o3Bec,9804,메이플,title,0.85
1SmjPtLQCuM,1020,gta 5,title,0.85
1TTO5LBkJjY,9804,메이플,title,0.85
1TpMDcZLaBA,27789,배그,title,0.85
1U_sdE1zV7I,115,롤,title,0.85
1UftqJBql10,119388,왕눈,title,0.85
1V2Euzp1CSM,115,롤,title,0.85
1V_Ifqs-Hrk,126459,valorant,title,0.85
1Wftdop9JOM,126459,발로,title,0.85
1Wxw1NVi2Jo,115,롤,title,0.85
1XK8JSM0QuA,230,스타크,title,0.85
1XziXAaGjfI,126459,valorant,title,0.85
1YEWsM7u58E,93902,fc온라인,title,0.85
1YvtosSnadQ,115,롤,title,0.85
1YxFaqrNn5c,115,롤,title,0.85
1Yxs84nN5dM,119277,원신,title,0.85
1Z99NqPM3ak,178282,스타레일,title,0.85
1ZOUms4hBSk,26606,던파,title,0.85
1ZW6DXhlVO8,135400,마인크래프트,title,0.85
1Zsz3xOyrWo,230,스타크,title,0.85
1_evOQUj0Bs,1020,gta 5,title,0.85
1aJMJp3EpI4,563,아이온,title,0.85
1awamvY4lB0,26128,로스트아크,title,0.85
TY6jkXWIwf4,1020,gta 5,title,0.85
TYIz32V9LYs,115,롤,title,0.85
TYaD7Tf5Wn0,126459,valorant,title,0.85
TZHjTvDTPr0,27789,배그,title,0.85
TZRtM6aJNf4,1020,gta5,title,0.85
TZVIT-afqGU,115,롤,title,0.85
TZXcwkunvBU,17269,로블록,title,0.85
T_PAwWEY6Ik,1020,gta5,title,0.85
Ta7WKOe2KDw,115,롤,title,0.85
Ta9dQarxo_o,1020,gta5,title,0.85
TbCB4PTY-yw,230,스타크,title,0.85
TbD8jNEiNCM,27789,배그,title,0.85
TbSqyIb_1-c,6292,검은사막,title,0.85
TbhzJE-e9a0,9804,메이플,title,0.85
TbiIKVWt4z4,115,롤,title,0.85
TcM1N3dKjIc,151665,팰월,title,0.85
TcNGHrZUflY,115,롤,title,0.85
TcPlWpeS7-o,8173,오버워치,title,0.85
TcbehWGdTlc,119133,elden ring,title,0.85
TcfV-8Paeno,17269,로블록,title,0.85
TdIg2ioYuQM,119277,원신,title,0.85
TdYG8NVlbck,126459,valorant,title,0.85
TdZDB98tdCg,8173,오버워치,title,0.85
TdffcbyiBqI,115,롤,title,0.85
TdffcbyiBqI,136879,오공,title,0.85
TeDfe_RuXLc,115,롤,title,0.85
Te_Nuuwm09w,1020,gta 5,title,0.85
Tei-WTYwnYk,26128,로스트아크,title,0.85
TfWm-0sextw,117199,니케,title,0.85
TfZNeHeTdMg,135400,마인크래프트,title,0.85
Tfan_U-RFEQ,1020,gta5,title,0.85
Tg8CxzxC5gI,26606,던파,title,0.85
TgJdUIjuCDQ,115,롤,title,0.85
Tgfs94Npoz0,126459,발로,title,0.85
Tgii_JArF4M,8173,오버워치,title,0.85
ThHmVmseYJI,1020,gta5,title,0.85
Tharui_Urzs,93902,fc온라인,title,0.85
TiQD1U3-7wE,93902,fc온라인,title,0.85
TiTr4WZ8bUY,230,스타크,title,0.85
TiuFir1xX7g,115,롤,title,0.85
Tiwyfc_FarY,26606,던파,title,0.85
Tj9ahqXg-1w,1020,gta 5,title,0.85
TjNUVFl29Zo,9804,메이플,title,0.85
TjyeEx5oRw4,125165,diablo 4,title,0.85
TkMD-66VraA,8173,오버워치,title,0.85
TlK-mQhqTgA,26128,로스트아크,title,0.85
BnjGME5yHk8,27789,배틀그라운드,title,0.85
BodMpV3YRMM,119133,elden ring,title,0.85
BpQbeWLDBiE,1020,gta 5,title,0.85
Bq27Y3Q8DOY,621,call of duty,title,0.85
Bq_f0mdw4Vc,1020,gta 5,title,0.85
Bql5l6OFo5g,126459,발로,title,0.85
BqzFGRSrS-4,186725,뱀서,title,0.85
BrRUOcaiW-4,1020,gta5,title,0.85
BrYgCbpQEqA,27789,배그,title,0.85
BrcWLVYOSms,26128,로스트아크,title,0.85
BroBTbXnoNY,1020,gta 5,title,0.85
BtUkHJJ5_PA,115,롤,title,0.85
BtY0c41Q-MA,563,아이온,title,0.85
BufTZqkPSy0,126459,valorant,title,0.85
BufzSS-cVXk,9804,메이플,title,0.85
Buvz5KO4GY8,178282,스타레일,title,0.85
BvDtJdQwkfU,135400,minecraft,title,0.85
BvU6dpt1B7w,388008,리니지,title,0.85
BvYJs2qCYVs,126459,발로,title,0.85
Bw-lDXIu_gM,115,롤,title,0.85
Bw0wS2rbxp0,26128,로아,title,0.85
Bw3MA-bfi8c,17269,로블록,title,0.85
BwFJQGzVd0k,9804,메이플,title,0.85
BwbEvRe3-yU,119277,원신,title,0.85
BxmNX2MWA9Q,9804,메이플,title,0.85
By8BN-M6WNo,1020,gta 5,title,0.85
ByMVcx1oK_g,135400,minecraft,title,0.85
ByO-Sy1s8Z4,1020,gta 5,title,0.85
Byaa9GE1jxc,1020,gta 5,title,0.85
BzI0bEuEDJo,9804,메이플,title,0.85
TImwyx7dTus,119277,원신,title,0.85
TJdhUKYIrWo,119388,왕눈,title,0.85
TK1IE-zFQuE,126459,발로,title,0.85
TK7SQaNdBWo,17269,로블록,title,0.85
TKygXi8IBvQ,563,아이온,title,0.85
TLDf0BK2T5Q,26606,던파,title,0.85
TMH8Q8umx9g,230,starcraft,title,0.85
TM_EaQEBAMw,115,롤,title,0.85
TMfBWjgCApU,26128,로스트아크,title,0.85
TNMTbdXsIK8,126459,발로,title,0.85
TOQHSwvvIv0,26606,던파,title,0.85
TP0RTJrpGig,119133,elden ring,title,0.85
TPE2N6rG_ec,135400,마인크래프트,title,0.85
TPH82EEqWoc,26606,던파,title,0.85
TQCvPtZpMNA,135400,마인크래프트,title,0.85
TQIYl_hBzw4,93902,fc온라인,title,0.85
TQMIhQ7hB2c,26128,로스트아크,title,0.85
TQ_cVMoyX3Y,26128,로스트아크,title,0.85
TR7bzao34iY,27789,배그,title,0.85
TRx1Ylh4u7Y,8173,오버워치,title,0.85
TRz5eg26Ak0,178282,스타레일,title,0.85
TSMnOwj9KAc,17269,로블록,title,0.85
TSbtBzkzKQg,26128,로스트아크,title,0.85
TSdxfn9Rx8A,66463,서든어택,title,0.85
TT9f9sgH7OM,230,스타크,title,0.85
TTRqkizDZpI,93902,fc온라인,title,0.85
TUNbylEwBYA,9804,메이플,title,0.85
TVUl2s10fJY,27789,배그,title,0.85
TVfqqBbVHnI,119277,원신,title,0.85
TW2GdBWovQA,17269,로블록,title,0.85
TWH0TsqD-Xo,621,call of duty,title,0.85
TWH0TsqD-Xo,1020,gta 5,title,0.85
TWLnMjsufIQ,126459,valorant,title,0.85
TWy8Y0oD8JI,119277,원신,title,0.85
TXLGbEABupk,17269,로블록,title,0.85
TXYEP6VIXU0,8173,오버워치,title,0.85
xdkxs10hxMw,9804,메이플,title,0.85
xdz4oUvjT54,126459,발로,title,0.85
xe6cWoNVJqY,114795,apex legends,title,0.85
xfkDGUcly0s,115,롤,title,0.85
xgBIEcgX5Mg,17269,roblox,title,0.85
xgFIeqhoJMY,8173,오버워치,title,0.85
xgfHDM6WXCY,115,롤,title,0.85
xhEvYQO_kO8,126459,발로,title,0.85
xhJfGYOtRso,17269,로블록,title,0.85
xhKpM-4CQeU,178282,스타레일,title,0.85
xhp5dtn7_js,26128,로스트아크,title,0.85
xhzqf3MPro4,9804,메이플,title,0.85
xjfMo5CBrm8,17269,로블록,title,0.85
xjjsE4ucbWs,178282,스타레일,title,0.85
xkK52uUC0Do,117199,니케,title,0.85
xl4MJZz9gIk,178282,스타레일,title,0.85
xl72LBGLVvo,115,롤,title,0.85
xlOTUkhMmds,26128,로스트아크,title,0.85
xlx1fYq0ILw,115,롤,title,0.85
xmbLQETos1o,135400,minecraft,title,0.85
xmuQ9vdVnEk,115,롤,title,0.85
xn-1_fvl4dA,26606,던파,title,0.85
xnSJaOAOssY,17269,로블록,title,0.85
xnSm3gevEKc,1020,gta5,title,0.85
xnrA3D6Atmg,66463,서든어택,title,0.85
xo1xKSazZSA,26128,로스트아크,title,0.85
xo6tKC0ZdMQ,119388,왕눈,title,0.85
xoKJdzbGiPw,126459,발로,title,0.85
xogmZh1z-Yo,126459,발로,title,0.85
xpQD8VVQzKM,115,롤,title,0.85
xqLOTvi5KPg,26606,던파,title,0.85
xqOcpGPm59k,93902,fc온라인,title,0.85
xqb1IHjIEMs,126459,발로,title,0.85
xqllYgB3vnc,119277,원신,title,0.85
xqm_2RiJOSQ,135400,마인크래프트,title,0.85
xr0tksmn_X4,93902,fc온라인,title,0.85
1bBg43v_eV0,178282,스타레일,title,0.85
1bzwpYZa8ZQ,26128,로스트아크,title,0.85
1cLOUYZ-lTE,135400,minecraft,title,0.85
1cZJ7y_QdPI,17269,로블록,title,0.85
1cljEsT6jck,9804,메이플,title,0.85
1cm0eUxpMJg,26606,던파,title,0.85
1dfuF5tOHx4,115,롤,title,0.85
1drGTakTjVk,9804,메이플,title,0.85
1eCpC0mRWFY,563,아이온,title,0.85
1edNJ739wMk,26606,던파,title,0.85
1f1cCH8cn3A,115,롤,title,0.85
1f7QxMaYaSc,115,롤,title,0.85
1feMDD1hauI,26128,로스트아크,title,0.85
1g3gAi_1VTk,119133,엘든링,title,0.85
1gKdzpyvb-0,26128,로아,title,0.85
1gLsY26D3NU,115,롤,title,0.85
1glYPESOMrY,115,롤,title,0.85
1i35YCcnAcQ,126459,valorant,title,0.85
1jHI6tPEBfY,17269,로블록,title,0.85
1jhjWlC9L60,93902,fc온라인,title,0.85
1kKKQh4MGOg,115,롤,title,0.85
1lAYZdHeWlw,126459,발로,title,0.85
1lIXAdCFNM0,115,롤,title,0.85
1lezvL4Dik0,126459,valorant,title,0.85
1lyl0v-q_90,115,롤,title,0.85
1m4sHXXYpfc,119277,원신,title,0.85
1mNm2oaI6Yg,230,스타1,title,0.85
1mWBMBOvTeE,26128,로스트아크,title,0.85
1nfg-xZNBd8,115,롤,title,0.85
1ngGqn9pR0Q,178282,스타레일,title,0.85
1o06mMyD_xM,230,starcraft,title,0.85
1oyFK_XCyJs,115,롤,title,0.85
1pHw9p0CiuA,135400,마인크래프트,title,0.85
1pNMgiV8IvM,125165,디아블로4,title,0.85
1pXrhILxwZA,115,롤,title,0.85
1qGq2HqcY3E,93902,fc온라인,title,0.85
1qSNCQB7-3g,115,롤,title,0.85
1qVR5fe5Zu8,1020,gta5,title,0.85
1qZ9_L5RIC4,125165,diablo iv,title,0.85
1qsNSI_sTSU,9804,메이플,title,0.85
1qti9uwmltI,17269,로블록,title,0.85
1qvFuQdCgpU,135400,마인크래프트,title,0.85
8cGg3pxJHLo,178282,스타레일,title,0.85
8cYTVh-WTGc,135400,마인크래프트,title,0.85
8cjUu0u0h4w,126459,발로,title,0.85
8cl3WNI8fRo,27789,배그,title,0.85
8cui6K17H7Q,135400,마인크래프트,title,0.85
8d4UpLdcSWw,27789,배틀그라운드,title,0.85
8eIlIB82XI8,126459,발로,title,0.85
8eRev9ShCnE,125165,디아블로4,title,0.85
8elsx2u7AjU,1020,gta 5,title,0.85
8esP-iiof48,17269,로블록,title,0.85
8fSVnA3Q1b4,230,starcraft,title,0.85
8fpM03YAHwA,26128,로스트아크,title,0.85
8fqvU_NUz1k,135400,마인크래프트,title,0.85
8fsqolmYpgI,27789,배틀그라운드,title,0.85
8gGUi9PvJhk,230,스타크,title,0.85
8g_0qakcdxQ,17269,로블록,title,0.85
8gnZL7YUV68,7346,야숨,title,0.85
8hTpJbOVSDo,126459,valorant,title,0.85
8iAnD_F9Idk,27789,배그,title,0.85
8jxgw_qvYLw,119133,엘든링,title,0.85
8k026m_Ax0o,9804,메이플,title,0.85
8kDjLZUuieU,26128,로스트아크,title,0.85
8kNId-W0VoU,178282,스타레일,title,0.85
8kQlfPnlor8,563,아이온,title,0.85
8kUTzYwX0H8,27789,배그,title,0.85
8kacLz5hg5A,27789,배그,title,0.85
8l7UdB9NSsk,1020,gta5,title,0.85
8lGahmoAbWI,119277,원신,title,0.85
8mIll9g2Ilk,26606,던파,title,0.85
8mLHTkBEsQ0,563,아이온,title,0.85
8mQx7vy1YiY,27789,배그,title,0.85
8mawJ-Z-9dY,9804,메이플,title,0.85
8mqHK34HJ1s,135400,마인크래프트,title,0.85
8n9A43wEKtw,1020,gta 5,title,0.85
8nO_FYidY5k,1020,gta5,title,0.85
8nXEm8V_Vwc,26606,던파,title,0.85
8o7IyN4P2kc,126459,발로,title,0.85
8pDFUbb_cOM,27789,배틀그라운드,title,0.85
8pFodN7V2S4,115,롤,title,0.85
92fvA9vmuak,17269,로블록,title,0.85
92kZ9mzQDRQ,115,롤,title,0.85
93BAmC31Vxw,17269,로블록,title,0.85
94KRZ6UCybc,27789,배그,title,0.85
94NQYPUvrqU,27789,배그,title,0.85
95DubrY29PE,119277,원신,title,0.85
95E1apFk3hE,115,롤,title,0.85
95mXUtorN-Y,26128,로스트아크,title,0.85
95ohNSNwfl8,115,롤,title,0.85
968P3qJoCoE,26128,로스트아크,title,0.85
97pPRoakHdM,230,starcraft,title,0.85
98By5gf194Y,1020,gta 5,title,0.85
98_Bvr7cMP4,126459,발로,title,0.85
98onoAIQCak,1020,gta5,title,0.85
99epUbyQkuo,126459,valorant,title,0.85
99vrFgv6NSI,115,롤,title,0.85
9A7iOlV615I,26606,던파,title,0.85
9A9ZC6EjZd8,17269,로블록,title,0.85
9AhFfbSZgaA,126459,발로,title,0.85
9AsyrO9P0sc,126459,발로,title,0.85
9B8K-arvOYU,27789,pubg,title,0.85
9BHmgbmYwnk,9804,메이플,title,0.85
9BJHDXEXi2E,119133,elden ring,title,0.85
9B_7bJuySj8,115,롤,title,0.85
9BrBeSTkWEo,1020,gta5,title,0.85
9CJxIYWQt0U,115,롤,title,0.85
9CcFEcCHzqs,125165,diablo 4,title,0.85
9Cv5h4PQRzc,17269,로블록,title,0.85
9DB_TEnogJo,135400,마인크래프트,title,0.85
9DHLwme9jBA,17269,로블록,title,0.85
9DMVejv_m34,563,아이온,title,0.85
9DQQZgOfHoo,230,스타크,title,0.85
9DjVAiyIN8Q,93902,fc온라인,title,0.85
9EJPpJHXJms,119277,원신,title,0.85
9EifSaFd_AE,126459,발로,title,0.85
9FZciNdV9dk,115,롤,title,0.85
15-mkvW7F1s,115,롤,title,0.85
15S9jLJcqCA,115,롤,title,0.85
15hMOsACXNI,135400,마인크래프트,title,0.85
15q20RZfgLE,26606,던파,title,0.85
16R6TtZPMAg,17269,로블록,title,0.85
17OFkHF4H-U,126459,발로,title,0.85
18N-ZWQttnE,17269,로블록,title,0.85
18iGX8aM95I,178282,스타레일,title,0.85
19r6vsZniIY,26606,던파,title,0.85
19ti1Q60WWs,17269,로블록,title,0.85
19vREW8IbEw,1020,gta 5,title,0.85
1ASv6riGpUU,230,스타1,title,0.85
1AUIagQbY1A,126459,valorant,title,0.85
1B5aEDqPxGk,1020,gta5,title,0.85
1CNSGhW4tG4,93902,fc온라인,title,0.85
1D86IVB_1eY,26128,로스트아크,title,0.85
1DehboIcFy8,115,롤,title,0.85
1DkMph9WcJQ,178282,스타레일,title,0.85
1DwbHX7vV0w,1020,gta 5,title,0.85
1DxG9sravTU,8173,오버워치,title,0.85
1E7aAz6qRL0,126459,발로,title,0.85
1EDiCVU5CXc,27789,배그,title,0.85
1EHbcmARjec,115,롤,title,0.85
1EyoddeT2dg,230,스타크,title,0.85
1FLD77BWZVc,115,롤,title,0.85
1Fu4fU28Ono,1020,gta 5,title,0.85
1G7Izn_38fM,8173,오버워치,title,0.85
1H0xr6xdvbk,17269,로블록,title,0.85
1HC1A81fP1k,115,롤,title,0.85
1HC1A81fP1k,126459,발로,title,0.85
1IJAog4s90Y,26606,던파,title,0.85
1J9_x_2GmfU,119277,원신,title,0.85
1JYu3lDd7zE,115,롤,title,0.85
1KY80rPB_cs,115,롤,title,0.85
1Kl4wrW16h4,126459,valorant,title,0.85
1L9bAG_PL4c,8173,오버워치,title,0.85
5V55uglQtuE,1020,gta5,title,0.85
5V6ff8J6RyQ,115,롤,title,0.85
5VGNxyhDt6A,126459,valorant,title,0.85
5VP0-JeSksM,17269,로블록,title,0.85
5VQS9ykKrO8,1020,gta 5,title,0.85
5VubifbozrU,115,롤,title,0.85
5W0jZN7ykW8,27789,배그,title,0.85
5X0X_4HRSAw,230,스타크,title,0.85
5XqC5Zib_WQ,1020,gta5,title,0.85
5Y66MHpie2E,126459,발로,title,0.85
5YMoA_68byQ,115,롤,title,0.85
5YTQO29ZBuo,8173,오버워치,title,0.85
5YrjzA-XLKA,126459,발로,title,0.85
5Ze9l1nNEf0,119277,원신,title,0.85
5Zf25-zb0zk,135400,마인크래프트,title,0.85
5_CpfqaWCg8,230,스타크,title,0.85
5_di5h83h7A,230,스타크,title,0.85
5_q42NeAcxw,27789,배그,title,0.85
5_tHneDEXfk,135400,minecraft,title,0.85
5_ueb8flUrw,125165,diablo 4,title,0.85
5aKkoIp6dzA,115,롤,title,0.85
5ahw8B0mUAU,1020,gta 5,title,0.85
5avBbMTrhgg,115,롤,title,0.85
5c11UPCYQo8,9804,메이플,title,0.85
5cN16BlebXA,1020,gta 5,title,0.85
5chaXElYW5k,135400,minecraft,title,0.85
5cxae6Lg_tY,119133,elden ring,title,0.85
5dESepEY3mQ,27789,배그,title,0.85
5do0viQYfsQ,8173,overwatch,title,0.85
5e4uw5L5DmE,230,starcraft,title,0.85
5eOOZxIFRDs,119277,원신,title,0.85
5eTPEXt9PoA,26606,던파,title,0.85
5emeYR9Rl08,1020,gta5,title,0.85
5fK2HiBr4IM,8173,옵치,title,0.85
5fjuazXCMBA,9804,메이플,title,0.85
5gPraiJ86tA,126459,발로,title,0.85
5geyHL9pTPk,621,call of duty,title,0.85
5gpmObsd-KE,1020,gta5,title,0.85
5hTV00w_9FI,8173,오버워치,title,0.85
5heu89mYvhM,126459,발로,title,0.85
5huis-EBSqo,26128,로스트아크,title,0.85
5iAqWWZWJwA,17269,로블록,title,0.85
IFhnWyYzAhQ,126459,valorant,title,0.85
IFonHpwwzJ4,115,롤,title,0.85
IG7qPlB0Fho,17269,로블록,title,0.85
IHQ6OaHSDXQ,230,starcraft,title,0.85
IHiTlkwDvD0,136879,검은 신화,title,0.85
II-aFKVn9Ec,126459,발로,title,0.85
II2qE18gop4,8173,오버워치,title,0.85
IIoRg51xN5U,1020,gta 5,title,0.85
IJamKPBiGUo,119277,원신,title,0.85
IJjL2pB9yqw,26606,던파,title,0.85
IKoIBZhVhjs,115,리그 오브 레전드,title,0.85
IL2Wdxv2Tbo,17269,로블록,title,0.85
IL5aH3aiFsY,178282,스타레일,title,0.85
ILRK4-unDAY,115,리그 오브 레전드,title,0.85
ILXKnC81954,1020,gta 5,title,0.85
IM4fqnRUS9w,115,롤,title,0.85
IMeh1X-bd0k,27789,pubg,title,0.85
IMiJLLzbRwE,115,롤,title,0.85
INERYmUou0w,126459,발로,title,0.85
INOnIAshqsw,27789,배틀그라운드,title,0.85
INYIDQTq0hw,93902,피파온라인,title,0.85
INg5LzXBaXE,135400,마인크래프트,title,0.85
INlxaNCx56g,9804,메이플,title,0.85
IOD-AYN48VA,115,롤,title,0.85
IOR0kqaHLXY,126459,발로,title,0.85
IOSfbGanMWU,17269,로블록,title,0.85
IOk0tBduxZk,119133,엘든링,title,0.85
IOmhp1jjfno,1020,gta 5,title,0.85
IOmvOd5t8YM,563,아이온,title,0.85
IOvsOpO414k,186725,뱀서,title,0.85
IOxgNilU8WE,1020,gta5,title,0.85
IPgR1TyCUb4,151665,팰월,title,0.85
IQOtOqg7Tpw,93902,fc온라인,title,0.85
IQwHV56Uh1M,26606,던파,title,0.85
IR8A46Yahk0,136879,검은신화,title,0.85
IRFaxeUny6I,8173,오버워치,title,0.85
IRO0biNNwJM,126459,발로,title,0.85
IRwdVkB1awQ,1020,gta 5,title,0.85
IS5NPq4Hf4I,126459,valorant,title,0.85
ISKYjgMOdzg,115,롤,title,0.85
eL8hcF8fTU8,126459,발로,title,0.85
eLBhaSHxLa4,17269,로블록,title,0.85
eLMa9jiQGBI,26128,로스트아크,title,0.85
eLeBzGPqmoo,230,스타크,title,0.85
eMN_8PpiTn4,1020,gta5,title,0.85
eMXMIkPDpU4,115,롤,title,0.85
eMoofNb5tdQ,563,아이온,title,0.85
eMwMin6VT5s,9804,메이플,title,0.85
eNBKaxYZzqE,9804,메이플,title,0.85
eNer2wY0QyU,621,call of duty,title,0.85
eNx8HUuJrks,17269,로블록,title,0.85
eOUTc0FketI,18866,데바데,title,0.85
eOtesuIhOlg,115,롤,title,0.85
ePzxy1Bx3KE,135400,마인크래프트,title,0.85
eQLZ30dht6I,151665,팰월,title,0.85
eQicpr76hi0,119277,원신,title,0.85
eRD0hMetUTo,230,스타크,title,0.85
eREGv2O_lgw,151665,팰월,title,0.85
eRNzkCHEQPk,126459,발로,title,0.85
eRYBQsPWSz0,1020,gta5,title,0.85
eS5fxSyB0m4,126459,valorant,title,0.85
eSZtCColTm8,1020,gta 5,title,0.85
eSkWlwsvmOw,1020,gta5,title,0.85
eT3m944zS6M,93902,fc온라인,title,0.85
eTEnxAh8pWc,8173,오버워치,title,0.85
eTMQRRbEAkM,27789,배그,title,0.85
eTONZhQf9M0,115,롤,title,0.85
eV-OhTEfwbI,230,스타크,title,0.85
eWZfBaW1zdQ,119277,원신,title,0.85
eWk2G0I9v60,17269,로블록,title,0.85
eXgUCQnd9Tc,126459,valorant,title,0.85
z4FNghRvrac,27789,배그,title,0.85
z4PJGH3pv7M,135400,마인크래프트,title,0.85
z4TLMn1PtCU,27789,배그,title,0.85
z4wRcXNfQG8,1020,gta5,title,0.85
z5-nTbNgado,26606,던파,title,0.85
z5UjQa-boos,17269,로블록,title,0.85
z5lXA7vCc10,115,롤,title,0.85
z5tcGP714t0,135400,마인크래프트,title,0.85
z5ze0vU0Cyk,17269,로블록,title,0.85
z6AwcoHimHs,115,롤,title,0.85
z6YZJgTtZZc,8173,오버워치,title,0.85
z785O6Hx0r4,17269,로블록,title,0.85
z7KxTS50k8A,26606,던파,title,0.85
z87xmOyV198,8173,오버워치,title,0.85
z8QVfG5HnA4,9804,메이플,title,0.85
z8S7Crf4AqE,119277,원신,title,0.85
z8cCLNLBmRU,8173,오버워치,title,0.85
z8kvgZfrGqo,8173,오버워치,title,0.85
z8xwOx8lUHc,17269,로블록,title,0.85
z9FlqImjecI,115,롤,title,0.85
z9NwqnqJFnU,119277,원신,title,0.85
z9TV-kRGi3Y,135400,마인크래프트,title,0.85
zADpQOa2yQ4,135400,minecraft,title,0.85
zAvfAbnKwig,115,롤,title,0.85
zBBKj4HhL10,115,롤,title,0.85
zBCiPQRgNjQ,1020,gta5,title,0.85
zBFwrH4usfI,26606,던파,title,0.85
zC1e8JgJjZ0,93902,fc온라인,title,0.85
zCC9IOnniPE,1020,gta 5,title,0.85
zCEkwrcHX9w,125165,diablo iv,title,0.85
zCSGylk4qBk,135400,마인크래프트,title,0.85
zCbhMY1OfPk,115,롤,title,0.85
zCljfgJf74A,1020,gta 5,title,0.85
zDJUUgnskzI,125165,디아블로4,title,0.85
zDR_DUe3D7Q,115,롤,title,0.85
zDyUp_mnb8k,36926,몬헌,title,0.85
zELVfJDOfLc,1020,gta 5,title,0.85
zFX1JYZGX_Y,186725,뱀서,title,0.85
zFs8KFqbT_0,17269,roblox,title,0.85
xAsiMfyVJhY,119277,원신,title,0.85
xB11cxyflM0,115,롤,title,0.85
xBNb45g_deU,17269,로블록,title,0.85
xBPN141rtPE,27789,pubg,title,0.85
xB_1wX8b27o,115,롤,title,0.85
xBjk3RmgO6s,7346,야숨,title,0.85
xCfeSfL4GWU,115,롤,title,0.85
xCtMMVv032I,26128,로스트아크,title,0.85
xCud5hf-pIM,26606,던전앤파이터,title,0.85
xDI1wn8m-9A,115,롤,title,0.85
xDNK1glA3Zw,8173,오버워치,title,0.85
xDRKPaCU0yA,115,롤,title,0.85
xEYOBvT_VOc,1020,gta 5,title,0.85
xEiTFERK5bo,26606,던파,title,0.85
xEmMnR4auhI,178282,스타레일,title,0.85
xFnpm84Xg5s,126459,발로,title,0.85
xGr7v9j1C-E,119277,원신,title,0.85
xHcS5LyXy2s,26606,던파,title,0.85
xIEfUmCwU0g,1020,gta5,title,0.85
xIHG3E4TXZg,230,스타크,title,0.85
xINO6oCHIZY,8173,오버워치,title,0.85
xIW61RjuQUM,17269,로블록,title,0.85
xIeAPNpRIuU,1020,gta v,title,0.85
xJ1oy5tuBa0,66463,서든어택,title,0.85
xJakwHTFEp0,115,롤,title,0.85
xJuF1P5EcvA,27789,배그,title,0.85
xL1g0lPJKBw,126459,valorant,title,0.85
xLOAVB_zvMQ,125165,diablo 4,title,0.85
xLPWWv_-gwI,9804,메이플,title,0.85
xLnA28B5fSs,119133,엘든링,title,0.85
xNNgylbrQ6Y,1020,gta 5,title,0.85
xNrbX_tOwYo,1020,gta5,title,0.85
xNwlI0FgC8w,1020,gta 5,title,0.85
xO1HuVj62SU,9804,메이플,title,0.85
xO7TsdgRV8E,1020,gta5,title,0.85
xOEjKtBMjYM,115,롤,title,0.85
xOQ-WN9NDWo,26606,던파,title,0.85
xOQ65Uh6oxg,115,롤,title,0.85
xOVHLpWCdLI,8173,오버워치,title,0.85
6tm1Qx9xvFc,17269,로블록,title,0.85
6u-MHsd8DUE,27789,배그,title,0.85
6u2ok8bX7T4,388008,리니지,title,0.85
6u_BfFvPaR0,115,롤,title,0.85
6ucGWGC79O4,93902,fc온라인,title,0.85
6ujEB6PPGvc,230,스타크,title,0.85
6vgJIJ9sUfA,26606,던파,title,0.85
6w67Lu464L0,26606,던파,title,0.85
6wJxzS3m8Nc,563,아이온,title,0.85
6x6rU2nxHeI,17269,로블록,title,0.85
6x7qkgvvX8g,115,롤,title,0.85
6xKKyyL49NU,17269,로블록,title,0.85
6xmH5njiahc,17269,로블록,title,0.85
6xmhMYUNG2o,27789,배그,title,0.85
6yHr8Dl_P6U,27789,배그,title,0.85
6yjSiJzr0BE,1020,gta5,title,0.85
6zCSziRkLKw,230,starcraft,title,0.85
6zbadPmJdOU,1020,gta 5,title,0.85
6zuUOWWyT4I,17269,로블록,title,0.85
7-1dVBZ60kY,126459,발로,title,0.85
7-8X4xTNNHI,27789,배틀그라운드,title,0.85
7-H-96b-EA0,1020,gta 5,title,0.85
7-PWwbiJUUU,151665,팰월,title,0.85
714Wph8hdOc,9804,메이플,title,0.85
71SRREcFuzQ,126459,valorant,title,0.85
72gFgv9WgxY,119277,원신,title,0.85
72iqJX9S5gA,9804,메이플,title,0.85
72yANTgOsfQ,151665,팰월,title,0.85
73OAJL7gizo,115,롤,title,0.85
73QcYzc3EcU,178282,스타레일,title,0.85
73WAiNdki3o,178282,스타레일,title,0.85
73YX8xmQ2i4,17269,로블록,title,0.85
73mhLC5g9Jo,115,롤,title,0.85
74Gs20y6744,17269,로블록,title,0.85
74eSX4W0HRg,93902,fc온라인,title,0.85
74oKfhSEEV4,115,롤,title,0.85
75FU8Q4PKg8,126459,valorant,title,0.85
75T1XPMKN_Q,135400,minecraft,title,0.85
75oWpWPUm40,115,롤,title,0.85
769nSwMs-0g,115,롤,title,0.85
76trkz7vq70,17269,로블록,title,0.85
76ykqbsBgp0,1020,gta 5,title,0.85
76za1QOS87U,26606,던파,title,0.85
FqAj2W9L8OA,9804,메이플,title,0.85
FsT1oiCFozA,9804,메이플,title,0.85
FsZfX4q0seU,1942,위쳐,title,0.85
Fs_bUWKgVQ8,117199,니케,title,0.85
Fsu0nW3gvmc,126459,발로,title,0.85
FtMndGrCXTM,135400,마인크래프트,title,0.85
FtcuSW4PXVI,8173,오버워치,title,0.85
FtiXz7F9RBg,119277,원신,title,0.85
FtkCbQhS9uo,93902,fc온라인,title,0.85
FtkD1HIwGCo,9804,메이플,title,0.85
Ftl98DPeFPY,8173,오버워치,title,0.85
FtoRuudLXTk,126459,valorant,title,0.85
FuoZKOFEC3Q,115,롤,title,0.85
FvCROI-iApM,8173,오버워치,title,0.85
FvDZxUPduOU,8173,오버워치,title,0.85
FvOL06mbfH0,563,아이온,title,0.85
FvVBGFf4lRY,27789,배그,title,0.85
FwLIQbk-87k,125165,diablo 4,title,0.85
FwiBzkpeKcM,26128,로스트아크,title,0.85
Fxxl2TLSLJQ,17269,로블록,title,0.85
FyLtT2OWUCo,115,롤,title,0.85
FyWXIAdDqvE,27789,배그,title,0.85
FyYvaiIt458,26606,던파,title,0.85
FzCmUXy6rKM,17269,로블록,title,0.85
FzXmBuQHU2M,230,스타크,title,0.85
G-SeU60iB10,1020,gta 5,title,0.85
G0B2ybpdBR8,115,롤,title,0.85
G0JsNpZ1UVA,115,롤,title,0.85
G0X2C_YlsEs,230,스타크,title,0.85
G1L2njQYdcs,27789,배그,title,0.85
G26yi2ZGuBU,230,스타크,title,0.85
G2Vp6bCGZco,1020,gta 5,title,0.85
G2j2q_9FGEA,126459,발로,title,0.85
G2j6NTPkCrY,27789,pubg,title,0.85
G2tzlVLpa4U,1020,gta 5,title,0.85
G3FVwjQ9Rmc,135400,minecraft,title,0.85
G3odPteFq4o,9804,메이플,title,0.85
G3pYwbwJmbc,8173,오버워치,title,0.85
G4N87CgQhno,1020,gta 5,title,0.85
nvJgcyIVGXw,151665,팰월,title,0.85
nvSJLOCxc2c,26606,던파,title,0.85
nvi2YgfVhGs,17269,로블록,title,0.85
nvur5lk1x6c,388008,리니지,title,0.85
nwTHUrCBXSY,178282,스타레일,title,0.85
nwf4tgEB8DI,1020,gta v,title,0.85
nwlHlkn5ydI,27789,배그,title,0.85
nx8c-8t7e5A,26128,로스트아크,title,0.85
nxTdc-9yzeE,26606,던파,title,0.85
nxU9_GMAf5Y,93902,fc온라인,title,0.85
nywYf4veETE,119277,원신,title,0.85
nyyuTNTFapg,17269,로블록,title,0.85
nzrWQe9cS_c,9804,메이플,title,0.85
o0OgT2JUTMQ,1020,gta 5,title,0.85
o167UFCOxhc,26128,로스트아크,title,0.85
o1FMxjnmbCU,26606,던파,title,0.85
o1WaHsz-7Ec,126459,발로,title,0.85
o1Xrh5Bh_U0,17269,로블록,title,0.85
o1XsYcppd2Y,230,starcraft,title,0.85
o1j3wNCLJqI,1020,gta 5,title,0.85
o3B_r23h9zU,9804,메이플,title,0.85
o3bbg7kQFd4,126459,발로,title,0.85
o3ev5-T-skU,230,starcraft,title,0.85
o4tgrrKpQhE,115,롤,title,0.85
o5aoUAj9smI,17269,로블록,title,0.85
o5bVUMLvg3M,26606,던파,title,0.85
o5cEvnic3eI,126459,발로,title,0.85
o5e9HvTAXec,27789,배틀그라운드,title,0.85
o6UkD7sgwJo,1020,gta 5,title,0.85
o6w-BdPR7r0,126459,발로,title,0.85
o77Ws-Lav-A,119277,원신,title,0.85
o7Rb-3UJQfQ,17269,로블록,title,0.85
o7gndifEzyg,126459,valorant,title,0.85
o8V9IMlgzXg,1020,gta 5,title,0.85
o9S_1hCy5cQ,27789,배그,title,0.85
o9VXfUpyp7g,125165,diablo 4,title,0.85
o9s9g31tP6I,17269,로블록,title,0.85
oA5eVKPgOyE,115,롤,title,0.85
oAivrwktzD4,119133,elden ring,title,0.85
oAlBVziV6Mc,115,롤,title,0.85
qLilzKLe1L0,17269,로블록,title,0.85
qLmD41_7xOs,230,스타크,title,0.85
qLuyqvBRjwc,119277,원신,title,0.85
qM8M3CBimWU,230,스타크,title,0.85
qMEbJOiyfNk,115,롤,title,0.85
qMJ8Goswdr8,1020,gta 5,title,0.85
qMJfSJ-MJto,27789,배그,title,0.85
qNFTjo1RbjE,9804,메이플,title,0.85
qNaJDNnUNDo,26128,로스트아크,title,0.85
qNlnCyl7mHU,119133,elden ring,title,0.85
qO219FUdxU4,1911,패스오브엑자일,title,0.85
qOeCZ36EYb0,126459,발로,title,0.85
qPGzkS1GaMs,1020,gta5,title,0.85
qPu2rqOUxAc,93902,fc온라인,title,0.85
qQEfHH-sCjY,1020,gta 5,title,0.85
qQeWhAryEig,115,롤,title,0.85
qQh_duePtrQ,8173,오버워치,title,0.85
qQj41DD6S74,26606,던파,title,0.85
qR05XIDt3o8,126459,발로,title,0.85
qRel5FbYe9M,26606,던파,title,0.85
qU4SfJJnMws,126459,발로,title,0.85
qU6tbFI1C34,9804,메이플,title,0.85
qUX6tICcVdc,26606,던파,title,0.85
qUf4t6p70_A,9804,메이플,title,0.85
qV0PVqHuyog,1020,gta 5,title,0.85
qV5Q-APj_Jc,17269,로블록,title,0.85
qVOy6InBo84,126459,발로,title,0.85
qVzdH2CWTX4,152271,시티즌 슬리퍼,title,0.85
qVzoMMwUAM4,119277,원신,title,0.85
qW2n9GwiDzc,135400,마인크래프트,title,0.85
qWGtpRkYkMc,115,롤,title,0.85
qWNZGgjvUdM,1020,gta5,title,0.85
qWRb31cX-0k,119133,엘든링,title,0.85
qWW3Lxj3nRs,151665,팰월,title,0.85
qWlXGuehyu0,27789,배그,title,0.85
qYrPVjQ-Y8w,27789,배그,title,0.85
qZ7p9LRGoMY,1020,gta5,title,0.85
qZ9nM58NOY8,9804,메이플,title,0.85
qZRzel5i4Bg,17269,roblox,title,0.85
qZfNHCq_8io,115,롤,title,0.85
Cb2vxQSg4fU,119277,원신,title,0.85
CbbYeDPNuh8,115,롤,title,0.85
CbjUjhP4dqk,115,롤,title,0.85
CbyspShvBn4,1020,gta 5,title,0.85
Cc-KftCpz0c,26128,로스트아크,title,0.85
CcT-81_5r9I,126459,valorant,title,0.85
CcTtzIe-RO0,8173,오버워치,title,0.85
CcxW0ZF4QTg,26606,던파,title,0.85
CdD0uPUGM7k,26606,던파,title,0.85
CdWuNUSGqAQ,1020,gta5,title,0.85
CdZK7qM7stg,26606,던파,title,0.85
Cda8O8VIiWc,27789,배그,title,0.85
CeH321AHT1M,17269,로블록,title,0.85
Cf0ZoovfdAE,1020,gta 5,title,0.85
CfhbNvrAbis,115,롤,title,0.85
CfliYDP88SQ,119133,elden ring,title,0.85
CfxBMyyz0io,17269,로블록,title,0.85
CgHhJOOWYkw,1020,gta 5,title,0.85
Cgdzwzc5Nxs,27789,배틀그라운드,title,0.85
Chb4qL8e7-8,230,스타크,title,0.85
CipfuJ7nIGQ,125165,diablo 4,title,0.85
CiqFQyb3fh8,9804,메이플,title,0.85
CizDkhOl9Ic,17269,로블록,title,0.85
CjMXxWADGNE,115,롤,title,0.85
CjaVqXRVbdQ,178282,스타레일,title,0.85
Ck4QI_mfx-c,26606,던파,title,0.85
CkBHUMWKFZs,1020,gta 5,title,0.85
CkmdijSvaZM,135400,minecraft,title,0.85
Cl70is-lrBc,115,롤,title,0.85
Climn8biNl0,115,롤,title,0.85
Cm7cpttBjp0,126459,발로,title,0.85
CnhfPBKnSNA,27789,배그,title,0.85
CnwvFPxB8bE,26606,던파,title,0.85
pobaBywHLJQ,26606,던파,title,0.85
poi5n4kxMVY,115,롤,title,0.85
ppgK5Sr1ICE,1020,gta5,title,0.85
ppqzYR746e4,119277,원신,title,0.85
pps7C95MZ7Q,8173,오버워치,title,0.85
pq35wgnMBN0,26128,로아,title,0.85
pqrbAQonE8E,1020,gta 5,title,0.85
prKIyPBh3sE,117199,니케,title,0.85
prydX0nMpfE,26128,로스트아크,title,0.85
ps4awbypvpM,26606,던파,title,0.85
ptLAZkQBYwc,119277,원신,title,0.85
pukfYxIKlK8,17269,로블록,title,0.85
pvgVrHQZ6Iw,9804,메이플,title,0.85
pvpHHe6eL6Q,26128,로스트아크,title,0.85
pwQYElerrOk,17269,로블록,title,0.85
pwREh-xkGOY,26128,로스트아크,title,0.85
pwbooZHDkTY,8173,오버워치,title,0.85
pwd0CZNcXI8,27789,배그,title,0.85
pxuJbmX-l6E,135400,마인크래프트,title,0.85
py-jrXCeZ1Y,17269,로블록,title,0.85
py3C3pAgMaM,1020,gta 5,title,0.85
pyp-sRT-XAc,8173,오버워치,title,0.85
pyyW9TSYxic,27789,배그,title,0.85
pz0VqR6vVRo,126459,발로,title,0.85
pzZLc8PuJyM,388008,리니지,title,0.85
pzvJGGCVvZ4,135400,마인크래프트,title,0.85
q-60Ar8zyqM,1020,gta5,title,0.85
q-DoTJnZ5WI,115,롤,title,0.85
q-IJ9VEOBUY,115,롤,title,0.85
q-OlX8AC5kI,388008,리니지,title,0.85
q-eP22FEvaI,17269,roblox,title,0.85
q-onEd81FQY,135400,minecraft,title,0.85
q0ACr4UwkgQ,115,롤,title,0.85
q0ACr4UwkgQ,18866,데바데,title,0.85
q1GG1a0x3qI,115,롤,title,0.85
q1qZDnrYJD0,9804,메이플,title,0.85
q20jHjgGOmE,126459,발로,title,0.85
q2B8RBEdvvQ,1020,gta5,title,0.85
q2mjW3fblVc,119277,원신,title,0.85
q3WvK_0WipA,115,롤,title,0.85
q3mnP4-07yY,26128,로아,title,0.85
q3mnP4-07yY,151665,팰월,title,0.85
-lVY7sXsYI0,115,롤,title,0.85
-lum5jcW8Fo,1020,gta 5,title,0.85
-lzfBdAuXwc,1020,gta 5,title,0.85
-nSSH6az9bw,17269,로블록,title,0.85
-nkiryFveB0,1020,gta 5,title,0.85
-oOJ3etmY_g,1020,gta5,title,0.85
-p5vWmME3Aw,126459,발로,title,0.85
-pAPOd7Cr8w,115,롤,title,0.85
-pWWaQMF-SU,93902,fc온라인,title,0.85
-pulykAL86k,178282,스타레일,title,0.85
-qIjN7873Qg,8173,오버워치,title,0.85
-qdbO27HBJA,115,롤,title,0.85
-r62RgCOV9c,1020,gta 5,title,0.85
-rS3hCULYNE,115,롤,title,0.85
-rl_XFnEELE,17269,로블록,title,0.85
-swSGiwwHZU,115,롤,title,0.85
-uDx3Qe32Lc,135400,minecraft,title,0.85
-uHUJQSDti8,119133,elden ring,title,0.85
-uHjNMs0wiM,26606,던파,title,0.85
-uwxzvDDk_Y,1020,gta 5,title,0.85
-vFzFuUmzmk,93902,fc온라인,title,0.85
-vly_YDYbeI,115,롤,title,0.85
-wQTF3S0tUk,126459,발로,title,0.85
-xDS87g16QU,135400,minecraft,title,0.85
-xRn61dsaKI,27789,배그,title,0.85
-xUAl6ohrjQ,26606,던파,title,0.85
-xllmK2IuBw,119388,왕눈,title,0.85
-yFZptslP_4,126459,발로,title,0.85
-yazLziar6o,186725,뱀파이어 서바이버,title,0.85
EoAsqwKOPQ0,1020,gta 5,title,0.85
EoiUtEA6qcE,17269,로블록,title,0.85
EompK1bDg7I,17269,로블록,title,0.85
Ep-683YG5cA,151665,팰월,title,0.85
Ep7R4WFqAN8,26128,로스트아크,title,0.85
EpASA5jEmF0,126459,valorant,title,0.85
EpfcGpzRSt8,9804,메이플,title,0.85
Epv-4r1Zqv8,27789,pubg,title,0.85
Eq_uA6y1KzI,230,스타크,title,0.85
Er9vR6SFU4M,1020,gta 5,title,0.85
ErdkemWzixw,27789,배그,title,0.85
Errf0lJhNS4,9804,메이플,title,0.85
ErwifeCI5Po,26606,던파,title,0.85
Esak_pPw8E0,7346,야숨,title,0.85
Eshxv2tycvA,178282,스타레일,title,0.85
EtTgetu3FQc,1020,gta 5,title,0.85
EtXXSNTVgtI,26606,던파,title,0.85
Etve1eD2uIQ,115,롤,title,0.85
EuDz2zjLDh8,115,league of legends,title,0.85
EuE1F72F-Tk,230,스타크,title,0.85
EuPCAvEL1fU,9804,메이플,title,0.85
EuxXqmp5ZmM,115,롤,title,0.85
EvEjeGvGoDg,27789,배그,title,0.85
EvHD57a_yDs,126459,발로,title,0.85
EvoN-4jO-TM,8173,오버워치,title,0.85
EvwXocApYgs,178282,스타레일,title,0.85
Ew5lKvmjzNI,230,스타크,title,0.85
ExNm98R5Nkg,26128,로아,title,0.85
ExNm98R5Nkg,9804,메이플,title,0.85
ExOmdZIvX6I,1020,gta 5,title,0.85
Ex_bwlusgcU,126459,valorant,title,0.85
Exj07rvg33A,26606,던파,title,0.85
ExocICI5y5w,27789,배틀그라운드,title,0.85
Ey-_NpXJZV4,135400,마인크래프트,title,0.85
EySUiOYrg-c,9804,메이플,title,0.85
EyVXD0K75so,26606,던파,title,0.85
EydNJ1CUd1s,115,롤,title,0.85
EygKOkjBgGU,9804,메이플,title,0.85
EynXBTHAtvo,126459,발로,title,0.85
Eyp37OGoitY,135400,마인크래프트,title,0.85
EzBKkONV6Tc,115,롤,title,0.85
EzORNrRVC50,123395,arknights,title,0.85
F0MoQISGPBk,9804,메이플,title,0.85
F0YuPMibtEk,1020,gta5,title,0.85
F0vrS4ZhzP4,26606,던파,title,0.85
F1BSNa8M9bg,27789,배그,title,0.85
F1V3F0JxAX4,27789,배그,title,0.85
F1V8PtnS9k8,563,아이온,title,0.85
F1o5Y_tek7E,119277,원신,title,0.85
F1yLV5cGiC8,1020,gta 5,title,0.85
F2KcuLJ-BPg,1020,gta5,title,0.85
F3BW0B9MjGw,119388,왕눈,title,0.85
F3IK2HZ2mms,126459,발로,title,0.85
F3d6zmAwhmM,26606,던파,title,0.85
F3qopLV4QHc,1020,gta5,title,0.85
9cC9wsg2A1k,1020,gta5,title,0.85
9dBDQYFERZ8,126459,발로,title,0.85
9dnoAqwNip4,1020,gta5,title,0.85
9dyB51FFHNE,27789,배틀그라운드,title,0.85
9dygIuPpmiE,117199,니케,title,0.85
9fETRRr7d6Y,563,아이온,title,0.85
9ftfx2cYdZI,26128,로스트아크,title,0.85
9gS-cIHbGeU,115,리그 오브 레전드,title,0.85
9gUjSCL2Zyo,26128,lost ark,title,0.85
9gsdHEWKBio,1020,gta 5,title,0.85
9hYCEzbyhwk,388008,리니지,title,0.85
9hvTHA7Qx9A,1020,gta 5,title,0.85
9iQjbqjQlWE,17269,로블록,title,0.85
9iuEAm4BwKk,135400,마인크래프트,title,0.85
9jN2Ttg1pfA,9804,메이플,title,0.85
9jWF4l4gzGg,125165,디아블로4,title,0.85
9jn25aAluhA,115,롤,title,0.85
9knecbDCQwI,115,롤,title,0.85
9lFilEBkBSA,388008,리니지,title,0.85
9lG5TBwWa2Y,115,롤,title,0.85
9lwiu4yZvmA,135400,마인크래프트,title,0.85
9mbc6ESMMvo,9804,메이플,title,0.85
9oAXlgAtXEM,115,롤,title,0.85
9oUTHdnlz6k,26128,로스트아크,title,0.85
9oodUVPujJI,119277,원신,title,0.85
9p4jBEoFciM,9804,메이플,title,0.85
9qAJ2d9lIpU,27789,배그,title,0.85
9qaD7bumSGo,563,아이온,title,0.85
9rQA7WaS0jE,135400,마인크래프트,title,0.85
9sMYDAy1VCQ,178282,스타레일,title,0.85
9sh5mpXjPvs,135400,minecraft,title,0.85
9slZuuW7ZrA,119133,elden ring,title,0.85
9snPU82BJTo,26606,던파,title,0.85
9tk2MEkqw0U,1020,gta 5,title,0.85
9tl5LJgcNG8,17269,로블록,title,0.85
9u2exx_IceQ,126459,발로,title,0.85
9uaLrlBHDgw,178282,스타레일,title,0.85
9uaa0498Sg4,178282,스타레일,title,0.85
9uvXv7nOhEg,26128,로스트아크,title,0.85
9vJ8QkdodC8,126459,발로,title,0.85
9vdrT4r5r1s,135400,minecraft,title,0.85
9vrZM8DSSsI,126459,발로,title,0.85
9w4FY2t7ozg,125165,diablo 4,title,0.85
9wDJt1WXvZs,135400,마인크래프트,title,0.85
9wEFlJpnh6E,117199,니케,title,0.85
9wfsXPANAq0,126459,발로,title,0.85
9x0M5wlYrNk,126459,발로,title,0.85
9xC9Vkc9Uyk,115,롤,title,0.85
9yF7xLjT2SE,135400,minecraft,title,0.85
9yoY4S7bIg4,26606,던파,title,0.85
9z1ggwFsfQg,119133,엘든링,title,0.85
9zOlZPhYPrU,126459,발로,title,0.85
9ziHMYFkdRQ,126459,발로,title,0.85
Q2l1TU0kxMs,17269,로블록,title,0.85
Q3nnrAUz6y8,17269,로블록,title,0.85
Q4KZLmC4f9g,135400,마인크래프트,title,0.85
Q4Z_xidLcaM,1020,gta5,title,0.85
Q5UfaM0LSK4,115,롤,title,0.85
Q5WiaYqpRNs,117199,니케,title,0.85
Q5ayEHvsezQ,115,롤,title,0.85
Q6Z0YtPqvvA,135400,minecraft,title,0.85
Q6y8crAUlR4,26128,로아,title,0.85
Q75F3Kmyt00,115,롤,title,0.85
Q7P0ResOrew,230,starcraft,title,0.85
Q81ghj9NGwU,27789,배그,title,0.85
Q8GEXl1rQiE,115,롤,title,0.85
Q9r8-nzQ9Og,1020,gta5,title,0.85
QAGXn_cOYP4,178282,스타레일,title,0.85
QCHUmy6lx1w,115,롤,title,0.85
QD5pwlc3tpY,26606,던파,title,0.85
QDu95H5Pp30,117199,니케,title,0.85
QEVV-zUaM0Q,151665,팰월,title,0.85
QEeHK--6zgY,135400,마인크래프트,title,0.85
QFB8qwEOM0M,26606,던파,title,0.85
QFHYHZvSdyQ,126459,발로,title,0.85
QFlQEdy0BLQ,8173,오버워치,title,0.85
QGz5GP8aNjc,135400,minecraft,title,0.85
QHLIF0iGm8k,178282,스타레일,title,0.85
QHLU45l5sgM,230,starcraft,title,0.85
QI1eWtGsPKU,26606,던파,title,0.85
QI3IfiIviHM,9804,메이플,title,0.85
QIF-zQTHYss,8173,오버워치,title,0.85
QIomSFpSRCk,27789,배그,title,0.85
QJ7FGV02RTQ,9804,메이플,title,0.85
QJEEoxmpkOg,17269,roblox,title,0.85
QJHZbf4YDSg,115,롤,title,0.85
5w0pcBiNc5Q,115,롤,title,0.85
5w2kEXl_Bs4,1020,gta 5,title,0.85
5wLsm10oDnc,115,롤,title,0.85
5x0yg5FPaQ0,9804,메이플,title,0.85
5yB59OYjFo0,8173,오버워치,title,0.85
5yzbAOhs-iA,119277,원신,title,0.85
5zCs9XKLBF4,17269,로블록,title,0.85
5zUZM2TU76I,1020,gta5,title,0.85
5zYjY_fanBA,27789,배그,title,0.85
5zsQTULXrcY,17269,로블록,title,0.85
6-L7IcdZnVM,1020,gta 5,title,0.85
6-VLdCR4ElU,1020,gta v,title,0.85
6-iYlm_bIz0,1020,gta 5,title,0.85
6-x8slsen1k,115,롤,title,0.85
608quvWjMyY,117199,니케,title,0.85
60Xssi3jGi8,26606,던파,title,0.85
61GNsA6Pcok,178282,스타레일,title,0.85
61OcwtC7uKs,230,스타1,title,0.85
61XD_JI7ytk,17269,로블록,title,0.85
61mldNeX2WU,186725,뱀서,title,0.85
62YDzZN60rU,119388,왕눈,title,0.85
62ivg90wA_Y,117199,니케,title,0.85
63cK7Y_BRaA,126459,발로,title,0.85
63cL80jeRVA,119277,원신,title,0.85
64w86smheUo,119277,원신,title,0.85
65-gFtKADDg,1020,gta 5,title,0.85
650M4uvJAuk,17269,로블록,title,0.85
65ACKs_wAMw,115,롤,title,0.85
660n-X-GP_c,178282,스타레일,title,0.85
66IiveapNJA,115,롤,title,0.85
682XdHGat5c,1020,gta 5,title,0.85
68PglqLpnKY,126459,valorant,title,0.85
68VuBPZW3FM,126459,valorant,title,0.85
68eccRMw4kA,17269,로블록,title,0.85
6A5U33Cq4BY,119277,원신,title,0.85
6ADEsdBWZrg,115,롤,title,0.85
6ADGYGJEaSQ,119133,elden ring,title,0.85
6AXivSOkbzo,8173,오버워치,title,0.85
6AlmNA_W1EI,126459,valorant,title,0.85
6An-lupLcQk,1020,gta 5,title,0.85
6AutsFYKniU,135400,minecraft,title,0.85
tHT-gN-uFSA,230,스타크,title,0.85
tHmkSNd6is4,126459,발로,title,0.85
tIHbgQ-VpLU,119277,원신,title,0.85
tIXTmLVTP80,9804,메이플,title,0.85
tJ2hH_qIYKM,26606,던파,title,0.85
tJw9O0pNY4o,115,롤,title,0.85
tK7TU07vP8I,27789,배그,title,0.85
tKCqk-NJy0c,126459,발로,title,0.85
tKX7TGtB1_k,1020,gta5,title,0.85
tKbY6DqbgGs,1020,gta 5,title,0.85
tKzll4iDaic,230,스타크,title,0.85
tLQHQDThLQA,26128,로스트아크,title,0.85
tLvjgYuwGT8,1020,gta 5,title,0.85
tMfFuJ1N6_U,26128,로스트아크,title,0.85
tMfQtdP_oJI,115,롤,title,0.85
tNHx6iItEXo,8173,오버워치,title,0.85
tNRgxvYu27o,26606,던파,title,0.85
tNUrF9Mde-M,135400,minecraft,title,0.85
tNd8KjQWfj8,1020,gta5,title,0.85
tNnldj_l22U,186725,뱀서,title,0.85
tOluqq0K27M,126459,valorant,title,0.85
tQ3A9E40Jac,26606,던파,title,0.85
tQOUqri6nbQ,126459,발로,title,0.85
tQfFaIDbEIE,26128,로아,title,0.85
tRpW9EYK9YI,9804,메이플,title,0.85
tRuAiEdtgiE,9804,메이플,title,0.85
tSCjilYCHro,125165,디아블로4,title,0.85
tT0dOrCf-8I,27789,배그,title,0.85
tTaRIPGDOPc,17269,로블록,title,0.85
tTiRGJHgpjo,1020,gta 5,title,0.85
tU159cTYmUY,152271,시티즌 슬리퍼,title,0.85
tUXtc2aNjNk,126459,발로,title,0.85
tUkdVX-3_Vk,18866,데바데,title,0.85
tV0_bQNo-zU,17269,로블록,title,0.85
tVTO8F7--cc,178282,스타레일,title,0.85
tVocgVJ4UNU,26606,던파,title,0.85
tVtRmZ5gD78,388008,리니지,title,0.85
tWNexnmBtEY,1020,gta 5,title,0.85
tWo1dIFiQvY,135400,minecraft,title,0.85
ANDOQHI2HhI,1020,gta 5,title,0.85
ANTUUhT3Dx4,115,롤,title,0.85
ANUgxHBV3tY,125165,diablo 4,title,0.85
ANarTHb74jI,17269,로블록,title,0.85
ANr9zKy44nw,26128,로스트아크,title,0.85
ANrdKujsOvk,9804,메이플,title,0.85
AOEQ_Au1VVU,117199,니케,title,0.85
AONLPzNS_Wo,115,롤,title,0.85
AONZAEWl4Es,93902,fc온라인,title,0.85
APEItL04bx4,17269,로블록,title,0.85
APrOPBv2cCw,1020,gta5,title,0.85
ARqOXoEFHjY,17269,roblox,title,0.85
ARxNM8HN99Q,8173,오버워치,title,0.85
ARxNM8HN99Q,331286,오버워치2,title,0.85
ASm3Ol7pBEc,8173,오버워치,title,0.85
ASwHZqleOo0,135400,마인크래프트,title,0.85
AT_AOAiLN7s,230,starcraft,title,0.85
ATuIQyILdLQ,9804,메이플,title,0.85
AUvx0GttprU,115,롤,title,0.85
AV0SP-af7Tg,1020,gta5,title,0.85
AV7Iewgxq6w,119388,왕눈,title,0.85
AVMbPrkY8uI,1020,gta 5,title,0.85
AVfbkJUNkqU,125165,디아블로4,title,0.85
AW0BprU3DPQ,1020,gta 5,title,0.85
AWhwU18Nfew,1020,gta 5,title,0.85
AXTuHTPGFGs,9804,메이플,title,0.85
AXZ_dracQCM,1020,gta 5,title,0.85
AX_U06CAz4g,135400,마인크래프트,title,0.85
AXi6NceDemU,388008,리니지,title,0.85
AY7dA-AKxnc,119277,원신,title,0.85
AYAX6b0_LGk,1020,gta 5,title,0.85
AYG7GCoX6uE,9804,메이플,title,0.85
AZk7wYZW-B8,8173,오버워치,title,0.85
A_5zCRkZxBk,151665,팰월,title,0.85
A_sxs0UtM0U,26128,로스트아크,title,0.85
Ab3PihEUIWo,27789,배틀그라운드,title,0.85
AbGTe59Eudk,388008,리니지,title,0.85
AbdFHP_VIs0,26606,던파,title,0.85
Ac31TZrRcak,230,starcraft,title,0.85
Ac4rbdtP6iU,17269,로블록,title,0.85
AcrPPp1yY9w,1020,gta 5,title,0.85
AdCSmN14bJE,27789,배틀그라운드,title,0.85
AeCvr-SfJ8Q,119133,elden ring,title,0.85
Af3INekbaRU,563,아이온,title,0.85
Af3JCLDIxgg,9804,메이플,title,0.85
AfBlcbGkf9E,17269,로블록,title,0.85
AfKSVMADs7M,17269,로블록,title,0.85
Afrk6ADUkFM,27789,배그,title,0.85
AfrkvGOqi38,17269,로블록,title,0.85
Ag5kirD8pxY,8173,오버워치,title,0.85
AgQjrkei5as,115,롤,title,0.85
AgS3E8UPwDc,115,롤,title,0.85
AgZI0n3fayI,115,롤,title,0.85
AgetkKh4ftM,93902,fc온라인,title,0.85
AhA6VQmvSu0,9804,메이플,title,0.85
AhdmKDnmBOw,1020,gta 5,title,0.85
DH4axWQ2HsY,135400,minecraft,title,0.85
DI_Ml8ozR8Q,26606,던파,title,0.85
DIknP3nti78,1020,gta 5,title,0.85
DJ_tH4n2Kcg,27789,배틀그라운드,title,0.85
DJzFtQWDRcQ,126459,valorant,title,0.85
DKhOZzFmCuc,126459,발로,title,0.85
DKiQOSOUrug,119277,원신,title,0.85
DLGeRxHR_Q0,9804,메이플,title,0.85
DLzMXLAeCsQ,119133,elden ring,title,0.85
DM05nq7BgeM,8173,오버워치,title,0.85
DN2jBU9UfUI,115,롤,title,0.85
DN7C7I5fJZQ,119277,원신,title,0.85
DNt0WOj8BR4,27789,배틀그라운드,title,0.85
DODa0cyFmSQ,9804,메이플,title,0.85
DP9TrdpvPPY,16741,블소,title,0.85
DPIjgbQcn_Y,26128,로스트아크,title,0.85
DPmR5nHGuEU,26606,던파,title,0.85
DQbwcVMtPHE,26128,로스트아크,title,0.85
DQbwcVMtPHE,151665,팰월,title,0.85
DR8skFBHR2Y,119277,원신,title,0.85
DRI9nrgi9r4,27789,배틀그라운드,title,0.85
DRom8FcnG4I,115,롤,title,0.85
DRvtj7lmpzg,17269,roblox,title,0.85
DRxyYj5EAhU,1020,gta 5,title,0.85
DS0pHKi6atM,388008,리니지,title,0.85
DSKateZ1Uig,17269,로블록,title,0.85
DSVbD0ktIOk,115,롤,title,0.85
DSaGd-rddLE,26606,던파,title,0.85
DSrkr4VXTy0,135400,minecraft,title,0.85
DSw5qvT7Yoc,119133,elden ring,title,0.85
DT89O82nxHo,9804,메이플,title,0.85
DTOpe315Nzg,1020,gta5,title,0.85
DTqScgwXYsA,115,롤,title,0.85
DUJz4ZUnHPc,115,롤,title,0.85
DUSqcb28eqo,9804,메이플,title,0.85
DUVmQ_HCx88,17269,로블록,title,0.85
DU_tkS-ng-g,26606,던파,title,0.85
DUfGrq6e6PY,115,롤,title,0.85
DUs4by04RZA,119133,엘든링,title,0.85
4-5IJWLyKCU,9804,메이플,title,0.85
4-fJB7HkKok,388008,리니지,title,0.85
4-n0DAsH41U,17269,로블록,title,0.85
4-wSFv5tX_4,1020,gta 5,title,0.85
4-y4PYMLUvI,119277,원신,title,0.85
406ZqJsy1Q4,9804,메이플,title,0.85
40L4duGiZPQ,115,롤,title,0.85
40RRCJ14tZQ,26606,던파,title,0.85
40SJDyYJD9Q,27789,배틀그라운드,title,0.85
40VjRVGcjlY,26606,던파,title,0.85
41zbwEHs3iM,9804,메이플,title,0.85
42DeQGGGLiE,27789,pubg,title,0.85
42YffCQXr5Q,1020,gta 5,title,0.85
42q_aJgMrrw,17269,로블록,title,0.85
43UYmbEa5k4,1020,gta 5,title,0.85
43_vFwxri68,26606,던파,title,0.85
43u3rp6a72A,388008,리니지,title,0.85
44SOWPS6n3Y,230,스타크,title,0.85
44twV9d-kVg,115,롤,title,0.85
44x44RBz5No,126459,발로,title,0.85
454QdN-3N4I,178282,스타레일,title,0.85
455P2ZUonQM,27789,배틀그라운드,title,0.85
45ERPikXEM0,1020,gta5,title,0.85
45R3y6Yi04E,8173,오버워치,title,0.85
45gNpCv2pg0,8173,overwatch,title,0.85
45gNpCv2pg0,331286,오버워치2,title,0.85
46SCBKhSBWc,126459,valorant,title,0.85
46_Tm42A9Xg,8173,오버워치,title,0.85
46heJgSejeQ,230,starcraft,title,0.85
46oqL9B1iY0,119133,elden ring,title,0.85
46sukyo2_C4,26128,로스트아크,title,0.85
46veFmTczdk,126459,valorant,title,0.85
46yroHkbO5c,115,롤,title,0.85
47F1KKFISMo,26606,던파,title,0.85
49FkQKt03pE,1020,gta 5,title,0.85
49N9a3wUUns,26128,로스트아크,title,0.85
49iQ1RMziKw,27789,배그,title,0.85
49zmnqTmc1Q,17269,로블록,title,0.85
4BHIC336ccw,119277,원신,title,0.85
4BdLWz0cc3s,8173,오버워치,title,0.85
4ByI2nKSQEc,17269,로블록,title,0.85
4Cpx44LWY0Y,126459,발로,title,0.85
4DAzRUd9600,151665,팰월,title,0.85
4DXHWfJk1tI,8173,오버워치,title,0.85
4Di7w9yMaWg,9804,메이플,title,0.85
PXLxs4PtMp8,135400,마인크래프트,title,0.85
PXbNKmqCWsI,125165,diablo 4,title,0.85
PXp2YH5L15E,115,롤,title,0.85
PY9OFb0IEMc,1020,gta 5,title,0.85
PYhSYmC2faM,119133,elden ring,title,0.85
PZ3BNHKjrwI,9804,메이플,title,0.85
P_NbAmUpkl0,9804,메이플,title,0.85
Pa3Vq1PFcYY,27789,pubg,title,0.85
PactKlMT4v8,26128,로스트아크,title,0.85
PaiTnciuS3E,388008,리니지,title,0.85
Pavq-21cRxU,119133,elden ring,title,0.85
Paw6CTdo-v0,126459,valorant,title,0.85
PbnS8OwkJGw,8173,오버워치,title,0.85
PbwmJIp3N-c,26606,던파,title,0.85
PcXEIzKCAs4,126459,발로,title,0.85
Pc_LZV90Dlo,230,starcraft,title,0.85
PcmNzmzq9Kg,230,starcraft,title,0.85
Pdi-EtF83o8,1020,gta 5,title,0.85
PeDYGAOlups,27789,배틀그라운드,title,0.85
PeOKOvYSPcY,119277,원신,title,0.85
Pf2EO3MBWNE,9804,메이플,title,0.85
PfFvDP93eYc,26128,로아,title,0.85
PflQZK0b3Is,3277,rust,title,0.85
Pg64B7QF0nk,126459,valorant,title,0.85
Pg8sq10FMDY,117199,니케,title,0.85
PgNYBrgjAqM,152271,시티즌 슬리퍼,title,0.85
PgUhw68okMw,26606,던파,title,0.85
PgrMOJsHvMQ,8173,오버워치,title,0.85
PgtyZqH_1gE,388008,리니지,title,0.85
PhDECZIIUaA,1020,gta 5,title,0.85
PhXtKN3EiFI,9804,메이플,title,0.85
PiFc8Xh6sbw,17269,로블록,title,0.85
PicUoiIOErU,1020,gta5,title,0.85
PimAvUydrMY,126459,발로,title,0.85
PiojsHKfss8,26606,던파,title,0.85
PjPlK9GMX_k,115,롤,title,0.85
PjSb1zdnnkM,115,롤,title,0.85
Pk7ovTN0BQc,1020,gta 5,title,0.85
PkQ5v1S40V0,1020,gta 5,title,0.85
PkkFa2gsJtQ,126459,발로,title,0.85
PlKfxSnys9E,1020,gta 5,title,0.85
fICstAk2luc,151665,팰월,title,0.85
fJ6LpdApJmE,126459,valorant,title,0.85
fJmLwiM2FfE,230,스타1,title,0.85
fKpCrHHHRKw,126459,valorant,title,0.85
fKpbdcrYiQk,9804,메이플,title,0.85
fL7AHR_bdbw,66463,서든어택,title,0.85
fL8sgNqz-V8,1020,gta 5,title,0.85
fLA1SI1Odkg,26606,던파,title,0.85
fLSH7LyvXf8,135400,마인크래프트,title,0.85
fLpLwri4jcg,115,롤,title,0.85
fLvOXnTe_9M,119133,엘든링,title,0.85
fM1ToE8LmhM,115,롤,title,0.85
fM4eNDkZBic,119133,elden ring,title,0.85
fMPEvEWSULQ,26128,로스트아크,title,0.85
fN3QSnPf2lY,9804,메이플,title,0.85
fN6NYM7VCBM,563,아이온,title,0.85
fNjRNI6QHsM,119277,원신,title,0.85
fOLmDesKPNI,27789,배그,title,0.85
fOXa_Nsfd0w,115,롤,title,0.85
fP90qJdDmi8,135400,minecraft,title,0.85
fPJ55TQRdxw,9804,메이플,title,0.85
fPd7ibqaSQM,126459,발로,title,0.85
fPqNCfTw808,126459,발로,title,0.85
fQ6HMLpd4AE,17269,로블록,title,0.85
fQIAiMq-7tg,1020,gta 5,title,0.85
fR7UheRdGys,26606,던파,title,0.85
fR_zIlKS-xk,178282,스타레일,title,0.85
fRp6s3slCE4,388008,리니지,title,0.85
fSgS7bSt8NI,1942,위쳐,title,0.85
fSk_Pl3ZBP8,126459,발로,title,0.85
fTEGfuN9UeM,115,롤,title,0.85
fTVs14GY34w,115,롤,title,0.85
fTXpX5zl0CI,26606,던파,title,0.85
fUBT2VgtkwU,1020,gta 5,title,0.85
fUMAjz0jl-k,26606,던전앤파이터,title,0.85
dMD6SUmBiJ4,115,롤,title,0.85
dMV9LGBY3ZY,115,롤,title,0.85
dN7fY_Eu3Mg,8173,오버워치,title,0.85
dNXBTFwRgvs,126459,valorant,title,0.85
dNoeZH9Y7qw,115,롤,title,0.85
dOetzRvbmrw,3277,러스트,title,0.85
dOetzRvbmrw,178282,스타레일,title,0.85
dP-79ORa7Zs,119133,elden ring,title,0.85
dPL6ZQPk3aw,1020,gta5,title,0.85
dPnm2r9fqOE,9804,메이플,title,0.85
dQPCgAs38FY,9804,메이플,title,0.85
dQXa1n8BPIE,9804,메이플,title,0.85
dQgmGEr2qb4,119133,elden ring,title,0.85
dQoh7Oheuog,115,롤,title,0.85
dRrpYzDwgSY,27789,배틀그라운드,title,0.85
dRwEKoUbgos,17269,로블록,title,0.85
dS0Wu7-oe8U,17269,로블록,title,0.85
dS51HDhFRow,17269,로블록,title,0.85
dSGCD3uFRMQ,151665,팰월,title,0.85
dSbs2v0gKus,93902,fc온라인,title,0.85
dSgK4iP4VBA,126459,발로,title,0.85
dTDnMDmEpAg,621,콜오브듀티,title,0.85
dTPkXuL8jDk,17269,로블록,title,0.85
dUR39IpUWzk,8173,오버워치,title,0.85
dV-I-fRZjxQ,126459,valorant,title,0.85
dV1GzY8iRyk,9804,메이플,title,0.85
dV4cooOUTyE,115,롤,title,0.85
dVX2E1dew3E,115,롤,title,0.85
dVfIO24OSu0,26128,로스트아크,title,0.85
dWBR7JOg874,1020,gta5,title,0.85
dWH6BxsQX7E,17269,로블록,title,0.85
dWZLXswwmcY,126459,valorant,title,0.85
dWzg_41y1iw,26128,로스트아크,title,0.85
dX3OJoAPbVg,115,롤,title,0.85
dXI_6ODHf6E,17269,로블록,title,0.85
dY6OLlIvN_M,119133,elden ring,title,0.85
dYZg8A2BbjM,119277,원신,title,0.85
dYbwe5DrJtw,119277,원신,title,0.85
dYgifIfFBH8,17269,로블록,title,0.85
dZdtILAfdys,27789,배틀그라운드,title,0.85
d_GDs_yB_Ak,1020,gta 5,title,0.85
d_cDROcg0hI,126459,발로,title,0.85
d_tYb-KLpFs,26606,던파,title,0.85
daGJzE4ZFNs,119277,원신,title,0.85
daNnAeK8roM,115,롤,title,0.85
dadXfpKQhXo,1020,gta 5,title,0.85
dagwJGu0_ws,115,롤,title,0.85
daqroIPHqck,27789,배틀그라운드,title,0.85
dauPRmUCghk,26606,던파,title,0.85
26j2eFR-JhE,17269,로블록,title,0.85
26wfYTd6EVs,93902,fc온라인,title,0.85
27rzTS5NxRo,21492,마비노기,title,0.85
28DZQkbzrYI,135400,minecraft,title,0.85
28TOjp_Vo3Q,27789,배그,title,0.85
28dypQiv8Ts,119133,elden ring,title,0.85
28r4xMjX5gs,27789,배틀그라운드,title,0.85
29439eNsOUU,26128,로스트아크,title,0.85
29TP7LiFAeU,151665,팰월,title,0.85
29Ux3TH7D94,119133,엘든링,title,0.85
29x2gMEiy6E,119277,원신,title,0.85
2AM2k7AEVMU,119133,elden ring,title,0.85
2BGWUNsEoug,126459,valorant,title,0.85
2BUldJ6Bwfo,117199,니케,title,0.85
2BZjYNiWHbk,126459,발로,title,0.85
2B_LWNxNHOo,125165,diablo 4,title,0.85
2CHyhFO4AzE,178282,스타레일,title,0.85
2E10fufbYlg,26606,던파,title,0.85
2E3S10Q-PqY,119133,엘든링,title,0.85
2Ek37Mtz1aA,119133,elden ring,title,0.85
2Eqjvfy-2Ms,178282,스타레일,title,0.85
2FOU-XUIPKo,26606,던파,title,0.85
2FSlQX1pIBA,26606,던파,title,0.85
2F_0t_Kp9Go,388008,리니지,title,0.85
2H2COWgf7Jg,27789,배그,title,0.85
2ICWrSH8pmM,8173,오버워치,title,0.85
2ICWrSH8pmM,126459,발로,title,0.85
2IQZHFWtUg0,135400,마인크래프트,title,0.85
2Iuf3welL20,126459,발로,title,0.85
2J7ph9sy_Ek,119277,원신,title,0.85
2J_LrnMmGs0,17269,로블록,title,0.85
2Ji94LvinKk,117199,니케,title,0.85
2JzaA5jNy78,17269,로블록,title,0.85
2KHD2_bl3MY,27789,배그,title,0.85
2KLxJsYqXNI,17269,로블록,title,0.85
2KUL558CkuE,21492,마비노기,title,0.85
2KX8sISy568,8173,오버워치,title,0.85
2Kxn-XihCFM,27789,배그,title,0.85
2LKBqHQz-_g,126459,발로,title,0.85
2MIJPIemiDQ,27789,배그,title,0.85
2Mg8aUVKE04,26128,로스트아크,title,0.85
2Mv3ehFEGdg,9804,메이플,title,0.85
2NYnup1usA4,26128,로아,title,0.85
2OHeNIRpn0Q,27789,배그,title,0.85
2Ono_zvylm8,115,롤,title,0.85
2OqSPffCdpg,27789,배그,title,0.85
DkNVW43QaFU,178282,스타레일,title,0.85
DldZpWvpvKY,115,롤,title,0.85
DnEoCm_OXPc,1020,gta 5,title,0.85
Do8ETnghB-o,135400,마인크래프트,title,0.85
DoGSvZA6gig,151665,팰월,title,0.85
DoTHZBpIGnY,27789,배틀그라운드,title,0.85
Doicm6x8B2M,115,롤,title,0.85
Dp-iUMw4PII,1020,gta 5,title,0.85
Dp3YDpk2I_E,17269,로블록,title,0.85
DpH9L_pHklM,126459,발로,title,0.85
DpryiVJCtgY,126459,발로,title,0.85
DqBhi4M1GAg,26606,던파,title,0.85
DqJQydAYNJk,1020,gta5,title,0.85
DqPq7D4ooqY,8173,오버워치,title,0.85
DqYuIHT1Lyw,27789,배그,title,0.85
DqkP2P_tCME,119277,원신,title,0.85
DqqUqdobG0o,115,롤,title,0.85
DqsKktNlqUM,115,롤,title,0.85
DrvIzcAVgxM,115,롤,title,0.85
Dt42mWOepi4,1020,gta 5,title,0.85
DtFC0BsWRQE,8173,오버워치,title,0.85
DtOSgO6MwDY,26128,로스트아크,title,0.85
DtPl18z-q_Y,26606,던파,title,0.85
DtqUoIj7G6U,1020,gta5,title,0.85
Du6coUBPbqo,26606,던파,title,0.85
Du7Yutc2jmY,117199,니케,title,0.85
Dud7jGKanyU,126459,valorant,title,0.85
DudduoDO0_Y,135400,마인크래프트,title,0.85
Dv-dwkoD3as,1020,gta 5,title,0.85
DvHEacCh8YU,1020,gta5,title,0.85
DvbafemoJrk,115,롤,title,0.85
DvocIjaTGKA,115,롤,title,0.85
DvzZ5Qgh_zw,115,롤,title,0.85
Dw_njv6_sCg,115,롤,title,0.85
DwlEgfgKKsw,93902,fc온라인,title,0.85
Dx7NF5PDnts,126459,발로,title,0.85
DxiCLYdzpfE,93902,fc온라인,title,0.85
DxvTuFAUsrI,17269,로블록,title,0.85
DyfP0Y-scmE,126459,valorant,title,0.85
Dygm8qcaAUI,17269,로블록,title,0.85
DzFYfH1rI4g,93902,fc온라인,title,0.85
0cLlExbRCLc,26606,던파,title,0.85
0cNg4ArYzS8,115,롤,title,0.85
0cixfj5MhXE,115,롤,title,0.85
0dRe0xtKaQQ,1020,gta 5,title,0.85
0eFmNjzuOSM,115,롤,title,0.85
0eH5Fv5S9GM,27789,배그,title,0.85
0eQTECL-GhE,119133,elden ring,title,0.85
0ejYcT72LzM,115,롤,title,0.85
0fKUxilhBvQ,115,롤,title,0.85
0fQWKGGn8uk,26606,던파,title,0.85
0fWKYtaj1vg,115,롤,title,0.85
0fqFTHgcFtY,1020,gta 5,title,0.85
0g5yDFTmN7s,135400,마인크래프트,title,0.85
0gcIqGxcJqE,1020,gta5,title,0.85
0hIXW38WNac,9804,메이플,title,0.85
0hJqef-YN5o,93902,fc온라인,title,0.85
0iHMe9m2TsY,126459,발로,title,0.85
0iQDVC1qUVE,8173,오버워치,title,0.85
0j3OWDe6-XI,17269,로블록,title,0.85
0jIu0fphtAQ,135400,마인크래프트,title,0.85
0jOCzLwIpu8,26128,로스트아크,title,0.85
0j_IVJVwq8U,26606,던파,title,0.85
0kyBtJfOgjA,119277,원신,title,0.85
0l9eh_XPKfI,115,롤,title,0.85
0lBN1H88Pkg,115,롤,title,0.85
0ly02udU1hg,6292,검은사막,title,0.85
0mRTRxxjPuA,9804,메이플,title,0.85
0mcK9dyfCxo,126459,발로,title,0.85
0mwJPwmknc8,8173,오버워치,title,0.85
0n_OdcCZHsw,8173,오버워치,title,0.85
0npM2orK1FE,17269,로블록,title,0.85
0ntrPlIZspY,230,starcraft,title,0.85
0nx7Y5SkJEc,126459,발로,title,0.85
0nysA5CxYiM,26128,로아,title,0.85
0otoNhMx060,115,롤,title,0.85
0p0VoQf-XM0,9804,메이플,title,0.85
0pOCKlgjLKo,17269,로블록,title,0.85
0pQLxjtwrSA,115,롤,title,0.85
0pQvT44VAjU,26128,로스트아크,title,0.85
0pn_wfX7PM4,26606,던파,title,0.85
0pyY1vnMK0k,135400,마인크래프트,title,0.85
35a5LsIK8p0,26606,던파,title,0.85
35m1kMoxMLs,1020,gta 5,title,0.85
36BqW866rBA,17269,로블록,title,0.85
36RfKRjrSi8,17269,로블록,title,0.85
36maTk0TnmI,27789,배그,title,0.85
378gYonw7_U,151665,팰월,title,0.85
37gq_-PAlh4,17269,로블록,title,0.85
38IXttruhys,115,롤,title,0.85
38KWp6YUeP4,1020,gta 5,title,0.85
38RJcRBDc_g,1020,gta 5,title,0.85
38UcDdqfz_g,125165,diablo 4,title,0.85
397mOXs1drY,151665,팰월,title,0.85
39hz5muGdG0,126459,valorant,title,0.85
3AB-FM3LHkw,126459,valorant,title,0.85
3AHKMewma_w,17269,로블록,title,0.85
3AcjFYse0XM,125165,diablo 4,title,0.85
3AxzXrzpM2M,17269,로블록,title,0.85
3B56Q-vLOEo,17269,로블록,title,0.85
3B9H0rNfl6k,1020,gta 5,title,0.85
3BZ3-iMnoEw,27789,pubg,title,0.85
3D6LDlJ-0T0,126459,valorant,title,0.85
3DmwIp5m124,26606,던파,title,0.85
3DsRFSllozs,230,스타크,title,0.85
3ELqV5amILE,26128,로아,title,0.85
3ERHzaR3xRQ,119133,elden ring,title,0.85
3EgiPiswVYg,119133,엘든링,title,0.85
3FFtO4SBKrU,115,롤,title,0.85
3FncCbaERm4,27789,배그,title,0.85
3GZdi4JYSV8,151665,팰월,title,0.85
3Ga7aI03U9E,17269,로블록,title,0.85
3GwggJVsogc,125165,diablo 4,title,0.85
3Ihx3V4pBWc,27789,배그,title,0.85
3IuCUnEUiwY,135400,마인크래프트,title,0.85
3IvgLOA0vXs,115,롤,title,0.85
sC0kuw_ji7c,126459,발로,title,0.85
sCyAVLCaoY8,135400,minecraft,title,0.85
sD1fRSFtOYk,1020,gta 5,title,0.85
sD9rw3Inv2U,26606,던파,title,0.85
sDMqLWgTKCg,135400,마인크래프트,title,0.85
sE5BQzYQFyE,17269,로블록,title,0.85
sEUIuF7jD5g,8173,오버워치,title,0.85
sF3Re6bLIm4,1020,gta5,title,0.85
sFAzitbKZFs,27789,배틀그라운드,title,0.85
sGDB399zX34,126459,발로,title,0.85
sGfBaTBU5lY,1020,gta5,title,0.85
sGjCfwW1j7Y,27789,배틀그라운드,title,0.85
sGrsp1DLMu0,27789,배그,title,0.85
sHZYK8GWRIY,126459,발로,title,0.85
sHer5XNnKnA,126459,발로,title,0.85
sIEYlYec4oY,230,스타크,title,0.85
sIkTAPNP1zM,27789,배틀그라운드,title,0.85
sJ-YgtQVUbo,17269,로블록,title,0.85
sJEpc0yWap8,17269,로블록,title,0.85
sKXOR10Eq6E,26606,던파,title,0.85
sL1eLBMkhlo,1020,gta5,title,0.85
sL5Whdqq1Ro,119277,원신,title,0.85
sLcSyMMebS8,115,롤,title,0.85
sLj58v9IyzM,8173,오버워치,title,0.85
sLn5v3xl0Kk,26606,던파,title,0.85
sM2JD0Hi_Yg,388008,리니지,title,0.85
sM6O19th3is,151665,팰월,title,0.85
sMadck2ok3g,230,starcraft,title,0.85
sMk1kcOnX-M,135400,마인크래프트,title,0.85
sNOJ07ftqjY,126459,발로,title,0.85
sNbTjleX-_8,119133,엘든링,title,0.85
sNywit085hs,18866,데바데,title,0.85
sNzrUGdYuoI,115,롤,title,0.85
sOUMvxza0Rc,27789,배틀그라운드,title,0.85
sPJ1k3D1Rd8,119388,왕눈,title,0.85
sPajvUB4v2U,26128,로스트아크,title,0.85
sQavEXMmMWI,126459,발로,title,0.85
6R_2co7yizQ,8173,오버워치,title,0.85
6S0Nwt173_k,126459,발로,title,0.85
6S8VslPwyH8,135400,마인크래프트,title,0.85
6SBE5V6Ct1s,126459,valorant,title,0.85
6SiPINgo42M,388008,리니지,title,0.85
6TfZXnUl28I,26606,던파,title,0.85
6Tp2oilLToM,26128,로스트아크,title,0.85
6UCD2xV7XDs,115,롤,title,0.85
6UnE6iUjQV0,126459,발로,title,0.85
6Vvjo_tBs40,17269,로블록,title,0.85
6W10okkXeMI,9804,메이플,title,0.85
6WXz925Y9v0,93902,fc온라인,title,0.85
6XbijVBaGIQ,1020,gta 5,title,0.85
6XvUUmyMDlo,135400,마인크래프트,title,0.85
6Y69my7Cujw,1020,gta5,title,0.85
6YMF0KKbzsI,1020,gta 5,title,0.85
6YOKxGNLf20,27789,배틀그라운드,title,0.85
6YPAnzsDbG4,115,롤,title,0.85
6ZcrkBhzrtU,1020,gta 5,title,0.85
6_2M-diBjzc,126459,valorant,title,0.85
6_nCNL3RWJQ,563,아이온,title,0.85
6_u17PSKWZw,126459,발로,title,0.85
6a-mJH2c5DM,135400,minecraft,title,0.85
6a5aaQL4bWQ,126459,발로,title,0.85
6a6cVXgcETc,126459,valorant,title,0.85
6aAM1TK7E-g,1020,gta 5,title,0.85
6aNs3LGpRkM,117199,니케,title,0.85
6aV1tavx9x8,135400,마인크래프트,title,0.85
6aaVfQMdoY8,17269,로블록,title,0.85
6aydweZd4ww,115,롤,title,0.85
6bLaTCHm-8A,9804,메이플,title,0.85
6cyuZbaQqLc,8173,오버워치,title,0.85
6dWk6iB8ffA,119277,원신,title,0.85
6dayZ8dTSw4,125165,diablo 4,title,0.85
6dlnCRQ9vAs,1020,gta 5,title,0.85
6dq2sGRnDOU,26606,던파,title,0.85
6e86t81JVRk,26128,로스트아크,title,0.85
6eYlH0MI1AA,115,롤,title,0.85
6egYtRXwzrw,230,starcraft,title,0.85
6eklzWN9cRA,27789,배틀그라운드,title,0.85
vpk7Wz7mwRE,230,starcraft,title,0.85
vppkBtKNhQs,119277,원신,title,0.85
vqpwVluytsE,115,롤,title,0.85
vqznR0pjIy0,1020,gta 5,title,0.85
vrYeqalYkVI,1020,gta5,title,0.85
vs4m_kcslls,135400,minecraft,title,0.85
vscQoT8bzgo,17269,로블록,title,0.85
vt7Lfke3nes,115,롤,title,0.85
vtPN3bu8oi4,17269,로블록,title,0.85
vtXkiF-GE9I,9804,메이플,title,0.85
vtf-3KE6C40,17269,로블록,title,0.85
vu79cLYOHk0,135400,마인크래프트,title,0.85
vuK467dqvGY,9804,메이플,title,0.85
vuNBmjI6pvQ,119133,엘든링,title,0.85
vujMwpA4fvU,27789,배틀그라운드,title,0.85
vuqcXVS1jQU,178282,스타레일,title,0.85
vv5HBd7mHHo,126459,발로,title,0.85
vvPWR2pRGkw,8173,오버워치,title,0.85
vvPvqW8oT2A,26606,던파,title,0.85
vwKk2qubM3Y,1020,gta 5,title,0.85
vwLOpP0KZ_0,125165,diablo 4,title,0.85
vwaqHBBSRsY,8173,오버워치,title,0.85
vwemnn9slKI,135400,minecraft,title,0.85
vx65iKjBoDQ,27789,배그,title,0.85
vxMadcd3fbg,119388,왕눈,title,0.85
vy5PoEp2V3M,126459,valorant,title,0.85
vzoLJ-9aA90,119277,원신,title,0.85
w-3iYJbmcH8,126459,valorant,title,0.85
w-A1WF0_QX8,115,롤,title,0.85
w0NyTVadtb4,115,롤,title,0.85
2bjRK1wLgDQ,1020,gta5,title,0.85
2cPffOYsJTE,135400,마인크래프트,title,0.85
2cbpwL7YJz8,8173,오버워치,title,0.85
2cgMyTj23dk,25076,red dead,title,0.85
2cgwFNY1coE,230,starcraft,title,0.85
2cwPSBqzmJU,119133,엘든링,title,0.85
2dKRrti1XWE,119133,elden ring,title,0.85
2e-3gFERcXQ,115,롤,title,0.85
2eAYWEQ7A9o,17269,로블록,title,0.85
2egEDrUNNXw,115,롤,title,0.85
2ej4JXb_yDM,119277,원신,title,0.85
2fuJtW7Gyrg,1020,gta5,title,0.85
2gIMpujIG14,135400,minecraft,title,0.85
2gpdJMmAPTU,1020,gta5,title,0.85
2hIwgQ4qx3U,115,롤,title,0.85
2hO20c6oUyI,26128,로스트아크,title,0.85
2hbcv1BzSjA,119277,원신,title,0.85
2hqlLUcPKFU,17269,로블록,title,0.85
2i04M5shJB4,178282,스타레일,title,0.85
2i5UXsrRRKU,115,롤,title,0.85
2ic2tFDa2-I,126459,valorant,title,0.85
2iq0DDRJDAs,115,롤,title,0.85
2j16FvJQb3o,388008,리니지,title,0.85
2j7KsN-5Is8,9804,메이플,title,0.85
2kzLB-BX2_c,17269,로블록,title,0.85
2lTb7cVDlfg,135400,minecraft,title,0.85
2lz8iKVzFlk,93902,fc온라인,title,0.85
2mKHt8yKJII,9804,메이플,title,0.85
2mVj_uM3avs,126459,발로,title,0.85
2nXbn4fplf4,9804,메이플,title,0.85
2oJCirdh9Vk,27789,배그,title,0.85
2oMQnULxU8w,135400,마인크래프트,title,0.85
2oqlO-EGdcw,26128,로스트아크,title,0.85
uu0bEVdcCrM,26128,로스트아크,title,0.85
uuAiRObi6Mg,115,롤,title,0.85
uvFtdwZxKms,125165,diablo 4,title,0.85
uvzgQf2lbzA,126459,발로,title,0.85
uwE6neVQgmg,115,롤,title,0.85
uwFTpd4jCJU,27789,배그,title,0.85
uwOqFFDqj18,178282,스타레일,title,0.85
uxrmBpn9TiE,17269,로블록,title,0.85
uyLZkPbgrg4,17269,로블록,title,0.85
uygp6KtTp-s,119277,원신,title,0.85
uzfNKlgkJS8,135400,마인크래프트,title,0.85
uzkwfH5hSv8,8173,오버워치,title,0.85
uzll9SygnSo,26128,로스트아크,title,0.85
uzxsxM6AeII,119277,원신,title,0.85
v-9TJf83hnM,135400,마인크래프트,title,0.85
v-Umhmu7nJU,93902,fc온라인,title,0.85
v-lBbVD3YQM,27789,배그,title,0.85
v0OHgWic0ow,230,starcraft,title,0.85
v1GXr_ILGZQ,230,starcraft,title,0.85
v1IHJtoGUus,26128,lost ark,title,0.85
v1MX7sH46e0,115,롤,title,0.85
v1fUmkcFjqw,9804,메이플,title,0.85
v2kht_7-gJQ,18866,데바데,title,0.85
v31D43LMyzU,135400,마인크래프트,title,0.85
v3QNYyHd6bA,9804,메이플,title,0.85
v3Qu_tI34Fg,126459,발로,title,0.85
v3idDcKGfj4,230,starcraft,title,0.85
v3uhBDXLTrs,17269,roblox,title,0.85
v3vgp9g5s1w,230,스타크,title,0.85
v3wTSxq0nr0,1020,gta 5,title,0.85
v4x0tB-Ih5w,230,스타크,title,0.85
v5OF5DJzHV0,119277,원신,title,0.85
v5RzInecF3E,9804,메이플,title,0.85
v63h6y_DKzk,9804,메이플,title,0.85
v6E63ziN0lA,115,롤,title,0.85
v7fK9tu7JxY,119277,원신,title,0.85
v7ooYz-Nqs0,17269,로블록,title,0.85
lCGYfPq1w6E,151665,팰월,title,0.85
lD33k2j7cps,1020,gta 5,title,0.85
lDDVXEO5-wg,230,starcraft,title,0.85
lDMwlDqTqXU,1020,gta5,title,0.85
lDVDjMMOSUg,126459,발로,title,0.85
lDWu7gbhhfM,9804,메이플,title,0.85
lDYcvbcZ0ik,21492,마비노기,title,0.85
lEX7WL6bCOU,93902,fc온라인,title,0.85
lFLIgoIwoRI,115,롤,title,0.85
lFb3thQD8SY,93902,fc온라인,title,0.85
lG73voqu5nw,27789,배그,title,0.85
lGrG6mz-4QA,119277,원신,title,0.85
lGyJPAOPejQ,18866,데바데,title,0.85
lHNhnMQHjns,115,롤,title,0.85
lHUoy4w5gwI,1020,gta 5,title,0.85
lHpow77_zpw,119277,원신,title,0.85
lIiO7FNIh-E,115,롤,title,0.85
lIr700Ujzqg,8173,오버워치,title,0.85
lJFCvRs_u5Q,93902,fc온라인,title,0.85
lJW6LRvYuds,9804,메이플,title,0.85
lK7kR2NJ-_4,115,롤,title,0.85
lK9xMLX-D8w,119133,elden ring,title,0.85
lKAtS9o-ExY,27789,배그,title,0.85
lKhsRf04gBs,26606,던파,title,0.85
lLVi4LzyG4o,115,롤,title,0.85
lLhZHNe6Jts,26606,던파,title,0.85
lM8ugvoPsv4,93902,fc온라인,title,0.85
lMmNRAlwq8g,135400,마인크래프트,title,0.85
lN-fHOO_Lvk,119277,원신,title,0.85
lOsfcjcy83I,8173,오버워치,title,0.85
lOslTtqIWYY,119133,엘든링,title,0.85
lPgI5VeRbCo,1020,gta5,title,0.85
lQ0HcHbf0mE,27789,pubg,title,0.85
lQ4AzrYu9ng,115,롤,title,0.85
lQGdHDa-Hr8,126459,발로,title,0.85
lQWvOL04pz0,26606,던파,title,0.85
lQxGC-57Y90,27789,pubg,title,0.85
lRS86qv2rSc,26606,던파,title,0.85
lRy_I6wLhEU,115,롤,title,0.85
vO2R53Z9tk4,115,롤,title,0.85
vOCg6Awj9xs,115,롤,title,0.85
vP6AJ0nZ0Ew,9804,메이플,title,0.85
vPft_TVbEEI,1020,gta5,title,0.85
vQf20Ny2Xz0,135400,minecraft,title,0.85
vQiC1c1lPLc,230,스타크,title,0.85
vQjohsGWEzs,115,롤,title,0.85
vQqSWOVCOm4,135400,마인크래프트,title,0.85
vRisIhlM4zc,8173,오버워치,title,0.85
vRtuLatnRYE,135400,minecraft,title,0.85
vSDpxzsdxHU,115,롤,title,0.85
vSNbqRDtEes,26606,던파,title,0.85
vTIuPGNmUB8,27789,pubg,title,0.85
vU6579sf7ks,26606,던파,title,0.85
vUpQoWqkVNs,26128,로스트아크,title,0.85
vV9jCFaDglc,8173,오버워치,title,0.85
vVAiZlrOGto,135400,마인크래프트,title,0.85
vVKLytU246c,26606,던파,title,0.85
vVcZocZPqrs,27789,배틀그라운드,title,0.85
vW7epHgFGa8,8173,오버워치,title,0.85
vX99UrwSlHY,17269,roblox,title,0.85
vXJPY2rnL_I,126459,valorant,title,0.85
vXlOOfEBY-M,1020,gta 5,title,0.85
vXyyB6mhGy8,115,롤,title,0.85
vYh6FRQPqKI,119277,원신,title,0.85
vZ2eJMXDalk,115,롤,title,0.85
vZ6iC_jJ1wE,26606,던파,title,0.85
vZO0N6e1VF4,119277,원신,title,0.85
v_-Jb7aMJw8,1020,gta 5,title,0.85
v_AJgfinCMM,119388,왕눈,title,0.85
JlagGVlING8,114795,apex legends,title,0.85
Jlh67KIXku4,17269,로블록,title,0.85
JluPQBD1NHc,230,스타크,title,0.85
JmPN1rUMHP8,126459,발로,title,0.85
Jmm08M1QRF4,27789,배틀그라운드,title,0.85
Jn2jpmpQZKU,26128,로스트아크,title,0.85
JnafT40DyTg,26606,던파,title,0.85
JndHyAsuOFs,135400,minecraft,title,0.85
JndMtn96RnQ,119133,elden ring,title,0.85
JnoxbvxBFIk,115,롤,title,0.85
Joh9u4kpC-c,126459,발로,title,0.85
JoqSBNSpEUk,230,starcraft,title,0.85
JosHMzxMHQA,115,롤,title,0.85
JpK3Xcc-yOA,119277,원신,title,0.85
JqBSmzQytDQ,17269,로블록,title,0.85
JqP0z121lCc,8173,오버워치,title,0.85
Jr2VAsHR5LA,27789,배그,title,0.85
JraJ-EnZoLQ,135400,마인크래프트,title,0.85
Jt927gmK0rU,1020,gta 5,title,0.85
JuXOyhC_xbM,126459,발로,title,0.85
JubidlMf-Ns,126459,valorant,title,0.85
Juh-VDAXSqI,26128,로스트아크,title,0.85
JuiJCe9F4-g,9804,메이플,title,0.85
Jur-z4mD6bY,1020,gta5,title,0.85
Jv7F1r6dydg,1020,gta5,title,0.85
JvRSuQsc8cg,1020,gta 5,title,0.85
Jw3CLgA6Dpo,8173,오버워치,title,0.85
JwAnEpS24ng,17269,로블록,title,0.85
JwI6DJEkCLs,135400,마인크래프트,title,0.85
JwPAQvHjo6w,126459,valorant,title,0.85
JwepX2pdK9k,178282,스타레일,title,0.85
Jy666VY-uSU,126459,valorant,title,0.85
JyaXh4W-Lmk,115,롤,title,0.85
JykKUT_AH9I,126459,발로,title,0.85
JzaRC_vcsJQ,27789,pubg,title,0.85
y4ivM5rogd8,135400,minecraft,title,0.85
y4wvLvgNAyQ,125165,diablo 4,title,0.85
y7mJ2JT_DEo,1020,gta 5,title,0.85
y8-Jv7ZqyNQ,1020,gta 5,title,0.85
y8GdsNfTCm8,26606,던파,title,0.85
y8HSWQQNIuQ,230,starcraft,title,0.85
y8HhIXwKp60,230,starcraft,title,0.85
y9eSCFeZksA,115,롤,title,0.85
y9kOX47TLWg,26128,로스트아크,title,0.85
yANQea5tbhY,26128,로스트아크,title,0.85
yBQ0_csfpls,119277,원신,title,0.85
yBiXMHAaYSU,115,롤,title,0.85
yBn4kKC8ZS4,26606,던파,title,0.85
yBrzJ9Oj4uE,9804,메이플,title,0.85
yCfQPQk0V94,26606,던전앤파이터,title,0.85
yDEYK0VSSZ4,230,스타크,title,0.85
yDvkqcuCW88,17269,로블록,title,0.85
yE6KHLk70vc,26128,로스트아크,title,0.85
yF3DKA0rCXk,17269,로블록,title,0.85
yFItGSzC2s8,126459,발로,title,0.85
yFjIbAqzCcU,26128,로스트아크,title,0.85
yG5f06K1_SU,17269,로블록,title,0.85
yGYXL8m3dns,135400,minecraft,title,0.85
yGZqIZQF6YY,178282,스타레일,title,0.85
yGkgkidC0hg,17269,로블록,title,0.85
yGtWRarYnJA,126459,발로,title,0.85
yH3f_EMK73c,230,스타크,title,0.85
yHJ0vQ8SreU,1020,gta5,title,0.85
yHv-M8v6aoM,27789,배그,title,0.85
yHx62m4ydKQ,27789,배그,title,0.85
rj7VwPmwFgg,125165,디아블로4,title,0.85
rjDXv1Z_9EM,27789,배그,title,0.85
rjDXv1Z_9EM,126459,발로,title,0.85
rjKoUk-EL8U,115,롤,title,0.85
rjeigGqja8g,230,starcraft,title,0.85
rjoBneOuhjo,1020,gta v,title,0.85
rlR2Ovs7muY,115,롤,title,0.85
rlmWloDKVKY,135400,마인크래프트,title,0.85
rmbSiKWQKdk,26606,던파,title,0.85
rnQ1V3SFaaY,1020,gta5,title,0.85
rnc2CTGiH7k,115,리그 오브 레전드,title,0.85
rnzIMm6Tl7k,27789,배틀그라운드,title,0.85
roBUZstjJ4U,126459,valorant,title,0.85
roRJJ0c2Kso,115,롤,title,0.85
rp2NxZ29Blo,26128,로스트아크,title,0.85
rpG06wo9MSo,126459,valorant,title,0.85
rpSV-6MWqNI,27789,배그,title,0.85
rpcKhMyC4mg,119133,엘든링,title,0.85
rq11-riuUtc,17269,로블록,title,0.85
rqTX7cy-IDs,126459,발로,title,0.85
rqWGMqX9c44,135400,마인크래프트,title,0.85
rrEvqnNtAp4,125165,diablo 4,title,0.85
rs0HKz7WfAA,26606,던파,title,0.85
rs3db0sjdDg,126459,발로,title,0.85
rsAFQfLY97o,115,롤,title,0.85
rsAist4pn48,126459,발로,title,0.85
rsFIcGn4Bz4,1020,gta 5,title,0.85
rtFoHCLAk94,126459,valorant,title,0.85
rtHeN1Rdhyw,26606,던파,title,0.85
rtd9Gkr-ICk,125165,diablo 4,title,0.85
rv0u3mwvaFI,1020,gta 5,title,0.85
rvNCTIfs5Ok,115,롤,title,0.85
rvPUArbORH0,27789,배틀그라운드,title,0.85
rvZ12LRvI9o,27789,배틀그라운드,title,0.85
rvoUQrZkFSY,8173,오버워치,title,0.85
rw7WC-e7z04,126459,valorant,title,0.85
rwGlOWz_wuo,119133,elden ring,title,0.85
rwQarUyUA2s,126459,valorant,title,0.85
rxdr59RptYA,8173,오버워치,title,0.85
fh8t75D4Xvw,135400,마인크래프트,title,0.85
fhPXwbcNiBo,9804,메이플,title,0.85
fhVsAkjXmoM,178282,스타레일,title,0.85
fheM13PLmwI,151665,팰월,title,0.85
fhjKPvCbACI,8173,오버워치,title,0.85
fhm5cTxoY_Q,27789,배그,title,0.85
fj7aQg0-pKw,1020,gta5,title,0.85
fjC260NNAVY,26128,로아,title,0.85
fjRpvo-hhJk,119133,elden ring,title,0.85
fjzhfzWyHtg,563,아이온,title,0.85
fkRLT6PD7vY,27789,배그,title,0.85
fkW-31iFHgQ,1020,gta v,title,0.85
flEE14buycg,9804,메이플,title,0.85
flMDO5oPWkU,230,스타크,title,0.85
flz4oxPZ950,126459,valorant,title,0.85
fmCD2DFOht8,26128,로스트아크,title,0.85
fmtxhoua9VA,1020,gta5,title,0.85
fnCNp_-misk,8173,오버워치,title,0.85
fnTBkV4Qj0E,230,starcraft,title,0.85
fnlJ19gAyWs,388008,리니지,title,0.85
fo4MLp6-j7E,17269,로블록,title,0.85
foa_6Wm7hRg,17269,로블록,title,0.85
fp3Z40RHlrg,9804,메이플,title,0.85
fpB-Ypag8nk,17269,로블록,title,0.85
fpmnE1MNZ9Q,17269,로블록,title,0.85
fq1X7CxI_vA,115,롤,title,0.85
fq7ftFapjZg,115,롤,title,0.85
fqbzHvuc6Uw,8173,오버워치,title,0.85
fqjBJ_4iyPk,230,starcraft,title,0.85
fqttuJ6pbAg,17269,로블록,title,0.85
fr0Z-hPvK4c,230,스타크,title,0.85
fr9p3KsXqpI,27789,배그,title,0.85
fsFQUgMf4Ko,1020,gta 5,title,0.85
fsJpuHn_jJY,126459,valorant,title,0.85
fsNveNAitV0,9804,메이플,title,0.85
fsjr6PyEtoI,126459,valorant,title,0.85
fso-bpcSv-M,7346,야숨,title,0.85
cNU7bNd-zQU,1020,gta 5,title,0.85
cNpOPfK2lhU,126459,발로,title,0.85
cOi3oLfqKrQ,119133,엘든링,title,0.85
cP7W4zQEFug,1020,gta 5,title,0.85
cPZu-YpHyFM,230,스타크,title,0.85
cPfxv4Q73II,9804,메이플,title,0.85
cQBx1x7_ec4,7346,야숨,title,0.85
cQRjBYbfFR8,26606,던파,title,0.85
cQbBRYHbwqg,178282,스타레일,title,0.85
cQjbdVHEtEE,8173,오버워치,title,0.85
cQnWUf-yBTY,119277,원신,title,0.85
cRjIS5GfJec,17269,로블록,title,0.85
cRoW7J8PKP8,17269,로블록,title,0.85
cSPu8YgTMyU,93902,fc온라인,title,0.85
cSRgJ_jWCDo,135400,마인크래프트,title,0.85
cStp8SyoVMo,119133,elden ring,title,0.85
cT2gKUBdWIs,178282,스타레일,title,0.85
cURVzUEN15Y,126459,valorant,title,0.85
cU_dMq4K-QQ,125165,diablo 4,title,0.85
cUaEQ8yA1jY,115,롤,title,0.85
cUjg4GVZ52A,26128,로아,title,0.85
cUvD3Q1ksgQ,17269,로블록,title,0.85
cVObl5qS2Qc,126459,발로,title,0.85
cWBmiZ-2zGI,26128,로스트아크,title,0.85
cWdZFKn_-3k,621,call of duty,title,0.85
cWdsPgv9ATA,1020,gta 5,title,0.85
cWlDl2BLGo0,1020,gta 5,title,0.85
cXBJX9JIYuo,26606,던파,title,0.85
cXXujO16Q-8,126459,valorant,title,0.85
cXjpnOtBRfg,115,롤,title,0.85
cY0-OZi7ORg,115,롤,title,0.85
cYHe8tltJrw,17269,로블록,title,0.85
cYMKrwiY3os,27789,배그,title,0.85
cZGBM8IUKy4,8173,오버워치,title,0.85
cZIpcadq4g8,17269,로블록,title,0.85
cZYQy_PKPKE,126459,valorant,title,0.85
cZ_aoh5kaDw,115,롤,title,0.85
c_B3OkNNAC8,26128,로스트아크,title,0.85
c_UZqYglidc,1020,gta5,title,0.85
c_noionslJQ,117199,니케,title,0.85
c_xeAa6GIGs,27789,배틀그라운드,title,0.85
c_xeAa6GIGs,230,스타크,title,0.85
n3l0w_PN__c,126459,발로,title,0.85
n4bHdW9xq-g,1020,gta 5,title,0.85
n4qI2frL4lo,119277,원신,title,0.85
n6HPFftcB3g,115,롤,title,0.85
n6UpTlcQeqw,93902,fc온라인,title,0.85
n6xGdOS56mA,26606,던파,title,0.85
n7HvbbA-jQU,8173,오버워치,title,0.85
n7V3z_Q7-Co,1020,gta 5,title,0.85
nA7myYifR1Y,66463,서든어택,title,0.85
nAp74KB5J0g,119277,원신,title,0.85
nB9EhLAEEmc,9804,메이플,title,0.85
nB9TlvvQfro,27789,배틀그라운드,title,0.85
nBD7FuDxxw8,17269,로블록,title,0.85
nBKRTszMLGc,115,롤,title,0.85
nBOAXNlQ79c,115,롤,title,0.85
nBR6THueUXc,135400,마인크래프트,title,0.85
nBjH9MoPMx4,115,롤,title,0.85
nBxXXWqDjsk,26606,던파,title,0.85
nC8HwWg_FBs,26128,로스트아크,title,0.85
nCSNw7pzg-E,115,롤,title,0.85
nCeYVdM_RhY,27789,배그,title,0.85
nDB02EmTSNY,8173,오버워치,title,0.85
nDtqw3PSr0k,126459,발로,title,0.85
nEK8gY9Sapo,230,스타크,title,0.85
nEi51OXC0Cc,250616,헬다이버,title,0.85
nEzO0dwvhko,563,아이온,title,0.85
nFD6qE2Yb3g,178282,스타레일,title,0.85
nFWy2REcDsY,135400,마인크래프트,title,0.85
mBHM-uj0cPQ,119277,원신,title,0.85
mBe7Axx11Bc,125165,디아블로4,title,0.85
mBeq5N5H1P4,115,롤,title,0.85
mBlT6wSxoW8,1020,gta 5,title,0.85
mCFWn4KLY7g,8173,오버워치,title,0.85
mCSYSj2clnM,119277,원신,title,0.85
mCkLijNXWq0,27789,배틀그라운드,title,0.85
mCogOO8v4tg,27789,배그,title,0.85
mDXzD0Ir444,1020,gta 5,title,0.85
mDcC3_a4Joo,27789,배틀그라운드,title,0.85
mDmLfPToREg,1020,gta 5,title,0.85
mEVCxZcaRmk,1020,gta 5,title,0.85
mEluxBqEk9E,26606,던파,title,0.85
mEoZb0Cm5VI,230,starcraft,title,0.85
mEz1g6VOe8c,1020,gta 5,title,0.85
mFEhVdK1gxw,115,롤,title,0.85
mGXv7UfjBJc,115,롤,title,0.85
mGzcZJonyA8,1020,gta5,title,0.85
mHAwOprHHyA,115,롤,title,0.85
mHb3YHUnqmM,126459,발로,title,0.85
mIaFdMbjdX0,8173,오버워치,title,0.85
mJp6RFgFvbw,26606,던파,title,0.85
mKHvHqT4ctI,115,롤,title,0.85
mKlnVIe9aw8,230,스타크,title,0.85
mLew8At9IkU,125165,diablo 4,title,0.85
mLxEJGGatj8,388008,리니지,title,0.85
mM0UOvcReKI,27789,배그,title,0.85
mMp2jwj3osA,115,롤,title,0.85
mNWyxnTzS3s,119133,elden ring,title,0.85
mNzUcyQbm8w,119277,원신,title,0.85
mO--QFq8Y0k,178282,스타레일,title,0.85
mO0c3vILk38,119277,원신,title,0.85
GM4OrrUXVig,8173,오버워치,title,0.85
GMaakkad1Uk,115,롤,title,0.85
GMzqKf51Eyw,115,롤,title,0.85
GN6VrvwVGO8,7346,야숨,title,0.85
GNQEovyPZ3Q,9804,메이플,title,0.85
GNvWiUH5WZU,126459,valorant,title,0.85
GO6W4LRjRtw,115,롤,title,0.85
GOaxibAXmLE,26606,던파,title,0.85
GOlHtHkRVQo,115,롤,title,0.85
GOnCKoZHAz0,1020,gta 5,title,0.85
GPQjbVWkWRw,115,롤,title,0.85
GPUkaWQiMvk,119133,elden ring,title,0.85
GQwKnsE1Q7Q,26128,로스트아크,title,0.85
GR1TaZ7pPvY,8173,옵치,title,0.85
GRB6qUvCgSk,26128,로스트아크,title,0.85
GRq5e_hxO4U,93902,fc온라인,title,0.85
GS6tbzqCe0Q,26606,던파,title,0.85
GT8y3bI0mbE,119133,엘든링,title,0.85
GTDwDWZe4mQ,26606,던파,title,0.85
GTedYas8H54,115,롤,title,0.85
GUQhQgEVaZM,17269,로블록,title,0.85
GUTBtf0D8cQ,1020,gta5,title,0.85
GUWSDysrM_o,126459,발로,title,0.85
GVAM9rfNwRU,26128,로아,title,0.85
GVFHw4X_1a4,1020,gta 5,title,0.85
GVQwXxbi-1M,17269,로블록,title,0.85
GVS9dEuVbCU,26128,로스트아크,title,0.85
GVauBoRjepY,1020,gta 5,title,0.85
GWVgi1waEpc,115,리그 오브 레전드,title,0.85
GWds-jCRDpw,26606,던파,title,0.85
GWzyRgSGgYQ,135400,minecraft,title,0.85
GX7jxvdXTEQ,126459,발로,title,0.85
GYMbGXd09SU,115,롤,title,0.85
GYlI0DhJ0TM,126459,발로,title,0.85
GYpHwXc2_kA,115,롤,title,0.85
GZGEQJ2I0jA,119277,원신,title,0.85
GZRVQaXB9vs,126459,발로,title,0.85
G_tgZwssUS4,26606,던파,title,0.85
G_uBQTh3UqI,93902,fc온라인,title,0.85
wf2dMx31W2s,8173,옵치,title,0.85
wfYSVy7NlcE,126459,발로,title,0.85
wfnS_S6j9dI,119277,원신,title,0.85
wgOlCdSvNhg,126459,발로,title,0.85
whL1tj_ZmIw,230,스타1,title,0.85
whTFZSMZays,8173,오버워치,title,0.85
whaNiJ5drDE,1020,gta 5,title,0.85
whgihkv8DL8,27789,배그,title,0.85
wi0Ac1xgZb8,126459,발로,title,0.85
wiZih0Byi00,151665,팰월,title,0.85
wiz2_d7W7QE,93902,fc온라인,title,0.85
wjqQ_TXY0XI,388008,리니지,title,0.85
wkChFWAGf84,27789,배그,title,0.85
wkErnB4LNno,178282,스타레일,title,0.85
wkJbbUbf3Sg,119388,왕눈,title,0.85
wlSnU7pt-XQ,119133,엘든링,title,0.85
wmE45us0wNU,17269,로블록,title,0.85
woGyLwThki4,9804,메이플,title,0.85
woeefLKh434,17269,로블록,title,0.85
wp0Ha4W7YOU,9804,메이플,title,0.85
wp51yuWMFhI,26128,로스트아크,title,0.85
wpF33rCdG-4,17269,로블록,title,0.85
wqgn8uHYUho,27789,pubg,title,0.85
wqyhmZ-IXuk,27789,pubg,title,0.85
wrKI6YBgPAE,8173,overwatch,title,0.85
wrhA7M6gFfE,119133,엘든링,title,0.85
wsRqEgZ90Uo,1020,gta 5,title,0.85
wsdmuToKAho,178282,스타레일,title,0.85
wskv4quaZhQ,26606,던파,title,0.85
wsmViCeMxTI,563,아이온,title,0.85
wt16iKmWwmY,115,롤,title,0.85
wtAQhYjtyR0,119133,elden ring,title,0.85
wtC5JrBZaO8,115,롤,title,0.85
wtbEIL7XHS8,1020,gta5,title,0.85
wtc7yHXzcP0,119388,왕눈,title,0.85
wuwLBCaWfPk,1020,gta 5,title,0.85
wuzwmrcUoO0,17269,로블록,title,0.85
wvHGgvumnhs,135400,minecraft,title,0.85
TmV7DnT3ATw,9804,메이플,title,0.85
Tmhyo4RdUUo,135400,마인크래프트,title,0.85
Tmk0VkdaRt0,27789,pubg,title,0.85
TnVfMorlLpg,178282,스타레일,title,0.85
TnegAJMvsjU,1020,gta 5,title,0.85
TooelOTx8cY,388008,리니지,title,0.85
TpHVpzMjQ68,26128,로스트아크,title,0.85
TpJW478iNHI,1020,gta 5,title,0.85
TptXZJFxWsE,125165,diablo 4,title,0.85
TqYWnNyz2jg,26606,던파,title,0.85
TqvadASp-tA,115,롤,title,0.85
TrNMHMI_8sY,17269,로블록,title,0.85
TreZ3_ykono,1020,gta 5,title,0.85
Trn4k4JccOU,1020,gta 5,title,0.85
TsNOW4s_oAw,119133,elden ring,title,0.85
TtVZDODYJ9U,26606,던파,title,0.85
Ttq7wWKBrVQ,9804,메이플,title,0.85
TutTwJuHw9A,1020,gta5,title,0.85
TuwjIla2GhM,1020,gta 5,title,0.85
TvY4Wue_Bn4,125165,diablo 4,title,0.85
Tvl28KO-GfE,6292,검은사막,title,0.85
TwkyK5eufYo,21492,마비노기,title,0.85
TxZEJdCRUSs,135400,마인크래프트,title,0.85
Ty1VQSS4ytg,230,스타크,title,0.85
Tz26UXPXG2k,8173,옵치,title,0.85
TzGpoNLdhjg,9804,메이플,title,0.85
TzgvibQ1TOI,9804,메이플,title,0.85
7m81D0UNLJ8,26606,던파,title,0.85
7mFv-tQlyiE,27789,배틀그라운드,title,0.85
7mbpokLVQ70,17269,로블록,title,0.85
7mjd4tGrT5c,126459,발로,title,0.85
7mkLBEBjwX8,1020,gta5,title,0.85
7nS40SkceGE,93902,fc온라인,title,0.85
7npXpfZzkcM,17269,로블록,title,0.85
7oDMvpjxHJ4,1020,gta 5,title,0.85
7ouOsYZmnlw,126459,valorant,title,0.85
7p0k8-XNWZU,8173,오버워치,title,0.85
7pYZ3196HPs,230,스타크,title,0.85
7piMhG9ADNE,119133,elden ring,title,0.85
7pld2nrI5Qg,93902,fc온라인,title,0.85
7sXVd1_IoL8,115,롤,title,0.85
7tMe5TdRmTM,126459,valorant,title,0.85
7u4MIf8tzQY,26128,로스트아크,title,0.85
7uE7Ye4G-zE,119277,원신,title,0.85
7ugqfKRLEgU,1020,gta 5,title,0.85
7uzHlKrU9l4,115,롤,title,0.85
7v5Zo0wpn10,17269,로블록,title,0.85
7vAFZij9cOg,27789,배틀그라운드,title,0.85
7vT8H9y-GiY,119277,원신,title,0.85
7vZuQDnfgWc,135400,마인크래프트,title,0.85
7w7wLE02nr0,26606,던파,title,0.85
7wV_U1U_7Nw,17269,로블록,title,0.85
7wif56jAt54,17269,로블록,title,0.85
7xBYMIDTZ_I,126459,valorant,title,0.85
7xX7x8fPNi4,1020,gta 5,title,0.85
7xa9lh6fbYA,1020,gta 5,title,0.85
7xr1ySyVoJA,135400,마인크래프트,title,0.85
7yefyNZYNW4,9804,메이플,title,0.85
nGq3OqYadds,1020,gta 5,title,0.85
nH3vwmOTLwI,9804,메이플,title,0.85
nIk-OP6JfvA,115,롤,title,0.85
nJEMx-XQSZ0,119277,원신,title,0.85
nJd_Fp8VeGE,26606,던파,title,0.85
nJjLGqM7A6o,1020,gta 5,title,0.85
nJjnVQ8rR_o,115,롤,title,0.85
nKLsa7Bj89c,119277,원신,title,0.85
nKOHm2z5r9U,9804,메이플,title,0.85
nKx7sDsZ8HQ,119133,elden ring,title,0.85
nLUdFfAkSmI,26606,던파,title,0.85
nLmu4rlOSoc,17269,로블록,title,0.85
nMBfxsYd3k0,119388,왕눈,title,0.85
nMdqcC1aeRM,119277,원신,title,0.85
nMiSGNchj2Y,27789,pubg,title,0.85
nNFj40wfts0,126459,발로,title,0.85
nNGzj6_3s4M,26128,로아,title,0.85
nPkL0XrnTZc,135400,마인크래프트,title,0.85
nPtowLxgj3g,17269,로블록,title,0.85
nQ5DFrLhQps,115,롤,title,0.85
nQCirA6GKPc,26128,로스트아크,title,0.85
nR0N2kPihFY,8173,오버워치,title,0.85
nRBtqZtT1G0,1020,gta 5,title,0.85
nSQSNkzQJmg,115,롤,title,0.85
nSskxPwWj6Q,1020,gta 5,title,0.85
nTH1U0LIL60,178282,스타레일,title,0.85
nTUlQIkMPhk,126459,발로,title,0.85
nTljLHJPLeY,27789,배그,title,0.85
nU2eg7YtZg4,27789,배그,title,0.85
nUfiKLldc70,115,롤,title,0.85
nUvnoHwMJcw,135400,마인크래프트,title,0.85
nV0ITwP0mYU,9804,메이플,title,0.85
nVuuwf5zlxQ,115,롤,title,0.85
nVuxJe0wXfg,26606,던파,title,0.85
nVxlcvOHuSs,17269,로블록,title,0.85
nWFEXuwkut8,8173,오버워치,title,0.85
nWMK8Hcjf1g,1020,gta 5,title,0.85
nXZfTJ8hnok,17269,로블록,title,0.85
nXkwkMmN0Bc,115,롤,title,0.85
nY8WLF8k2qE,126459,발로,title,0.85
nYI6ivsQxfs,26128,로스트아크,title,0.85
nZH5u4HwwcQ,1020,gta 5,title,0.85
nZUcYRkNZRA,27789,배그,title,0.85
nZeamRFh1c8,9804,메이플,title,0.85
n_Hd0U8Qvuw,17269,로블록,title,0.85
n_S4V7Q6eMI,26128,로스트아크,title,0.85
n__qEA4WxIM,17269,로블록,title,0.85
n_jqtynykUI,27789,배그,title,0.85
n_y-PAixDuw,26606,던파,title,0.85
naIAXtXdq6c,17269,로블록,title,0.85
nawVFs3CfIc,125165,diablo 4,title,0.85
nbGyb9xY-As,26128,로아,title,0.85
nbvBXI6Ga3w,26606,던파,title,0.85
nc85TzngSE0,119277,원신,title,0.85
nc8vrcatY-E,115,롤,title,0.85
ncCD8a5Mwu0,119133,엘든링,title,0.85
nccWpix0HXA,1020,gta5,title,0.85
ndCdAbSufDg,27789,배그,title,0.85
ndf19euqGHQ,126459,발로,title,0.85
ndwYMGhhmBs,151665,팰월,title,0.85
ndywWNjwWXQ,1020,gta 5,title,0.85
neA2k2kdsMk,1020,gta5,title,0.85
neIbJ6mVIYA,135400,minecraft,title,0.85
Ii3Y5DZuhgg,119277,원신,title,0.85
IiO96b0Rcc0,26128,로스트아크,title,0.85
IiOkC025iAU,9804,메이플,title,0.85
IimOqI1nwoE,115,롤,title,0.85
IjCja0uwDzQ,8173,오버워치,title,0.85
IjMsADLditQ,151665,팰월,title,0.85
Ijc9B4P1FKc,230,스타크,title,0.85
IjwDbIVznbA,9804,메이플,title,0.85
IjwcdqFzhGk,230,starcraft,title,0.85
Ik7_b6h8hsQ,135400,마인크래프트,title,0.85
IlFCRpvMivg,115,롤,title,0.85
IlPniDZp_RQ,27789,배그,title,0.85
IloBT4SFlTc,388008,리니지,title,0.85
ImD4Uf_ifVU,135400,마인크래프트,title,0.85
Imkq1Oarm6c,115,롤,title,0.85
ImugX3DDUvo,21492,마비노기,title,0.85
Io6qWoFXw6Y,388008,리니지,title,0.85
IpoiA4oaY9g,126459,valorant,title,0.85
IqkexgF1_Mk,115,롤,title,0.85
IqpbDWbsVxM,8173,오버워치,title,0.85
IrnyQck7vXM,126459,발로,title,0.85
Isq-GLyc_uQ,27789,배그,title,0.85
It8axteBk1I,230,starcraft,title,0.85
IvAXlWDtVEE,26128,로스트아크,title,0.85
IvnkCzlsB2c,126459,valorant,title,0.85
Ivw1YRxEiaQ,119133,elden ring,title,0.85
IvzXczONaQU,27789,배그,title,0.85
Ivzner-bJYM,126459,valorant,title,0.85
0B0K84rAGkQ,126459,valorant,title,0.85
0BmGrZJOIZ4,135400,마인크래프트,title,0.85
0Bz0ovaU-os,26606,던파,title,0.85
0DRSABvjHi4,115,롤,title,0.85
0DZpFf8ypCY,135400,minecraft,title,0.85
0Dumdqd1Vyw,126459,발로,title,0.85
0EBF4RoXdxM,27789,배틀그라운드,title,0.85
0FBDCAcHSTE,27789,배그,title,0.85
0FBetDImRqY,115,롤,title,0.85
0FEKnwGAejE,126459,valorant,title,0.85
0Fosc0GpQK0,388008,리니지,title,0.85
0GI8jz3jrCI,8173,오버워치,title,0.85
0HYeuWW_WWk,26128,로스트아크,title,0.85
0H_iDhp_p9s,1020,gta 5,title,0.85
0Hd5gr8KD3I,8173,오버워치,title,0.85
0Hm0VENBUBk,26606,던파,title,0.85
0IBDmbm89RY,9804,메이플,title,0.85
0Ito-ZJTRac,17269,로블록,title,0.85
0J-6BT9XmOA,126459,valorant,title,0.85
0J1ZdjetYLA,119277,원신,title,0.85
0JAKwqvws6s,126459,valorant,title,0.85
0J_UhTlg2AU,230,스타크,title,0.85
0JtjG5JBEak,9804,메이플,title,0.85
0K3sWQ1TK3E,9804,메이플,title,0.85
0KBCteE3qc8,388008,리니지,title,0.85
0KGrevPO46U,26606,던파,title,0.85
0KLf_H_bZTs,26606,던파,title,0.85
0Kb3VkepasE,125165,diablo 4,title,0.85
0KuJGYGWmq4,115,롤,title,0.85
0LMawkR4ljI,125165,diablo 4,title,0.85
0LblGkmttqA,119133,elden ring,title,0.85
0LfmNFM1m8Y,135400,마인크래프트,title,0.85
0LyhbtTSbxM,1020,gta 5,title,0.85
0MBntc-WRPo,115,롤,title,0.85
0MlqoD63-NU,178282,스타레일,title,0.85
0N-k--zZu9U,1020,gta5,title,0.85
0N2ZPDcQotc,135400,마인크래프트,title,0.85
0NWqyM016zs,9804,메이플,title,0.85
0NxHx-f2bms,17269,로블록,title,0.85
0OGdVtHLDPg,115,롤,title,0.85
0OdXCvuSZJ4,119277,원신,title,0.85
0OpYsaK4SGM,115,롤,title,0.85
0OxXSEaMgkI,230,starcraft,title,0.85
pJ2UXraTAyM,563,아이온,title,0.85
pJodsFFEqNQ,17269,roblox,title,0.85
pLMjD3w3QC0,1020,gta 5,title,0.85
pLNwNRDzG4k,27789,배그,title,0.85
pMT1BweOrGM,26128,로스트아크,title,0.85
pMfmUOtwye4,17269,로블록,title,0.85
pMplRexAMXg,8173,오버워치,title,0.85
pMsuPL3EKzA,26606,던파,title,0.85
pMwi4AYVsSY,125165,diablo 4,title,0.85
pN48rLZ6vUY,26606,던파,title,0.85
pNK3OgMcT4k,119277,원신,title,0.85
pQ0RX9Ide-Q,8173,오버워치,title,0.85
pQNWllHZvRg,26606,던파,title,0.85
pR-cJjMPBDo,115,롤,title,0.85
pR0tfiM9EMk,230,starcraft,title,0.85
pR7rtzM1JCI,1020,gta5,title,0.85
pRECwLqlW5I,93902,fc온라인,title,0.85
pRXEgfmcHbs,115,롤,title,0.85
pS-Q6mfP9x0,27789,배그,title,0.85
pS5Sjk1TRPg,621,call of duty,title,0.85
pS5Sjk1TRPg,1020,gta 5,title,0.85
pSTo4-hGKWo,9804,메이플,title,0.85
pSmbb3om-8c,1942,위쳐,title,0.85
pToUiKHrv6g,115,롤,title,0.85
pTp-Xi_C9wU,26128,로아,title,0.85
pUCJ4Sd9qY4,126459,발로,title,0.85
pUC_HVlZk1M,17269,로블록,title,0.85
pUoWR8XETMo,26128,로스트아크,title,0.85
pVY-wbZ7Siw,563,아이온,title,0.85
pXCtmrDBTc8,1020,gta5,title,0.85
pXVV7ZaF_ik,26606,던전앤파이터,title,0.85
7z7F7nG1wns,178282,스타레일,title,0.85
7zTkZtA2tr0,26128,로스트아크,title,0.85
8-n0MKNpPhQ,27789,배그,title,0.85
8-q0U2nyjIY,26606,던파,title,0.85
807qrgKlkf4,115,롤,title,0.85
80RugV9cqbo,1020,gta 5,title,0.85
80iPGETIJuI,9804,메이플,title,0.85
81Tg0m4aCEU,563,아이온,title,0.85
83MNTVf8JQ8,119277,원신,title,0.85
83lNbC0mG10,115,롤,title,0.85
83okH2tSvro,27789,배그,title,0.85
844RKGb36DM,119277,원신,title,0.85
844Rt4HU9KA,26128,로스트아크,title,0.85
84YYmqRDVOA,119133,elden ring,title,0.85
84a4616ZPUA,17269,로블록,title,0.85
854d3ZL5u2E,119277,원신,title,0.85
85TvDI2B9Ec,621,call of duty,title,0.85
85UFKKJ5rwA,26128,로스트아크,title,0.85
85WJcTgfoT8,115,롤,title,0.85
866Jb-_t-ks,178282,스타레일,title,0.85
86HFtsIq8Hg,27789,배틀그라운드,title,0.85
86Sj6aXj2wA,17269,로블록,title,0.85
87h23HyTYC4,17269,로블록,title,0.85
884EnKVLAUs,27789,배그,title,0.85
88A7fKxtaHg,1020,gta 5,title,0.85
88m7f-k1nOc,17269,로블록,title,0.85
89dyuM3f8rs,8173,오버워치,title,0.85
89kL2VOL5T4,1020,gta 5,title,0.85
8AOr2tGs174,93902,fc온라인,title,0.85
8APP4R7BXlA,115,리그 오브 레전드,title,0.85
8AQzaI4T3Ic,9804,메이플,title,0.85
8BBKBDxBrNs,126459,발로,title,0.85
8BHm6a7iNS0,9804,메이플,title,0.85
8BV1hjDf9-g,17269,roblox,title,0.85
8C3MkOfPTXQ,115,롤,title,0.85
8D3VkDeyYcA,115,롤,title,0.85
8Ed52nstDG0,27789,배그,title,0.85
8EyZQox_J3U,9804,메이플,title,0.85
8F24WZ9qHDI,126459,발로,title,0.85
8GgCROPBMpI,125165,diablo 4,title,0.85
8GnQpNG-_S0,26128,로스트아크,title,0.85
8H2MaXgGbfU,26606,던파,title,0.85
8HVY9M6juQk,126459,valorant,title,0.85
8Hibfet12Rs,115,롤,title,0.85
8Hto9x5wpDY,26606,던파,title,0.85
8HvnWSNau50,93902,fc온라인,title,0.85
8IGSbHKQxHk,17269,로블록,title,0.85
8Ib8R7Wm5Vw,8173,오버워치,title,0.85
8J29cFmTNS4,178282,스타레일,title,0.85
8J2kUbrksFQ,115,롤,title,0.85
8J2oq48nlYo,93902,fc온라인,title,0.85
8JOgMTU6lCc,126459,발로,title,0.85
8JaNlPc0jj0,17269,roblox,title,0.85
8Jg39yjNNrk,21492,마비노기,title,0.85
8JiaqtAvA_w,93902,fc온라인,title,0.85
8JmSyOpusok,8173,옵치,title,0.85
8Jw_bLT9tCo,126459,발로,title,0.85
8K4vJv0Gldw,230,스타1,title,0.85
8Kp07N66fCU,26128,로스트아크,title,0.85
8L960TWctBM,115,롤,title,0.85
8LFpXqhWz9g,7346,야숨,title,0.85
8M6k7QDoXlg,119133,엘든링,title,0.85
8M82tW6Blj4,178282,스타레일,title,0.85
8MOM2SCAUvI,178282,스타레일,title,0.85
8MZdq8mLpE8,93902,fc온라인,title,0.85
8NmzAMNZOwU,178282,스타레일,title,0.85
Ho-y6cgraMA,115,롤,title,0.85
HoVElfGXbyI,151665,팰월,title,0.85
HpOPVCwfltk,8173,오버워치,title,0.85
Hq3c03vnUN8,126459,발로,title,0.85
Hq6ConLrGMc,26606,던파,title,0.85
HqYwyYfm3Vg,126459,발로,title,0.85
Hr2a9y0dlac,126459,발로,title,0.85
Hr9r0V7UoRo,93902,fc온라인,title,0.85
HrOf7Q0XQ1k,9804,메이플,title,0.85
HrxAxCN91Rc,126459,발로,title,0.85
HsaLIUXfV9Q,115,롤,title,0.85
HskLpXmCSsc,27789,배그,title,0.85
Hsl97HzRLN0,26128,로스트아크,title,0.85
HtFszCKi_ow,27789,배그,title,0.85
HtYOPDyQm8M,9804,메이플,title,0.85
HuKqdcCpT9E,1020,gta5,title,0.85
HuNztV92PrM,119277,원신,title,0.85
HuZH-dI-cto,26128,로스트아크,title,0.85
HunYsocwj0Y,126459,valorant,title,0.85
HusMtbFglDA,388008,리니지,title,0.85
Hv8-2ugrRvg,135400,마인크래프트,title,0.85
HvQ7-iYGmws,115,롤,title,0.85
Hvbsx5tDvTE,26606,던파,title,0.85
Hvc5hR66rO8,17269,roblox,title,0.85
HvlZrgeKY-k,126459,발로,title,0.85
HwFRTfu3ue4,27789,배그,title,0.85
HwXnHtPvF9E,1020,gta 5,title,0.85
HwbgQnJJv2E,126459,valorant,title,0.85
HwsBZDiQ6F0,8173,오버워치,title,0.85
HwzpqnfoW8A,115,롤,title,0.85
HxDwQKZyvl0,115,롤,title,0.85
HxHKBN2otiw,27789,배틀그라운드,title,0.85
HxS63I7F8Xk,8173,오버워치,title,0.85
HxV1x975XZk,17269,로블록,title,0.85
HxyRDEUs2Xg,115,롤,title,0.85
Hy3ZX2E6HP4,230,starcraft,title,0.85
Hy7MGcCbUd0,115,롤,title,0.85
HySZ6r-I7-4,8173,오버워치,title,0.85
HydkahXMr-k,8173,오버워치,title,0.85
HymXnXh6aaM,119388,왕눈,title,0.85
HzJCJw7WQwI,27789,배그,title,0.85
I-6LylxDRZM,1020,gta v,title,0.85
I-6TdxdnQho,126459,valorant,title,0.85
I-S6D8SpDMQ,115,롤,title,0.85
I-sVe-XPpKo,115,롤,title,0.85
I0Q5VTv48Sc,115,리그 오브 레전드,title,0.85
I0iAuqxY2Pc,126459,valorant,title,0.85
I0r0C48tMuA,26128,로스트아크,title,0.85
I0t0FCT-uIU,230,스타1,title,0.85
3WmLENJ5NmQ,9804,메이플,title,0.85
3XeiILAjiIQ,9804,메이플,title,0.85
3YAZKcXVWx0,115,롤,title,0.85
3YgHhuZT8mc,135400,마인크래프트,title,0.85
3Z2z5ZsXjb8,8173,오버워치,title,0.85
3ZJszEU0tSg,9804,메이플,title,0.85
3aWra-mq-4o,1020,gta 5,title,0.85
3aYkpNpP7eM,9804,메이플,title,0.85
3aZfxwYcyjw,119277,원신,title,0.85
3ag42KfrAJY,119277,원신,title,0.85
3ajPtSbWfw4,9804,메이플,title,0.85
3cAWm_sfMKk,27789,배그,title,0.85
3cFv2RdGtzk,123395,명일방주,title,0.85
3cj-97ma3zU,27789,배그,title,0.85
3dSCLUR0OnY,17269,로블록,title,0.85
3djje1rZ5Q4,17269,로블록,title,0.85
3e-kuLt6D1A,8173,오버워치,title,0.85
3e_CU4zkkYM,26606,던파,title,0.85
3eamFlEiOik,126459,발로,title,0.85
3eyt003Kdaw,119277,원신,title,0.85
3f-Sy6wjGB4,17269,로블록,title,0.85
3ffVnxCTLy4,8173,오버워치,title,0.85
3g6-GYX65eY,27789,배그,title,0.85
3gP-Vz3ioI4,26606,던파,title,0.85
3gfKBJpQdRA,151665,팰월,title,0.85
3h8vaVS7psA,8173,오버워치,title,0.85
3hqp8P27nnc,115,롤,title,0.85
3htUwK0q7t4,1020,gta5,title,0.85
3hxhdQCDcK0,17269,로블록,title,0.85
3i7yNorGVTY,26128,로스트아크,title,0.85
4Tq6t-75pcA,126459,발로,title,0.85
4VHrGgzmC1w,1020,gta 5,title,0.85
4VtUqpzaXt8,8173,오버워치,title,0.85
4VtUqpzaXt8,331286,오버워치2,title,0.85
4W5Q-MQCOJQ,1020,gta5,title,0.85
4W5W5AsO2rQ,9804,메이플,title,0.85
4WDwA-1nTfw,115,롤,title,0.85
4WYhOE3taEk,17269,로블록,title,0.85
4Wrbiw1-90g,115,롤,title,0.85
4XGrx-0MfGg,1020,gta 5,title,0.85
4XmGlUbCNSo,119133,elden ring,title,0.85
4YxZY0OSPUw,126459,발로,title,0.85
4ZDMBJvIbVo,126459,발로,title,0.85
4ZcG3xuw6to,1020,gta 5,title,0.85
4ZkxzBzwRSs,27789,배틀그라운드,title,0.85
4bCT7H4r1_Q,126459,발로,title,0.85
4bM20WuoLG4,27789,pubg,title,0.85
4bUOGVub38Q,388008,리니지,title,0.85
4bm3b5P3Oh4,9804,메이플,title,0.85
4c4yMVEQ__A,126459,valorant,title,0.85
4cs0SAqRF5U,17269,로블록,title,0.85
4d9M17UpiXs,17269,로블록,title,0.85
4ddI3bigXdM,36926,몬헌,title,0.85
4dsn8EensSY,119133,엘든링,title,0.85
4duMQRvAItQ,6292,검은사막,title,0.85
4f2zN9JM-hY,8173,오버워치,title,0.85
4fHwzqwBk6s,27789,배그,title,0.85
4fQrfV4aAww,115,롤,title,0.85
4fZNFt7OPAI,119133,elden ring,title,0.85
4fnolFL3Opc,26606,던파,title,0.85
4fsv7fw75aU,26128,로스트아크,title,0.85
4fyO8r_NzBY,115,롤,title,0.85
4ges_EP6IBM,1877,사펑,title,0.85
w1fXqschK6c,1020,gta 5,title,0.85
w1nwTex9pGA,26128,로스트아크,title,0.85
w1nwTex9pGA,27789,배그,title,0.85
w1yJCqhI86o,26128,로아,title,0.85
w3JmArMWJxA,115,롤,title,0.85
w3i1C4RgHKM,17269,로블록,title,0.85
w4DRgTE_9Vg,17269,로블록,title,0.85
w4aVLDAw3oE,119133,elden ring,title,0.85
w5ChvJE0hJQ,388008,리니지,title,0.85
w68uVJMyEnY,1020,gta 5,title,0.85
w6YPuLK1EcA,119133,elden ring,title,0.85
w6sw6BVVfmE,93902,fc온라인,title,0.85
w7CT_An3Ai8,26128,로아,title,0.85
w7osubt4qfQ,115,롤,title,0.85
w8GH-HgYme0,115,롤,title,0.85
w8JSlOh3QYI,115,롤,title,0.85
wAXZ5P4rGeg,27789,배그,title,0.85
wAb_o590sD8,17269,로블록,title,0.85
wAeKSMideAg,1020,gta5,title,0.85
wBIFzNw6Up4,1020,gta 5,title,0.85
wBQqtTGlUQc,115,롤,title,0.85
wBm1CXWJ7uE,230,starcraft,title,0.85
wBmRwe8rFIQ,27789,배그,title,0.85
wCTvcE8YFzM,563,아이온,title,0.85
wE6zF8LiDxw,17269,로블록,title,0.85
wEWUTCc57Vo,93902,fc온라인,title,0.85
wEY34hA7jsU,115,롤,title,0.85
li3zpOaKADs,9804,메이플,title,0.85
liNrz9_27fw,8173,오버워치,title,0.85
liTsuXOAgLw,93902,fc온라인,title,0.85
lied-uFGPSk,1020,gta 5,title,0.85
lj3-OVg0_PY,8173,오버워치,title,0.85
lj3iQIJqYIQ,126459,발로,title,0.85
ljO9BPhEtWM,93902,fc온라인,title,0.85
ljqOEMcwmf8,17269,로블록,title,0.85
lkHWIlpUY7Y,26606,던파,title,0.85
lksVPTAJxsw,17269,로블록,title,0.85
lkvzKA8eeVk,115,롤,title,0.85
llGCHvzCnvk,126459,valorant,title,0.85
llI-40qyzL8,8173,오버워치,title,0.85
llKHBko1a2U,563,아이온,title,0.85
llnidmybZYQ,1020,gta5,title,0.85
lmiSqFPDgzA,186725,뱀서,title,0.85
ln4OwHlruyA,119388,왕눈,title,0.85
lnR4KDD8Tuw,26128,로스트아크,title,0.85
lnlZu_2gkQc,135400,minecraft,title,0.85
lo1F83nZl94,17269,로블록,title,0.85
locjKo2a5CA,1020,gta 5,title,0.85
lohvU6l47BM,26606,던파,title,0.85
loncfjoEj_g,1020,gta 5,title,0.85
lp4IQSz8Bcc,115,롤,title,0.85
lpJgD9gKPJ0,17269,roblox,title,0.85
lpxUuAlTkZo,119277,원신,title,0.85
lq1UUF7GzoY,115,롤,title,0.85
lqX6SyFPZN8,27789,배그,title,0.85
lqi3I9MdPsI,230,starcraft,title,0.85
lr1UQVBWrPs,119277,원신,title,0.85
lrPRnINgyMs,135400,마인크래프트,title,0.85
lrQHtCnodTs,17269,로블록,title,0.85
lrzMuRAPPI4,9804,메이플,title,0.85
lsG3aPXjfik,17269,로블록,title,0.85
ltUPXIRwTuY,115,롤,title,0.85
luw_azWdJf8,125165,diablo 4,title,0.85
lvZ6VBS-Ii8,26128,로아,title,0.85
lvw8muZivac,125165,diablo 4,title,0.85
MdbRc9x5yO8,126459,발로,title,0.85
MduLNQZWJGM,8173,오버워치,title,0.85
MeEtTJQZrSE,1020,gta 5,title,0.85
MfP1yChv-0M,26128,로스트아크,title,0.85
MhTEmg9yff4,113112,hades,title,0.85
Mhfx0f6hhBU,9804,메이플,title,0.85
MiJ5bjU1nq0,563,아이온,title,0.85
Mijb9HF53xU,1020,gta 5,title,0.85
MivGrv1zO1s,135400,minecraft,title,0.85
MjjP4ps4Dis,119277,원신,title,0.85
MjrmjpGJsCU,115,롤,title,0.85
MkJl98sIDZc,26128,로스트아크,title,0.85
Mku35Q7tnR8,93902,fc온라인,title,0.85
Mlmid38VatA,388008,리니지,title,0.85
MlsdYLc8aiw,115,롤,title,0.85
MmeqU6HGAok,135400,minecraft,title,0.85
Mmu-R74_igE,26606,던파,title,0.85
Mn-OhAcyER4,115,롤,title,0.85
MnGADFnvE5Y,26606,던파,title,0.85
Mnb5aWBSBms,17269,로블록,title,0.85
MnpfvmW1wsg,17269,로블록,title,0.85
Mnpfzztg9Qk,26128,로스트아크,title,0.85
MnzulfNw6og,27789,배그,title,0.85
MofCEoqQ8GE,126459,valorant,title,0.85
Mp01kgVq6Gs,119133,엘든링,title,0.85
MpVog7yd9CE,26606,던파,title,0.85
MpkSiKAUlws,126459,발로,title,0.85
Mq-uTafkAkw,1020,gta 5,title,0.85
Mq2QqeAngyo,1020,gta 5,title,0.85
MqP95mlzrBc,119388,왕눈,title,0.85
MqmtFkIjZws,9804,메이플,title,0.85
Mr27xFV7WVo,26606,던파,title,0.85
Mr6CXqyTSMM,115,롤,title,0.85
MtWVcAsWvFU,26128,로스트아크,title,0.85
Mth6xZymFbk,115,롤,title,0.85
MtpxfbmFRyk,1020,gta 5,title,0.85
MvFbwijX0L4,27789,pubg,title,0.85
MvHsfR_Pnf8,115,롤,title,0.85
MvKa8e4WnjE,17269,roblox,title,0.85
MvX2GoWFpGo,119133,엘든링,title,0.85
MvgER599gmU,8173,overwatch,title,0.85
Mw-JVCulu28,26128,로스트아크,title,0.85
Mw06nrlIzkA,178282,스타레일,title,0.85
MwKUR6icbGk,8173,오버워치,title,0.85
MwMPnqbshpg,26128,로아,title,0.85
MwQ3rRKnHJw,9804,메이플,title,0.85
Mx59Gxachm0,1942,위쳐,title,0.85
MxeK0Zz8gP0,230,스타크,title,0.85
MxfTAChSQXA,230,스타크,title,0.85
MyNlS8Aoq54,9804,메이플,title,0.85
Myk2Eu4YKp0,8173,오버워치,title,0.85
MyvMarBdJiE,17269,로블록,title,0.85
MzJ7fohTGCg,26128,로스트아크,title,0.85
MzLzpwdqxf8,152271,시티즌 슬리퍼,title,0.85
rH1fMudXUEw,26128,로스트아크,title,0.85
rH9sQKkUeIc,115,롤,title,0.85
rIcTDP66txo,126459,valorant,title,0.85
rItstsdaLWM,119388,왕눈,title,0.85
rJtRrTRG7UY,178282,스타레일,title,0.85
rK7imHkfep0,26128,로스트아크,title,0.85
rK9eto-m9Ng,26606,던파,title,0.85
rKEqP_4KI3I,1020,gta 5,title,0.85
rKPtIloKB20,17269,로블록,title,0.85
rKbF8dKOwb8,230,스타크,title,0.85
rKgptr0CuHw,93902,fc온라인,title,0.85
rKjBubdwHn8,26606,던파,title,0.85
rLYqIjQxBKM,17269,로블록,title,0.85
rMfWU106SuE,388008,리니지,title,0.85
rNP-tj0WfFs,7346,야숨,title,0.85
rNUekPvLx4M,26606,던파,title,0.85
rNZWoYkkE1s,26128,로스트아크,title,0.85
rNvE_DekaEA,17269,로블록,title,0.85
rPHYRN94OXQ,27789,pubg,title,0.85
rPeYZtwgij8,115,롤,title,0.85
rPtTmgjmzK8,135400,마인크래프트,title,0.85
rPzDRxrg-BY,1020,gta5,title,0.85
rQgQveBvCHk,26606,던파,title,0.85
rQvOKeHZxc0,119277,원신,title,0.85
rRtbUFx4Gf0,119277,원신,title,0.85
rS2QG-KoDgI,126459,valorant,title,0.85
rSqPEiIz_XE,115,롤,title,0.85
rSx0hH14qcc,93902,fc온라인,title,0.85
rSyXnX9BSAA,115,league of legends,title,0.85
rTG_fR_3MB4,115,롤,title,0.85
rTv4fnm3zc0,115,롤,title,0.85
rU7iMO1qGbk,115,롤,title,0.85
rU9U_tKLEGY,26128,로스트아크,title,0.85
rVWHUkUbDU4,27789,배틀그라운드,title,0.85
rVjGKnh6l3I,115,롤,title,0.85
rVm4q9q8N10,230,starcraft,title,0.85
rW7qkKa9fwk,126459,valorant,title,0.85
rWJDA6zhy-o,1020,gta 5,title,0.85
rWRT-ym4xi0,17269,로블록,title,0.85
SF10EqjKzgQ,8173,오버워치,title,0.85
SF7yGe1EqKI,9804,메이플,title,0.85
SF8VcZbW8AU,1020,gta5,title,0.85
SFSn1-voOxo,119133,elden ring,title,0.85
SGH5SjDAXmM,230,starcraft,title,0.85
SGMne2XxZlE,1020,gta 5,title,0.85
SGXrkUOMtsk,115,롤,title,0.85
SG_bTlSmhbw,27789,배그,title,0.85
SGhOYgJ7VXE,135400,minecraft,title,0.85
SGnBGhBKRNA,115,롤,title,0.85
SHEhETV11wQ,8173,오버워치,title,0.85
SHuiwAuLz6A,1020,gta5,title,0.85
SIWvMIenkuA,126459,valorant,title,0.85
SIZ-cM4fURs,230,starcraft,title,0.85
SIjg8OLXBjc,126459,valorant,title,0.85
SJ2-jfSUtvs,26128,로스트아크,title,0.85
SJzahaEdre8,230,starcraft,title,0.85
SLLW4nq3F1Y,9804,메이플,title,0.85
SLUKUrSIjPQ,18866,데바데,title,0.85
SLrxzMnZBCM,230,starcraft,title,0.85
SLvc6DMSJkg,1020,gta 5,title,0.85
SM7g6D7LlFY,186725,뱀서,title,0.85
SN9su14kXCU,8173,오버워치,title,0.85
SNLPRhBorI0,115,롤,title,0.85
SNSL0BR9pQk,126459,발로,title,0.85
SNTGn4K1SOg,115,롤,title,0.85
SNrv7LkE8WA,27789,배그,title,0.85
SO6dgnAIB5E,26128,로아,title,0.85
SO9tzjoqhkw,115,롤,title,0.85
SOUmulnFatQ,26606,던파,title,0.85
SOk95m8OkaA,119277,원신,title,0.85
SOvd2FPHDTg,115,롤,title,0.85
SQ1P5S4VpFY,1020,gta 5,title,0.85
SRpREz_tx-0,115,롤,title,0.85
SRwQYILgYTI,119277,원신,title,0.85
jTanO2zVTeU,26606,던파,title,0.85
jU66IFlXnF8,115,롤,title,0.85
jUJrJXN3BqM,115,롤,title,0.85
jUTIGjdbDKg,1020,gta5,title,0.85
jU_RxyFrEOg,17269,로블록,title,0.85
jUaTmL7tVP0,115,롤,title,0.85
jUrl81c7jGk,115,롤,title,0.85
jUxgH8fWkG8,135400,마인크래프트,title,0.85
jUxvrKt4Xhw,6292,검은사막,title,0.85
jV8Yi6ZnVDA,17269,로블록,title,0.85
jVCHolEqh_k,17269,로블록,title,0.85
jW36EVL_uNQ,119277,원신,title,0.85
jWMdPE4_lWg,135400,마인크래프트,title,0.85
jX82_7DGrnI,1020,gta 5,title,0.85
jY2pToE50FI,26606,던파,title,0.85
jZHlCtGq-BQ,93902,fc온라인,title,0.85
jZZYBY-RQfY,27789,배그,title,0.85
jZcsaj_OM38,126459,발로,title,0.85
jZqRETgXTl8,115,롤,title,0.85
j_-X8PuuH3Q,26128,로스트아크,title,0.85
j__MUJTquJw,9804,메이플,title,0.85
j_dP-tljngU,115,롤,title,0.85
jaP9JwTeuz0,1020,gta5,title,0.85
jatLsxhi4lU,27789,배그,title,0.85
jc2cT6sCDPc,26128,로스트아크,title,0.85
jcNta7JMzkk,26606,던파,title,0.85
jd2DQJrAUTA,135400,마인크래프트,title,0.85
je7t1y0r5fU,27789,배그,title,0.85
jeIZns3PbJU,126459,발로,title,0.85
jeQRw6J_muY,230,starcraft,title,0.85
jeYDh5b9Ous,115,롤,title,0.85
jf-mu-lYs30,135400,마인크래프트,title,0.85
jf3kkw4sufk,1020,gta 5,title,0.85
jfXLdCv4C_s,1020,gta 5,title,0.85
jfmHPZofrFI,9804,메이플,title,0.85
jg2yW3uGtow,1020,gta 5,title,0.85
jggDhv307fc,178282,스타레일,title,0.85
jglXSARC2lE,119133,엘든링,title,0.85
jhBrZne_odM,9804,메이플,title,0.85
jhBrZne_odM,26128,로스트아크,title,0.85
jizimbG39Cs,27789,배틀그라운드,title,0.85
jjw0WZ-Kv6A,27789,배그,title,0.85
jjzjFFeuUCk,9804,메이플,title,0.85
jkOEwFaLVjY,115,롤,title,0.85
jmChsVDuZhE,26606,던파,title,0.85
jmgBLHSF3_8,126459,발로,title,0.85
iMjx8On7Yqk,1020,gta 5,title,0.85
iMpo4UfocZI,119277,원신,title,0.85
iNORAkcfUeE,93902,fc온라인,title,0.85
iNs9tyf9l5E,125165,diablo 4,title,0.85
iO86Bc5jJ_w,230,starcraft,title,0.85
iOE6rvw8X7A,178282,스타레일,title,0.85
iOKtbDIC1qU,27789,배그,title,0.85
iOcRLg9oztY,126459,valorant,title,0.85
iOrZsEQ5fAA,115,롤,title,0.85
iPOfS75pCtw,115,롤,title,0.85
iQbaOJ3Bd34,178282,스타레일,title,0.85
iQgEXicryqg,17269,로블록,title,0.85
iRD-Rxdn3d0,1020,gta5,title,0.85
iREaPP5w7ck,135400,minecraft,title,0.85
iRfXb5lcmIQ,1942,위쳐,title,0.85
iS0x0ztWBNo,135400,마인크래프트,title,0.85
iS6hIB1QyGY,8173,오버워치,title,0.85
iSNZEG9at7k,26128,로스트아크,title,0.85
iSdwecQAIkE,8173,오버워치,title,0.85
iSryuqhu8BA,27789,pubg,title,0.85
iTGgFPmhfUQ,27789,배그,title,0.85
iTZ7tDH747Y,1020,gta5,title,0.85
iUDe5_5sq1c,230,starcraft,title,0.85
iUWpeMw93P4,26606,던파,title,0.85
iWMAAZIyLfU,27789,배그,title,0.85
iWVtu0LyGrc,115,롤,title,0.85
iWedz0qhXto,115,롤,title,0.85
iWwLF7OD9OE,26128,로스트아크,title,0.85
iXBOlWiyqB8,178282,스타레일,title,0.85
iXgbML2fzdE,93902,fc온라인,title,0.85
iY8gcDyYd5w,26606,던파,title,0.85
iYfYrsd09lo,126459,valorant,title,0.85
iYmOKuneVD8,115,롤,title,0.85
iZd7-DIRql0,119388,왕눈,title,0.85
i_svjDhPKtE,17269,roblox,title,0.85
i_y5gi1L41I,93902,fc온라인,title,0.85
i_yIbBkJ6bY,26128,로스트아크,title,0.85
ia1QzXt7_e0,93902,fc온라인,title,0.85
iaX5GeGN6OM,26606,던파,title,0.85
iahQ08elf6o,26606,던파,title,0.85
ial0x9BJrmA,26606,던파,title,0.85
iamBiFdu3iQ,26606,던파,title,0.85
WoN_je2e8cs,119133,elden ring,title,0.85
Wog3nmeYkzw,115,롤,title,0.85
WooR3FQXAdc,115,롤,title,0.85
WqU0tjAQETw,178282,스타레일,title,0.85
WqYNQi3MFUU,8173,overwatch,title,0.85
WqnwAzmFg_c,26606,던파,title,0.85
Wqold7Ig82w,26606,던파,title,0.85
Wr3n-6mvOfk,119133,elden ring,title,0.85
Wr72uUeQn6c,119133,elden ring,title,0.85
Wr8lLVsQkt0,115,롤,title,0.85
WrAoT92mKMg,135400,마인크래프트,title,0.85
WsIyzumZs3g,27789,배틀그라운드,title,0.85
WsiifnBNWwY,26606,던파,title,0.85
Wsx5CMcKZZE,26128,로스트아크,title,0.85
WtRJCv4e1Xk,26606,던파,title,0.85
WtZkpfCJa30,126459,valorant,title,0.85
Wu2vPIbbSVs,27789,배틀그라운드,title,0.85
WvBr8jDq0bs,126459,발로,title,0.85
Wvzk37d1kRY,135400,minecraft,title,0.85
Ww4BE8vBat4,115,롤,title,0.85
Ww9Ji-qt_6Y,115,롤,title,0.85
WwM6I6xUCio,135400,마인크래프트,title,0.85
WxKGzXRksjU,8173,오버워치,title,0.85
WxP9qO7tAU4,119133,elden ring,title,0.85
Wy-O-dEHWLc,26128,로스트아크,title,0.85
Wy7BjYI7tc4,1020,gta 5,title,0.85
WyP4ogIW9hA,117199,니케,title,0.85
WyX-rWbDUfI,9804,메이플,title,0.85
WzPaIFeYGpo,1020,gta 5,title,0.85
WzQ912Mu3Mo,17269,로블록,title,0.85
WzaxWo4GVfQ,119277,원신,title,0.85
WzzmJC2Fa1k,119133,elden ring,title,0.85
X05lKtVjrcs,230,starcraft,title,0.85
X0AH8IWIgY8,126459,발로,title,0.85
X1QreE74bVg,126459,발로,title,0.85
X2U6TyKFfR0,115,롤,title,0.85
X2cvsOtwJwc,26606,던파,title,0.85
X3D3GVH1pl8,1020,gta 5,title,0.85
X3D3GVH1pl8,8173,overwatch,title,0.85
X3iT2YlBJNM,27789,배그,title,0.85
X3lrlemk2cc,115,롤,title,0.85
X4DXGVAXU3U,27789,배틀그라운드,title,0.85
X4Hux-aCfNc,115,롤,title,0.85
X4_JTv4uJVo,117199,니케,title,0.85
X4cIozypUls,26128,로스트아크,title,0.85
X4hcZGtobGw,186725,뱀서,title,0.85
X5QG3cNFFMw,119133,elden ring,title,0.85
X5b0CN5pbVA,27789,배그,title,0.85
X6sICxH2Vyo,135400,마인크래프트,title,0.85
X77lvD6V4JA,1020,gta 5,title,0.85
X7gdboBphK4,1020,gta 5,title,0.85
X7wkSXi8-v0,93902,fc온라인,title,0.85
X8rUJdAEnQk,135400,마인크래프트,title,0.85
X96RgAstwIc,115,롤,title,0.85
X9Db4QK6qTI,26128,로아,title,0.85
X9E_o_LpcmQ,17269,로블록,title,0.85
X9QLzvzewBg,27789,배틀그라운드,title,0.85
X9U_PCrapa0,230,스타크,title,0.85
X9bk9cTtNwY,119133,엘든링,title,0.85
X9gipEmvNRI,125165,diablo 4,title,0.85
X9km3l-rZZk,126459,valorant,title,0.85
X9uheuqgZW0,26128,로아,title,0.85
XAbtjbEFnc0,135400,minecraft,title,0.85
XAk-9y2yoT8,178282,스타레일,title,0.85
drDBSkhfago,115,롤,title,0.85
drLO_qGUzGc,126459,발로,title,0.85
drsCQMj5tnw,9804,메이플,title,0.85
druje5fHxYA,93902,fc온라인,title,0.85
ds8WiW3JZNU,9804,메이플,title,0.85
dsoZOgiSU6I,1020,gta 5,title,0.85
dsxCWjBStQ8,126459,발로,title,0.85
dsxbCYyzfkc,1020,gta 5,title,0.85
dti88oJaEX0,1020,gta5,title,0.85
dtyanlWjJ2o,117199,니케,title,0.85
duEZblBmDS0,115,롤,title,0.85
duFa9jrqS3w,1020,gta 5,title,0.85
dudcRm1RXgg,1020,gta 5,title,0.85
dufCG4VBn3s,115,롤,title,0.85
dukt9Epf0So,17269,로블록,title,0.85
dv0ZIRcBXtw,27789,배그,title,0.85
dx4Dq9aMYD8,17269,로블록,title,0.85
dxGb_F-qZDI,126459,발로,title,0.85
dxIylsv-AJE,17269,로블록,title,0.85
dxh4lq97FPM,115,롤,title,0.85
dxnXHixsP44,26606,던파,title,0.85
dyOgYpRqgDE,178282,스타레일,title,0.85
dyyRLXAvooo,8173,옵치,title,0.85
dzmmWZjutvk,126459,valorant,title,0.85
dzmvXIUlM_o,17269,로블록,title,0.85
dzqy1h3b_vg,115,롤,title,0.85
e-5j1jlkH8M,1020,gta 5,title,0.85
e-koTohxnHk,1020,gta 5,title,0.85
e-qdfMGzsqg,139391,블아,title,0.85
e0LD91_R3eE,230,starcraft,title,0.85
e18_LGJDlrU,93902,fc온라인,title,0.85
e21Cvu0XktU,230,starcraft,title,0.85
e2JZy3SAGtQ,17269,로블록,title,0.85
e2W-LX_pGZ4,17269,로블록,title,0.85
e2rGcIikpgw,27789,배그,title,0.85
e2vX7rszRBc,27789,배그,title,0.85
e2wp6Z6OGrI,1020,gta 5,title,0.85
e3YjUcpNmEU,126459,valorant,title,0.85
e3gl7Qmcx2I,563,아이온,title,0.85
e4Ao04ES7mk,115,롤,title,0.85
e4vOqLIrzkg,27789,배그,title,0.85
e5Wm2BI_qIE,117199,니케,title,0.85
e5fxGoS9_4E,115,롤,title,0.85
P-UZY94mAxg,135400,마인크래프트,title,0.85
P-hUWbygGbs,93902,fc온라인,title,0.85
P0Mu6K3Uv04,125165,diablo 4,title,0.85
P0_AAiMqdpY,135400,마인크래프트,title,0.85
P0bY_AdxiO0,125165,diablo 4,title,0.85
P0e8tqPQRJ4,26128,로스트아크,title,0.85
P12BmnaU_kc,178282,스타레일,title,0.85
P1LNf5xbBAk,115,롤,title,0.85
P1TJtciP_dk,27789,배그,title,0.85
P1iPuJQ10to,135400,마인크래프트,title,0.85
P2FfI9Y6HQk,230,스타크,title,0.85
P2gdc_--q0E,26606,던파,title,0.85
P3GlQdtOMcw,119277,원신,title,0.85
P4GuJLd67T4,126459,valorant,title,0.85
P4Jo1ehTotU,1020,gta 5,title,0.85
P4ZDVpo9HiI,93902,fc온라인,title,0.85
P4cqwhHDRvM,1020,gta 5,title,0.85
P4uJThuT7mA,27789,pubg,title,0.85
P56Ph1lp514,119277,원신,title,0.85
P5DyGhTG4Fc,26128,로스트아크,title,0.85
P5X2uGSVH4I,27789,배그,title,0.85
P5acUtwG248,115,롤,title,0.85
P5lPEbbb4K0,115,롤,title,0.85
P6AKWP2jrpE,126459,발로,title,0.85
P6e9oIonSvo,119277,원신,title,0.85
P6y0OvYLaVQ,115,롤,title,0.85
P7Yw83xSJk4,115,리그 오브 레전드,title,0.85
P7dCCztYy6E,9804,메이플,title,0.85
P7lJ7Wy1_n8,1020,gta v,title,0.85
P8UAtj5dkZw,115,롤,title,0.85
P8WZvD56qVs,8173,오버워치,title,0.85
P8eW6e7kJdY,115,롤,title,0.85
P91znawaBls,115,롤,title,0.85
P9Hsu4TzVZo,119277,원신,title,0.85
P9czNteSLe0,126459,valorant,title,0.85
PAIvtXA9Xu0,7346,야숨,title,0.85
PANN5yR2Y6A,8173,오버워치,title,0.85
PAn8KASM-48,230,스타크,title,0.85
PAuy7TqRods,27789,배그,title,0.85
PB12XnZmsTU,230,스타크,title,0.85
PBRHGBJcNxQ,119388,왕눈,title,0.85
PBpGxazzkEY,126459,발로,title,0.85
PCQbpJQpEwU,115,롤,title,0.85
PDJGCWqD4Xc,93902,fc온라인,title,0.85
PEstPxqkb-s,230,starcraft,title,0.85
PF327dbERMc,135400,마인크래프트,title,0.85
PF7Z4cfVTv4,115,롤,title,0.85
PFXMCBcyjsE,151665,palworld,title,0.85
PFfNbW9aOKQ,115,롤,title,0.85
PFfONBfJNIs,1020,gta 5,title,0.85
PFkufqRLxZc,8173,오버워치,title,0.85
PGNW3VHPk1k,119388,왕눈,title,0.85
PGP4hqtVO4c,17269,로블록,title,0.85
r-7LD9_YRCw,17269,roblox,title,0.85
r-v1HCm9tiA,17269,로블록,title,0.85
r-yooBO1NYQ,9804,메이플,title,0.85
r0VLC61Ipc0,125165,디아4,title,0.85
r0lbHKLJoUk,115,롤,title,0.85
r1mGd8vTbLQ,126459,발로,title,0.85
r1n20P4_bpA,8173,overwatch,title,0.85
r26U-9VBvVY,26128,로아,title,0.85
r2U2AFtxq4w,26128,로스트아크,title,0.85
r2_xGEPBBwY,9804,메이플,title,0.85
r2jHV9R3EJw,135400,마인크래프트,title,0.85
r2rjCNGSxSc,1020,gta5,title,0.85
r31wSmGgLSs,115,롤,title,0.85
r37jhdz4gNg,115,롤,title,0.85
r3L1Z1esneQ,1020,gta 5,title,0.85
r3idAhBAti8,115,롤,title,0.85
r3ok_qfpxWA,17269,로블록,title,0.85
r48tq8Bdyxo,115,롤,title,0.85
r4iowBZtU8c,115,롤,title,0.85
r4lPN4_I250,115,롤,title,0.85
r4zC7c2tiyI,17269,로블록,title,0.85
r52E8IOVHXI,125165,diablo 4,title,0.85
r5WgT-Ur4fo,17269,로블록,title,0.85
r5dLB68c5tg,178282,스타레일,title,0.85
r5rghwdKGIg,119277,genshin,title,0.85
r5zrAfE9XzA,115,롤,title,0.85
r6YaP5R6Cj8,115,롤,title,0.85
r6q4MPklAIA,115,롤,title,0.85
r78PWMxPfyQ,8173,오버워치,title,0.85
r7SzQuIoGp8,27789,배그,title,0.85
r86qLos2sFU,9804,메이플,title,0.85
r8yun0ANuxM,27789,배그,title,0.85
r90k85pyEeg,115,롤,title,0.85
rAXjp9wNNu4,115,롤,title,0.85
rAZvr0dkEjU,26606,던파,title,0.85
rAgubDHgoeY,115,롤,title,0.85
rAti8cjpC-8,126459,발로,title,0.85
rAysB5-NckM,230,스타크,title,0.85
rBVaqiCMdsA,126459,발로,title,0.85
rCSDxh38s3s,115,롤,title,0.85
rCm0KUw490U,115,롤,title,0.85
rDbJJbbwiFc,135400,마인크래프트,title,0.85
rDuqTmg6Rjo,26606,던파,title,0.85
rE8MR-fMRks,26606,던파,title,0.85
rElfCxXHI4U,17269,로블록,title,0.85
rF4N6Co33g4,26606,던파,title,0.85
rFsSus4SCz0,93902,fc온라인,title,0.85
rGqy3ccPob4,27789,배틀그라운드,title,0.85
rGv7yfCyXts,1020,gta 5,title,0.85
UM4-GlRXX3c,1020,gta5,title,0.85
UMbKzetiT6A,115,롤,title,0.85
UMdIq2859pE,126459,발로,title,0.85
UMnLQ24gjao,8173,오버워치,title,0.85
UMnPRz52AMw,230,스타크,title,0.85
UN34V1qkFyA,17269,로블록,title,0.85
UNqXp9mytew,115,롤,title,0.85
UOJ8Ax5-Q9w,1020,gta5,title,0.85
UOU9lH72zwc,27789,배틀그라운드,title,0.85
UOXmIxogAJg,115,롤,title,0.85
UOm6WG2k0xA,27789,배그,title,0.85
UPlMwP6KWmc,119277,원신,title,0.85
UQ8lhDf1m9w,125165,디아블로4,title,0.85
UQDVpiSqQJQ,93902,fc온라인,title,0.85
UQG6KHD7eJw,135400,minecraft,title,0.85
UQk8LVfMa_k,563,아이온,title,0.85
UQkXAFza0Ec,115,롤,title,0.85
URCQpognYrc,27789,배그,title,0.85
URE98F9jbuw,126459,valorant,title,0.85
URjynuGixiM,126459,valorant,title,0.85
URkMjyHaM90,17269,로블록,title,0.85
USEEqGWMZ2U,126459,valorant,title,0.85
UTCzo7oG4K8,135400,minecraft,title,0.85
UTxNtdEXHJs,27789,배그,title,0.85
UUlx3LNLvls,230,starcraft,title,0.85
UV7Lkkf_dbE,26128,로아,title,0.85
UV7eUbcnquc,1020,gta5,title,0.85
UVfIGm5SfXo,1020,gta5,title,0.85
UVo7iL05HLg,119277,원신,title,0.85
UVrVnK9I_Jo,126459,valorant,title,0.85
UW3XvakV9NQ,126459,발로,title,0.85
UWFAmpn6GvE,230,스타크,title,0.85
UWMUmtTs4Mo,21492,마비노기,title,0.85
UXaWvPqEv1s,26128,로스트아크,title,0.85
UXhFlIVFTGU,135400,minecraft,title,0.85
UY-k0CCsR74,126459,valorant,title,0.85
UY8T2xpPxwY,230,스타크,title,0.85
UYVo4h7LH68,135400,마인크래프트,title,0.85
UYdPwbi-cnY,17269,로블록,title,0.85
UYrtngs9Kvo,119277,원신,title,0.85
UZc9Ki_N9lc,115,롤,title,0.85
U_4hZyLl4Go,27789,배그,title,0.85
U_Ats3xvsnc,1020,gta 5,title,0.85
U_tuoOTqJFA,115,롤,title,0.85
UaHim63lsLo,119277,원신,title,0.85
UanbE2i2o5s,17269,로블록,title,0.85
UasGzux1SDE,17269,로블록,title,0.85
Ubvsd3txSHg,8173,오버워치,title,0.85
KisZs_YixsA,119277,원신,title,0.85
Kix41tT5mvY,115,롤,title,0.85
KjJDRMnEC3Q,9804,메이플,title,0.85
KjNzt_VkzIQ,1020,gta 5,title,0.85
Kj_mQij3NzA,26128,로스트아크,title,0.85
Kk1DgbKtBU8,1020,gta 5,title,0.85
KkGRtGEdws8,26606,던파,title,0.85
KkJkAUhKVIQ,126459,valorant,title,0.85
KktUTNXp6Jc,26606,던파,title,0.85
KlU0vyIuXSk,27789,pubg,title,0.85
Km2HTSj9cgk,8173,오버워치,title,0.85
Km2HTSj9cgk,331286,오버워치2,title,0.85
KmAuOVkK3_s,115,롤,title,0.85
KmjKC0OKZR4,93902,fc온라인,title,0.85
KnAQxhRBqJE,115,롤,title,0.85
KnRs91qNKHM,117199,니케,title,0.85
KnhATE5wnIE,8173,overwatch,title,0.85
KnqfL3bxSak,1020,gta 5,title,0.85
Ko8VykVuLC0,126459,발로,title,0.85
Kob4efDPfic,1020,gta 5,title,0.85
KojNpMtzAHg,93902,fc온라인,title,0.85
Koq4cn_uW_E,135400,마인크래프트,title,0.85
Kos33l-vqZ4,117199,nikke,title,0.85
Kp7vFA2Fjp4,1020,gta5,title,0.85
KpZHqVWLsOc,17269,로블록,title,0.85
Kpgq_USJI1Q,1020,gta5,title,0.85
KpsfB9_zDks,26606,던파,title,0.85
Kq6hUJoTwcM,126459,발로,title,0.85
Kq8UoQdjo6c,230,스타크,title,0.85
KqnNqeiDm9k,125165,디아블로4,title,0.85
KrJZltXw7kg,115,롤,title,0.85
KrbixYKPUdE,27789,배그,title,0.85
KsO3GYW-mjs,119388,왕눈,title,0.85
Kt19MwxUEi8,126459,발로,title,0.85
KtCE_jUXcT0,115,롤,title,0.85
KtFh7U68A_c,135400,마인크래프트,title,0.85
KtL3e5vkMvE,135400,minecraft,title,0.85
KthGywf7YSQ,115,롤,title,0.85
KuSEtPPOqG4,9804,메이플,title,0.85
KuWeSewSQJU,115,롤,title,0.85
Kud5FCQ4Y28,93902,fc온라인,title,0.85
KvV8ygXoCjc,1020,gta 5,title,0.85
Kw-hCE-wJTg,26606,던파,title,0.85
Kw9jw0XDnbM,17269,로블록,title,0.85
KwcmUpUfviw,1020,gta 5,title,0.85
KwpM8Erk2_E,26606,던파,title,0.85
Kx-1Z50FapM,26606,던파,title,0.85
KxIdTm7m3lY,115,롤,title,0.85
KxLqPQkmxE4,26606,던파,title,0.85
Ky3OmgjSGrU,388008,리니지,title,0.85
KyW3hunQpAM,178282,스타레일,title,0.85
KyyoRNAJIdo,135400,minecraft,title,0.85
KzAhekhP52Q,9804,메이플,title,0.85
KzoxXS2sauM,26606,던파,title,0.85
h9NsmFZ65C0,26606,던파,title,0.85
h9lhrdnXWdM,17269,로블록,title,0.85
hA-0A1JvBWw,119277,원신,title,0.85
hA2xadu7q2M,1020,gta 5,title,0.85
hBPKPgN-KZg,27789,배틀그라운드,title,0.85
hBTvIkpY6MA,115,롤,title,0.85
hBnkJvTwgis,9804,메이플,title,0.85
hCN1iJeX26s,26128,로아,title,0.85
hDcYt5TydD0,126459,valorant,title,0.85
hEI22uzHqGA,126459,발로,title,0.85
hEqFm6xJksE,3277,러스트,title,0.85
hF9h8dyNfHU,115,롤,title,0.85
hFAnfq-mi1A,27789,배틀그라운드,title,0.85
hFzewz73pkU,135400,마인크래프트,title,0.85
hGEMqqaa-7k,9804,메이플,title,0.85
hGGG1f-rrfI,135400,마인크래프트,title,0.85
hGyf1KUqYDc,27789,배그,title,0.85
hH9tLJyxLCQ,93902,fc온라인,title,0.85
hHVd9mTvlis,8173,오버워치,title,0.85
hHWC30VsOfk,126459,발로,title,0.85
hHbFZi0jLY0,9804,메이플,title,0.85
hHdxRi_QP7c,26606,던파,title,0.85
hHrHoGxC1E4,230,스타크,title,0.85
hI-SegUs26Q,27789,배그,title,0.85
hIE-daQE0O8,125165,diablo 4,title,0.85
hIZi1p5X06k,26128,로스트아크,title,0.85
hJ6-w6PUu-4,126459,발로,title,0.85
hJJWWO2dLMY,26128,로스트아크,title,0.85
hJMKiyX7Jek,17269,로블록,title,0.85
hKb9qKsPUr0,93902,fc온라인,title,0.85
hKz-udHb5mw,135400,마인크래프트,title,0.85
hLTpTGU0sls,26128,로스트아크,title,0.85
hLYiR0rASUM,119277,원신,title,0.85
hMHMwF1gZS0,17269,로블록,title,0.85
hMre_it4L8g,135400,마인크래프트,title,0.85
hNQbRaM_wS4,17269,로블록,title,0.85
hOUP0d2tK9Q,115,롤,title,0.85
hOyVFIpxepk,26128,로스트아크,title,0.85
hPC4t9bGgLA,126459,발로,title,0.85
hPCvMo9NL5A,27789,배그,title,0.85
hPV5N4TMrYo,115,롤,title,0.85
hQA58DZ5yiI,119133,elden ring,title,0.85
hQQFi2VOkHU,17269,로블록,title,0.85
hQ_wsTWl7mg,115,롤,title,0.85
6BMhqedKVZs,115,롤,title,0.85
6Bk2Cv8IynE,27789,배그,title,0.85
6C3nETy20eE,563,아이온,title,0.85
6CPlMEWr0sg,230,스타크,title,0.85
6CaJ3zHQKyM,26128,로스트아크,title,0.85
6Cd0EiDEQtc,26128,로스트아크,title,0.85
6Cj8E7P1eec,115,롤,title,0.85
6CjFDhBG8yI,8173,오버워치,title,0.85
6Cofpya6Chk,9804,메이플,title,0.85
6Ct4vBm7sKs,17269,로블록,title,0.85
6Cxm1FXprPo,115,롤,title,0.85
6D0qIjQntS4,93902,fc온라인,title,0.85
6DObDvbsAnA,27789,배그,title,0.85
6DduWjW0g-U,1020,gta 5,title,0.85
6EZHrbHD14A,1020,gta 5,title,0.85
6F3m0qjqn50,26128,로스트아크,title,0.85
6FSCdoYmMYY,17269,로블록,title,0.85
6FdwPsn7EDk,119277,원신,title,0.85
6FxEGCbttjY,26606,던파,title,0.85
6GoHW_T4fsU,17269,로블록,title,0.85
6H9M74p7Cy0,17269,로블록,title,0.85
6H_Vzcn9WBQ,1020,gta5,title,0.85
6HyfMUi3Riw,27789,배틀그라운드,title,0.85
6IbsVAUWES0,115,롤,title,0.85
6JNunNf6PYo,126459,발로,title,0.85
6Jco0o72OTU,8173,오버워치,title,0.85
6K5bip2FKQs,93902,fc온라인,title,0.85
6K6khh4fdXY,119277,원신,title,0.85
6LgggfHIAx8,230,starcraft,title,0.85
6M25EfOW5QE,9804,메이플,title,0.85
6MQzZrObx4Q,93902,fc온라인,title,0.85
6NHEBZIxZ1A,126459,valorant,title,0.85
6NLGYfc0kjE,125165,diablo 4,title,0.85
6NofARbNu-o,17269,로블록,title,0.85
6O-e8XKRW10,230,스타크,title,0.85
6PSK-MNjlNc,93902,fc온라인,title,0.85
6QVfIYcVyQQ,17269,로블록,title,0.85
B3Z-x8YVgoc,135400,마인크래프트,title,0.85
B3wWPPVGqQw,9804,메이플,title,0.85
B4f5h41X_mM,126459,발로,title,0.85
B4yUDhP-nNA,27789,배틀그라운드,title,0.85
B54kb8bABjw,126459,valorant,title,0.85
B5KBcy5-3gc,26128,로스트아크,title,0.85
B5ubOVEFD1c,563,아이온,title,0.85
B617-7O5hyw,17269,로블록,title,0.85
B6CoVGUQab4,178282,스타레일,title,0.85
B6aVCBVd518,115,롤,title,0.85
B6slG_xQcLg,8173,옵치,title,0.85
B6slG_xQcLg,126459,발로,title,0.85
B6u8ilevksY,26128,로스트아크,title,0.85
B7sLmcX9hK0,115,롤,title,0.85
B8O1yqk5dlk,1020,gta 5,title,0.85
B8iUy9W498I,230,스타크,title,0.85
B9dCAOLxHs8,17269,로블록,title,0.85
B9zRD99UG5s,8173,오버워치,title,0.85
B9zRD99UG5s,331286,오버워치2,title,0.85
BAPbd_92Jhc,27789,배그,title,0.85
BAZh8fF41Uc,1020,gta5,title,0.85
BAfXcYCE5sY,17269,로블록,title,0.85
BB-f3JKnzns,8173,오버워치,title,0.85
BBCLaM8Fa0g,1020,gta 5,title,0.85
BBsxjnDrVWg,125165,diablo 4,title,0.85
BBuFWoja9HI,1020,gta 5,title,0.85
BC0srh7c_Qo,26128,로스트아크,title,0.85
BCD3NYekxWI,119277,원신,title,0.85
BCZPMjfnNQI,8173,오버워치,title,0.85
BDCyXYI7RIw,115,league of legends,title,0.85
BD_udLAOWH8,119133,엘든링,title,0.85
BDcYQxIX75o,115,롤,title,0.85
BDml2orDPwE,93902,fc온라인,title,0.85
BE4SYQEAf00,563,아이온,title,0.85
BE4SYQEAf00,26128,로스트아크,title,0.85
BEWPmyW7aDk,17269,로블록,title,0.85
BEXdmOrZwMY,1020,gta5,title,0.85
BEpPCcl0-NE,115,롤,title,0.85
BEsxjIDfVeQ,26128,로스트아크,title,0.85
BFPlNeUyB_E,230,스타크,title,0.85
BFjcukyLV1Y,126459,발로,title,0.85
BFlneJ4x2tg,151665,팰월,title,0.85
BFwFyuTyI0o,115,롤,title,0.85
BG2B4peaMCM,1020,gta 5,title,0.85
BGD30DtSX5M,126459,valorant,title,0.85
BGMArVgU-Qc,135400,minecraft,title,0.85
BGSPN7BMrTg,115,롤,title,0.85
BGjx0qo1zMk,115,롤,title,0.85
BGqHGkLUVP4,115,리그 오브 레전드,title,0.85
BH6jlBMxmzg,17269,로블록,title,0.85
BHLZDL9gORM,119133,엘든링,title,0.85
BHyS0H6WOsw,27789,배그,title,0.85
BICYYo-Xawk,230,starcraft,title,0.85
BIDij4ExEQg,126459,발로,title,0.85
BJCdZPeWT10,17269,로블록,title,0.85
BJMWb1nl-FY,27789,배틀그라운드,title,0.85
BJnoFKxg4o8,136879,검은신화,title,0.85
BJoa6U_di4o,26128,로스트아크,title,0.85
BK0mAeNjPAM,1020,gta 5,title,0.85
BKHwuN1bs7U,26128,로스트아크,title,0.85
BKNpDFKY_JY,9804,메이플,title,0.85
BL-Do_7CMDo,126459,발로,title,0.85
BLXnT_r6UoQ,26128,로스트아크,title,0.85
BLgwgtEnVZU,8173,오버워치,title,0.85
BLn3oRAQd9k,119133,엘든링,title,0.85
BLtDGjqQpg8,1020,gta5,title,0.85
BMYCMah44Uk,115,롤,title,0.85
BMdK_a6-b6M,115,롤,title,0.85
BMdb2oyXY0s,27789,배그,title,0.85
BN6rnODE4kk,9804,메이플,title,0.85
BNOvT18QYNE,126459,valorant,title,0.85
BNfH0zwW_k0,27789,pubg,title,0.85
JCBdY1iqlC8,178282,스타레일,title,0.85
JCl6ew_cS3g,9804,메이플,title,0.85
JDR1WQt88t8,115,롤,title,0.85
JDqUTlXFjnA,115,롤,title,0.85
JDxY8whGNKE,126459,발로,title,0.85
JEKTnm98qX8,26606,던파,title,0.85
JEUihsreMIM,8173,오버워치,title,0.85
JEgKuIUTRd0,9804,메이플,title,0.85
JEkNVMmRS5o,126459,발로,title,0.85
JF0n1ZTR-wg,8173,오버워치,title,0.85
JG6z2SjeIFM,115,롤,title,0.85
JHt7w2v1Wbw,8173,overwatch,title,0.85
JI70X6ymGKU,126459,발로,title,0.85
JIMOGsOAzQI,26606,던파,title,0.85
JINEtrfzkNQ,126459,발로,title,0.85
JJ360iwCnf4,93902,fc온라인,title,0.85
JJUjro9M1fo,115,롤,title,0.85
JJqiirm6rMU,1020,gta 5,title,0.85
JK_Ppo0ixyk,26606,던파,title,0.85
JKiXRirngY0,178282,스타레일,title,0.85
JLKwBkfm8U4,115,롤,title,0.85
JLZWH6AvrQk,115,롤,title,0.85
JLpaDgrqb0w,119277,원신,title,0.85
JLpaDgrqb0w,178282,스타레일,title,0.85
JMDGPR1K7ac,126459,발로,title,0.85
JMSPzlzNRbk,115,롤,title,0.85
JMchcFfzeSg,17269,로블록,title,0.85
JMcwdIMV16Q,115,롤,title,0.85
JMgnn9CbUYU,6292,검은사막,title,0.85
JMvzmh5RnpQ,9804,메이플,title,0.85
JN9R6mS9R6M,93902,fc온라인,title,0.85
JN9gDbwnOzk,126459,발로,title,0.85
JOikP7NYbiE,119277,원신,title,0.85
JOjZhC8MMm0,8173,옵치,title,0.85
JPedNXGJEDw,1020,gta 5,title,0.85
JPsf5mxMG44,1020,gta 5,title,0.85
JPyrUPOPMxA,27789,배그,title,0.85
JQGOQjhpD3M,1020,gta 5,title,0.85
JRGHo0OsjGQ,27789,배그,title,0.85
JS0KTDoV7OQ,17269,로블록,title,0.85
JTBU-343iG8,1020,gta 5,title,0.85
JTM2GxnMYOM,26128,로스트아크,title,0.85
JTYamVdCAwM,135400,마인크래프트,title,0.85
JUKmP8QnVxM,151665,팰월,title,0.85
a40Pnf_CJxw,135400,minecraft,title,0.85
a4mfHXm97q8,1020,gta 5,title,0.85
a5O4yX5QstE,115,롤,title,0.85
a6KvvrnAFik,126459,valorant,title,0.85
a713MEQcvr0,1020,gta5,title,0.85
a7nuzXwIHMU,126459,valorant,title,0.85
a84rY2j3JiI,27789,배틀그라운드,title,0.85
a8xkBylAsRM,17269,로블록,title,0.85
a97Ubi3y4Uk,17269,로블록,title,0.85
aAXTIwzvNxs,115,롤,title,0.85
aB7lvznIhxU,115,롤,title,0.85
aBMIGuEhRE0,26128,로스트아크,title,0.85
aBzFeSkSvKM,125165,diablo 4,title,0.85
aC3WCu8nofA,115,롤,title,0.85
aDblh3u6wFU,126459,발로,title,0.85
aF7GTE5RdlE,17269,로블록,title,0.85
aFJBjdMxT0Y,563,아이온,title,0.85
aFa0_XNH0i0,26128,로스트아크,title,0.85
aFdYdIlp8kU,1879,테라리아,title,0.85
aGNplCPZQ1k,119277,원신,title,0.85
aGvecdbrJ9A,1020,gta 5,title,0.85
aHEta5kUTXw,8173,오버워치,title,0.85
aHgLITLbH54,119277,원신,title,0.85
aISeN-ChB-o,115,롤,title,0.85
aITZP1AVPIE,230,스타크,title,0.85
aIis7rHRcrs,126459,발로,title,0.85
aJtXUOsFW9M,126459,valorant,title,0.85
aKWQAZKmYHg,115,롤,title,0.85
aKaOcSjwqsQ,1020,gta5,title,0.85
aL8eyRZurW8,125165,디아블로4,title,0.85
aLF_9Qe2FKA,115,롤,title,0.85
aLXULM9PoM8,1020,gta5,title,0.85
aM-Z7fAPKoo,26606,던파,title,0.85
aMHfDXEUiKs,115,롤,title,0.85
aNjfJOLjsl4,17269,로블록,title,0.85
yZbnkrKOuFA,115,롤,title,0.85
y_AYu0gvg2U,115,롤,title,0.85
y_FoBAGi1go,17269,로블록,title,0.85
y_NnAJuUgzg,17269,로블록,title,0.85
y_RpC75O43g,119133,엘든링,title,0.85
yaTHC980_e0,115,롤,title,0.85
yaUnlTrgoQg,178282,스타레일,title,0.85
ybAp-BsI43A,119133,elden ring,title,0.85
ybB-aXIdl5g,126459,발로,title,0.85
ybHVQh9zUjg,119133,elden ring,title,0.85
yb_4gLKgyeU,119133,elden ring,title,0.85
ycL_Xgw-REE,26606,던파,title,0.85
ycfSmpNd7FI,115,롤,title,0.85
ydCChjerPAg,126459,발로,title,0.85
ydKZ_sXRYGI,115,롤,title,0.85
ydeqpmDukIw,27789,배그,title,0.85
ydiGk0rOHZY,27789,배그,title,0.85
yeESg5s1leU,9804,메이플,title,0.85
yeMyhIHzkhg,8173,오버워치,title,0.85
yep_c8zE9Mc,1020,gta5,title,0.85
yh7B7PiBA5Y,126459,valorant,title,0.85
yhPIMGb93HU,115,롤,title,0.85
yhT6b5b48SA,151665,팰월,title,0.85
yis3tChdZTM,26606,던파,title,0.85
yjAPFg9HgT8,9804,메이플,title,0.85
yjWiRVWaigA,119133,엘든링,title,0.85
yjsEqfpJFNE,115,league of legends,title,0.85
ylzev_K2qcE,93902,fc온라인,title,0.85
ymIVjYKH2E0,26606,던파,title,0.85
ynxYXDQFtVk,115,롤,title,0.85
ynxYXDQFtVk,126459,발로,title,0.85
yoBp9ceQSeE,115,롤,title,0.85
yoDhUUUczM0,388008,리니지,title,0.85
yoN26wWgN9Y,17269,로블록,title,0.85
yokVg7_tm6s,119277,원신,title,0.85
ypOo0Wpxkes,115,롤,title,0.85
ypPlX6S4QIw,126459,발로,title,0.85
ypTzBynh0Ck,178282,스타레일,title,0.85
ypcygoxGNlw,26606,던파,title,0.85
hj8rMuJMzo4,135400,minecraft,title,0.85
hjHszdyfhRc,17269,로블록,title,0.85
hjVa5dSiIYo,115,롤,title,0.85
hjeQ5oaE5cE,119277,원신,title,0.85
hkI7e5E1IMo,126459,발로,title,0.85
hkQrLgvyepo,126459,valorant,title,0.85
hk_rkZRwEyc,125165,diablo 4,title,0.85
hl4zk3WMBZY,9804,메이플,title,0.85
hlDc2021kzU,26606,던파,title,0.85
hlFvvQ5yh9c,27789,배틀그라운드,title,0.85
hldVpbXe-S4,126459,발로,title,0.85
hmvHcpQaiPo,27789,배틀그라운드,title,0.85
hnHvAvK-JGU,115,롤,title,0.85
hnZdtm2jsFc,126459,발로,title,0.85
hnpOYM-Nh04,230,starcraft,title,0.85
hnyIi6krYNg,126459,valorant,title,0.85
hnzEwdyt2OY,8173,오버워치,title,0.85
ho6_qJE1Mw0,135400,마인크래프트,title,0.85
hp1_GeZ130g,126459,발로,title,0.85
hpiCPlkTvJk,115,롤,title,0.85
hrDMcY-tmxM,115,롤,title,0.85
hrdWzEy53j0,1020,gta 5,title,0.85
hrmTpLM3P-Q,135400,minecraft,title,0.85
hrtyoJLthzU,115,롤,title,0.85
htCSyWiM1ns,1020,gta5,title,0.85
htlQMBDk9_U,8173,overwatch,title,0.85
hulW0OQuu_M,126459,발로,title,0.85
hvz8eR1ijzE,115,롤,title,0.85
hwEbUtALC_c,119277,원신,title,0.85
hwxVowJxJtk,27789,배그,title,0.85
hx40CYgvnnk,250616,helldivers,title,0.85
hxJDANLeIMk,152271,citizen sleeper,title,0.85
hxeiUeAF7R0,1020,gta 5,title,0.85
hxx4KMyUljA,17269,로블록,title,0.85
hy1BheeAB1g,119277,원신,title,0.85
hy2qMqgYTOY,119133,엘든링,title,0.85
hyhacl_qew0,27789,배틀그라운드,title,0.85
hyqP92wMTHw,26606,던파,title,0.85
hytgbkF6BqA,115,롤,title,0.85
hyz6Fbzk1HY,178282,스타레일,title,0.85
hz2-MVEPkL8,115,롤,title,0.85
i-e4PP8Jwlc,27789,pubg,title,0.85
i-y2_gxjy8w,8173,오버워치,title,0.85
i-yHXSiZOnA,115,롤,title,0.85
i1FeLHjAmMY,115,롤,title,0.85
i1xS_sG7x54,6292,검은사막,title,0.85
i22CEc4I8IY,135400,마인크래프트,title,0.85
i2DnGU0SgNM,115,롤,title,0.85
i2Y_NqX3JuA,119277,원신,title,0.85
i2e6Rvkha0g,17269,로블록,title,0.85
i2tYriwDX4g,178282,스타레일,title,0.85
tovRlU-ozRw,119133,elden ring,title,0.85
tpjqAlfNXGw,1020,gta 5,title,0.85
tplVRrebjMU,178282,스타레일,title,0.85
tq4McTeM0vs,8173,오버워치,title,0.85
tqDMG7KTEDc,115,롤,title,0.85
tqEIn6qARcs,27789,배틀그라운드,title,0.85
tqtnp3kWLL8,1020,gta5,title,0.85
trMMcBt0J44,125165,diablo 4,title,0.85
trUXgyF02Is,1020,gta5,title,0.85
trdf72iLhzE,8173,오버워치,title,0.85
tsOsQMBNF2M,26606,던파,title,0.85
tsR3xMfvSO0,26128,로스트아크,title,0.85
tt-IzS7nKn4,1020,gta 5,title,0.85
ttBqR9fJRoU,388008,리니지,title,0.85
ttZ9ku-63os,1020,gta 5,title,0.85
ttjrUoROha8,123395,명일방주,title,0.85
tuZ_uN-_fxQ,563,아이온,title,0.85
tvO0EHl0r6o,8173,오버워치,title,0.85
tvV5vV9nwGY,115,롤,title,0.85
tvsgyUt_5ng,8173,오버워치,title,0.85
twMydoUNjvI,119133,elden ring,title,0.85
txKo_6ieSbM,115,롤,title,0.85
txvhsQ9tKNA,17269,로블록,title,0.85
tycZS4X_2rk,126459,발로,title,0.85
tyicEEKwub0,9804,메이플,title,0.85
tyxaQ-iufFM,1911,path of exile,title,0.85
tyxaQ-iufFM,125165,diablo 4,title,0.85
tzBD_RoPcfs,178282,스타레일,title,0.85
tzVo0NBfNAA,119133,elden ring,title,0.85
tzuxVvy3GfE,126459,발로,title,0.85
tzvDA4jiNRc,563,아이온,title,0.85
u-1SsJEDjT0,115,롤,title,0.85
u-nBqkubNTM,26128,로아,title,0.85
u-y8ptsMb74,26606,던파,title,0.85
u1fV8gX3H6A,1020,gta 5,title,0.85
u1z7bk4nilI,115,롤,title,0.85
u23TaR5CxcM,27789,배틀그라운드,title,0.85
u3GZMMMfH5M,115,롤,title,0.85
u3R_pU_ft0Q,125165,디아블로4,title,0.85
u3SnS6YQbgU,115,롤,title,0.85
u3fdm_oqaj4,115,롤,title,0.85
u3vJCvpCjRk,119277,원신,title,0.85
u4uaFpjhIz8,27789,배틀그라운드,title,0.85
Y73GcxnOJ14,9804,메이플,title,0.85
Y7MENI5ZuCc,115,롤,title,0.85
Y858z4s72Oo,26128,로스트아크,title,0.85
Y8Aex6BCH20,17269,로블록,title,0.85
Y8_k5xJHQVk,126459,발로,title,0.85
Y8mzom8SH4s,230,starcraft,title,0.85
Y8spruzc0mc,115,롤,title,0.85
Y98p8lYhgnI,93902,fc온라인,title,0.85
Y9Xhfs-gpXE,135400,마인크래프트,title,0.85
Y9gm-namF-0,115,롤,title,0.85
YA3-E2KQuxU,26128,로스트아크,title,0.85
YAWRjZn2pCg,115,롤,title,0.85
YAsYzar89Mc,17269,로블록,title,0.85
YAxNyrzhe-E,17269,로블록,title,0.85
YAzaH--EwXY,126459,발로,title,0.85
YBG31TKrhT0,115,롤,title,0.85
YBGS_7T_Mvk,119277,원신,title,0.85
YDMUdg-qA2k,27789,배그,title,0.85
YDYUwh8Qg38,26606,던파,title,0.85
YDuttgAgZTI,115,롤,title,0.85
YDvaRIyYgAM,126459,발로,title,0.85
YE2AXUfLyxM,115,롤,title,0.85
YFWGLopNbs0,136879,오공,title,0.85
YFsYW21JSl0,17269,로블록,title,0.85
YFuwM_LijOw,17269,로블록,title,0.85
YGM9mh72zjk,135400,마인크래프트,title,0.85
YHqXPqGsZBw,388008,리니지,title,0.85
YIHMRwk-Vdg,115,롤,title,0.85
YIS7P2Ijvdo,26128,로아,title,0.85
YIgzXSzuplY,119277,원신,title,0.85
YIy4O1_IxSg,1877,사이버펑크,title,0.85
YJGLz5xhlk4,1020,gta 5,title,0.85
YJvuwqgoJl8,17269,로블록,title,0.85
YKxknkdGHcA,135400,minecraft,title,0.85
YKzWz5PzOSA,119133,elden ring,title,0.85
YLOiq2wzTic,17269,로블록,title,0.85
YLSY72sxheY,119133,엘든링,title,0.85
YMEsgT6NKnc,115,롤,title,0.85
YMVnrwPmCNk,119277,원신,title,0.85
YMXfjzQln90,125165,diablo 4,title,0.85
YMdGP2XLaOg,8173,오버워치,title,0.85
YMjHmiyKbTI,1020,gta5,title,0.85
YN48F4cl1FA,126459,발로,title,0.85
YN9F_HsCHY8,17269,로블록,title,0.85
YNlIgKAHp2M,563,아이온,title,0.85
YO09qHkvJvQ,17269,로블록,title,0.85
YOd_DfFm238,126459,발로,title,0.85
YPbceUmhs_0,17269,로블록,title,0.85
YPmBIPXOfRA,17269,로블록,title,0.85
YPoK7MDdgag,119277,원신,title,0.85
SmB9uQo3jFE,135400,minecraft,title,0.85
Sn9golUvbK8,1020,gta5,title,0.85
SnUKEWsu9ec,126459,발로,title,0.85
SnW3XxAbYOA,26606,던파,title,0.85
SnqoW4MudGc,27789,배틀그라운드,title,0.85
SoGpBKPE2-4,115,롤,title,0.85
SoQQaEH96JE,126459,valorant,title,0.85
SoZuqo3hr_E,9804,메이플,title,0.85
SoknNbcBE24,27789,배그,title,0.85
SpHmt0I736w,26606,던파,title,0.85
SpJPEUDK7mo,1020,gta5,title,0.85
SpJad2OY3x0,126459,발로,title,0.85
SpYnI6fsmgQ,93902,fc온라인,title,0.85
SpqVKpDQ9cc,8173,오버워치,title,0.85
SqDW_RkaYcQ,126459,발로,title,0.85
SqYWtiD02zU,135400,마인크래프트,title,0.85
SqaCWXVcfXA,17269,로블록,title,0.85
SrPk72gFaro,126459,발로,title,0.85
SrXCOsUTOq0,115,롤,title,0.85
SsGUVHw-Zcg,119277,원신,title,0.85
SsIPNl3pDGQ,126459,발로,title,0.85
SuD8RoA6oqU,1020,gta5,title,0.85
Sv2ddd3_RIA,115,롤,title,0.85
SwgH_br9dss,1020,gta 5,title,0.85
Sx9e9HVC8hY,27789,배그,title,0.85
SxVNm5k0854,8173,오버워치,title,0.85
SxWmic1lRl4,8173,오버워치,title,0.85
Sy1RwUaescc,26606,던파,title,0.85
SyAw9kIUkCM,125165,diablo iv,title,0.85
SyYL4np6baE,230,스타크,title,0.85
SyiDnMrRkm4,126459,valorant,title,0.85
SzOG6rcYfeY,151665,팰월,title,0.85
SzRdNpu1Gqc,1020,gta 5,title,0.85
T-kV7BDRzWw,26606,던파,title,0.85
T040O4WDJ9M,17269,로블록,title,0.85
T08TwX5zMnA,115,롤,title,0.85
T08YFonlEOo,9804,메이플,title,0.85
T11cdA5aP8A,119133,엘든링,title,0.85
T1AWofRFjPw,135400,minecraft,title,0.85
T1PmGt568gc,26606,던파,title,0.85
T1h4S8nbwQQ,8173,오버워치,title,0.85
T1h4S8nbwQQ,331286,오버워치2,title,0.85
T1hwDVI-BBc,1877,cyberpunk,title,0.85
T1lOqWR1svY,115,롤,title,0.85
T2-gVPRA4_M,115,롤,title,0.85
T2kVVvmQbzs,115,롤,title,0.85
T2wk_jzIcrM,26606,던파,title,0.85
-F8ECMoO5Oc,115,롤,title,0.85
-Fa0tQx9b5Y,563,아이온,title,0.85
-G68SGwzc30,9804,메이플,title,0.85
-G7pPgS4NN4,119388,왕눈,title,0.85
-G88QRxf230,8173,옵치,title,0.85
-GX08Q9X5pQ,119277,원신,title,0.85
-GfQ0uorLUI,8173,오버워치,title,0.85
-H42QxqHFvg,27789,배틀그라운드,title,0.85
-HqJZ5i6T2E,26606,던파,title,0.85
-Hson8Ym7Dc,26606,던파,title,0.85
-IpErmLKxNc,27789,배틀그라운드,title,0.85
-JQ8-XruJss,115,롤,title,0.85
-JQLuAFndSs,8173,오버워치,title,0.85
-Jkkoyfi-tc,115,롤,title,0.85
-K-d5mQmdg4,115,롤,title,0.85
-K-rdz91GF4,126459,valorant,title,0.85
-K5NIxvGfPE,178282,스타레일,title,0.85
-Kvbxbt_wvs,27789,배틀그라운드,title,0.85
-LDy0IiKNFQ,9804,메이플,title,0.85
-Mpc-uBdGjs,388008,리니지,title,0.85
-N2AV4T65Ag,9804,메이플,title,0.85
-N71Yaup01M,26128,로스트아크,title,0.85
-OBb9qqB3Mw,9804,메이플,title,0.85
-OMiQsm0cNA,115,롤,title,0.85
-OtczbFMKr8,1020,gta 5,title,0.85
-OygqB4V7E8,17269,로블록,title,0.85
-P1y0Rfo1_0,27789,배틀그라운드,title,0.85
-Pd2izR_9iQ,119277,원신,title,0.85
-QALhop777Q,126459,valorant,title,0.85
-QeoGvy8408,27789,배그,title,0.85
-QtpC0pJ0_s,115,롤,title,0.85
-RTbIcGrmnM,117199,니케,title,0.85
-TD3KbOcamw,115,롤,title,0.85
-TnFf89n9gk,115,롤,title,0.85
-U1zzsEg2bg,115,롤,title,0.85
-UKpq4WuUTo,8173,오버워치,title,0.85
-ULRrof7jW4,93902,fc온라인,title,0.85
-Ula_tKUEps,26606,던파,title,0.85
-UnHvrQY_b0,126459,valorant,title,0.85
-Uzr2YULg-w,135400,마인크래프트,title,0.85
HIS6uZo_9SQ,115,롤,title,0.85
HJLUVzd3I0Q,17269,로블록,title,0.85
HK-ufKfklRM,1020,gta5,title,0.85
HKT4oOGSU0Q,17269,로블록,title,0.85
HKoZ0jN0Qqk,17269,로블록,title,0.85
HKwMXQw5o3Y,135400,마인크래프트,title,0.85
HM76ePeiMHc,1020,gta 5,title,0.85
HMEx9892xWg,230,스타크,title,0.85
HMgks3j7D7M,1020,gta 5,title,0.85
HMrri3xhLCo,17269,로블록,title,0.85
HN0FBaUeSPQ,26606,던파,title,0.85
HN4NLeim6So,27789,배틀그라운드,title,0.85
HNj7wfPxLjs,119133,elden ring,title,0.85
HNnKqmxpiF0,1020,gta 5,title,0.85
HNxt_KblMdA,119277,원신,title,0.85
HOIZb8dHUWo,119277,원신,title,0.85
HOWW1gxvIEU,1020,gta 5,title,0.85
HQQajJiivoo,126459,발로,title,0.85
HQ_OIgZQ8jA,17269,로블록,title,0.85
HQgMzsa4hBQ,119133,elden ring,title,0.85
HS0nb3cuhy8,26606,던파,title,0.85
HS6RifoYMZc,27789,배그,title,0.85
HSIVDi4an0g,126459,발로,title,0.85
HSYfLENBWhc,26128,로스트아크,title,0.85
HSx8633M7JY,135400,마인크래프트,title,0.85
HTconoH-3mQ,26606,던파,title,0.85
HUDmsJO9NkE,26128,로스트아크,title,0.85
HUHYNwGhB_A,1020,gta5,title,0.85
HUVeCcCg3Bo,178282,스타레일,title,0.85
HUao2xajMYc,27789,pubg,title,0.85
HUbd4j3Jo4M,135400,마인크래프트,title,0.85
HUe4L-BSvWY,126459,발로,title,0.85
HUqGcxnnVrA,27789,배그,title,0.85
HUr7G9IRKcM,135400,마인크래프트,title,0.85
HVXtArF9fTs,93902,fc온라인,title,0.85
HVrE5oo7PWY,27789,배그,title,0.85
HW4Vc0Ky86k,9804,메이플,title,0.85
HWMMpKmq5To,27789,배그,title,0.85
HWuSOVFdHLY,115,롤,title,0.85
HXBwRb4aIgQ,17269,로블록,title,0.85
HXSQMN80vv0,388008,리니지,title,0.85
HXXqr_L2zY4,126459,발로,title,0.85
HXkks8Y877c,115,롤,title,0.85
HYIX3cuEXHM,115,롤,title,0.85
HYLjuoKayKM,126459,valorant,title,0.85
HYTDdLh8CWM,1020,gta 5,title,0.85
HYjgbzcXRL0,151665,팰월,title,0.85
LK2GYXLDpQo,230,스타1,title,0.85
LK7aBr3LS48,1020,gta 5,title,0.85
LKL9mLBslvI,119133,elden ring,title,0.85
LKRHR8I8Znc,115,롤,title,0.85
LKcm53RwXhs,26606,던파,title,0.85
LKndBO_sRJw,17269,로블록,title,0.85
LKt-F_EhHJI,126459,발로,title,0.85
LKwbLNzxFzs,126459,valorant,title,0.85
LLFIH_qOCqQ,9804,메이플,title,0.85
LLsAAJcssmE,115,롤,title,0.85
LLw_0P0-vro,126459,발로,title,0.85
LMPRwtsFd_o,115,롤,title,0.85
LMSj_K3vAjY,119277,원신,title,0.85
LMgwXrpQCQY,26606,던파,title,0.85
LNN8Lfsuvd0,115,롤,title,0.85
LNNLB95ZMZ8,1020,gta 5,title,0.85
LNPVPU-Hdks,26128,로아,title,0.85
LNoKz1Ig178,1020,gta5,title,0.85
LNplAPpNEI0,17269,로블록,title,0.85
LOJz-r453Z0,115,롤,title,0.85
LOaz-fFHDOk,8173,오버워치,title,0.85
LPBlK1MvCRE,115,롤,title,0.85
LPUE1VhZuok,17269,로블록,title,0.85
LPkZXkTxCHo,17269,로블록,title,0.85
LPpFsJXdT1Y,115,롤,title,0.85
LQ6Adl5DXtA,135400,minecraft,title,0.85
LQZUkyutjx8,8173,오버워치,title,0.85
LRaX7T40RL0,115,롤,title,0.85
LRkn_OPWbCs,563,아이온,title,0.85
LS3VW34tpWs,1020,gta 5,title,0.85
LSLs5PXOxZs,17269,로블록,title,0.85
LSN8GpVBI-k,26606,던파,title,0.85
LSUwINATzv4,17269,로블록,title,0.85
LSVr2yjOT8A,126459,발로,title,0.85
LSkmQtGS2ts,9804,메이플,title,0.85
LTAxhYa_vHo,115,롤,title,0.85
LTK5hcr2c2k,178282,스타레일,title,0.85
LTKWDw7IRjI,21492,마비노기,title,0.85
LTMjXFQ8BJE,8173,오버워치,title,0.85
LTzeM4xeXWY,1020,gta 5,title,0.85
LUPspMKm7JE,115,롤,title,0.85
LUe5koqxeSA,135400,minecraft,title,0.85
LVopGS5p9t0,27789,배그,title,0.85
LW56lxXYwWg,9804,메이플,title,0.85
LW7eFYyHePc,115,롤,title,0.85
LWZtcsGI59c,115,롤,title,0.85
LX49M9t9VR8,1020,gta5,title,0.85
LXRJsrJFj5c,27789,배그,title,0.85
LZxKLecukaY,1020,gta 5,title,0.85
L_Cb7kDqNnM,126459,발로,title,0.85
L_mS6D1wbtw,117199,니케,title,0.85
La1IlG5J0qE,126459,발로,title,0.85
LamCNB86Rdc,119277,원신,title,0.85
Lb3FhQ2KZyw,27789,배그,title,0.85
LbxE_FUuNMg,8173,오버워치,title,0.85
Lc0ghHXaMUI,21492,마비노기,title,0.85
Lcs-ZH9M-Mo,1020,gta 5,title,0.85
oRKwIhdNICE,230,starcraft,title,0.85
oRfJ_esPaU8,125165,diablo 4,title,0.85
oRhnaYLXjyo,115,롤,title,0.85
oRqspvGtG0M,126459,valorant,title,0.85
oSmUYFhMSBc,152271,시티즌 슬리퍼,title,0.85
oTQx3X9ExU4,1020,gta5,title,0.85
oTy61QPkacY,119277,원신,title,0.85
oUob71oVV6c,1020,gta5,title,0.85
oUyk0cHfnbI,119133,elden ring,title,0.85
oV0j5KdfddM,125165,diablo 4,title,0.85
oVFNZgnkUZA,1020,gta 5,title,0.85
oWDA4MEEEdY,135400,minecraft,title,0.85
oWg69wKINEo,17269,로블록,title,0.85
oWrTMhDqFl4,9804,메이플,title,0.85
oWvDIo9D1HA,26606,던파,title,0.85
oXJE_D4Y7bw,115,리그 오브 레전드,title,0.85
oXPx32JyzDM,1020,gta 5,title,0.85
oXbZnrPwZKI,26606,던파,title,0.85
oXuD2dvfH58,1020,gta5,title,0.85
oYNYpG4TdvU,178282,스타레일,title,0.85
oYWhcnuDLZ8,17269,로블록,title,0.85
oYqblwBwtUQ,27789,배그,title,0.85
oYrglgN-2Qc,119277,원신,title,0.85
oZw9fXnTMzg,26128,로스트아크,title,0.85
o_ZotXq6mUk,126459,발로,title,0.85
o_bMfXU4Lo4,1020,gta 5,title,0.85
oaKCJSio_g0,1942,위쳐,title,0.85
oajX3xws8QA,126459,발로,title,0.85
ob4cWx50-LI,27789,배그,title,0.85
ob51fC2P88o,26606,던파,title,0.85
obKZewl8YLg,27789,배그,title,0.85
obNX2xuwI1c,1020,gta 5,title,0.85
obbkagQNxyE,115,롤,title,0.85
obeKxrG5ZFM,1020,gta5,title,0.85
ocK8jS1ZFFU,1020,gta5,title,0.85
ocRiUhmsFYU,8173,오버워치,title,0.85
ocjBwkwv0Po,135400,minecraft,title,0.85
ocjKmr5V-7U,119277,원신,title,0.85
odmVXi3xRfs,93902,fc온라인,title,0.85
odwMS7mMwug,115,롤,title,0.85
oe2W1TXlNsM,8173,오버워치,title,0.85
oeQm-7fmemA,17269,로블록,title,0.85
oe_vl3DHLr4,126459,발로,title,0.85
oen8aqtlZmI,26606,던전앤파이터,title,0.85
of8ySCMRVh4,126459,발로,title,0.85
ofnOnjYmkhw,66463,서든어택,title,0.85
ogCQn9ZEllA,17269,로블록,title,0.85
ogYALYMPJNs,8173,오버워치,title,0.85
ogjU6xoNIsY,27789,배틀그라운드,title,0.85
zcIGa84BVok,119133,엘든링,title,0.85
zcpqiYpglDM,178282,스타레일,title,0.85
zdGQlGynIWo,17269,로블록,title,0.85
zdbMyeYSlhk,26606,던파,title,0.85
zeFvbBFWwoE,115,롤,title,0.85
zfIeWUOkryQ,115,롤,title,0.85
zfch89nR5Vc,27789,배틀그라운드,title,0.85
zfdB8QXE-Pg,17269,로블록,title,0.85
zfmfBMXsmGA,115,롤,title,0.85
zfq1jaYetT8,119277,원신,title,0.85
zfvfiH6Q2DE,178282,스타레일,title,0.85
zg8O5g1iHWw,119277,원신,title,0.85
zgEVnu8EErs,27789,배틀그라운드,title,0.85
zgKiB2j_Nl4,8173,오버워치,title,0.85
zhUnHfQvYVc,126459,발로,title,0.85
zhnBSTqJzXk,119277,원신,title,0.85
zi7ZSFqNm2M,126459,발로,title,0.85
ziPwlz8mILI,135400,마인크래프트,title,0.85
ziwZIF6XVpg,115,롤,title,0.85
zjIdSZ1tMlc,388008,리니지,title,0.85
zjo79feZnjs,8173,오버워치,title,0.85
zkJcgq1uSWQ,126459,발로,title,0.85
zkb4d_hwuoU,17269,로블록,title,0.85
zkd-909CSMY,27789,배틀그라운드,title,0.85
zkgXd6BkTtI,27789,배그,title,0.85
zkzd1ybA8yM,115,롤,title,0.85
zl0TD3bKDoI,115,롤,title,0.85
zl5OvcJa5DU,1020,gta5,title,0.85
zmEnE8x_0Ys,126459,발로,title,0.85
zml4OPLLGUU,230,스타크,title,0.85
znU0YMfVLSg,93902,fc온라인,title,0.85
znZpAMl55Zo,93902,fc온라인,title,0.85
znmGhydq6kU,126459,valorant,title,0.85
zoIW6abatHo,17269,로블록,title,0.85
zoPb90BbkyU,27789,배틀그라운드,title,0.85
zoipTLzVTHA,178282,스타레일,title,0.85
zomjMINTnls,27789,배틀그라운드,title,0.85
zqdOjbGDPSw,93902,fc온라인,title,0.85
zqfN4CVhAtg,126459,valorant,title,0.85
zqiZBx5pouo,126459,발로,title,0.85
zs0Nm0kJqew,135400,minecraft,title,0.85
zs76jtLvBCU,27789,배틀그라운드,title,0.85
zswZOaaNNmw,26606,던파,title,0.85
ztYjhAUmiOo,135400,마인크래프트,title,0.85
ztjskkE-R_c,17269,로블록,title,0.85
zu03W73gpuM,26606,던파,title,0.85
zu0yIaC0OZk,9804,메이플,title,0.85
zuIhaJvrrcc,230,starcraft,title,0.85
zvMyEuTnHuk,126459,발로,title,0.85
zvaFrO0SKJ4,26128,로아,title,0.85
zw4sibAQEds,119277,원신,title,0.85
zw8QZVPmNhg,26128,로스트아크,title,0.85
zwPZRdpsEiY,119133,elden ring,title,0.85
zwif-N0bckY,8173,오버워치,title,0.85
zxOk2Y_drtA,126459,valorant,title,0.85
zxeaHQ6UAZI,135400,마인크래프트,title,0.85
zypr7mWa3L0,9804,메이플,title,0.85
zysPph08zoQ,17269,로블록,title,0.85
zz3tsy8yj1g,151665,팰월,title,0.85
zzScfzjVy9w,8173,오버워치,title,0.85
Qc-CHkmoOhE,26606,던파,title,0.85
QdIT7q-4rOk,1020,gta5,title,0.85
Qdp7i06ACn8,26606,던파,title,0.85
Qdv-fipu75M,27789,배그,title,0.85
QeapVSIhDFA,26128,로스트아크,title,0.85
Qeb4ihszrsQ,114795,에이펙스,title,0.85
QebumYbstTo,115,롤,title,0.85
Qf12g8ANHB0,17269,로블록,title,0.85
Qf8UBsI1hiU,126459,발로,title,0.85
QfC1hASv5KI,563,아이온,title,0.85
Qg5zwW6sKBc,126459,발로,title,0.85
QgODqCrvxgw,126459,valorant,title,0.85
QgQIUJDEgLI,9804,메이플,title,0.85
QgpP6cDPEHY,26606,던파,title,0.85
QhH3NkKgWbs,8173,overwatch,title,0.85
QhVzqGKuci0,115,롤,title,0.85
Qhdz0Cwp3WY,178282,스타레일,title,0.85
QhoBC4O9FGQ,26606,던파,title,0.85
Qi8yDqW3XQY,115,롤,title,0.85
QiSnjOcX2Kk,135400,마인크래프트,title,0.85
Qia1nq-sV6w,17269,로블록,title,0.85
Qj7m_lm1Mdg,8173,오버워치,title,0.85
Qj7m_lm1Mdg,331286,오버워치2,title,0.85
QjCmDDU1rTI,126459,valorant,title,0.85
Qk7uSD4mlz0,115,롤,title,0.85
QkkOP5atcx0,115,롤,title,0.85
Qksv-fIgEuw,119133,elden ring,title,0.85
Qkwhd_Kgoc0,178282,스타레일,title,0.85
QkzvO76eXcc,126459,valorant,title,0.85
QlX31hJNV3k,230,스타크,title,0.85
QlkagmQIxQ8,27789,배그,title,0.85
Qn8Ulow8-Jg,115,롤,title,0.85
Qo7KUz1R6qU,1020,gta5,title,0.85
QoGJEvJTgXo,135400,마인크래프트,title,0.85
QpSMaKJNIkU,93902,fc온라인,title,0.85
QpwkJt9cd9g,119277,원신,title,0.85
QqMO5kLM1-0,93902,fc온라인,title,0.85
QqkjBu59yVY,115,롤,title,0.85
QrKJWQO8MWw,126459,발로,title,0.85
QrQZd0s8KaQ,27789,배그,title,0.85
QrR_Ma3hC2A,9804,메이플,title,0.85
OQ_6JVf6N5c,1020,gta5,title,0.85
OQlUnxS-GVo,1020,gta 5,title,0.85
ORAjps3bSMA,1020,gta 5,title,0.85
ORPkTXVPceo,27789,배그,title,0.85
ORR3v4WYW7Q,115,롤,title,0.85
ORXsR7zsRRI,1020,gta 5,title,0.85
ORm7BWH7m4c,9804,메이플,title,0.85
OSGq118a6hg,119133,엘든링,title,0.85
OSywAq-dttU,126459,발로,title,0.85
OT0CHKjILNs,230,스타크,title,0.85
OTEFYI9jYJA,8173,오버워치,title,0.85
OTtPd7xg8LA,17269,로블록,title,0.85
OTvfS5TVi8o,26128,로스트아크,title,0.85
OUubrzdWC3o,119133,elden ring,title,0.85
OVAwjSXxqxc,27789,배그,title,0.85
OVS_CUe8fhI,119133,elden ring,title,0.85
OW6UBJWH-Es,17269,로블록,title,0.85
OWUkCVTIFvw,9804,메이플,title,0.85
OWX8F685E_Q,388008,리니지,title,0.85
OWq-NnImOwg,126459,valorant,title,0.85
OX0E3_qt3Kg,126459,valorant,title,0.85
OX44dA23Rqk,8173,오버워치,title,0.85
OX9tnr4cB74,388008,리니지,title,0.85
OYC-AmG9AGk,26606,던파,title,0.85
OYj1NayKiqM,119133,elden ring,title,0.85
OZPrIkZNPwo,119133,elden ring,title,0.85
OZejHJfwcKw,126459,발로,title,0.85
OZraZsB8Tp8,126459,발로,title,0.85
O_SkYWzcmLc,125165,diablo iv,title,0.85
O_Z-r9XFy8w,27789,배그,title,0.85
OaN_b0GZDeo,115,롤,title,0.85
Ob9wQE-w_kQ,93902,fc온라인,title,0.85
ObZW8mkeydM,135400,마인크래프트,title,0.85
Ob_75Xr_Z_s,93902,fc온라인,title,0.85
Obg0gl-kDSQ,9804,메이플,title,0.85
ObwvFQMyKho,115,롤,title,0.85
OcSJHL6WH_0,1020,gta 5,title,0.85
OcXsng1OsXM,135400,마인크래프트,title,0.85
OcoWI1gZAIM,21492,마비노기,title,0.85
OcwCZsMmUQk,135400,마인크래프트,title,0.85
Od3kDUJGskA,135400,마인크래프트,title,0.85
Ods9HdZwI48,126459,발로,title,0.85
Oe1b7MnqxIU,126459,발로,title,0.85
Oe9MJ1VuvuQ,115,롤,title,0.85
OeFG_CnmiRA,26606,던전앤파이터,title,0.85
OeUOdk1dqK0,1020,gta 5,title,0.85
OeVkfNd9vdw,126459,발로,title,0.85
OeW8jC0jvOQ,27789,배그,title,0.85
OfQxLCcqaOQ,125165,diablo 4,title,0.85
OfXidpjc4RE,126459,valorant,title,0.85
OfddU3lpCxY,388008,리니지,title,0.85
gZ_NnEtxNWc,93902,fc온라인,title,0.85
gZtGf6YwmRQ,1020,gta5,title,0.85
g_0_MmI8LPQ,1020,gta5,title,0.85
g_FDMvdJaKk,1020,gta 5,title,0.85
g_dEB4qhGcU,115,롤,title,0.85
gaZ-Tno0zOE,230,starcraft,title,0.85
gapl6GmWsZU,1020,gta5,title,0.85
gaqbPP3zgmg,9804,메이플,title,0.85
gar7BtK8Dgg,126459,발로,title,0.85
gb2DeEZFUs4,126459,발로,title,0.85
gb4rykjzXKs,26128,로스트아크,title,0.85
gbARdwCN5Cc,26606,던파,title,0.85
gbVD_2Z6oCU,563,아이온,title,0.85
gbW7sLKPvAo,230,starcraft,title,0.85
gbfoFjvb4ss,119277,원신,title,0.85
gc2Q3vezQWY,8173,오버워치,title,0.85
gcAgS5TuQus,135400,마인크래프트,title,0.85
gcMINu22328,93902,fc온라인,title,0.85
gcQUrfXz_k8,17269,로블록,title,0.85
gcdcltSwors,1020,gta 5,title,0.85
gcj_C9t_wUw,136879,wukong,title,0.85
gcj_C9t_wUw,119133,엘든링,title,0.85
gdMJ7qqs83I,230,스타크,title,0.85
gdbvj8cJSnE,230,스타크,title,0.85
geeCrwGfhVs,17269,로블록,title,0.85
gf5a4Y-PGKc,115,롤,title,0.85
gfF_TdlFXUs,126459,발로,title,0.85
ggLgCmlbWIk,230,스타크,title,0.85
ghOV2LUp9U0,135400,마인크래프트,title,0.85
ghWkdr9ushY,230,starcraft,title,0.85
gi9zdta58so,26606,던파,title,0.85
giFbI-a1ldg,126459,valorant,title,0.85
giXG5ibMoO4,135400,마인크래프트,title,0.85
gid710Xorok,21492,마비노기,title,0.85
giy2Lpb0KMk,26606,던전앤파이터,title,0.85
giyEtnni82g,17000,스타듀,title,0.85
gj06dSasliQ,388008,리니지,title,0.85
gjOpJRdTmjA,17269,로블록,title,0.85
gjgT4ogWlcQ,26606,던파,title,0.85
gk6Itow2CaA,178282,스타레일,title,0.85
glAvIebmgtU,7346,야숨,title,0.85
gl_rU42b084,27789,배그,title,0.85
gmDxsZOrgiY,563,아이온,title,0.85
gmtRWRa5zo4,17269,로블록,title,0.85
gn4fPnyt9lk,178282,스타레일,title,0.85
gnQF1nRMOZo,93902,fc온라인,title,0.85
gnl235XU9ao,135400,마인크래프트,title,0.85
gnrATHqroPg,8173,오버워치,title,0.85
VXylL1EailA,27789,배그,title,0.85
VYfprIFBDIY,27789,배그,title,0.85
VZa7Uzrv8jw,26128,로스트아크,title,0.85
VZpNlA1EsMc,115,롤,title,0.85
V_821fJh6FI,9804,메이플,title,0.85
Va1lsiY4IwM,151665,palworld,title,0.85
Va7dbCjzuzk,1020,gta 5,title,0.85
VatfOVxg4qs,1020,gta5,title,0.85
VazrDVAZsu4,8173,오버워치,title,0.85
VczY4gYAsRY,125165,디아블로4,title,0.85
Vd6-9PIwuiU,119277,원신,title,0.85
Ve78WfsPcZg,9804,메이플,title,0.85
VeIjwQTRVYY,17269,로블록,title,0.85
VeTctINFJAo,17269,로블록,title,0.85
VeTljwtyFYY,115,롤,title,0.85
VenHiigitcY,18866,데바데,title,0.85
VfN9pKPUYJM,26606,던파,title,0.85
VfdhRluorw0,18866,dead by daylight,title,0.85
VgChtX8qbhE,135400,마인크래프트,title,0.85
VgywWBGA9qY,17269,로블록,title,0.85
Vh94-1RrOMk,93902,fc온라인,title,0.85
VheFHQ_Z65c,9804,메이플,title,0.85
Vho2nyhJSZE,119388,왕눈,title,0.85
VhqoWCR4rW4,1020,gta5,title,0.85
Vif1UU-JBjg,119133,elden ring,title,0.85
VkNzvzz-CHY,27789,배그,title,0.85
VkOH-mYkowQ,151665,팰월,title,0.85
VkaL50mtQvI,26128,로스트아크,title,0.85
Vkr-Hhf07X0,178282,스타레일,title,0.85
Vl-DFm4Qees,1020,gta5,title,0.85
VlCYnph-wx0,27789,배그,title,0.85
VllfmWUE50Y,1020,gta 5,title,0.85
Vmr4zXgJbmI,9804,메이플,title,0.85
VmzJZX-gDZc,115,롤,title,0.85
VnaWalx1_VA,1020,gta 5,title,0.85
VoAJJmgic9c,26606,던파,title,0.85
VoAzpeNk_sY,126459,발로,title,0.85
VoYicXVw1BM,17269,로블록,title,0.85
Vohaul1NPUU,126459,발로,title,0.85
VppHSQMz2zQ,17269,로블록,title,0.85
Vpx8JH_Logk,126459,valorant,title,0.85
ag1GHYxawiQ,125165,diablo 4,title,0.85
agFB_j6RkSA,119133,엘든링,title,0.85
agH_bjZ4jNU,1020,gta 5,title,0.85
agPyN-ttmQ0,115,롤,title,0.85
agern_7yiu4,1020,gta 5,title,0.85
ahYwC5R-6MQ,119277,원신,title,0.85
ai7GAKUGrP4,125165,디아블로4,title,0.85
aiaWlhQoejM,17269,로블록,title,0.85
ailH2-LwVpE,135400,마인크래프트,title,0.85
aj8p-DkAEok,126459,발로,title,0.85
ajRijJXlBXs,27789,배틀그라운드,title,0.85
ajkLk7Acg7g,17269,로블록,title,0.85
akB5Qb1QXTM,115,롤,title,0.85
aka69nY850k,9804,메이플,title,0.85
akgoB21G9FI,27789,배틀그라운드,title,0.85
akk-vUXMsY0,114795,에이펙스,title,0.85
akvJ67tL5-w,17269,로블록,title,0.85
anFJThlj2-E,115,롤,title,0.85
anS1mhy1KwQ,26606,던파,title,0.85
anWkmifhtvk,115,롤,title,0.85
anhma9uXFCo,126459,valorant,title,0.85
ap7v_5my06o,8173,오버워치,title,0.85
apl1lp7ZKxA,27789,배그,title,0.85
apl1lp7ZKxA,126459,발로,title,0.85
aq1ac1v8fvg,26606,던파,title,0.85
aqHss-Pqh94,117199,니케,title,0.85
aqbQYQRqvuU,9804,메이플,title,0.85
arTQvX2Zp0s,126459,발로,title,0.85
arhj8xHHnHQ,26128,로아,title,0.85
as51U2CU8ww,178282,스타레일,title,0.85
as6k6OpPvAY,115,league of legends,title,0.85
asZh-bieR30,26128,로스트아크,title,0.85
at4ER9mu1_c,26606,던파,title,0.85
atFvx-_l1dc,1911,패스오브엑자일,title,0.85
atiY6wkkVYE,1020,gta 5,title,0.85
au-9UPFtODk,27789,배그,title,0.85
au7IGeczBdk,388008,리니지,title,0.85
auVf63JC6GM,117199,니케,title,0.85
avRcFk8MOio,230,starcraft,title,0.85
awOH85zsIzM,126459,valorant,title,0.85
awYmCZu6skk,1020,gta5,title,0.85
awhvy6QeK_0,9804,메이플,title,0.85
ax3JIuTEo_0,1020,gta 5,title,0.85
ax4TTjmhS6o,115,롤,title,0.85
axLgoXzWGq4,1020,gta5,title,0.85
axw8j_GMgdw,1020,gta5,title,0.85
axyEn0Q4iz4,115,롤,title,0.85
axzkPSRQd_Y,115,롤,title,0.85
Rj-c9Uau3Zc,1020,gta5,title,0.85
Rj0aZK_rzsQ,1020,gta 5,title,0.85
Rj2VWzXk1aU,27789,배그,title,0.85
RjFqajXMAlk,119277,원신,title,0.85
RjPw1R_qpvE,115,롤,title,0.85
RjgGwXr6Euw,9804,메이플,title,0.85
Rjl6R5gXE_k,1020,gta5,title,0.85
RjrOSh4fng0,27789,배그,title,0.85
Rl7z7i5--8E,17269,roblox,title,0.85
RlpEEMTQW9s,27789,배틀그라운드,title,0.85
RlqA5NT-pH4,115,롤,title,0.85
Roa35oAsIFk,125165,diablo 4,title,0.85
RocD9QTi_XU,115,롤,title,0.85
RpVkUd9sd2U,115,롤,title,0.85
RpVwYWycjz4,9804,메이플,title,0.85
RqNoyi5J7-Q,125165,diablo 4,title,0.85
Rr0J8drPo4U,135400,마인크래프트,title,0.85
Rr3Qqn9oYCQ,27789,배틀그라운드,title,0.85
RrNZGyDbk1Q,563,아이온,title,0.85
RrUM2aMSzSk,135400,마인크래프트,title,0.85
RsDWnnLK5no,115,롤,title,0.85
RsNDiSuF4ZE,26128,로스트아크,title,0.85
RtI-dpD3y14,126459,발로,title,0.85
RuBNbqPSJjw,230,starcraft,title,0.85
RuOZnSAXCWQ,17269,로블록,title,0.85
RuhO9r4DE14,115,롤,title,0.85
Rv-LBhySOkU,115,롤,title,0.85
Rw-tDWvTQE8,8173,오버워치,title,0.85
RwGWt7OSDNQ,18866,데바데,title,0.85
RwKsx2P1T1o,26606,던파,title,0.85
RwPDtd48gTw,26606,던파,title,0.85
Rwkijlq5N90,115,리그 오브 레전드,title,0.85
RwyA69uVmT4,115,롤,title,0.85
Rx1XgyTOA4w,115,롤,title,0.85
Rx1XgyTOA4w,230,starcraft,title,0.85
Rx3a5Jois2M,115,롤,title,0.85
RxCUB2ugiuU,115,롤,title,0.85
RxLCvW069O0,8173,오버워치,title,0.85
RxTyedGYdR4,563,아이온,title,0.85
RxmR0LCt_fE,1020,gta5,title,0.85
RyhifuyYJMs,27789,배틀그라운드,title,0.85
RzFN_436Awg,1020,gta5,title,0.85
RzUJ0Mdq25M,8173,오버워치,title,0.85
RzY880wEr50,17269,로블록,title,0.85
RznczcstFhs,1020,gta 5,title,0.85
_SVBVOJNPoI,115,롤,title,0.85
_SbeG5TqnQ0,119133,elden ring,title,0.85
_SsOTrut_Lw,27789,배그,title,0.85
_Ugaj6uLqb8,6292,검은사막,title,0.85
_V5-eRN0Gf8,18866,데바데,title,0.85
_VGm_2Hh5Rc,9804,메이플,title,0.85
_W0eEcWgXJk,26606,던파,title,0.85
_WBxkRR6yNw,17269,로블록,title,0.85
_WD8v7APn8U,9804,메이플,title,0.85
_X6Gmdy2aIw,1020,gta 5,title,0.85
_Y3FKcfQ09k,9804,메이플,title,0.85
_YEJJ002KPM,26606,던파,title,0.85
_YQ_6JhQWBU,8173,오버워치,title,0.85
_ZD7itZCToA,17269,로블록,title,0.85
_ZXPE8F0_DA,115,롤,title,0.85
_ZgHueF-fsI,26128,로스트아크,title,0.85
__WN4h99o_I,388008,리니지,title,0.85
__Y9gLs5kGI,1020,gta 5,title,0.85
__edo5IZiHo,27789,배틀그라운드,title,0.85
__mNUXWzagE,93902,fc온라인,title,0.85
__nKI8EtLC8,115,롤,title,0.85
__s31uHZE7k,115,롤,title,0.85
_aaWWWL_ucU,126459,valorant,title,0.85
_alE0InnVgI,26606,던파,title,0.85
_asSfgIIJRQ,9804,메이플,title,0.85
_bWwFTqG5nE,125165,디아블로4,title,0.85
_b_rzgzbslA,115,롤,title,0.85
_cE9n9zZMzA,119277,원신,title,0.85
_d3Yl456Gkk,26606,던파,title,0.85
_dfU_uyKF90,1020,gta5,title,0.85
_e2U5nz2wUQ,115,롤,title,0.85
_eMNUoAvpxI,8173,오버워치,title,0.85
_f0Zg1_FSBI,9804,메이플,title,0.85
_fBK69e0HOk,119133,elden ring,title,0.85
_g9he_UlLYs,9804,메이플,title,0.85
_geUGVabTTw,26128,로아,title,0.85
_ggrVfwPaEg,17269,로블록,title,0.85
_hX5sdPDI7E,135400,마인크래프트,title,0.85
_hZ2ol2Ieis,17269,로블록,title,0.85
_i-afbKn3YA,8173,오버워치,title,0.85
_i6i2XqI-iU,115,롤,title,0.85
_jYySegSilg,126459,발로,title,0.85
_jqVUnqIiEs,1020,gta 5,title,0.85
_k3T-OShX48,9804,메이플,title,0.85
_k3T-OShX48,26606,던파,title,0.85
_ksALr7oeDU,26128,로스트아크,title,0.85
_mR7tc75hBo,93902,fc온라인,title,0.85
_mhX7jWSJ44,26606,던전앤파이터,title,0.85
eo4qdG_q3vo,26606,던파,title,0.85
eoLGU_qh7q4,26606,던파,title,0.85
eoV_AZlZW7o,115,롤,title,0.85
ep_gqwB5nVI,1020,gta 5,title,0.85
eq-55hcOFsM,1020,gta5,title,0.85
eq28ZyztPfU,126459,valorant,title,0.85
eqIExvYzy6M,27789,배틀그라운드,title,0.85
eqTXUwPe4M4,9804,메이플,title,0.85
eqj6mpu6QXo,17269,로블록,title,0.85
erOWsnhKtGE,27789,pubg,title,0.85
ernpNQqlHBQ,8173,overwatch,title,0.85
ernpNQqlHBQ,125165,diablo iv,title,0.85
esCr0dWe5g4,1020,gta 5,title,0.85
esNApdBv4wM,7346,야숨,title,0.85
etFliLu5HRo,115,롤,title,0.85
etLY2VW6ZpY,119133,elden ring,title,0.85
etaX_mrBvMo,26606,던파,title,0.85
etiXzsCHkmY,8173,오버워치,title,0.85
etkRVXF1Pa4,1020,gta5,title,0.85
eu4gC8vFOB4,126459,valorant,title,0.85
euR1SDGGis8,26606,던파,title,0.85
euR1SDGGis8,26128,로아,title,0.85
euR1SDGGis8,115,롤,title,0.85
euR1SDGGis8,9804,메이플,title,0.85
euR1SDGGis8,8173,오버워치,title,0.85
euR1SDGGis8,331286,오버워치2,title,0.85
euyf_hnhglk,26128,로스트아크,title,0.85
ev0Pwu_bg30,26128,로아,title,0.85
ev5uMf3TtAI,9804,메이플,title,0.85
evNPhAUZcYY,9804,메이플,title,0.85
evenBd53yrM,26606,던파,title,0.85
eviNfsz64wg,26128,로아,title,0.85
exU6q4yyFFs,93902,fc온라인,title,0.85
eyOmeNLboow,115,롤,title,0.85
f-_lbVXH_H4,388008,리니지,title,0.85
f04zneA_dh4,178282,스타레일,title,0.85
f0Aidt_pc2M,126459,발로,title,0.85
f13XVayA0SM,27789,배그,title,0.85
f1E16L1do7A,93902,fc온라인,title,0.85
f1SF1UnPUvY,17269,로블록,title,0.85
NrIc_r-YeXs,126459,발로,title,0.85
NrIpyp7I8tU,135400,마인크래프트,title,0.85
NrxV1fU3sN4,126459,발로,title,0.85
Nrxj0LT3YGw,151665,팰월,title,0.85
Ns2CHsEpul4,1020,gta 5,title,0.85
Ns5F0Xg9lYE,9804,메이플,title,0.85
NsQGaCcitGQ,126459,발로,title,0.85
Nt1X8u5SAX8,27789,배그,title,0.85
Nt539P84448,17269,로블록,title,0.85
Nt7EdxeMYBQ,17269,로블록,title,0.85
Ntvu2AUwQQI,151665,팰월,title,0.85
Nu4DB7xpSG8,115,롤,title,0.85
Nu9k_NH5cMA,126459,발로,title,0.85
NuG6toVGTFY,9804,메이플,title,0.85
NuG6toVGTFY,27789,배그,title,0.85
NumNL8ZHgU0,230,starcraft,title,0.85
NvMXTDOWzXQ,1020,gta 5,title,0.85
NvNgCZ2NzUA,27789,배틀그라운드,title,0.85
NvlKmxZ9J1g,135400,마인크래프트,title,0.85
NvyRcJbtLZw,119277,원신,title,0.85
NwTbHf92WBA,27789,배틀그라운드,title,0.85
NwYfSmnFhmk,115,롤,title,0.85
NxOKuenjSJ8,117199,니케,title,0.85
Nxcke-gGDLo,125165,디아블로4,title,0.85
Ny-fJ_aQ8YY,26606,던파,title,0.85
NyXehZBrZoI,27789,배그,title,0.85
NydJz8ARp40,26128,로스트아크,title,0.85
NyodKAmvtt0,27789,배그,title,0.85
Nz60spHxn2g,388008,리니지,title,0.85
Nz_aMq9xers,115,롤,title,0.85
NznTlOCQpUU,115,롤,title,0.85
NzwEhu5caaQ,135400,minecraft,title,0.85
NzyFjmosM_I,26128,로아,title,0.85
O-OkzX5spOQ,1020,gta 5,title,0.85
O-a3u4r5Gd8,126459,발로,title,0.85
O0YFxUuqvkw,8173,오버워치,title,0.85
O0YuBucWThk,135400,minecraft,title,0.85
O0bTzI0DrO4,115,롤,title,0.85
O0k19NyYmKI,115,롤,title,0.85
O0l5ts8f6So,1020,gta5,title,0.85
O0ve8n3My_g,1020,gta5,title,0.85
O10PjBgWxHQ,126459,발로,title,0.85
O1jRkgslPBw,126459,발로,title,0.85
O1xmt-WUPUE,178282,스타레일,title,0.85
O4MSml11LJo,126459,발로,title,0.85
O4unnjqga7U,115,롤,title,0.85
O5MxiHSc_WY,115,롤,title,0.85
O69rZm23RGM,135400,마인크래프트,title,0.85
O6CW0ma7Z5M,1020,gta5,title,0.85
O6fdENN_TYY,9804,메이플,title,0.85
O6mJTyMxEPs,126459,valorant,title,0.85
itOOhhhzLmw,126459,발로,title,0.85
itrU19tGDj4,117199,니케,title,0.85
itwMng-LqWg,26128,로스트아크,title,0.85
ivDHAn2t8Qg,119277,원신,title,0.85
ivj4ox4zCCY,17269,로블록,title,0.85
ivuIDPYpJyc,27789,배틀그라운드,title,0.85
ivz22QtOT8c,27789,배틀그라운드,title,0.85
iw3IaI6F04k,135400,마인크래프트,title,0.85
iwmI6GpG__k,8173,오버워치,title,0.85
ixJ8Gq2KA64,27789,배틀그라운드,title,0.85
ixJ8Gq2KA64,230,스타크,title,0.85
ixqdlV-oZsQ,136879,검은 신화,title,0.85
ixxFK-M6mvo,135400,minecraft,title,0.85
iy-AwOvCnR4,1020,gta 5,title,0.85
iy7O4UxCdG0,230,starcraft,title,0.85
iybkUCLEZL8,115,롤,title,0.85
iznEynbRGFI,26128,로스트아크,title,0.85
izzwx-cAWZI,17269,로블록,title,0.85
j-VmeWwz0V8,26606,던파,title,0.85
j-aKRroqbf8,115,롤,title,0.85
j-rKuTfwl9E,115,롤,title,0.85
j0McQTRJy2U,27789,배틀그라운드,title,0.85
j0t_dMVDpps,115,롤,title,0.85
j1SuioOwIPA,126459,발로,title,0.85
j1_GQG-UF2k,9804,메이플,title,0.85
j1izkRNBr4U,8173,오버워치,title,0.85
j1rnW7zWVyI,126459,발로,title,0.85
j1xmoRunADo,9804,메이플,title,0.85
j31KH50Yhmk,126459,발로,title,0.85
j39KsdZyn5k,1020,gta 5,title,0.85
j3QWy5yrVJA,115,롤,title,0.85
j46fSVYnPSo,125165,디아블로4,title,0.85
j4KgRrFi34w,119133,엘든링,title,0.85
j4TluvFIbp8,27789,배틀그라운드,title,0.85
j4tC1U9boKk,119133,elden ring,title,0.85
j4tOk2aGlSM,26606,던파,title,0.85
j5VKM9lBQbs,8173,오버워치,title,0.85
j5W2FyiHS5Q,126459,valorant,title,0.85
j6Pq-rPh-FQ,1020,gta 5,title,0.85
j6TAv54u4fo,115,롤,title,0.85
j6aslfQUKBw,17269,roblox,title,0.85
j6neeotqhxA,230,starcraft,title,0.85
j6wBR8IZ0gE,26128,로아,title,0.85
j6yoES5d0bI,119277,원신,title,0.85
j7IXQv-TCRQ,126459,발로,title,0.85
j7hPxpKhUWA,17269,로블록,title,0.85
j7os2ycWvNQ,26128,lost ark,title,0.85
j8dfRo4oGmo,115,롤,title,0.85
j8jmGBVUcWg,119277,원신,title,0.85
j8uERV2e9xo,126459,발로,title,0.85
Lz32nZ1ASos,26606,던파,title,0.85
LzEsMsU6R8s,1020,gta5,title,0.85
LzKlsJx7_u8,126459,발로,title,0.85
LzNKLIqt52g,388008,리니지,title,0.85
M-C4ho3eAfk,9804,메이플,title,0.85
M-R6q9NJNMM,186725,뱀서,title,0.85
M-g89aBkjgg,563,아이온,title,0.85
M0DG-Bg5raU,1020,gta 5,title,0.85
M0M7mcz_MeM,119133,엘든링,title,0.85
M0uDj4XU-1M,115,롤,title,0.85
M14VMwgvNPo,1020,gta5,title,0.85
M1FX72wlcpk,126459,발로,title,0.85
M1Qd_5RItb0,115,롤,title,0.85
M2w0fnt8A9A,17269,로블록,title,0.85
M30QOIsxmng,126459,valorant,title,0.85
M40KIeIn4og,178282,스타레일,title,0.85
M41Q246zD8c,115,롤,title,0.85
M464WPW_gek,151665,팰월,title,0.85
M47SvmtqeQg,126459,발로,title,0.85
M4c45kxWRoE,115,롤,title,0.85
M5M-cWE245c,8173,오버워치,title,0.85
M5aTtS7iTKc,17269,roblox,title,0.85
M6GYBY-Lnk8,9804,메이플,title,0.85
M6gn0qisZ8U,17269,로블록,title,0.85
M6yYSBBsAuI,26128,로스트아크,title,0.85
M71j4LQ_KsA,563,아이온,title,0.85
M7NBLLfqPBs,563,아이온,title,0.85
M7Ouimnc6wc,230,스타크,title,0.85
M8DwY8f277E,93902,fc온라인,title,0.85
M9fwJikWXFE,126459,발로,title,0.85
M9hR8JLYbM8,17269,로블록,title,0.85
M9yqsh0FyxM,135400,minecraft,title,0.85
MA1eRyx5YA8,126459,valorant,title,0.85
MAK18DC5x9s,388008,리니지,title,0.85
MBhS0hXfKMc,17269,로블록,title,0.85
MBmmviy2Lzk,26606,던파,title,0.85
MByjnfV19lE,26606,던파,title,0.85
MCAQxX3nyhs,27789,배그,title,0.85
MCF0SDHc5fA,115,롤,title,0.85
MCXj4QFLjIk,8173,오버워치,title,0.85
MCabx9Ik-2w,27789,배틀그라운드,title,0.85
MD1ktWr3Zzk,17269,로블록,title,0.85
MDSZLQXvZJc,26606,던파,title,0.85
MEjMF-8Drf0,17269,로블록,title,0.85
MEjer6H5kyg,26606,던파,title,0.85
MEwTNUWEJRw,27789,배틀그라운드,title,0.85
MEyN_1TXVOk,26128,로스트아크,title,0.85
MFZ6p_Tf2cI,27789,배틀그라운드,title,0.85
MFpHE9NgMfg,8173,오버워치,title,0.85
MH9klArZSnE,93902,fc온라인,title,0.85
MHVmm1k8LVE,17269,로블록,title,0.85
MHZ0e9mHWLM,17269,로블록,title,0.85
ftObmo44N8I,115,롤,title,0.85
ftVrIL_NlrA,27789,배틀그라운드,title,0.85
ftXAcdtb7Tk,93902,fc온라인,title,0.85
fuFXEFvHY8o,135400,마인크래프트,title,0.85
fuR7UoVTOnQ,17269,로블록,title,0.85
fumQP7LfPx0,26128,로스트아크,title,0.85
fv4p7hmoNXI,8173,오버워치,title,0.85
fvGbCWIJqGY,136879,검은 신화,title,0.85
fvJW9iXqcng,126459,발로,title,0.85
fvW8jpo9ZLA,17269,로블록,title,0.85
fvWm3szctDU,26128,로스트아크,title,0.85
fvX1zOD4Imw,8173,오버워치,title,0.85
fwu5TTGXiro,152271,시티즌 슬리퍼,title,0.85
fyCKrzo8kEE,26606,던전앤파이터,title,0.85
fyU8RmDWMg8,26606,던파,title,0.85
fzUtwpJkFhU,115,롤,title,0.85
g-bT4FTsL8g,8173,overwatch,title,0.85
g-qHYNBS7QM,17269,로블록,title,0.85
g-xf9S1YKxg,135400,minecraft,title,0.85
g0HsKGGsk7s,1020,gta5,title,0.85
g0fvmdoQ888,8173,오버워치,title,0.85
g0yjw9cgUwU,126459,valorant,title,0.85
g1791QY5CuE,178282,스타레일,title,0.85
g1IzXK7x3dU,119133,elden ring,title,0.85
g1UK52wzWRY,27789,배그,title,0.85
g1YEOwz0-Gs,126459,발로,title,0.85
g25QE_BYrEw,6292,검은사막,title,0.85
g26T-ULesPc,115,롤,title,0.85
g2EMdVecXYc,26128,로스트아크,title,0.85
g2usCeoLnLk,119277,원신,title,0.85
g2zRKm4kBJw,115,롤,title,0.85
g3Y7og244AQ,17269,로블록,title,0.85
WA0Qg0YP_5k,26128,로스트아크,title,0.85
WA10OKDSK9c,1020,gta 5,title,0.85
WAQh6ai5m6w,17269,로블록,title,0.85
WBDn7eBWIAg,115,롤,title,0.85
WBxGlJUiAWI,115,롤,title,0.85
WC5x8Lckrk8,26128,로스트아크,title,0.85
WCChhpl5D9U,1020,gta5,title,0.85
WCh4RQnwCKU,27789,배그,title,0.85
WCk8HrzEk4k,151665,팰월,title,0.85
WCyS45ya3p0,27789,배틀그라운드,title,0.85
WDWX3H-3mlQ,26128,로스트아크,title,0.85
WDX5hKAAZrg,9804,메이플,title,0.85
WE-QX_xpo7U,186725,뱀서,title,0.85
WEai_yfYWsA,119277,원신,title,0.85
WEcmInNNaWA,27789,배그,title,0.85
WEtS9EwQI_c,115,리그 오브 레전드,title,0.85
WFhL-O-_8Rs,178282,스타레일,title,0.85
WFpRkCWWYyQ,8173,오버워치,title,0.85
WFynPYS5vMU,1020,gta 5,title,0.85
WGKSpCikavo,26606,던파,title,0.85
WGWeP05KNHc,27789,배그,title,0.85
WGxyKzVBkOg,178282,스타레일,title,0.85
WHwVxPo09cc,126459,발로,title,0.85
WI5k-7B5Mq0,27789,배그,title,0.85
WJ4gu5Rdsa8,388008,리니지,title,0.85
WJ8-sMFJlS4,119277,원신,title,0.85
WJbbyXlNauk,9804,메이플,title,0.85
WJdWZIZpPIs,17269,로블록,title,0.85
WJkex5yFJLg,126459,valorant,title,0.85
WJlzJpMj-_A,126459,발로,title,0.85
WKA60QtPVz4,26128,로스트아크,title,0.85
WKcs1kg_srM,17269,로블록,title,0.85
WLXbP5YKfp8,135400,minecraft,title,0.85
WLnVq4sCir0,26128,로스트아크,title,0.85
WMHyjqhN4S4,8173,오버워치,title,0.85
WM_innddBNc,8173,오버워치,title,0.85
WM_innddBNc,331286,오버워치2,title,0.85
WNN8Hc-73Rg,115,롤,title,0.85
WO2l0bbTAWk,93902,fc온라인,title,0.85
WOWHhKVzFcs,1020,gta 5,title,0.85
WOaF_Y4ubeE,115,롤,title,0.85
WOaFzs5LWiw,119277,원신,title,0.85
WOo16nBaTWI,115,롤,title,0.85
WP31GLKpfDM,1020,gta 5,title,0.85
WPqM-rwE4T4,9804,메이플,title,0.85
WQ3883HHxgs,178282,스타레일,title,0.85
WQP5UdoH214,1020,gta 5,title,0.85
WRa-zX-r1vg,126459,발로,title,0.85
WReaZV1iI1k,115,롤,title,0.85
WRoIDUcNlsY,119133,elden ring,title,0.85
IU2Xs2tkWVE,115,롤,title,0.85
IU2iXA53dio,126459,valorant,title,0.85
IUzXuKgipuI,115,롤,title,0.85
IVI60WIFQf0,17269,로블록,title,0.85
IVdMmFoynpw,388008,리니지,title,0.85
IVds7C_TA8Y,17269,로블록,title,0.85
IXPyGvvz0w0,1020,gta5,title,0.85
IXezOLpdeKY,26606,던파,title,0.85
IZDMoymWUOI,115,롤,title,0.85
IZSVevQsNwc,388008,리니지,title,0.85
I_1mN8GgEEw,117199,니케,title,0.85
I_HGaD1Nazk,26606,던파,title,0.85
I_TXvPutJw8,27789,배틀그라운드,title,0.85
IbLTtKBNT68,115,롤,title,0.85
IbLTtKBNT68,136879,오공,title,0.85
IblHCJhqKl4,26128,로스트아크,title,0.85
Ibx9GnZWgg8,135400,마인크래프트,title,0.85
Ic8VnIxf8x0,126459,valorant,title,0.85
IcKKQPdPgzo,119133,elden ring,title,0.85
IcpOCBMf5y4,27789,배틀그라운드,title,0.85
Icwg1waWK5A,230,스타크,title,0.85
Id6ebyRctGc,119277,원신,title,0.85
Id9719X7HDQ,9804,메이플,title,0.85
IdLTYx5ehFk,17269,로블록,title,0.85
IdNUDp6t3QY,1020,gta5,title,0.85
IdPdlHPxxKQ,26606,던파,title,0.85
IdeQobw1CcE,17269,로블록,title,0.85
IfQBoLiEsQU,26128,로스트아크,title,0.85
IghmJut2jKw,17269,로블록,title,0.85
IhQe85P86WY,135400,마인크래프트,title,0.85
IhnJqvqEuD0,17269,로블록,title,0.85
Ihp7FXLeaIQ,563,아이온,title,0.85
IhylNsdRsmg,27789,배그,title,0.85
slNa0kpqh24,388008,리니지,title,0.85
slc_GIwpB3E,17269,로블록,title,0.85
slrPyHzEzGU,1020,gta5,title,0.85
slxVWy2EOS4,27789,배그,title,0.85
smb3IbuHmx8,25076,레데리,title,0.85
snLVT__0Zio,17269,로블록,title,0.85
snLso-W3Mrw,9804,메이플,title,0.85
snh4Xc6sm90,126459,발로,title,0.85
soWI93TuAc4,8173,오버워치,title,0.85
sqbRIHo9lpI,230,starcraft,title,0.85
sqc1kFvjA6U,17269,로블록,title,0.85
sqvd24mVeCM,1020,gta 5,title,0.85
sr5oE8UP-oY,9804,메이플,title,0.85
sr5p1uCNVc0,8173,옵치,title,0.85
srC38EMgTK8,126459,발로,title,0.85
srCxO9LwsIk,126459,valorant,title,0.85
srJUQujSLrw,1020,gta 5,title,0.85
srLEQo_NB2c,115,롤,title,0.85
ss0eS-p55xI,115,롤,title,0.85
ssZWQnvUjMw,26606,던파,title,0.85
sspgmZETN0U,17269,로블록,title,0.85
st6PgKR1aoc,126459,발로,title,0.85
stHRziXz48w,230,스타크,title,0.85
stRAmknM6yY,115,롤,title,0.85
stflGteNPJg,135400,마인크래프트,title,0.85
suGa27amRuo,8173,옵치,title,0.85
suVDVmaXblI,119277,원신,title,0.85
sube-8TARo8,119277,원신,title,0.85
sv57-Z5qSIA,26128,로스트아크,title,0.85
sv89kXtKxdQ,126459,발로,title,0.85
sv8ZplGrKVg,26606,던파,title,0.85
svPcAWmBnYY,135400,마인크래프트,title,0.85
svll43H-oqc,135400,마인크래프트,title,0.85
svrDa33Q6i8,1020,gta 5,title,0.85
swKrZMA0K90,1020,gta 5,title,0.85
sxXyc5iUTnI,119133,엘든링,title,0.85
sxdfSHkUjS0,26606,던파,title,0.85
sy0bTrZmvCg,1020,gta 5,title,0.85
syPjlFQ_vFU,21492,마비노기,title,0.85
sz7E9S2QYB8,119133,elden ring,title,0.85
szHD39AkohM,9804,메이플,title,0.85
szz0NqzBiO8,17269,로블록,title,0.85
t-n2yuOVxG4,17269,로블록,title,0.85
Ga48JSrvuLg,230,starcraft,title,0.85
GaI90wXDARU,126459,발로,title,0.85
GaK9fiyK_HY,115,롤,title,0.85
GaZq7z0b2nI,115,롤,title,0.85
GbC42fuFg3Y,27789,배그,title,0.85
Gc0SgghEVsg,27789,배틀그라운드,title,0.85
Gc7HkRf34ec,126459,발로,title,0.85
Gcqqm11xTfQ,115,롤,title,0.85
GcwttNmIkF8,27789,배그,title,0.85
Gd20JpIAgU0,115,롤,title,0.85
GdrPpSOWgYg,151665,팰월,title,0.85
GdtYoZHCMzo,178282,스타레일,title,0.85
GeNi2hSp2HU,115,롤,title,0.85
GeQPbtb6PTs,126459,발로,title,0.85
GefgP1cw6VE,27789,배그,title,0.85
Gf1bGGYryYk,26606,던파,title,0.85
GfX_UMJIxKs,115,롤,title,0.85
GfsnwXaNXek,27789,배그,title,0.85
Gfz6zRgas9Q,230,스타크,title,0.85
GgOGoOBZ_Z4,135400,마인크래프트,title,0.85
GgtA-8yBZTM,17269,로블록,title,0.85
GgxWt8CYIbM,563,아이온,title,0.85
Gh3zvQyU8A4,93902,fc온라인,title,0.85
Gh3zvQyU8A4,115,롤,title,0.85
GiIO7zpfOhY,17269,로블록,title,0.85
GjBsXp-tlXs,125165,diablo iv,title,0.85
Gj_Mp1EknRw,563,아이온,title,0.85
GjmGLoxH-PE,17269,로블록,title,0.85
GkdjOH6R884,26606,던파,title,0.85
GkrWvm01Ruo,126459,발로,title,0.85
Gkv0ZszeFXc,9804,메이플,title,0.85
Gl2gcgkjxwA,1020,gta 5,title,0.85
GlC7_bqL_bY,26606,던파,title,0.85
ZI9Ixq3xKhM,9804,메이플,title,0.85
ZIFjECRvN3I,126459,valorant,title,0.85
ZIHuNIxAobo,119277,원신,title,0.85
ZIICWDgltWw,8173,오버워치,title,0.85
ZIJrq2ltq5I,26606,던파,title,0.85
ZITukHKQKe0,9804,메이플,title,0.85
ZIlSK0pHnPw,563,아이온,title,0.85
ZJ0ytN7Yd-I,17269,로블록,title,0.85
ZJJHwhxSE44,1020,gta 5,title,0.85
ZJK3XG8cWVE,230,starcraft,title,0.85
ZJPwuE8v5tE,17269,로블록,title,0.85
ZJYidON8RWY,1020,gta 5,title,0.85
ZJ_n-ClXhHw,93902,fc온라인,title,0.85
ZJoR1CZF8Vg,126459,valorant,title,0.85
ZJpfbyjVSwc,126459,발로,title,0.85
ZJu06ZbScNg,126459,발로,title,0.85
ZJy7Ri-bork,93902,fc온라인,title,0.85
ZKBXWrAfnsw,115,롤,title,0.85
ZLUC5JcKpg4,1020,gta5,title,0.85
ZLfJeIx8j0g,135400,마인크래프트,title,0.85
ZM3d2Lc15e8,9804,메이플,title,0.85
ZMJ9Ka_fHGY,8173,오버워치,title,0.85
ZMNuUZ6GSas,26128,로아,title,0.85
ZMz1nMo1v0I,563,아이온,title,0.85
ZNc3ypfSnUQ,8173,overwatch,title,0.85
ZNiRT4q5-4w,115,롤,title,0.85
ZNkw-YpA6CQ,8173,오버워치,title,0.85
ZNrEPxhN1o0,126459,발로,title,0.85
ZNxEyB2XUAo,1020,gta5,title,0.85
ZNxluRJTPdg,1020,gta 5,title,0.85
ZOHniwwyD5k,135400,minecraft,title,0.85
ZPPqh7AeGW0,17269,로블록,title,0.85
ZPbLhjrw5yU,115,롤,title,0.85
ZQGVC4bs6A0,126459,발로,title,0.85
ZQON3FLnfqQ,126459,valorant,title,0.85
ZRXJZdlgDL0,126459,valorant,title,0.85
ZS40TRgHIog,117199,니케,title,0.85
ZSxToKVpOho,178282,스타레일,title,0.85
ZTQFUngqXwE,115,롤,title,0.85
ZTY4ux5KIzs,135400,마인크래프트,title,0.85
ZTs9XlHT8Jc,126459,발로,title,0.85
ZVGVdfW9pcw,115,롤,title,0.85
ZW0Gc0sXRyc,26606,던파,title,0.85
ZW4yln5BPok,26606,던파,title,0.85
ZX6UTNIFEps,26128,로스트아크,title,0.85
ZXOGCL1wcBA,1020,gta 5,title,0.85
ZXY3rigaAWk,93902,fc온라인,title,0.85
ZYHWDgRAgEE,115,롤,title,0.85
ZYoeZ0VJIsg,93902,fc온라인,title,0.85
ZYvKxtWXUDA,1020,gta 5,title,0.85
ZYxUlWZnwtQ,115,롤,title,0.85
ZZZewqz-YRs,17269,로블록,title,0.85
ZZer6EvP0Xs,17269,로블록,title,0.85
Z_3y3Y6Ow9Y,115,롤,title,0.85
Z_AFf_dDuig,115,롤,title,0.85
Z_aoB5wilRk,17269,roblox,title,0.85
Z_pbj3t-WfA,27789,배틀그라운드,title,0.85
4EV9Wp1-1JA,17269,로블록,title,0.85
4ExPVqt6ZFM,135400,마인크래프트,title,0.85
4FKSlKR5BfQ,119388,왕눈,title,0.85
4FLZkX6O3IM,26606,던파,title,0.85
4G06ycDpsYI,17269,로블록,title,0.85
4GSgEIOv1o4,126459,발로,title,0.85
4GrzSkb3S3Q,21492,마비노기,title,0.85
4GyQsR2BNTc,26606,던파,title,0.85
4HBUOsAZw3o,115,롤,title,0.85
4HQfrEsBfsM,119133,elden ring,title,0.85
4HVjVCj59G8,115,롤,title,0.85
4Hbv9j1yxhM,119277,원신,title,0.85
4HiqdoYjxmM,388008,리니지,title,0.85
4Ht4SMPsUEs,1020,gta 5,title,0.85
4HxGkVvI7uw,126459,valorant,title,0.85
4IGgz3bxvcA,8173,오버워치,title,0.85
4IOvIve0I-0,9804,메이플,title,0.85
4IRA7uVOsa4,126459,발로,title,0.85
4JGJenNSaWE,115,롤,title,0.85
4JZnKI5ZcFQ,17269,로블록,title,0.85
4KKDk4_VyVU,115,롤,title,0.85
4Kb1lVseYjY,17269,로블록,title,0.85
4L3G8odG4g8,1020,gta 5,title,0.85
4LEFx-ngR4k,8173,오버워치,title,0.85
4LYgE3zzkkc,27789,배그,title,0.85
4LfVu5J77b8,119277,원신,title,0.85
4Lqv5dalsP4,115,롤,title,0.85
4MbhuUV3GUw,17269,로블록,title,0.85
4N6Xs0EpjGc,178282,스타레일,title,0.85
4N73ce9BvP8,126459,valorant,title,0.85
4NKlL5Gp4tM,93902,fc온라인,title,0.85
4NR9jXeVIsE,27789,배그,title,0.85
4OXbX1OrxNI,115,롤,title,0.85
4P3YS8xPwjY,115,롤,title,0.85
4PbKY1jeXV4,119133,elden ring,title,0.85
4Qj5DVrgUao,115,롤,title,0.85
4R9SV8OQmH8,27789,배틀그라운드,title,0.85
4RJPQRuqLY0,17269,로블록,title,0.85
4RrCsjT72PA,27789,배그,title,0.85
4RtVRAMxjLU,126459,발로,title,0.85
4SlnHFpi6GI,115,롤,title,0.85
4SlvNSeu-bU,1020,gta 5,title,0.85
uO8yGZ15wgY,1020,gta 5,title,0.85
uODTW69vgbA,126459,valorant,title,0.85
uOEo7oif8eg,1020,gta 5,title,0.85
uOzYdZCLV5s,119388,왕눈,title,0.85
uPBDY3_K9o4,125165,diablo 4,title,0.85
uPE3Q8o-WEU,126459,valorant,title,0.85
uPGNJszbVwM,26606,던파,title,0.85
uPhHizkOGNY,8173,오버워치,title,0.85
uQ2NEjbkxM0,115,롤,title,0.85
uQjK8s2baWw,26606,던전앤파이터,title,0.85
uQoiIbDsBck,7346,야숨,title,0.85
uQq6wi4IsUY,563,아이온,title,0.85
uRLAh-KFHKU,26128,로스트아크,title,0.85
uSL1g7CgrZI,115,롤,title,0.85
uSRWJdNQNK8,26606,던파,title,0.85
uSTtE8w4afQ,126459,발로,title,0.85
uTHOrbyu5Sw,1020,gta 5,title,0.85
uTMcVduzf2g,17269,로블록,title,0.85
uTaRHbflbik,135400,마인크래프트,title,0.85
uTeQchG7K6I,126459,발로,title,0.85
uUCa_MhyzSE,8173,오버워치,title,0.85
uV0vzxZJtKY,8173,오버워치,title,0.85
uVHMiVrHVQo,1020,gta 5,title,0.85
uVX8NvGPDvM,93902,fc온라인,title,0.85
uVceJa9EGHo,115,롤,title,0.85
uVmAcj96oUc,17269,로블록,title,0.85
uXXMUZs9sDM,27789,배그,title,0.85
uYVVx6BZpuA,115,롤,title,0.85
uZgtoqlP03g,115,롤,title,0.85
uZid4BEcfwg,125165,디아블로4,title,0.85
u_Fs_cR4eRA,178282,스타레일,title,0.85
u_GAHVfdbT0,26606,던파,title,0.85
uafD-xHpVJY,1020,gta5,title,0.85
ub2lK7KPcnA,1020,gta 5,title,0.85
ubky5wCLYME,117199,니케,title,0.85
ublYXi2FV4I,26606,던파,title,0.85
uc6sDOtZPn8,27789,배그,title,0.85
uc7_Aotk1Ts,126459,valorant,title,0.85
uc9bkbUXpHc,8173,오버워치,title,0.85
ud8u8qfgrBQ,135400,마인크래프트,title,0.85
udbAQJsFIDM,8173,오버워치,title,0.85
udbTzYTjhyI,115,롤,title,0.85
ufZydCBa9FA,26128,로스트아크,title,0.85
ufgW2hwnNTI,119133,elden ring,title,0.85
uftny3Xq3do,8173,오버워치,title,0.85
k5F12Bqopbw,26606,던파,title,0.85
k5cT6Iex5XQ,17269,로블록,title,0.85
k68yWVZijmA,230,스타크,title,0.85
k72Eu_IKe1g,8173,오버워치,title,0.85
k76XnLHAJv8,26128,로아,title,0.85
k76kGd-w6DE,9804,메이플,title,0.85
k77Rdl5WOsE,126459,valorant,title,0.85
k7DuSHPzzko,119133,elden ring,title,0.85
k7OW2ey3BZE,26606,던파,title,0.85
k7VhtJc4uwM,135400,마인크래프트,title,0.85
k8eqFVLtvoc,115,롤,title,0.85
k94iOqxNZjY,17269,로블록,title,0.85
k9hx0QUryPY,8173,오버워치,title,0.85
kA5LL0Icymk,115,롤,title,0.85
kAef1qRUJ5U,27789,pubg,title,0.85
kAfPjXKzox8,115,롤,title,0.85
kC7jDfncbZ4,17269,로블록,title,0.85
kCnf6hxR4oE,26606,던파,title,0.85
kCu7glcXj2E,1020,gta 5,title,0.85
kD79YCKLeFY,26128,로스트아크,title,0.85
kDC6wg5TYT4,388008,리니지,title,0.85
kEBkVaXrjz8,115,롤,title,0.85
kEF-sKEIPwM,135400,minecraft,title,0.85
kEGZkEUOsM0,26606,던파,title,0.85
kEPVMjoRSDQ,1020,gta 5,title,0.85
kEYAe2pcDzs,119277,원신,title,0.85
kF2jfs2xKmA,126459,발로,title,0.85
kF61VVLXaAE,17269,로블록,title,0.85
kFA3aZznoRg,27789,배그,title,0.85
kGGUxBvT2Nw,563,아이온,title,0.85
kH4j4ebFOPs,17000,스타듀,title,0.85
kH5ytjqEAIM,17269,로블록,title,0.85
kH9LxQ9OcM8,17269,로블록,title,0.85
kHMic5pgV8Q,119277,원신,title,0.85
kHkHgeFyyd0,126459,valorant,title,0.85
kHoKZtYWBlY,125165,diablo 4,title,0.85
kIOyU0YssWw,115,롤,title,0.85
kIhm38unBeI,125165,diablo 4,title,0.85
kIwqSBAQsJA,126459,발로,title,0.85
kJQWNfkV4JU,17269,로블록,title,0.85
kJatiM63lf4,93902,fc온라인,title,0.85
kKGZZlMmP5w,178282,스타레일,title,0.85
kKvyhvW4VfM,17269,로블록,title,0.85
kLBAdgKfT_w,17269,로블록,title,0.85
kLNryr0z_UQ,17269,로블록,title,0.85
kLrW3Ki0wCo,27789,배그,title,0.85
kLwVNk96BME,26606,던파,title,0.85
kMCYPAscxEo,17269,로블록,title,0.85
kMD6JshbTts,115,롤,title,0.85
kMUWkiPEqLM,126459,발로,title,0.85
kMfTKwoUIJQ,115,롤,title,0.85
kN-aLN20Rl0,9804,메이플,title,0.85
kNU54CfEHd0,135400,마인크래프트,title,0.85
kNc-vf1rpJc,135400,마인크래프트,title,0.85
kO71R10lrMo,1020,gta 5,title,0.85
kOSvBcF-Soc,115,롤,title,0.85
kOtsl42SU-0,17269,로블록,title,0.85
5-CS8C2VBWM,8173,오버워치,title,0.85
5-EzIbzp-Kc,388008,리니지,title,0.85
5-PgW3tdcnA,178282,스타레일,title,0.85
5-g1_V_4wOM,1942,위쳐,title,0.85
50OE7g0kjE8,17269,roblox,title,0.85
50_xETx1ItQ,27789,배그,title,0.85
50bf1AD7owU,178282,스타레일,title,0.85
50zhSjj7Tmk,115,롤,title,0.85
515QTmJxALs,230,starcraft,title,0.85
51F057YqQ-U,178282,스타레일,title,0.85
51RWLayNEIU,117199,니케,title,0.85
51tuq8venAs,9804,메이플,title,0.85
51uKaVVkFNk,135400,마인크래프트,title,0.85
52cVL38ktLE,115,롤,title,0.85
52gK90fp0v4,126459,발로,title,0.85
52s3lKX-Dbo,17269,로블록,title,0.85
53ey6msXUxg,115,롤,title,0.85
53invNxmabs,115,롤,title,0.85
54AVGeOdWno,26128,로스트아크,title,0.85
54AicQcRZnY,388008,리니지,title,0.85
54VXJ3TY-pE,115,롤,title,0.85
54fIGDsSj7g,27789,배틀그라운드,title,0.85
54mRyorARFg,388008,리니지,title,0.85
54y4TkUcGAI,151665,팰월,title,0.85
551JqKy6Pzk,1020,gta 5,title,0.85
55N3epij-J0,27789,배틀그라운드,title,0.85
55VrUP4nO7Q,26606,던파,title,0.85
55_X-pM4ToI,117199,니케,title,0.85
55cPlPWbXa4,126459,발로,title,0.85
561_20CB9_E,115,롤,title,0.85
5686DoeQqXg,119133,elden ring,title,0.85
56BkDKTJf4g,126459,발로,title,0.85
56ZNADXMp2o,1020,gta 5,title,0.85
56stYJ3TVas,115,롤,title,0.85
573CnK_-juk,230,스타크,title,0.85
58MK58lP8Uw,126459,발로,title,0.85
58S-EHney-A,9804,메이플,title,0.85
58ogJ-6x_wU,119277,원신,title,0.85
5925sak43sM,17269,로블록,title,0.85
59LhkcL7msQ,1020,gta 5,title,0.85
59wcWd85Rgc,388008,리니지,title,0.85
5AVr8ViKzwY,126459,발로,title,0.85
5AdLlIv9o74,125165,디아블로4,title,0.85
5AktPKDgUGI,115,롤,title,0.85
5C4pUbwvcBA,178282,스타레일,title,0.85
5CG9FpYbi9c,93902,fc온라인,title,0.85
5CIbXKfZmLE,115,롤,title,0.85
8qIg2iH7Db8,26128,로아,title,0.85
8qLPi2uQr4g,115,롤,title,0.85
8qdSjIbAPac,136879,검은 신화,title,0.85
8qsWhy9R0-w,27789,배그,title,0.85
8rhogqLBmcs,126459,valorant,title,0.85
8s1xhzltDTQ,178282,스타레일,title,0.85
8sjLEEne6mY,8173,오버워치,title,0.85
8tECTv0L-t0,1020,gta 5,title,0.85
8uDBtWzuhO8,21492,마비노기,title,0.85
8uURxRbSSX8,126459,valorant,title,0.85
8vCGti3bHmU,27789,배그,title,0.85
8wUTNBGvKuU,26128,로아,title,0.85
8w_RHZFECrY,135400,마인크래프트,title,0.85
8wppVfJ8pQQ,27789,배그,title,0.85
8xUr5FPEZ-s,9804,메이플,title,0.85
8xhViKWwTzU,388008,리니지,title,0.85
8yQEUa_2dMQ,8173,오버워치,title,0.85
8ycOt-o1BXI,115,롤,title,0.85
8ypvt2vNdUw,26128,로스트아크,title,0.85
8z5kL_fqFDA,1020,gta 5,title,0.85
9-EUr2Thm_E,135400,minecraft,title,0.85
9-KwRmhRSGc,27789,배틀그라운드,title,0.85
9-NkBVgVJ5w,26128,로아,title,0.85
9-Q_hKvGATQ,126459,발로,title,0.85
9-SsYyezq-Q,135400,minecraft,title,0.85
9-WycFhUX58,26606,던파,title,0.85
9-pbxT5xiAk,17269,로블록,title,0.85
906cAoluDkU,115,롤,title,0.85
90mUZuqHyAc,119133,elden ring,title,0.85
FL10QD3_ALU,27789,배틀그라운드,title,0.85
FLLnyWa_UJU,27789,배그,title,0.85
FLerBL5Cc10,26128,로아,title,0.85
FN4WG1D652I,115,롤,title,0.85
FNEPRpqM4eg,126459,발로,title,0.85
FNwXjF9H-qM,115,롤,title,0.85
FOFvaxYuaZk,21492,마비노기,title,0.85
FOPp6pah91A,1020,gta 5,title,0.85
FOYSnT27J0o,26606,던파,title,0.85
FOhQx2Vqc94,115,롤,title,0.85
FP6JAyWzZqs,26606,던파,title,0.85
FPEeGT67p50,126459,발로,title,0.85
FP_Tg6q4Yio,230,스타크,title,0.85
FPnQHivqkxs,93902,fc온라인,title,0.85
FR1W_zmkHiQ,135400,마인크래프트,title,0.85
FR6tQAKJLEU,119171,발더스게이트,title,0.85
FRB0SZ8Vki0,117199,니케,title,0.85
FRd8b3Pyuvk,115,롤,title,0.85
FRsGUnsdR2o,119277,genshin,title,0.85
FS3XxVStGyI,26128,로스트아크,title,0.85
FTDbHwg8hXk,27789,배그,title,0.85
FTXmtS41O1g,115,롤,title,0.85
FTYgs1Gjokc,21492,마비노기,title,0.85
FThqBzR41qM,27789,배그,title,0.85
FTz7-eGKkwc,1020,gta 5,title,0.85
FUGHyrORp7Q,1020,gta5,title,0.85
FUsQEPwgy00,17269,로블록,title,0.85
FUvX7NelgYA,115,롤,title,0.85
FVC3-GFk89k,115,롤,title,0.85
FVKFY8VxTtU,115,롤,title,0.85
FWB_6duxxS4,135400,minecraft,title,0.85
FWER4zNJWyc,9804,메이플,title,0.85
FWyXSzlXOns,1020,gta 5,title,0.85
FX0Wyh6m3Zs,9804,메이플,title,0.85
FY-ePl4edhw,152271,citizen sleeper,title,0.85
FY82rG9UQ9Y,26128,로스트아크,title,0.85
FYAnGUSIiVg,115,롤,title,0.85
FYgSNLgMS0A,26606,던파,title,0.85
FYhB_jgOz_Q,119133,elden ring,title,0.85
F_3uGvwzGTs,9804,메이플,title,0.85
F_A-SttQ6vg,126459,valorant,title,0.85
F_R_sKmDtvI,115,롤,title,0.85
F_uZ1c6zvsc,27789,pubg,title,0.85
bJxaB3V9cno,126459,발로,title,0.85
bKAak3Ryl3s,135400,마인크래프트,title,0.85
bKfAYMFeOnM,17269,로블록,title,0.85
bKig5ZbKKqQ,136879,검은 신화,title,0.85
bKpuxvps5pY,126459,valorant,title,0.85
bL7JsMuefUI,27789,배그,title,0.85
bLek23BtyNk,17269,로블록,title,0.85
bM4NPHkpFCQ,17269,로블록,title,0.85
bMuCXxBF6LY,1020,gta5,title,0.85
bMwzP3BMSww,151665,palworld,title,0.85
bMydTQY9HMw,230,스타크,title,0.85
bN17BYde8Ig,119277,원신,title,0.85
bN2Qf_1SGUo,126459,발로,title,0.85
bNR9dzFVzPE,9804,메이플,title,0.85
bOTmjrpL-6g,115,리그 오브 레전드,title,0.85
bOWk7-xwfKY,119277,원신,title,0.85
bOrD9anW1yw,125165,diablo 4,title,0.85
bOvfBz_5cEg,119277,원신,title,0.85
bOxPmYi1De0,119277,원신,title,0.85
bPGgbTOm8rY,1020,gta 5,title,0.85
bPMSmL1-0E8,115,롤,title,0.85
bPhy2_aJfvA,178282,스타레일,title,0.85
bPuzNnpcyxw,17269,로블록,title,0.85
bPzdsSWpNXU,115,롤,title,0.85
bQrEnv6L_68,119133,엘든링,title,0.85
bQxupN11r5U,115,롤,title,0.85
bRbit_0R6ds,119277,원신,title,0.85
bSBEIptLxlQ,230,스타크,title,0.85
bSNcj9cpf9Y,115,롤,title,0.85
bSh5cmubxug,178282,스타레일,title,0.85
bSiulf4koR0,8173,오버워치,title,0.85
bSkQVyV6lD4,115,롤,title,0.85
bTd7I7Mri9Y,115,롤,title,0.85
bU5TNU4lowM,119133,elden ring,title,0.85
bU7jzalXW94,115,롤,title,0.85
bUMZqsNRDhg,27789,배틀그라운드,title,0.85
bV5zKfkPGQ4,1020,gta 5,title,0.85
bVA8nxLrgec,135400,minecraft,title,0.85
bVEB77evHdM,36926,몬헌,title,0.85
bVqFx-m3RQY,126459,valorant,title,0.85
bW5vZP0BkqA,119133,엘든링,title,0.85
bWBPXKS3mLY,26606,던파,title,0.85
bWJX9jB6DJs,117199,니케,title,0.85
bWQuX38tKg4,119277,원신,title,0.85
bWoFl4g_tsw,117199,니케,title,0.85
bXBRSfYpesQ,1020,gta 5,title,0.85
bXFVTZYpXz8,17269,로블록,title,0.85
bXL9I-XRAtM,115,롤,title,0.85
bXjhYakbf2k,1020,gta 5,title,0.85
bXw3H1aTxtM,27789,배틀그라운드,title,0.85
bYLSCv-UxF0,26128,로스트아크,title,0.85
bZkT7vaGwak,26606,던파,title,0.85
bZxgiWCEkwY,126459,발로,title,0.85
b_Fo12ZQeoY,126459,valorant,title,0.85
b_Uas_yNqKM,26606,던파,title,0.85
ba8_Oi7kvho,126459,발로,title,0.85
baah-23hj64,115,롤,title,0.85
bbM0p2-i8Pw,230,스타크,title,0.85
bcCSFerdcLM,1020,gta5,title,0.85
bceSStk-P5k,563,아이온,title,0.85
bcqDEOlhc5k,93902,fc온라인,title,0.85
Zp5LcdTQGws,178282,스타레일,title,0.85
Zpl-Vqufx_c,126459,valorant,title,0.85
ZpshpS0ck4I,126459,발로,title,0.85
Zpx4vV5wR-4,1020,gta 5,title,0.85
ZqOo2Ry4E24,388008,리니지,title,0.85
ZqeVdKeY8-M,1020,gta5,title,0.85
ZrF0dcYJczc,18866,데바데,title,0.85
ZrJA4OctQoU,27789,배틀그라운드,title,0.85
ZrUSPw2bqxE,115,롤,title,0.85
ZrmT9ABDX3Q,27789,배그,title,0.85
ZsIDeOKXQwE,93902,fc온라인,title,0.85
Zsf1W88AhiU,115,롤,title,0.85
Zso51kOAPBU,27789,배그,title,0.85
Zszp5aFh0mM,17269,로블록,title,0.85
Zu2kL9E91sc,119133,엘든링,title,0.85
ZuTdLxjpEgs,563,아이온,title,0.85
ZuxgPY5Unf0,93902,fc온라인,title,0.85
ZvCMnH-vZOU,17269,roblox,title,0.85
Zw8131bYmmo,8173,오버워치,title,0.85
ZwQP943WYkg,115,롤,title,0.85
ZwzY7voYbNE,186725,뱀서,title,0.85
ZxkWx1aDOU8,126459,발로,title,0.85
ZyPPSKRmR3Q,126459,valorant,title,0.85
ZyQqm9fP9QE,119277,원신,title,0.85
Zykv-ufhS74,26128,로스트아크,title,0.85
ZytnldXmX6g,135400,마인크래프트,title,0.85
Zza5QY21MrU,17269,로블록,title,0.85
_16ta89QkBY,388008,리니지,title,0.85
_18AQxyTQGI,1020,gta5,title,0.85
_1bryuKoLDw,1942,위쳐,title,0.85
_298u5mG_4w,1020,gta 5,title,0.85
_2g8oEh4QtE,125165,diablo 4,title,0.85
_2iAf5s8_uI,26606,던파,title,0.85
_31J3g7_R_4,230,스타크,title,0.85
_4F_y8Adagw,27789,배틀그라운드,title,0.85
_4TvjQmdxyA,119133,elden ring,title,0.85
_4Z6vkpeDYM,17269,roblox,title,0.85
_4fn7ZEDwrA,93902,fc온라인,title,0.85
_4zRSfneDWg,115,롤,title,0.85
mPsBAwR4j_I,1020,gta5,title,0.85
mPvwroaCTtA,26606,던파,title,0.85
mQHANzbWDjw,115,롤,title,0.85
mQhq39-MdKk,563,아이온,title,0.85
mR5-HHHQ1F8,1020,gta 5,title,0.85
mRMtS24zFzA,115,롤,title,0.85
mRjhC-7LST4,126459,발로,title,0.85
mRwdevePzOA,8173,오버워치,title,0.85
mSZJnOWH5lE,27789,배틀그라운드,title,0.85
mSu8jZR3e6g,9804,메이플,title,0.85
mT0ggdp3v_g,27789,배그,title,0.85
mT3fj8ifVfQ,119133,elden ring,title,0.85
mT4w5ZbkvDA,26606,던파,title,0.85
mTATAZxX920,1020,gta5,title,0.85
mTXPZSff154,17269,로블록,title,0.85
mTpVwjJypnk,135400,마인크래프트,title,0.85
mU0tZDYSN9A,26606,던파,title,0.85
mUTCtLQtvU8,1020,gta5,title,0.85
mUZiKXhvp3o,151665,팰월,title,0.85
mVGNHegKSxM,135400,마인크래프트,title,0.85
mVeWchsufqw,93902,fc온라인,title,0.85
mVuWlzDyrSU,1020,gta5,title,0.85
mWeQHyabJXw,9804,메이플,title,0.85
mWgFHv2bpQQ,27789,배그,title,0.85
mX1dl6S9m8I,117199,니케,title,0.85
mXyDS7w7-qM,115,롤,title,0.85
mXzVyYKDBTo,178282,스타레일,title,0.85
mY0b2fwJlws,388008,리니지,title,0.85
mY7vub6Lbak,26606,던파,title,0.85
mYBS_sdRE0w,563,아이온,title,0.85
mYwPpd793jY,9804,메이플,title,0.85
mZTP6LbJCdI,17269,로블록,title,0.85
m_p4x-3dRIM,125165,diablo 4,title,0.85
NGSqbZWZDr4,26128,로아,title,0.85
NGm_KOIZr70,1020,gta 5,title,0.85
NGw1JCC-bzY,17269,roblox,title,0.85
NIgrrB_Z-aQ,119277,원신,title,0.85
NIo6dh2QWrw,1020,gta 5,title,0.85
NIoZITFuumY,27789,pubg,title,0.85
NJQelKO0MkY,115,롤,title,0.85
NJmYR53DTSo,126459,발로,title,0.85
NKHLqgWhf2Q,8173,오버워치,title,0.85
NKToVgHDkVY,135400,minecraft,title,0.85
NKp_LKoEb60,115,롤,title,0.85
NKuzjFnRJd4,26606,던파,title,0.85
NLvsMQRkbBc,115,롤,title,0.85
NLxhqVTooo0,27789,배그,title,0.85
NLymXQPPNpo,1020,gta 5,title,0.85
NMLoejSjqcY,26128,로스트아크,title,0.85
NMjZM_Gj2FM,27789,배그,title,0.85
NN2jA9nOnWM,17269,로블록,title,0.85
NNW0v_aj3sM,17269,로블록,title,0.85
NNkpPZBrdMc,178282,스타레일,title,0.85
NO75FPEbtx4,27789,배틀그라운드,title,0.85
NOPWLRwEfxo,26128,로스트아크,title,0.85
NOaAmfxhhP4,9804,메이플,title,0.85
NOlB1PiFSi0,135400,마인크래프트,title,0.85
NOsdA4zdPv8,1020,gta 5,title,0.85
NPoKG-Y2AXM,17269,로블록,title,0.85
NQBsEV1IGkg,26128,로스트아크,title,0.85
NQk1CmLx0MI,26128,로스트아크,title,0.85
NQlq_gF53u0,26606,던파,title,0.85
NR8g_rovWA4,8173,오버워치,title,0.85
NRJyHOHXCG8,126459,valorant,title,0.85
NSEYEl6jEOE,8173,오버워치,title,0.85
NSF9zs3An0g,126459,발로,title,0.85
NSKCbLolw50,1020,gta 5,title,0.85
NSdDXWlXuak,126459,valorant,title,0.85
NSxu3TAMpWA,135400,minecraft,title,0.85
NTQ2lrIzEg4,126459,valorant,title,0.85
NTy3qwVDscs,17269,로블록,title,0.85
NU06wk0Cwp8,126459,valorant,title,0.85
NUOJawXLcGw,9804,메이플,title,0.85
NUi1ub0Ok_4,230,starcraft,title,0.85
NVOK2YMYsA8,26606,던파,title,0.85
NVqSJU0hWTo,115,롤,title,0.85
NWAuB-wj-5E,230,starcraft,title,0.85
NXR6JHn_AuM,119277,원신,title,0.85
NYjO2dRwr84,1020,gta5,title,0.85
brLuluxBePg,18866,데바데,title,0.85
brjwHbRbr6M,126459,valorant,title,0.85
bsjOQgvC63Q,126459,발로,title,0.85
bsmQwFDdtWk,1942,위쳐,title,0.85
bt58TZNUKqg,27789,배그,title,0.85
btB6i72_fmE,126459,발로,title,0.85
btagO1eMESQ,1020,gta5,title,0.85
btpB4PrTSc0,115,롤,title,0.85
bu56Tmf2420,119277,원신,title,0.85
bu6XYInYAMU,119133,엘든 링,title,0.85
buCQHhPOHT0,17269,로블록,title,0.85
buDeJwNBkN8,186725,뱀서,title,0.85
buo5IMZ9mdU,119133,elden ring,title,0.85
bupn9ajxtF8,115,롤,title,0.85
bv24EUz6u9Y,115,롤,title,0.85
bvMyI10h3RA,26606,던파,title,0.85
bvobDKnkJko,21492,마비노기,title,0.85
bvxmD4TdQaI,125165,diablo 4,title,0.85
bwLN3unJS-g,8173,오버워치,title,0.85
bwg3rdSbKvE,9804,메이플,title,0.85
bwpspizM7Ic,26606,던전앤파이터,title,0.85
bwqiLfgzvAA,115,롤,title,0.85
bwuAkD6wbjs,26128,로스트아크,title,0.85
bwyRnQi8tJc,26606,던파,title,0.85
by5A6LinwSQ,8173,오버워치,title,0.85
bz7ildvtHAg,126459,발로,title,0.85
bzKntKp8lDM,135400,마인크래프트,title,0.85
bzRibnuflAc,8173,오버워치,title,0.85
bzcwd7P8UGc,27789,배그,title,0.85
c-4eiq5GJRg,115,롤,title,0.85
c-NA27E1elY,115,롤,title,0.85
c-eSCnSMrvg,126459,valorant,title,0.85
c-uPhcYc91g,115,롤,title,0.85
c0uBvjvH6MU,135400,minecraft,title,0.85
c10ICSxr3sI,9804,메이플,title,0.85
c1sgN7ZysuM,388008,리니지,title,0.85
c3KQTDHmm50,126459,발로,title,0.85
c3c7XAT2X5w,1020,gta 5,title,0.85
c46jYRXJJwA,26128,로스트아크,title,0.85
c49s_YDfa1w,115,롤,title,0.85
c4EPavmQX9k,17269,로블록,title,0.85
c4OoT6XfLXo,1020,gta5,title,0.85
c4jQ1dU5f84,115,롤,title,0.85
c548AueRYa8,9804,메이플,title,0.85
c5SCpV1znbg,1020,gta 5,title,0.85
c5fmTNeuS-M,1020,gta5,title,0.85
R8EekN6h4vY,115,롤,title,0.85
R98mPvP2Tok,1020,gta 5,title,0.85
R9xS_H5Bd2Y,17269,로블록,title,0.85
RA0VjQKlJwM,1020,gta 5,title,0.85
RA6O3hEsaEg,230,starcraft,title,0.85
RAIXBscP3ns,126459,발로,title,0.85
RBKBnS2Fnsw,115,롤,title,0.85
RBeWgG4Q1G0,126459,발로,title,0.85
RCeYhG75rdY,563,아이온,title,0.85
RCjUSg9SO-U,9804,메이플,title,0.85
RD2B2806ds0,135400,마인크래프트,title,0.85
RDP6MJ3TwlI,1020,gta5,title,0.85
RDg-eBEbxB0,1020,gta 5,title,0.85
RDgwKUJGz7w,9804,메이플,title,0.85
RDwRzHPTUaE,8173,오버워치,title,0.85
RDyfNriPKyE,9804,메이플,title,0.85
REUOrB2uUVo,1020,gta 5,title,0.85
RFIvYuQifSw,1020,gta 5,title,0.85
RFOribnnRvQ,26606,던파,title,0.85
RFfgwzaLXOA,8173,오버워치,title,0.85
RGKaJ6gk3Fk,9804,메이플,title,0.85
RGdhnfUBc8E,8173,오버워치,title,0.85
RHi4lxCGyBI,152271,시티즌 슬리퍼,title,0.85
RHkHA8hTx_0,26606,던파,title,0.85
RHqRcYAMz7M,1020,gta 5,title,0.85
RIR_bZwoGEo,115,롤,title,0.85
RIW02b60koc,27789,배틀그라운드,title,0.85
RIiSZF9CrXU,9804,메이플,title,0.85
RJENpQ3m8BE,1020,gta 5,title,0.85
RJFjIR_iIoY,1020,gta5,title,0.85
RJzWYjjnNQQ,26128,로스트아크,title,0.85
RL2_ZUwRnyM,9804,메이플,title,0.85
RLGNWAVEPXM,1020,gta 5,title,0.85
RLWjHJtei0E,126459,발로,title,0.85
RLnCD9d0Wuk,388008,리니지,title,0.85
RMRivd5cnZo,26128,로아,title,0.85
RMhaw9gWTnY,27789,배틀그라운드,title,0.85
RNayqXPl6G0,115,롤,title,0.85
RNc9KxtTr40,17269,roblox,title,0.85
RO8EbZY6KZY,115,롤,title,0.85
ROWXM-qo9Z4,17269,로블록,title,0.85
ROm0YB_MQAQ,115,롤,title,0.85
RPmBE1d6OYU,126459,발로,title,0.85
vADWrDQAB5M,125165,diablo 4,title,0.85
vAErs6Vjaw4,9804,메이플,title,0.85
vB2nG_VwfQs,27789,배그,title,0.85
vBNE3bKMpu8,135400,minecraft,title,0.85
vBpZZSU_AVo,93902,fc온라인,title,0.85
vCHYKEJffxk,26128,로스트아크,title,0.85
vCddA_V0a8U,230,starcraft,title,0.85
vE-tyHQgQcg,115,롤,title,0.85
vE3IFe9y9Ig,115,롤,title,0.85
vFCD6ANBi00,27789,배그,title,0.85
vFiOOW3yJZE,26606,던파,title,0.85
vGS_UfEqIyI,8173,오버워치,title,0.85
vGVlXSzSJYM,27789,pubg,title,0.85
vHCfpOx6WhU,117199,니케,title,0.85
vHUEeNA_7yo,115,롤,title,0.85
vHcjatKMNOQ,93902,fc온라인,title,0.85
vI6R8Une4Qg,115,롤,title,0.85
vISD1FezEGg,178282,스타레일,title,0.85
vIsN8nknIzc,115,롤,title,0.85
vJ3QiP5uQV0,115,롤,title,0.85
vJAFiIuKmMQ,1020,gta 5,title,0.85
vJCHikXy51U,115,롤,title,0.85
vJPwXVscd50,1020,gta5,title,0.85
vK70uNcQu8U,126459,valorant,title,0.85
vKJ1-AL-XFM,26606,던파,title,0.85
vKtKKwEyRPo,115,롤,title,0.85
vLW4ZUCKBeg,230,starcraft,title,0.85
vLipc6D2gGw,17269,로블록,title,0.85
vLlJ-_POSwU,115,롤,title,0.85
vMgUNbEF5v8,151665,팰월,title,0.85
vMhvJ47J_D4,26128,로스트아크,title,0.85
vN405ofw0Kk,26606,던파,title,0.85
vNM8bQw5pQw,115,롤,title,0.85
vNizfkCsDiU,126459,valorant,title,0.85
cqSu58AEMpE,119133,elden ring,title,0.85
cr2NLlCiNrA,115,롤,title,0.85
crA2wlpfHu4,1020,gta 5,title,0.85
csS94ezCEZc,178282,스타레일,title,0.85
cuUD2BOqa-A,115,롤,title,0.85
cvRX47u1nmE,126459,valorant,title,0.85
cvqlRBUXcbY,8173,오버워치,title,0.85
cwaDMpKFmNk,9804,메이플,title,0.85
cwrbPeyIzCA,8173,overwatch,title,0.85
cxtG6GhRigg,178282,스타레일,title,0.85
cyTCekRw-qo,115,롤,title,0.85
cyhTdNwLBjQ,9804,메이플,title,0.85
cyhcjpv7pCk,26606,던파,title,0.85
cyiliskKZF4,17269,로블록,title,0.85
cypIhbBoDiQ,27789,배틀그라운드,title,0.85
cz1FN2xHfdo,115,롤,title,0.85
czLRasbjH0g,115,롤,title,0.85
czQ0HpFQuQw,27789,배틀그라운드,title,0.85
czZQjGefio8,1020,gta 5,title,0.85
d-9DGWxvWh8,17269,로블록,title,0.85
d0M9CWSCGLI,126459,발로,title,0.85
d0c-eliXHVM,135400,minecraft,title,0.85
d1XKZmBZwvc,115,롤,title,0.85
d1_SrvgdM9U,93902,fc온라인,title,0.85
d1eKKqsUQAU,151665,팰월,title,0.85
d1ot7tCu9yI,178282,스타레일,title,0.85
d2qxzMiU-D4,1020,gta 5,title,0.85
d2tAF6wiSTo,27789,배틀그라운드,title,0.85
d30-t7XTCw8,230,스타크,title,0.85
d3PIBjTkr2g,1020,gta5,title,0.85
d3uvvq-tmgg,115,롤,title,0.85
d3z0_3ian-g,26606,던파,title,0.85
d4UC5bKGJhs,9804,메이플,title,0.85
785qZknciEI,17269,로블록,title,0.85
789Oa5b6AV4,17269,로블록,title,0.85
78wzB5AyvWs,230,스타크,title,0.85
794tVMr2EAE,126459,valorant,title,0.85
7AnEn46ILI0,26606,던파,title,0.85
7AragB57BeU,563,아이온,title,0.85
7ByfHedLerY,9804,메이플,title,0.85
7C0ac0MkwI0,8173,오버워치,title,0.85
7CEv6dlfGxg,115,롤,title,0.85
7CPvD3nMHTc,126459,발로,title,0.85
7Cwd6QKatn8,26128,로스트아크,title,0.85
7D9XxJpbVPY,9804,메이플,title,0.85
7DO3bdl39co,26606,던파,title,0.85
7DuonQK1k8I,17269,로블록,title,0.85
7EC3DvKe5Ag,27789,배그,title,0.85
7ESv3MmQhUQ,27789,배틀그라운드,title,0.85
7EsVnoWQbKg,26128,로스트아크,title,0.85
7F9g8m6dzTA,1020,gta 5,title,0.85
7FbmLd2EojA,26128,로스트아크,title,0.85
7FshlHxqgWw,135400,minecraft,title,0.85
7H3TQmdZMuc,135400,마인크래프트,title,0.85
7HNu75A1Mr8,17269,로블록,title,0.85
7HWKyd9HmKs,26128,로스트아크,title,0.85
7ITPqSEwIOg,388008,리니지,title,0.85
7JIvCuVsejk,17269,로블록,title,0.85
7JnlASoa6Gs,1020,gta 5,title,0.85
7L3w95pXrcw,115,롤,title,0.85
7LEszJChcYE,17269,로블록,title,0.85
7L_YoIY_JYc,9804,메이플,title,0.85
7LbRm5-sOqY,17269,로블록,title,0.85
Yi8wCyAu058,135400,마인크래프트,title,0.85
Yk2ui2PFDHQ,1020,gta5,title,0.85
YkZ96_1R01A,17269,로블록,title,0.85
Ykx6951Rd6Y,115,롤,title,0.85
YlGead3_Svc,9804,메이플,title,0.85
YmHGQqtk0mE,9804,메이플,title,0.85
YmUArP85OYI,115,롤,title,0.85
YmdzFCwUJVU,136879,검은 신화,title,0.85
Ymg6p2wcP9A,1020,gta 5,title,0.85
YmtYUT72JbQ,9804,메이플,title,0.85
YnLl6BdHye0,1020,gta 5,title,0.85
YnQtchnuTYo,388008,리니지,title,0.85
Yo2k1ELeu8U,17269,로블록,title,0.85
Yo35ln1Fd3c,126459,valorant,title,0.85
YoSYD1uLPXo,119388,왕눈,title,0.85
YoSreAsebiQ,8173,오버워치,title,0.85
YoaOecezZE8,17269,로블록,title,0.85
YocDjo6yPbU,1020,gta 5,title,0.85
YoqllCG7lmY,17269,로블록,title,0.85
YqS5zWLotow,119133,elden ring,title,0.85
YqhsSkm-E7k,8173,오버워치,title,0.85
Yqu5g3110Ws,126459,발로,title,0.85
Yr_Jop8PahM,27789,배그,title,0.85
YriaBktBhw8,115,롤,title,0.85
Ys9vMN7F7MA,115,롤,title,0.85
YsQXlnvjIfQ,1020,gta 5,title,0.85
YsVHCKk2yQk,115,롤,title,0.85
YseMYVssoSo,115,롤,title,0.85
Yt8Sar2l110,115,리그 오브 레전드,title,0.85
YtDutyLt3zo,17269,로블록,title,0.85
YtU0jxyOfVU,27789,배그,title,0.85
YtbJVHCAYHs,27789,배그,title,0.85
YtcHIjU_YXw,17269,로블록,title,0.85
YvEtxI2660I,1020,gta 5,title,0.85
YvLpGCWTCJ8,135400,minecraft,title,0.85
YvafJq_bmVs,17269,로블록,title,0.85
YwG58ow-wzs,93902,fc온라인,title,0.85
YxnURWzbbkM,230,starcraft,title,0.85
Yy71_0YiM4I,26128,로스트아크,title,0.85
YyIK0Q1LCM0,126459,발로,title,0.85
YyL6DgvGbWs,17269,로블록,title,0.85
YyhtZNOAQhg,26128,로스트아크,title,0.85
YyolH3pDlQo,1020,gta 5,title,0.85
keHBN2a55IY,178282,스타레일,title,0.85
keTD6rhpSY0,1020,gta5,title,0.85
ke_KEOUsRYU,8173,옵치,title,0.85
kf1Ia1vMHRA,119277,원신,title,0.85
kfjoJvPLFF0,27789,배그,title,0.85
kgHtxod7fGQ,125165,diablo 4,title,0.85
kgqMKwz4PKo,1020,gta 5,title,0.85
kh2KUy7LIOc,1020,gta 5,title,0.85
khU1-nOPq1o,8173,오버워치,title,0.85
khfUQ8NJFAE,115,롤,title,0.85
khkg9AsGagE,9804,메이플,title,0.85
kj4zGFgHrXs,1020,gta 5,title,0.85
kjGpIZMR_Co,230,starcraft,title,0.85
kjYH_MXWkwg,27789,배틀그라운드,title,0.85
kjpyXv5TkFE,17269,로블록,title,0.85
kjyD_ySSp_I,26606,던파,title,0.85
kksJATFBL-w,115,롤,title,0.85
kl-m-XmbFok,126459,valorant,title,0.85
kl1tK2JzZzo,126459,valorant,title,0.85
klJfBXEyPK4,119277,원신,title,0.85
klN6Z7c0yWQ,27789,배그,title,0.85
kmGaTJt4IcU,125165,diablo 4,title,0.85
kmumsv5zQqQ,563,아이온,title,0.85
knqbDEoGGNY,115,롤,title,0.85
koVCcWuU9QA,8173,오버워치,title,0.85
kp4QJ0e5RJE,230,스타1,title,0.85
kpEo73547Fo,135400,마인크래프트,title,0.85
kqXdaJPljRA,126459,valorant,title,0.85
kr8ImVQ_GSE,119277,원신,title,0.85
krAOpGgkweI,126459,발로,title,0.85
krRUHmxHMR8,8173,옵치,title,0.85
kt-R7Tm1xes,126459,발로,title,0.85
ku2Tu4DZOrQ,230,스타크,title,0.85
kuiQR-ngD74,135400,마인크래프트,title,0.85
kvNwlIpyPT0,7346,야숨,title,0.85
kvSgq5vj27Q,135400,minecraft,title,0.85
kvsP6KsauQ4,126459,발로,title,0.85
EIOGLaqp7-c,151665,팰월,title,0.85
EIaGDd1TlHQ,9804,메이플,title,0.85
EIuMB_Ug3Y0,9804,메이플,title,0.85
EKTVvX8dESo,178282,스타레일,title,0.85
EKVt3mW8hiw,27789,pubg,title,0.85
ELpF4vHJV58,119171,발더스,title,0.85
ELuDrYtHXYI,9804,메이플,title,0.85
EMc0VzE531U,8173,오버워치,title,0.85
EMr1UrGpF5E,115,롤,title,0.85
EMvWFiGhI1E,230,starcraft,title,0.85
ENOzqfo-Pig,135400,마인크래프트,title,0.85
ENZkMu-bGDw,26128,로스트아크,title,0.85
ENgBHvuOK3s,135400,마인크래프트,title,0.85
ENiM1UaHenU,17269,로블록,title,0.85
ENrz-MAIklc,9804,메이플,title,0.85
EO5ZT95PW9g,93902,fc온라인,title,0.85
EOABZBHwhXI,178282,스타레일,title,0.85
EOuPm-hooQQ,115,롤,title,0.85
EOyJpDXLxHk,126459,발로,title,0.85
EPwAX5k4QFo,119277,원신,title,0.85
EQB7LbU_d_g,119277,원신,title,0.85
ERnI3gAzsEI,9804,메이플,title,0.85
ESasLPWPD1g,115,롤,title,0.85
ESwFtafzOqw,135400,마인크래프트,title,0.85
EU-z3g8eFQ4,126459,valorant,title,0.85
EU0GYJNIahg,9804,메이플,title,0.85
EU1F4Eouno0,115,롤,title,0.85
EUlM9MFApb4,115,롤,title,0.85
EVACxjbn6Sg,26606,던파,title,0.85
EVD8mCxfHaU,9804,메이플,title,0.85
EVD8mCxfHaU,151665,팰월,title,0.85
EVF_L7AVasI,178282,스타레일,title,0.85
EVMz2NVOssY,17269,로블록,title,0.85
EVaht2nfo2Q,126459,valorant,title,0.85
EVlcaZj95pI,26128,로스트아크,title,0.85
EVnCrptoKpc,178282,스타레일,title,0.85
EVo39Fjkz9Y,26606,던파,title,0.85
EVrJDkKz0Ho,151665,팰월,title,0.85
EW4VC8ZKGc4,1020,gta5,title,0.85
EWFsYMy7mHw,126459,발로,title,0.85
EWOSW9G9-6Q,126459,valorant,title,0.85
EWm23IX5re8,126459,발로,title,0.85
EXXv-G6h0Ic,117199,니케,title,0.85
KE5VSXsPnGE,9804,메이플,title,0.85
KEGx4Qx-_-8,26606,던파,title,0.85
KEtV8otwUpM,115,롤,title,0.85
KFZ9fdO0-sc,119388,왕눈,title,0.85
KFxYd6Utqv0,17269,로블록,title,0.85
KG5_ut6XNJ0,117199,니케,title,0.85
KGIW_WbJwKs,27789,배그,title,0.85
KGIeUtoRRns,126459,발로,title,0.85
KIckcaKruwQ,8173,오버워치,title,0.85
KIdvKyey_SE,8173,오버워치,title,0.85
KJBe1UZaASk,119133,elden ring,title,0.85
KKq3EpStEKU,17269,로블록,title,0.85
KLWUpyA22qA,1020,gta 5,title,0.85
KLwV5Aj_X7o,115,롤,title,0.85
KMDymo2rQms,115,롤,title,0.85
KN-pn3k5w9o,126459,valorant,title,0.85
KNXxd2-KSQ4,8173,overwatch,title,0.85
KOxuBJR_25k,1020,gta 5,title,0.85
KPCaAOOCd1I,135400,마인크래프트,title,0.85
KPUws26erB4,178282,스타레일,title,0.85
KQAliyzaUT8,1020,gta 5,title,0.85
KQP6wvGt2Ls,115,롤,title,0.85
KQhldKRQ-Gs,9804,메이플,title,0.85
KQm_dxzbx3o,17269,로블록,title,0.85
KQoGWEaowRI,388008,리니지,title,0.85
KR3hiXYOrLs,126459,valorant,title,0.85
KRKfmOozSPw,17269,로블록,title,0.85
KSBw4Kbcfbk,8173,오버워치,title,0.85
KTNnyKo-huw,126459,valorant,title,0.85
KTbcPlUlyu8,115,롤,title,0.85
KTde5hF2vfY,26128,로아,title,0.85
XT5UZVL4tvg,135400,마인크래프트,title,0.85
XT9gqrJ4AJk,126459,발로,title,0.85
XTEO_Cbkq64,230,starcraft,title,0.85
XTQY38FFclM,230,스타크,title,0.85
XU3TSOXeKKQ,117199,nikke,title,0.85
XUevS-6iwH4,115,롤,title,0.85
XV3IElM8WOc,151665,팰월,title,0.85
XVHSmo7oyog,1020,gta 5,title,0.85
XVnwazz2Y2U,1020,gta 5,title,0.85
XW-ULnydUaQ,135400,마인크래프트,title,0.85
XW03mNDKbOg,17269,로블록,title,0.85
XWc3E88Qjzk,115,롤,title,0.85
XX3ggixTt-c,9804,메이플,title,0.85
XZ2-o5xivEU,17269,로블록,title,0.85
XZBgcl-FPyk,9804,메이플,title,0.85
XZ_wYRELqyI,26128,로스트아크,title,0.85
X_K0tmj2wQU,126459,발로,title,0.85
X_agmEXYR9Y,7346,야숨,title,0.85
XaJyB7qvBJQ,1020,gta5,title,0.85
XaOn9S44nW0,563,아이온,title,0.85
XaltIA7tEZU,26128,로아,title,0.85
Xaxj0puhzN4,26128,로스트아크,title,0.85
XbiL9HNUIWs,230,starcraft,title,0.85
XblOu9jpvvY,1020,gta 5,title,0.85
XbrlS5-u990,9804,메이플,title,0.85
XdbQkZVDXGM,26128,로스트아크,title,0.85
Xdmt8FpVEsw,136879,검은 신화,title,0.85
XdqRJrVXkPg,93902,fc온라인,title,0.85
XeZqvXo_DuY,135400,마인크래프트,title,0.85
XebF9T6glcg,135400,마인크래프트,title,0.85
XeoZr4Eajsw,26128,로스트아크,title,0.85
XewXiaRwr8U,17269,로블록,title,0.85
XfKeGWXLfec,126459,발로,title,0.85
XfUPVlIosFc,1020,gta 5,title,0.85
Xfb6Uilr8s8,388008,리니지,title,0.85
XfgWPqGOIxc,115,롤,title,0.85
XfhyqQOwZe4,126459,발로,title,0.85
XfieNTANbLA,151665,팰월,title,0.85
XfxxReJTAdA,26606,던파,title,0.85
XgN45XjOnQo,115,롤,title,0.85
XgSaZii_DPk,9804,메이플,title,0.85
XgZcudIr6OY,26606,던파,title,0.85
Xgrhrd_59No,115,롤,title,0.85
XgxpkcfHfCo,115,롤,title,0.85
XhTSUUwO6tM,115,롤,title,0.85
XhYH1bGBd5U,126459,발로,title,0.85
XhgWcQDPtM4,178282,스타레일,title,0.85
Xi1mPdZFRgs,17269,로블록,title,0.85
XiDwEqw1uW0,115,롤,title,0.85
Xim9QCj638M,17269,로블록,title,0.85
Xjt9vA6EQ6o,9804,메이플,title,0.85
UwfpNeq1blc,621,콜오브듀티,title,0.85
Uwycazwn-e0,115,롤,title,0.85
UxWgtN4gr6g,1020,gta 5,title,0.85
UxhYeu5mN5Q,26606,던파,title,0.85
UxzyaPvIMT4,8173,오버워치,title,0.85
UyE1UCF18Fs,26606,던파,title,0.85
UyrRPB8Uv60,115,롤,title,0.85
UyzS3fGe3Gw,9804,메이플,title,0.85
V-AmZtuPFV8,1020,gta 5,title,0.85
V0E5p92UMos,26606,던파,title,0.85
V0QPFHlYyNQ,1020,gta 5,title,0.85
V0jSTYZv4cQ,230,starcraft,title,0.85
V0mjTDGWJRA,115,롤,title,0.85
V10kv-68FZQ,17269,로블록,title,0.85
V14OFDgiKx8,93902,fc온라인,title,0.85
V1i6BlaxM-g,126459,valorant,title,0.85
V1rrhmRB8zE,563,아이온,title,0.85
V1rvN2v85gE,115,롤,title,0.85
V1vqdO8V6QY,9804,메이플,title,0.85
V2brqibDnn4,119277,원신,title,0.85
V2mUW6svlYM,17269,로블록,title,0.85
V2xpetAiCX0,388008,리니지,title,0.85
V35QgV6QFLs,388008,리니지,title,0.85
V3EpBBd5m8s,126459,valorant,title,0.85
V3YPnCDLL1c,115,롤,title,0.85
V3zCDnpMII4,9804,메이플,title,0.85
V48Pt-zOm24,1020,gta 5,title,0.85
V4I3OsleaXI,135400,마인크래프트,title,0.85
V4IQzOeLPnU,9804,메이플,title,0.85
V4IQzOeLPnU,151665,팰월,title,0.85
V4VwxNmMx0I,115,리그 오브 레전드,title,0.85
V4mgFJJN9yQ,21492,마비노기,title,0.85
V4orMDrzgJY,115,롤,title,0.85
V4sQvSFN6ks,230,starcraft,title,0.85
V5mykXJ3ku0,93902,fc온라인,title,0.85
V6ALtpKVk2I,119133,엘든링,title,0.85
V6Sj6ztjKI4,230,starcraft,title,0.85
V6aGpKThAiY,26128,로스트아크,title,0.85
V7Gq2l_T_GE,1020,gta 5,title,0.85
V7MhVPbO6ME,1020,gta 5,title,0.85
V7_N65b93a4,119277,원신,title,0.85
V7b0VPT7Tzw,115,롤,title,0.85
V8HEBX7RVtI,17269,로블록,title,0.85
V99Lw2nIRZo,27789,배그,title,0.85
V9I4aqJg_qI,27789,배그,title,0.85
V9pBXrZJNCs,115,롤,title,0.85
VA4th8wMhGk,119388,왕눈,title,0.85
VA8gat997uw,115,롤,title,0.85
VAc9cuAHTc4,119133,elden ring,title,0.85
VArR0xciZ2k,17269,로블록,title,0.85
VB2fvybZGhM,8173,오버워치,title,0.85
VBuQNMJi8Y8,26128,로스트아크,title,0.85
VC8-3zSA3xU,135400,마인크래프트,title,0.85
VCG5YR9lMfo,125165,diablo 4,title,0.85
VCMNYGyg5MY,126459,발로,title,0.85
VCs6LdKjq8o,26128,로스트아크,title,0.85
VCs6LdKjq8o,8173,오버워치,title,0.85
VDEKH7Q0yoQ,126459,발로,title,0.85
VDOnHyXOMVw,27789,pubg,title,0.85
Co1qlrzf_rI,8173,오버워치,title,0.85
CpCeKOgRfHE,26128,로스트아크,title,0.85
CpLxLsl4r_E,27789,배틀그라운드,title,0.85
Cpn9oS9JNqU,115,롤,title,0.85
Cq1-2q4rMNI,115,롤,title,0.85
CrJpNfcpC1A,126459,발로,title,0.85
CsugAqlcs-A,135400,minecraft,title,0.85
CuM9yq0EKnE,126459,valorant,title,0.85
CuNn4GTQ5rI,135400,마인크래프트,title,0.85
CuRP6epaOy0,1020,gta 5,title,0.85
CuescXnCDZQ,9804,메이플,title,0.85
CuhkzBJOMhI,230,starcraft,title,0.85
Cv5Nc9Nn0mY,126459,발로,title,0.85
Cw3IWyRHNew,17269,로블록,title,0.85
Cw6iryh1yLY,115,롤,title,0.85
CwARy8Apwxo,115,롤,title,0.85
CwpT__daxW4,27789,배그,title,0.85
CxalN-2dYLc,119277,원신,title,0.85
CxezLiZOF1s,1020,gta5,title,0.85
CxiKWUJytlI,388008,리니지,title,0.85
CxuX2uU4lXw,17269,로블록,title,0.85
Cy131IpoQwc,93902,fc온라인,title,0.85
CyTeuOIZDc4,126459,발로,title,0.85
Cyo0-pHqBI0,27789,배틀그라운드,title,0.85
Cz8H7Qi4Y2c,126459,valorant,title,0.85
wEhk1nIrCow,26606,던파,title,0.85
wEz7g0g8-ig,119277,원신,title,0.85
wF9b6lVQjD8,8173,오버워치,title,0.85
wF9b6lVQjD8,126459,발로,title,0.85
wFp8FcbkERE,93902,fc온라인,title,0.85
wG0IyfQ0C9s,17269,로블록,title,0.85
wG0cgDUilA0,17269,로블록,title,0.85
wG1deTQ1fjc,1020,gta 5,title,0.85
wG8tppwxxtk,27789,배그,title,0.85
wGReLsgOOdY,126459,발로,title,0.85
wHCJxdEAsB0,115,롤,title,0.85
wIGO2rFAGBg,9804,메이플,title,0.85
wJDVLcbySB4,126459,발로,title,0.85
wJHUoOpe_o8,27789,배틀그라운드,title,0.85
wJKgaz4smp0,9804,메이플,title,0.85
wK2_vDH0BNw,26128,로아,title,0.85
wK3ZXMSx9_Y,1020,gta 5,title,0.85
wK6O5Dqg9Qg,1020,gta 5,title,0.85
wKCfIWQmb6Y,388008,리니지,title,0.85
wKgCN_tjXXU,126459,발로,title,0.85
wM5NaYJykWA,135400,minecraft,title,0.85
wMZaZ3Rnklg,135400,마인크래프트,title,0.85
wMq4U_jqsl0,126459,valorant,title,0.85
wN7aWj7dong,115,롤,title,0.85
wNCV3lcpXBI,9804,메이플,title,0.85
wNMoNmFsJ4o,1020,gta 5,title,0.85
wNd-L1RSjwU,17269,로블록,title,0.85
wNdw783ul_M,119388,왕눈,title,0.85
wOY4mddKRDY,17269,로블록,title,0.85
wOdvKD-xnc8,27789,배그,title,0.85
wOgYCI-ABtU,135400,minecraft,title,0.85
wOnvsEamDso,27789,배그,title,0.85
wPtmY5tDxFU,17269,로블록,title,0.85
g4F3OEXeKfg,93902,fc온라인,title,0.85
g4GRkL3BdVA,1020,gta5,title,0.85
g4PuvKWuL4M,26606,던파,title,0.85
g50panI_7_M,115,롤,title,0.85
g552s2aFDxE,26128,로아,title,0.85
g5NPnEc7pSQ,9804,메이플,title,0.85
g66H0appQRc,135400,마인크래프트,title,0.85
g6HZJrNAfPw,152271,시티즌 슬리퍼,title,0.85
g6zgy_yT1ms,17269,로블록,title,0.85
g7E4-iGOqDQ,17269,로블록,title,0.85
g7J4gI6qr-U,27789,pubg,title,0.85
g7Lj1pk5QYk,9804,메이플,title,0.85
g7jXA3RXg20,119388,왕눈,title,0.85
g8MPd9nJNMI,17269,로블록,title,0.85
g8Qtvk9in48,115,롤,title,0.85
g940a5R6Qyk,27789,배그,title,0.85
g94zlxK5rNs,17269,로블록,title,0.85
g9xGxc_ezzE,178282,스타레일,title,0.85
gACGkcbFSoA,27789,배틀그라운드,title,0.85
gBfd1y9NwGk,230,스타크,title,0.85
gBfnWrbmF_Y,17269,로블록,title,0.85
gBrR-TRi7og,27789,배그,title,0.85
gClvUdKQR4g,8173,오버워치,title,0.85
gCysyNaxMnA,115,롤,title,0.85
gDZ9i1RnyMI,17269,로블록,title,0.85
gDlQzMGGSmM,135400,마인크래프트,title,0.85
gEbF6Y359UE,125165,diablo 4,title,0.85
gEkyJgHQ1Lc,1020,gta5,title,0.85
gEocF3Myu6I,9804,메이플,title,0.85
gEt4F494-ZU,9804,메이플,title,0.85
gExjm7GUa_M,1020,gta 5,title,0.85
gF2T3_cnMj8,27789,배틀그라운드,title,0.85
gFalPK0RWzE,115,롤,title,0.85
gFu-I2q-aH0,119133,elden ring,title,0.85
gGAYJ-Jm7Wc,17269,로블록,title,0.85
gGGNkXbXVbo,1020,gta 5,title,0.85
gGLnGPtO0r8,115,롤,title,0.85
gGlgmlCOKyo,115,롤,title,0.85
gGqoteJGoYs,126459,발로,title,0.85
ouaIau446PU,26606,던파,title,0.85
oukX_PsTePA,115,롤,title,0.85
ouykZUya_EM,8173,오버워치,title,0.85
ov0N8MtiZqA,26606,던파,title,0.85
ovDkD1oEqs0,115,롤,title,0.85
ow6EB2Ogh9Q,115,롤,title,0.85
owRxJS0EA2Q,119277,원신,title,0.85
ow_BbZuWqbo,125165,디아블로4,title,0.85
owgfHAujLWc,126459,발로,title,0.85
oy1uvqb01hk,9804,메이플,title,0.85
oyW1-Kuf8ME,117199,니케,title,0.85
oyeqgaLJ8WQ,1020,gta 5,title,0.85
ozByEXgjrbs,8173,오버워치,title,0.85
ozD6IfbLcQw,125165,diablo 4,title,0.85
ozTrqpio2X8,9804,메이플,title,0.85
ozXlMYLP1ww,126459,발로,title,0.85
ozhdv48_xNQ,115,롤,title,0.85
p-0YOT-l5DM,1020,gta5,title,0.85
p-BaM9SBGlg,17269,로블록,title,0.85
p-KxfQeTLGw,115,롤,title,0.85
p-P2BSAQ3WI,8173,오버워치,title,0.85
p-T8HXtlMTY,115,롤,title,0.85
p-rD7owJjXc,18866,데바데,title,0.85
p0jIX3E-_Ow,115,롤,title,0.85
p0xEfyOg8ck,27789,배그,title,0.85
p21sV9vFRLk,126459,valorant,title,0.85
p2YsCDjs_sQ,9804,메이플,title,0.85
p2ohhTWp7v8,17269,로블록,title,0.85
p2tnxH7mgO8,126459,valorant,title,0.85
p3-3W4lt4Wg,115,롤,title,0.85
p3aEWAsRato,17269,로블록,title,0.85
p3u8RzCwUOU,26128,로스트아크,title,0.85
p3xXlM0ZhK8,135400,minecraft,title,0.85
p4HRBjsq-uE,17269,로블록,title,0.85
p4PzEEgj09I,1020,gta 5,title,0.85
GmOTW9ThR8Y,9804,메이플,title,0.85
GnRLH3WtUag,17269,로블록,title,0.85
GnzFprCfwqw,115,롤,title,0.85
GoMh8fmyjFs,115,롤,title,0.85
GoRt6w5VaXg,17269,로블록,title,0.85
GpWsAu8s53o,1020,gta5,title,0.85
Gp_qBShyDGI,126459,발로,title,0.85
Gqh-tSLmB2c,1020,gta5,title,0.85
GrPp2KtP1zU,126459,발로,title,0.85
GrnbCW0GHJc,135400,마인크래프트,title,0.85
GrtaeU_GulA,115,롤,title,0.85
GrzCzeHqpqY,27789,배그,title,0.85
Gs0Bwo4sbjQ,115,롤,title,0.85
GsK7aUa5vac,27789,배그,title,0.85
GsdWn0SBkLE,115,롤,title,0.85
GszIV1hZBb4,126459,발로,title,0.85
Gt7nMG7fmus,126459,발로,title,0.85
Gt8CytEGaP4,126459,발로,title,0.85
GuDtctKeYEc,17269,로블록,title,0.85
GuVN0jVZyp0,115,롤,title,0.85
GuYRL2ZKKt0,388008,리니지,title,0.85
Gv88Gl4HK7k,8173,오버워치,title,0.85
GvOQmpoXP2c,9804,메이플,title,0.85
GwCvH5rfUGk,26606,던파,title,0.85
GwgfH_p-nvU,115,롤,title,0.85
GwyN8zzGiNQ,115,롤,title,0.85
Gx89rtKxNNY,135400,마인크래프트,title,0.85
GxK7r__hAAo,26128,로스트아크,title,0.85
Gxp__gpOUI0,1020,gta 5,title,0.85
GxucCDjejFM,115,롤,title,0.85
GyVjfcyBQBE,135400,마인크래프트,title,0.85
Gy_g0BRM_Kc,8173,오버워치,title,0.85
GyqRLbLGjRo,1020,gta 5,title,0.85
Gyv4HZuI6KY,126459,valorant,title,0.85
Gz1AXtazUD0,1020,gta 5,title,0.85
Gz4kJH1GJw4,119277,원신,title,0.85
C07paPDSRck,230,스타크,title,0.85
C0H_LLz1ERU,17269,로블록,title,0.85
C0rUoOiYPOw,135400,마인크래프트,title,0.85
C1OFR3NiL5E,8173,오버워치,title,0.85
C1lWuWEHyOw,119277,원신,title,0.85
C3j4CJ2YkPs,186725,뱀서,title,0.85
C4AliV96Qik,26128,로스트아크,title,0.85
C4Km8jNQ3P8,1020,gta5,title,0.85
C4Q4RiGjfkc,27789,배그,title,0.85
C4mJNLVcUS4,9804,메이플,title,0.85
C50RJqjjYPw,115,롤,title,0.85
C68LSPNZMLA,93902,fc온라인,title,0.85
C6F-_u5LmtQ,1020,gta 5,title,0.85
C6kEDWFQA94,26606,던파,title,0.85
C7c1ypPqTe0,17269,로블록,title,0.85
C8N8KPLKtyw,17269,로블록,title,0.85
C8TtaEr9bh8,26606,던파,title,0.85
C8iiUPFYhRg,26128,로스트아크,title,0.85
C9Saab9hTG8,7346,야숨,title,0.85
CA2GXYt_Qsk,1020,gta 5,title,0.85
CAAA-Fm7oGo,125165,diablo 4,title,0.85
CABULNZtZOw,8173,오버워치,title,0.85
CAXc4E2okaY,230,스타크,title,0.85
CBQ4RTbkKIc,119277,원신,title,0.85
CCBTiKYR9aY,26128,로스트아크,title,0.85
CCDGxyEeEJA,1020,gta5,title,0.85
CCU2vtYN7xk,1020,gta5,title,0.85
CCt18UtBpPY,17000,스타듀,title,0.85
qoh0Ui6nVhw,115,롤,title,0.85
qpAhfDqFfS0,17269,로블록,title,0.85
qpSC1ywKtuA,115,롤,title,0.85
qpWdwUR-7uE,1020,gta 5,title,0.85
qqGeywdbfio,119277,원신,title,0.85
qquc34lvvqQ,9804,메이플,title,0.85
qr14m9r3FoI,8173,오버워치,title,0.85
qrKZEJHjIrI,8173,오버워치,title,0.85
qrLKiqGWfVw,126459,valorant,title,0.85
qrPVpQrlsk8,126459,valorant,title,0.85
qreNFHQfSvM,1020,gta5,title,0.85
qsk7eZw8dtc,117199,니케,title,0.85
qszCwLL0mD4,119133,elden ring,title,0.85
qtFiqFBJhTI,115,롤,title,0.85
qtNrdCspLmc,9804,메이플,title,0.85
qu0MSumdJcw,115,롤,title,0.85
qu7jdMLql5c,115,롤,title,0.85
qu8M29CVvPY,1020,gta 5,title,0.85
quLa5GzTy-o,125165,디아블로4,title,0.85
quNSlrSqyPQ,126459,발로,title,0.85
quVLs3rW1Kw,1020,gta 5,title,0.85
qulG8eewz3U,115,league of legends,title,0.85
qurkMcAp2i4,115,롤,title,0.85
qvA-qBhmm_M,115,롤,title,0.85
qvEct3SUGeU,9804,메이플,title,0.85
qvSKFVUlSds,126459,발로,title,0.85
qwH33oD5K-w,17269,로블록,title,0.85
qwLnI_Q0M58,26606,던파,title,0.85
qwZeSgrLyns,93902,fc온라인,title,0.85
qwuk_7VXJwA,126459,발로,title,0.85
qxB1ETdfixI,27789,배그,title,0.85
qxD2ut-1u-w,9804,메이플,title,0.85
qxqxWDr7bJk,135400,마인크래프트,title,0.85
qy7uwN7wp6o,115,롤,title,0.85
qyOv-wsaUFc,27789,배틀그라운드,title,0.85
qzNft2rH6FM,115,롤,title,0.85
qza7ua4a2-8,230,스타크,title,0.85
qzjLyYS3HK0,119133,elden ring,title,0.85
7MAZvtKtPBc,126459,발로,title,0.85
7MD2QpLK06Y,8173,오버워치,title,0.85
7MOqxyPW5N0,115,롤,title,0.85
7MQu2Bo9ngc,1020,gta5,title,0.85
7NET_8gPDlg,1020,gta 5,title,0.85
7OorlHXGnZw,1020,gta5,title,0.85
7Op-nLRyCB4,115,롤,title,0.85
7QG993x_Cbg,93902,fc온라인,title,0.85
7QScJlfXuv8,115,롤,title,0.85
7QujyYdyaeg,178282,스타레일,title,0.85
7RZio0AFbPA,17269,로블록,title,0.85
7RdHwusdQ5c,27789,배틀그라운드,title,0.85
7SPUwljSgaE,115,롤,title,0.85
7T3dK_ql48Q,26606,던파,title,0.85
7T41C1AH1rY,119277,원신,title,0.85
7U4W6xKr3rE,135400,마인크래프트,title,0.85
7VCUx0qYc7M,17269,로블록,title,0.85
7VcfhKrOUlQ,9804,메이플,title,0.85
7VedObrwgQw,17269,로블록,title,0.85
7WtCqXYw9wU,126459,발로,title,0.85
7XA_3pndDrI,563,아이온,title,0.85
7XY0n-C97Vs,115,롤,title,0.85
7Y-rZSSPJLc,135400,마인크래프트,title,0.85
7YEx6uWNmtY,1020,gta 5,title,0.85
7YPmhI86_3M,135400,minecraft,title,0.85
7YVtFQCXmpY,9804,메이플,title,0.85
7YZlhfec1ss,126459,발로,title,0.85
7Ybxhy9uiQw,115,롤,title,0.85
7Yi8R5SzVNg,119133,elden ring,title,0.85
7Yid6sLiLWI,126459,valorant,title,0.85
7ZEayheRW5A,26128,로아,title,0.85
7ZJdyK-0sN4,119388,왕눈,title,0.85
7ZgGGQKo7dY,17269,로블록,title,0.85
mbd9MCKfah0,388008,리니지,title,0.85
mbwIA2qSKdk,115,롤,title,0.85
mc4ikvQDEm4,8173,오버워치,title,0.85
mc6CVDSVEXI,1020,gta 5,title,0.85
mdJ7wTN7eMs,93902,fc온라인,title,0.85
meP_zjzTWWE,26606,던파,title,0.85
meYjhFPaXLU,115,롤,title,0.85
meksI8GXycI,21492,마비노기,title,0.85
meyqWSTU2YQ,17269,로블록,title,0.85
mfMcl2yfXLk,119133,엘든링,title,0.85
mfr2Vf4VXCA,17269,로블록,title,0.85
mhV1YD3TMXk,1020,gta 5,title,0.85
mhaTKLiuyw4,17269,로블록,title,0.85
mhh4IGc_s7Q,26128,로스트아크,title,0.85
mivFAILJbVI,178282,스타레일,title,0.85
mjOrah83Qp4,115,롤,title,0.85
mjTXhwsqXVs,27789,배틀그라운드,title,0.85
mjblyMZvjKo,115,롤,title,0.85
mjg555hyN28,178282,스타레일,title,0.85
mkNI5IUBUAo,119133,elden ring,title,0.85
mkjFN1xdbyQ,27789,배그,title,0.85
mlLaZP_I4DI,230,starcraft,title,0.85
mm7L5GoLT8A,115,롤,title,0.85
mmA9fet5ok4,135400,마인크래프트,title,0.85
mmT413IPucg,17269,로블록,title,0.85
mma95BlTj9I,115,롤,title,0.85
mmdbdytxvNw,1020,gta5,title,0.85
mn-qKRW-Fac,1020,gta5,title,0.85
mnMHS8EaH7g,27789,배그,title,0.85
mnhs8kT-F0k,119133,elden ring,title,0.85
mnlYNPsUMZg,1020,gta 5,title,0.85
moIWKLyPQUg,125165,디아블로4,title,0.85
moodosmoe1s,115,롤,title,0.85
moxxNl2AMXo,230,starcraft,title,0.85
BaXIHstfBNg,115,롤,title,0.85
BaeajxsfX7w,27789,배그,title,0.85
Bb5MeaAwJeQ,17269,roblox,title,0.85
Bb8W4sWOwiA,26606,던파,title,0.85
BcLjcgqeWTM,17269,로블록,title,0.85
BdpBxPccR90,115,롤,title,0.85
BeUOtJ2AAqQ,18866,데바데,title,0.85
Bet5VE-gFXs,115,롤,title,0.85
BezguCy9yXo,17269,로블록,title,0.85
BfAvCg2KECA,27789,배그,title,0.85
BfT9S7yg0xM,17269,로블록,title,0.85
BfbYf_-6vdI,563,아이온,title,0.85
Bfdkfa8vl_0,1877,사이버펑크,title,0.85
BflJxDG1rJo,17269,로블록,title,0.85
BgDjhsgAhEE,563,아이온,title,0.85
Bgf1byKV4lI,17269,로블록,title,0.85
BgzDbGJ2VvI,230,스타1,title,0.85
Bh-fKwtYgcQ,563,아이온,title,0.85
Bh4hrZzedrs,119277,원신,title,0.85
BhE6idAnOhk,1020,gta5,title,0.85
BhS9056BncY,8173,오버워치,title,0.85
BhV6XD_UrE4,119277,원신,title,0.85
BiEKb_OWu1Q,26128,로스트아크,title,0.85
BiScT6D6HBI,17269,로블록,title,0.85
BiX6xwobH44,115,롤,title,0.85
BiX6xwobH44,230,starcraft,title,0.85
BjoN53Krf-Q,1020,gta5,title,0.85
Bk77_1F2Ivo,27789,배그,title,0.85
BkQgGIMhCno,115,롤,title,0.85
BlEmx4Zl4Wg,1020,gta 5,title,0.85
BlFrIbTjG24,26606,던파,title,0.85
Bmf0Yw49GeI,135400,마인크래프트,title,0.85
