video_id,topic_category
--aLJLGrFts,Association_football
--aLJLGrFts,Sport
--aLJLGrFts,Sports_game
--kJqeA5D_U,Action-adventure_game
--kJqeA5D_U,Action_game
--kJqeA5D_U,Video_game_culture
-04SxmV7_Jo,Action_game
-04SxmV7_Jo,Strategy_video_game
-04SxmV7_Jo,Video_game_culture
-04xqnY2bbA,Video_game_culture
-1X3Tr2M2xM,Sports_game
-1X3Tr2M2xM,Video_game_culture
-2LoO2BQZOQ,Action_game
-2LoO2BQZOQ,Strategy_video_game
-2LoO2BQZOQ,Video_game_culture
-2jumRvfnP0,Action_game
-2jumRvfnP0,Video_game_culture
-2mJFxpqRQg,Music
-2mJFxpqRQg,Pop_music
-2u60CDEEdM,Action-adventure_game
-2u60CDEEdM,Action_game
-2u60CDEEdM,Role-playing_video_game
-2u60CDEEdM,Video_game_culture
-2uGFwVclc4,Role-playing_video_game
-2uGFwVclc4,Video_game_culture
-3Cj9FaJ24k,Action_game
-3Cj9FaJ24k,Role-playing_video_game
-3Cj9FaJ24k,Video_game_culture
-4yYmCFQkVw,Action_game
-4yYmCFQkVw,Video_game_culture
-57aIVssmbo,Action_game
-57aIVssmbo,Video_game_culture
-57va-a0nbw,Action_game
-57va-a0nbw,Strategy_video_game
-57va-a0nbw,Video_game_culture
-6P2I1dCYNc,Association_football
-6P2I1dCYNc,Sport
-6_5rpa13DU,Action-adventure_game
-6_5rpa13DU,Action_game
-6_5rpa13DU,Video_game_culture
-6hoFTO_nFM,Action_game
-6hoFTO_nFM,Video_game_culture
-762Q_SZzlI,Association_football
-762Q_SZzlI,Sport
-7LXGqaxsqk,Role-playing_video_game
-7LXGqaxsqk,Video_game_culture
-7RjLjGWDf8,Sports_game
-7RjLjGWDf8,Video_game_culture
-7mwGIAwA6w,Action_game
-7mwGIAwA6w,Role-playing_video_game
-7mwGIAwA6w,Video_game_culture
-7ulfUPJ7J4,Video_game_culture
-A969DcbX8I,Action-adventure_game
-A969DcbX8I,Action_game
-A969DcbX8I,Role-playing_video_game
-A969DcbX8I,Video_game_culture
-BFUX5oZe2Q,Action-adventure_game
-BFUX5oZe2Q,Role-playing_video_game
-BFUX5oZe2Q,Video_game_culture
-CNNPOPF1sw,Action-adventure_game
-CNNPOPF1sw,Video_game_culture
-CRjNmXl-5Q,Action_game
-CRjNmXl-5Q,Video_game_culture
-D4qM_YPHno,Role-playing_video_game
-D4qM_YPHno,Strategy_video_game
-D4qM_YPHno,Video_game_culture
-DEbu1ONdw0,Action_game
-DEbu1ONdw0,Video_game_culture
-DpGm-lE-2I,Puzzle_video_game
-DpGm-lE-2I,Strategy_video_game
-DpGm-lE-2I,Video_game_culture
-DvUwKxKIFw,Association_football
-DvUwKxKIFw,Sport
-DvUwKxKIFw,Sports_game
-ESvHRY4-_M,Video_game_culture
U-rQvOvN7uk,Sports_game
U-rQvOvN7uk,Video_game_culture
U0CNWrbPrZE,Action_game
U0CNWrbPrZE,Role-playing_video_game
U0CNWrbPrZE,Video_game_culture
U0LmzVSnS0Q,Action-adventure_game
U0LmzVSnS0Q,Action_game
U0LmzVSnS0Q,Video_game_culture
U0gG1ZcGaDE,Action_game
U0gG1ZcGaDE,Video_game_culture
U0gp87Bm1Mk,Action_game
U0gp87Bm1Mk,Video_game_culture
U146KZyEwTY,Action-adventure_game
U146KZyEwTY,Action_game
U146KZyEwTY,Video_game_culture
U1QT5VJ9GHM,Action-adventure_game
U1QT5VJ9GHM,Action_game
U1QT5VJ9GHM,Role-playing_video_game
U1QT5VJ9GHM,Strategy_video_game
U1QT5VJ9GHM,Video_game_culture
U1YcCjPZNzs,Action-adventure_game
U1YcCjPZNzs,Action_game
U1YcCjPZNzs,Role-playing_video_game
U1YcCjPZNzs,Video_game_culture
U1sxW-JJsZc,Action_game
U1sxW-JJsZc,Role-playing_video_game
U1sxW-JJsZc,Strategy_video_game
U1sxW-JJsZc,Video_game_culture
U25F8ax3B2s,Association_football
U25F8ax3B2s,Sport
U38TQqrvTKU,Action_game
U38TQqrvTKU,Role-playing_video_game
U38TQqrvTKU,Strategy_video_game
U38TQqrvTKU,Video_game_culture
U3htenmSubA,Action-adventure_game
U3htenmSubA,Action_game
U3htenmSubA,Role-playing_video_game
U3htenmSubA,Strategy_video_game
U3htenmSubA,Video_game_culture
U5-U0ShUCyg,Action-adventure_game
U5-U0ShUCyg,Video_game_culture
U5SEqzW7SYQ,Action_game
U5SEqzW7SYQ,Video_game_culture
U5x6yNl1uqQ,Sports_game
U5x6yNl1uqQ,Video_game_culture
U6RlLyZMg_4,Video_game_culture
U6kEiohdbdI,Action-adventure_game
U6kEiohdbdI,Action_game
U6kEiohdbdI,Video_game_culture
U8RxvsY69fA,Action-adventure_game
U8RxvsY69fA,Action_game
U8RxvsY69fA,Video_game_culture
U8ZpBI-_N0w,Action_game
U8ZpBI-_N0w,Strategy_video_game
U8ZpBI-_N0w,Video_game_culture
UAJr8fdyaxY,Video_game_culture
UBhZzyrML9c,Action-adventure_game
UBhZzyrML9c,Action_game
UBhZzyrML9c,Role-playing_video_game
UBhZzyrML9c,Strategy_video_game
UBhZzyrML9c,Video_game_culture
UCB0393RLCc,Action-adventure_game
UCB0393RLCc,Role-playing_video_game
UCB0393RLCc,Strategy_video_game
UCB0393RLCc,Video_game_culture
UDX-1Ti7JBs,Action-adventure_game
UDX-1Ti7JBs,Action_game
UDX-1Ti7JBs,Video_game_culture
UDeq-a4FGDg,Action-adventure_game
UDeq-a4FGDg,Action_game
UDeq-a4FGDg,Video_game_culture
UGgDAcMpf4A,Action-adventure_game
UGgDAcMpf4A,Action_game
UGgDAcMpf4A,Video_game_culture
UHAeNaKKwWA,Action_game
UHAeNaKKwWA,Video_game_culture
UHAmUwmE2Ic,Action_game
UHAmUwmE2Ic,Video_game_culture
UHajAcsz728,Action_game
UHajAcsz728,Video_game_culture
UJ3DcxsiyNE,Video_game_culture
UJJH6MT-QxA,Sports_game
UJJH6MT-QxA,Video_game_culture
UJaNPaIfx2Q,Video_game_culture
UJf6JzA1y4I,Action-adventure_game
UJf6JzA1y4I,Action_game
UJf6JzA1y4I,Video_game_culture
UJql3IrABBs,Sports_game
UJql3IrABBs,Video_game_culture
UKGA_H91SOs,Action_game
UKGA_H91SOs,Video_game_culture
UKLB3sYwzsw,Action-adventure_game
UKLB3sYwzsw,Action_game
UKLB3sYwzsw,Video_game_culture
UKMkASbS-8Y,Technology
UKMkASbS-8Y,Video_game_culture
kwFfaf8hVAs,Video_game_culture
kwRZAFj9_3g,Action_game
kwRZAFj9_3g,Role-playing_video_game
kwRZAFj9_3g,Strategy_video_game
kwRZAFj9_3g,Video_game_culture
kwZ894EQ9iA,Sports_game
kwZ894EQ9iA,Video_game_culture
kwypG6Bhc5s,Action-adventure_game
kwypG6Bhc5s,Action_game
kwypG6Bhc5s,Video_game_culture
kxeEgJiZWzg,Sports_game
kxeEgJiZWzg,Video_game_culture
kxzAM9szmEE,Technology
kxzAM9szmEE,Video_game_culture
kzfqioF9op4,Video_game_culture
kzg0Mi6QdM8,Action_game
kzg0Mi6QdM8,Video_game_culture
l-XKI_2OMmI,Sports_game
l-XKI_2OMmI,Video_game_culture
l-kc_ZN84Lo,Action_game
l-kc_ZN84Lo,Strategy_video_game
l-kc_ZN84Lo,Video_game_culture
l-mFSrbwvAg,Casual_game
l-mFSrbwvAg,Video_game_culture
l-qYK9Lqepg,Action_game
l-qYK9Lqepg,Strategy_video_game
l-qYK9Lqepg,Video_game_culture
l0-vf0MCMRM,Action-adventure_game
l0-vf0MCMRM,Role-playing_video_game
l0-vf0MCMRM,Video_game_culture
l0_ViUO0r8U,Role-playing_video_game
l0_ViUO0r8U,Video_game_culture
l0wgCDL_vHk,Action_game
l0wgCDL_vHk,Video_game_culture
l3HqD3PIrYY,Action-adventure_game
l3HqD3PIrYY,Action_game
l3HqD3PIrYY,Video_game_culture
l3PxFdVt6ZE,Action_game
l3PxFdVt6ZE,Strategy_video_game
l3PxFdVt6ZE,Video_game_culture
l3WZ93WOaCI,Action_game
l3WZ93WOaCI,Role-playing_video_game
l3WZ93WOaCI,Video_game_culture
l4-zYLEp-Ac,Video_game_culture
l4ogTzjp_m4,Role-playing_video_game
l4ogTzjp_m4,Video_game_culture
l4vjAqAgPPs,Action-adventure_game
l4vjAqAgPPs,Role-playing_video_game
l4vjAqAgPPs,Strategy_video_game
l4vjAqAgPPs,Video_game_culture
l67dyIb71YM,Role-playing_video_game
l67dyIb71YM,Video_game_culture
l6Z-Z8sfW3M,Action_game
l6Z-Z8sfW3M,Video_game_culture
l7xtNkzBhNI,Action_game
l7xtNkzBhNI,Video_game_culture
l8TgAcIJ0qU,Sports_game
l8TgAcIJ0qU,Video_game_culture
l9LtaQjaqhU,Video_game_culture
l9P1OfpysEA,Action-adventure_game
l9P1OfpysEA,Action_game
l9P1OfpysEA,Role-playing_video_game
l9P1OfpysEA,Video_game_culture
l9sit7SjeQY,Casual_game
l9sit7SjeQY,Puzzle_video_game
l9sit7SjeQY,Role-playing_video_game
l9sit7SjeQY,Video_game_culture
l9sxlaYDae8,Music
l9sxlaYDae8,Pop_music
l9v8ucaxAY8,Sports_game
l9v8ucaxAY8,Video_game_culture
lAX8y3ORnDs,Music_video_game
lAX8y3ORnDs,Video_game_culture
lAy6IWIZtHI,Video_game_culture
lBAcMNHZIow,Action-adventure_game
lBAcMNHZIow,Video_game_culture
sR0hgqtLAmE,Action-adventure_game
sR0hgqtLAmE,Action_game
sR0hgqtLAmE,Video_game_culture
sRx0KGhL_Go,Video_game_culture
sSDgKkj9Lzk,Action_game
sSDgKkj9Lzk,Strategy_video_game
sSDgKkj9Lzk,Video_game_culture
sSR-esGzYbU,Association_football
sSR-esGzYbU,Sport
sSeDlRA4Z1U,Action-adventure_game
sSeDlRA4Z1U,Action_game
sSeDlRA4Z1U,Video_game_culture
sSfXKp9s8vM,Action_game
sSfXKp9s8vM,Role-playing_video_game
sSfXKp9s8vM,Video_game_culture
sTCx_2mHATI,Action-adventure_game
sTCx_2mHATI,Video_game_culture
sVt-tgmJNKM,Sports_game
sVt-tgmJNKM,Video_game_culture
sVtgwbNP-Lo,Association_football
sVtgwbNP-Lo,Sport
sY3JnW7oQhw,Action_game
sY3JnW7oQhw,Video_game_culture
sY5JqyQvJBQ,Action-adventure_game
sY5JqyQvJBQ,Action_game
sY5JqyQvJBQ,Video_game_culture
sYJNDfQSFt8,Video_game_culture
sZjQ41YBc0s,Video_game_culture
saFrmdb3zug,Video_game_culture
sayRUgEYlsg,Role-playing_video_game
sayRUgEYlsg,Video_game_culture
sbC9BoAGrHA,Video_game_culture
sbCe84sQvdI,Puzzle_video_game
sbCe84sQvdI,Role-playing_video_game
sbCe84sQvdI,Video_game_culture
sbDBtIoIeKU,Video_game_culture
sboWdilPHKQ,Sports_game
sboWdilPHKQ,Video_game_culture
sdHMpxX3DuQ,Video_game_culture
seV3nxkLXYs,Video_game_culture
sesJOPWEZLo,Sports_game
sesJOPWEZLo,Video_game_culture
sfnTx6MHukc,Action_game
sfnTx6MHukc,Video_game_culture
sh_J19fD7hY,Action-adventure_game
sh_J19fD7hY,Action_game
sh_J19fD7hY,Video_game_culture
siLhxp26oF8,Simulation_video_game
siLhxp26oF8,Video_game_culture
sjbiUGoRLBk,Action-adventure_game
sjbiUGoRLBk,Action_game
sjbiUGoRLBk,Role-playing_video_game
sjbiUGoRLBk,Video_game_culture
sk2btE6a7f8,Action-adventure_game
sk2btE6a7f8,Action_game
sk2btE6a7f8,Video_game_culture
skhwQuQN_ik,Action_game
skhwQuQN_ik,Role-playing_video_game
skhwQuQN_ik,Video_game_culture
Z-0X5hqMZiw,Video_game_culture
Z-2uhS-nQAU,Action-adventure_game
Z-2uhS-nQAU,Action_game
Z-2uhS-nQAU,Role-playing_video_game
Z-2uhS-nQAU,Video_game_culture
Z-83-DfXAEc,Action_game
Z-83-DfXAEc,Role-playing_video_game
Z-83-DfXAEc,Video_game_culture
Z-A8JyW3CiU,Action_game
Z-A8JyW3CiU,Video_game_culture
Z-IAKh-hskA,Role-playing_video_game
Z-IAKh-hskA,Video_game_culture
Z0OPkASm-sE,Video_game_culture
Z2C5jlLO3kM,Action_game
Z2C5jlLO3kM,Strategy_video_game
Z2C5jlLO3kM,Video_game_culture
Z2GRP375JTw,Role-playing_video_game
Z2GRP375JTw,Video_game_culture
Z2L_Waenpcs,Video_game_culture
Z4LGrvjL_t8,Action-adventure_game
Z4LGrvjL_t8,Action_game
Z4LGrvjL_t8,Video_game_culture
Z4ghblc8C2s,Video_game_culture
Z64Ncuveh-U,Action-adventure_game
Z64Ncuveh-U,Action_game
Z64Ncuveh-U,Role-playing_video_game
Z64Ncuveh-U,Video_game_culture
Z6nZXDVW0Tg,Action-adventure_game
Z6nZXDVW0Tg,Role-playing_video_game
Z6nZXDVW0Tg,Video_game_culture
Z7591zSs7O8,Simulation_video_game
Z7591zSs7O8,Video_game_culture
Z8GYoesdQm4,Technology
Z8GYoesdQm4,Video_game_culture
Z8RiAOV4KeA,Action_game
Z8RiAOV4KeA,Video_game_culture
Z95xyPHlgRk,Video_game_culture
Z9cb7xcH-pU,Simulation_video_game
Z9cb7xcH-pU,Video_game_culture
Z9ghBYcmeNQ,Action_game
Z9ghBYcmeNQ,Role-playing_video_game
Z9ghBYcmeNQ,Strategy_video_game
Z9ghBYcmeNQ,Video_game_culture
Z9qyqvKJ0Xo,Action_game
Z9qyqvKJ0Xo,Video_game_culture
ZAE8_1pnU3U,Action-adventure_game
ZAE8_1pnU3U,Video_game_culture
ZBm3DAO4oCA,Action-adventure_game
ZBm3DAO4oCA,Action_game
ZBm3DAO4oCA,Video_game_culture
ZC3WpUGMxPI,Action-adventure_game
ZC3WpUGMxPI,Action_game
ZC3WpUGMxPI,Video_game_culture
ZEIoLmaPUtg,Action_game
ZEIoLmaPUtg,Video_game_culture
ZFjqqsFuNaA,Action-adventure_game
ZFjqqsFuNaA,Action_game
ZFjqqsFuNaA,Puzzle_video_game
ZFjqqsFuNaA,Role-playing_video_game
ZFjqqsFuNaA,Video_game_culture
ZFx5GYLjsGw,Action_game
ZFx5GYLjsGw,Video_game_culture
ZGd3lMsGTaI,Action-adventure_game
ZGd3lMsGTaI,Action_game
ZGd3lMsGTaI,Video_game_culture
ZGmZ3l4swIU,Action_game
ZGmZ3l4swIU,Video_game_culture
ZH83HC0XqGw,Action_game
ZH83HC0XqGw,Video_game_culture
ZHWR35siWZ0,Action_game
ZHWR35siWZ0,Video_game_culture
PmIs1bOM17E,Video_game_culture
Pmc4RV1QHQE,Video_game_culture
PnFUiq8m9os,Association_football
PnFUiq8m9os,Sport
PoFasN6pfig,Action_game
PoFasN6pfig,Video_game_culture
PoRuLfc_gmg,Action-adventure_game
PoRuLfc_gmg,Action_game
PoRuLfc_gmg,Role-playing_video_game
PoRuLfc_gmg,Video_game_culture
PpKXQg3e6aY,Action-adventure_game
PpKXQg3e6aY,Action_game
PpKXQg3e6aY,Role-playing_video_game
PpKXQg3e6aY,Video_game_culture
Pq6IA9g-fVk,Action_game
Pq6IA9g-fVk,Video_game_culture
PqGDhVFqTu4,Action_game
PqGDhVFqTu4,Role-playing_video_game
PqGDhVFqTu4,Video_game_culture
PqL2GlLEXsw,Action_game
PqL2GlLEXsw,Role-playing_video_game
PqL2GlLEXsw,Strategy_video_game
PqL2GlLEXsw,Video_game_culture
Pr_hADEWbpA,Action_game
Pr_hADEWbpA,Casual_game
Pr_hADEWbpA,Role-playing_video_game
Pr_hADEWbpA,Video_game_culture
PrnnM_7mpY8,Video_game_culture
PsIYNRV2br0,Action-adventure_game
PsIYNRV2br0,Casual_game
PsIYNRV2br0,Puzzle_video_game
PsIYNRV2br0,Role-playing_video_game
PsIYNRV2br0,Video_game_culture
PsczY599I9w,Video_game_culture
PsnPlc2CBLU,Association_football
PsnPlc2CBLU,Sport
PxLsA-LxWy4,Action-adventure_game
PxLsA-LxWy4,Action_game
PxLsA-LxWy4,Role-playing_video_game
PxLsA-LxWy4,Video_game_culture
PyJHTbT2DN8,Video_game_culture
PzMiJAlmX1c,Action_game
PzMiJAlmX1c,Video_game_culture
PzVyev-9FlQ,Action_game
PzVyev-9FlQ,Role-playing_video_game
PzVyev-9FlQ,Strategy_video_game
PzVyev-9FlQ,Video_game_culture
PzcLs0LrmnI,Action_game
PzcLs0LrmnI,Role-playing_video_game
PzcLs0LrmnI,Sports_game
PzcLs0LrmnI,Strategy_video_game
PzcLs0LrmnI,Video_game_culture
Pzh42QaHmSw,Video_game_culture
Q-nCAhINWAI,Action-adventure_game
Q-nCAhINWAI,Action_game
Q-nCAhINWAI,Video_game_culture
Q0eaUHj01l4,Role-playing_video_game
Q0eaUHj01l4,Video_game_culture
Q0j3kXFC6Po,Sports_game
Q0j3kXFC6Po,Video_game_culture
Q1uwrWUEmog,Action_game
Q1uwrWUEmog,Strategy_video_game
Q1uwrWUEmog,Video_game_culture
D-Nfw1w-x_U,Action_game
D-Nfw1w-x_U,Video_game_culture
D-e_fo1Bfu4,Association_football
D-e_fo1Bfu4,Sport
D0x2OFbH7kY,Action_game
D0x2OFbH7kY,Video_game_culture
D12Nxlz9XBE,Action-adventure_game
D12Nxlz9XBE,Action_game
D12Nxlz9XBE,Video_game_culture
D2CKFfE4Mfg,Casual_game
D2CKFfE4Mfg,Role-playing_video_game
D2CKFfE4Mfg,Video_game_culture
D2RnftEZ4Gc,Action-adventure_game
D2RnftEZ4Gc,Role-playing_video_game
D2RnftEZ4Gc,Strategy_video_game
D2RnftEZ4Gc,Video_game_culture
D3uky_0oJ4I,Action-adventure_game
D3uky_0oJ4I,Action_game
D3uky_0oJ4I,Video_game_culture
D5RTzP3svw8,Action_game
D5RTzP3svw8,Role-playing_video_game
D5RTzP3svw8,Strategy_video_game
D5RTzP3svw8,Video_game_culture
D5eFeqFqTsY,Action-adventure_game
D5eFeqFqTsY,Action_game
D5eFeqFqTsY,Video_game_culture
D5zV6psKOpE,Action-adventure_game
D5zV6psKOpE,Action_game
D5zV6psKOpE,Puzzle_video_game
D5zV6psKOpE,Role-playing_video_game
D5zV6psKOpE,Video_game_culture
D65a8anENMk,Action-adventure_game
D65a8anENMk,Action_game
D65a8anENMk,Strategy_video_game
D65a8anENMk,Video_game_culture
D6DFF4x74Sc,Action-adventure_game
D6DFF4x74Sc,Action_game
D6DFF4x74Sc,Role-playing_video_game
D6DFF4x74Sc,Video_game_culture
D8BGd2cxZOA,Sports_game
D8BGd2cxZOA,Video_game_culture
D8ze6t_qVKs,Casual_game
D8ze6t_qVKs,Video_game_culture
DA1FM_S03x8,Video_game_culture
DA7p4n09Fo0,Action-adventure_game
DA7p4n09Fo0,Action_game
DA7p4n09Fo0,Video_game_culture
DAHOWDAHW3M,Action-adventure_game
DAHOWDAHW3M,Video_game_culture
DAPTSihmUO4,Action_game
DAPTSihmUO4,Strategy_video_game
DAPTSihmUO4,Video_game_culture
DBGTbGTDcWw,Video_game_culture
DBI-bfVRIPw,Sports_game
DBI-bfVRIPw,Video_game_culture
DBvtaMNhwEo,Action-adventure_game
DBvtaMNhwEo,Video_game_culture
DCO5FIun6Q0,Entertainment
DCqjxa6Q3C0,Action_game
DCqjxa6Q3C0,Video_game_culture
DCytcKoi4H0,Action-adventure_game
DCytcKoi4H0,Video_game_culture
DDNkglyPkvI,Sports_game
DDNkglyPkvI,Video_game_culture
DE5Hdr7w48c,Action_game
DE5Hdr7w48c,Role-playing_video_game
DE5Hdr7w48c,Video_game_culture
DElugoZyUZc,Video_game_culture
DFhcDHBdZGo,Action_game
DFhcDHBdZGo,Role-playing_video_game
DFhcDHBdZGo,Strategy_video_game
DFhcDHBdZGo,Video_game_culture
DFizqzwAqlQ,Role-playing_video_game
DFizqzwAqlQ,Video_game_culture
DFvFGgEni8U,Action_game
DFvFGgEni8U,Video_game_culture
ca7b0OAgqk8,Action_game
ca7b0OAgqk8,Video_game_culture
caLWABj43QI,Action_game
caLWABj43QI,Puzzle_video_game
caLWABj43QI,Video_game_culture
caYS99qINL8,Action_game
caYS99qINL8,Video_game_culture
cdFgfpNAegI,Action-adventure_game
cdFgfpNAegI,Action_game
cdFgfpNAegI,Role-playing_video_game
cdFgfpNAegI,Video_game_culture
cdPQqD6YJsk,Action_game
cdPQqD6YJsk,Video_game_culture
cdf-TJ_QsWk,Role-playing_video_game
cdf-TJ_QsWk,Video_game_culture
cesRkvsYKNY,Action-adventure_game
cesRkvsYKNY,Action_game
cesRkvsYKNY,Video_game_culture
cevKXBMECX0,Strategy_video_game
cevKXBMECX0,Video_game_culture
cevrAZ-kITY,Role-playing_video_game
cevrAZ-kITY,Strategy_video_game
cevrAZ-kITY,Video_game_culture
cf-GNuwnTA8,Action-adventure_game
cf-GNuwnTA8,Action_game
cf-GNuwnTA8,Video_game_culture
cgLbUACxQ_M,Video_game_culture
chec7ttt8m0,Action_game
chec7ttt8m0,Role-playing_video_game
chec7ttt8m0,Strategy_video_game
chec7ttt8m0,Video_game_culture
chgmIgb0DO0,Video_game_culture
cjBwFvIssCE,Action_game
cjBwFvIssCE,Strategy_video_game
cjBwFvIssCE,Video_game_culture
cjlrcMrxDsE,Action_game
cjlrcMrxDsE,Video_game_culture
cky2ovd1VlQ,Action_game
cky2ovd1VlQ,Video_game_culture
clIIeZh4wWg,Action_game
clIIeZh4wWg,Role-playing_video_game
clIIeZh4wWg,Strategy_video_game
clIIeZh4wWg,Video_game_culture
coSD4Xt9hFg,Video_game_culture
cp3b1QUnSaE,Action-adventure_game
cp3b1QUnSaE,Action_game
cp3b1QUnSaE,Role-playing_video_game
cp3b1QUnSaE,Video_game_culture
L-b7V7vRk1M,Action-adventure_game
L-b7V7vRk1M,Video_game_culture
L-t_VFyEm9M,Sports_game
L-t_VFyEm9M,Video_game_culture
L1E4YM8s90E,Action_game
L1E4YM8s90E,Video_game_culture
L1wezDaDVe0,Action_game
L1wezDaDVe0,Strategy_video_game
L1wezDaDVe0,Video_game_culture
L2-ACly0Ufs,Action_game
L2-ACly0Ufs,Video_game_culture
L27_fsgEUuA,Action-adventure_game
L27_fsgEUuA,Role-playing_video_game
L27_fsgEUuA,Strategy_video_game
L27_fsgEUuA,Video_game_culture
L3t52MQZBvM,Sports_game
L3t52MQZBvM,Video_game_culture
L45AH_mcKVc,Action-adventure_game
L45AH_mcKVc,Action_game
L45AH_mcKVc,Role-playing_video_game
L45AH_mcKVc,Strategy_video_game
L45AH_mcKVc,Video_game_culture
L4f4BDDssEk,Action-adventure_game
L4f4BDDssEk,Role-playing_video_game
L4f4BDDssEk,Video_game_culture
L5XXIEwOaik,Action_game
L5XXIEwOaik,Video_game_culture
L5aMz3fBqf4,Action_game
L5aMz3fBqf4,Video_game_culture
L67TQGZ5iEc,Sports_game
L67TQGZ5iEc,Video_game_culture
L7CSc3udaSE,Association_football
L7CSc3udaSE,Sport
L7CSc3udaSE,Sports_game
L7J2ccTpuU8,Action_game
L7J2ccTpuU8,Video_game_culture
L7gkH5xGD3o,Action_game
L7gkH5xGD3o,Sports_game
L7gkH5xGD3o,Strategy_video_game
L7gkH5xGD3o,Video_game_culture
L7l7OnrU018,Action-adventure_game
L7l7OnrU018,Action_game
L7l7OnrU018,Role-playing_video_game
L7l7OnrU018,Video_game_culture
L7n3bANinX0,Action_game
L7n3bANinX0,Role-playing_video_game
L7n3bANinX0,Strategy_video_game
L7n3bANinX0,Video_game_culture
L8vaYmdaHG0,Action_game
L8vaYmdaHG0,Video_game_culture
L9KnCxHeMM8,Role-playing_video_game
L9KnCxHeMM8,Video_game_culture
LAJQDRSU-iU,Video_game_culture
LBHk958G30g,Action_game
LBHk958G30g,Strategy_video_game
LBHk958G30g,Video_game_culture
LBTqd_zD8IQ,Video_game_culture
LEYgBv1MtaQ,Action_game
LEYgBv1MtaQ,Video_game_culture
LExdb12Oy-g,Role-playing_video_game
LExdb12Oy-g,Video_game_culture
LFFvfKX38dc,Video_game_culture
LGSX2CJzKio,Sports_game
LGSX2CJzKio,Video_game_culture
LG_pptVPQIo,Action_game
LG_pptVPQIo,Role-playing_video_game
LG_pptVPQIo,Strategy_video_game
LG_pptVPQIo,Video_game_culture
LGtzsFu4-Jc,Strategy_video_game
LGtzsFu4-Jc,Video_game_culture
LHhkBEH0Oik,Video_game_culture
LIRc_2PlfhI,Action_game
LIRc_2PlfhI,Role-playing_video_game
LIRc_2PlfhI,Strategy_video_game
LIRc_2PlfhI,Video_game_culture
LI_4V5QBKf0,Video_game_culture
LIflUmXUXHY,Action-adventure_game
LIflUmXUXHY,Action_game
LIflUmXUXHY,Role-playing_video_game
LIflUmXUXHY,Strategy_video_game
LIflUmXUXHY,Video_game_culture
6f-vDczh_Ww,Action_game
6f-vDczh_Ww,Role-playing_video_game
6f-vDczh_Ww,Video_game_culture
6fAJPH49C90,Action_game
6fAJPH49C90,Role-playing_video_game
6fAJPH49C90,Video_game_culture
6fUhGHn5Jhg,Action_game
6fUhGHn5Jhg,Video_game_culture
6grGDP-Grus,Sports_game
6grGDP-Grus,Video_game_culture
6hDTic9NjUg,Action_game
6hDTic9NjUg,Strategy_video_game
6hDTic9NjUg,Video_game_culture
6hHaEcszxYs,Role-playing_video_game
6hHaEcszxYs,Strategy_video_game
6hHaEcszxYs,Video_game_culture
6hIdbVDLvn8,Action_game
6hIdbVDLvn8,Role-playing_video_game
6hIdbVDLvn8,Strategy_video_game
6hIdbVDLvn8,Video_game_culture
6hairFVs8x8,Action_game
6hairFVs8x8,Role-playing_video_game
6hairFVs8x8,Strategy_video_game
6hairFVs8x8,Video_game_culture
6j2vPm6tfsY,Action-adventure_game
6j2vPm6tfsY,Action_game
6j2vPm6tfsY,Role-playing_video_game
6j2vPm6tfsY,Strategy_video_game
6j2vPm6tfsY,Video_game_culture
6jHCRuZD_Ns,Video_game_culture
6jJ0ta3earg,Action_game
6jJ0ta3earg,Role-playing_video_game
6jJ0ta3earg,Video_game_culture
6jO2aiilU2E,Video_game_culture
6lMu01pB1pA,Sports_game
6lMu01pB1pA,Video_game_culture
6mdDSK3Meq4,Video_game_culture
6n6IymHF_wM,Action-adventure_game
6n6IymHF_wM,Action_game
6n6IymHF_wM,Video_game_culture
6nE89fyca_0,Action_game
6nE89fyca_0,Video_game_culture
6nTaCb3v2KY,Action_game
6nTaCb3v2KY,Video_game_culture
6oIDlVHNM4s,Action_game
6oIDlVHNM4s,Video_game_culture
6oU5yiRrU5s,Action-adventure_game
6oU5yiRrU5s,Action_game
6oU5yiRrU5s,Role-playing_video_game
6oU5yiRrU5s,Strategy_video_game
6oU5yiRrU5s,Video_game_culture
6oVllBNuJv4,Lifestyle_(sociology)
6pf1falAGcE,Video_game_culture
6qhSSGhLFTk,Action_game
6qhSSGhLFTk,Role-playing_video_game
6qhSSGhLFTk,Strategy_video_game
6qhSSGhLFTk,Video_game_culture
6qs361FvDjw,Action_game
6qs361FvDjw,Video_game_culture
6qwlAZ2xAdc,Action_game
6qwlAZ2xAdc,Role-playing_video_game
6qwlAZ2xAdc,Video_game_culture
6ryHPqvoYFQ,Action_game
6ryHPqvoYFQ,Video_game_culture
2pMNDefOFBI,Role-playing_video_game
2pMNDefOFBI,Video_game_culture
2pNH5Z_0TsE,Association_football
2pNH5Z_0TsE,Sport
2puPIg1FVSg,Video_game_culture
2qM-LiS8F3c,Action-adventure_game
2qM-LiS8F3c,Action_game
2qM-LiS8F3c,Role-playing_video_game
2qM-LiS8F3c,Video_game_culture
2qNXisSfhcs,Action_game
2qNXisSfhcs,Video_game_culture
2rUQHfCquMA,Action_game
2rUQHfCquMA,Role-playing_video_game
2rUQHfCquMA,Video_game_culture
2rhE3lJJXso,Association_football
2rhE3lJJXso,Sport
2rsOtVcDcbs,Role-playing_video_game
2rsOtVcDcbs,Video_game_culture
2sTNPl5LoDE,Action_game
2sTNPl5LoDE,Video_game_culture
2tjpf77NiHk,Action-adventure_game
2tjpf77NiHk,Action_game
2tjpf77NiHk,Role-playing_video_game
2tjpf77NiHk,Video_game_culture
2tlCA4Wyr6I,Action-adventure_game
2tlCA4Wyr6I,Role-playing_video_game
2tlCA4Wyr6I,Strategy_video_game
2tlCA4Wyr6I,Video_game_culture
2toiGnmiIdo,Action-adventure_game
2toiGnmiIdo,Action_game
2toiGnmiIdo,Role-playing_video_game
2toiGnmiIdo,Video_game_culture
2vejztP0pcY,Action-adventure_game
2vejztP0pcY,Action_game
2vejztP0pcY,Video_game_culture
2w6og5BbRmc,Association_football
2w6og5BbRmc,Sport
2weKnkMo0Is,Sports_game
2weKnkMo0Is,Video_game_culture
2wfK5UcnuQw,Action-adventure_game
2wfK5UcnuQw,Action_game
2wfK5UcnuQw,Video_game_culture
3-95Ubz_AWM,Action-adventure_game
3-95Ubz_AWM,Action_game
3-95Ubz_AWM,Video_game_culture
3-x578Wt7xc,Sports_game
3-x578Wt7xc,Video_game_culture
30ShVZdydZg,Action_game
30ShVZdydZg,Role-playing_video_game
30ShVZdydZg,Video_game_culture
30SugwDAmo0,Action-adventure_game
30SugwDAmo0,Action_game
30SugwDAmo0,Video_game_culture
30bkd-BygN4,Simulation_video_game
30bkd-BygN4,Video_game_culture
30qRjbCZ-jQ,Role-playing_video_game
30qRjbCZ-jQ,Video_game_culture
31u58W_91nY,Sports_game
31u58W_91nY,Video_game_culture
32ZgbxlYa9g,Action-adventure_game
32ZgbxlYa9g,Action_game
32ZgbxlYa9g,Role-playing_video_game
32ZgbxlYa9g,Video_game_culture
33JQGFS9TUE,Sports_game
33JQGFS9TUE,Video_game_culture
34giRG2_Ies,Casual_game
34giRG2_Ies,Video_game_culture
wQO4efo2GvM,Action_game
wQO4efo2GvM,Video_game_culture
wQQhomIGNMM,Action-adventure_game
wQQhomIGNMM,Video_game_culture
wQsoWYWAMug,Casual_game
wQsoWYWAMug,Video_game_culture
wR4y9F17_X8,Video_game_culture
wS2dkVdeAOM,Action_game
wS2dkVdeAOM,Role-playing_video_game
wS2dkVdeAOM,Video_game_culture
wSoLBQqppUc,Action_game
wSoLBQqppUc,Role-playing_video_game
wSoLBQqppUc,Strategy_video_game
wSoLBQqppUc,Video_game_culture
wTlHsrpUknk,Action-adventure_game
wTlHsrpUknk,Action_game
wTlHsrpUknk,Video_game_culture
wU4bURlj7r0,Action_game
wU4bURlj7r0,Video_game_culture
wUyhu3dLfHE,Role-playing_video_game
wUyhu3dLfHE,Video_game_culture
wVfKYbkebuo,Action_game
wVfKYbkebuo,Role-playing_video_game
wVfKYbkebuo,Strategy_video_game
wVfKYbkebuo,Video_game_culture
wWBVKPHw7xU,Action_game
wWBVKPHw7xU,Video_game_culture
wWEbHwxJXjM,Action-adventure_game
wWEbHwxJXjM,Role-playing_video_game
wWEbHwxJXjM,Strategy_video_game
wWEbHwxJXjM,Video_game_culture
wWF1_HRSA4I,Role-playing_video_game
wWF1_HRSA4I,Video_game_culture
wWfvObXltvM,Action_game
wWfvObXltvM,Role-playing_video_game
wWfvObXltvM,Strategy_video_game
wWfvObXltvM,Video_game_culture
wZ8ULVPSS7k,Action-adventure_game
wZ8ULVPSS7k,Video_game_culture
wZB6iHQTnvw,Action_game
wZB6iHQTnvw,Role-playing_video_game
wZB6iHQTnvw,Video_game_culture
w_01aZ3Fmx4,Action-adventure_game
w_01aZ3Fmx4,Action_game
w_01aZ3Fmx4,Video_game_culture
wa9psxBh4Us,Video_game_culture
wd9xCM0GtOg,Action_game
wd9xCM0GtOg,Role-playing_video_game
wd9xCM0GtOg,Strategy_video_game
wd9xCM0GtOg,Video_game_culture
weMlwMYISwM,Action-adventure_game
weMlwMYISwM,Action_game
weMlwMYISwM,Video_game_culture
weNC9THM8D8,Action-adventure_game
weNC9THM8D8,Action_game
weNC9THM8D8,Role-playing_video_game
weNC9THM8D8,Video_game_culture
weoWbGEMdN4,Video_game_culture
A05u30kdkUE,Action_game
A05u30kdkUE,Video_game_culture
A0aN1UEpLZQ,Action_game
A0aN1UEpLZQ,Role-playing_video_game
A0aN1UEpLZQ,Strategy_video_game
A0aN1UEpLZQ,Video_game_culture
A1CuhC1UyY8,Action-adventure_game
A1CuhC1UyY8,Action_game
A1CuhC1UyY8,Role-playing_video_game
A1CuhC1UyY8,Strategy_video_game
A1CuhC1UyY8,Video_game_culture
A2T4mFjZ6OE,Video_game_culture
A2bhWKPQjP8,Role-playing_video_game
A2bhWKPQjP8,Video_game_culture
A2p0LKkhekc,Action_game
A2p0LKkhekc,Racing_video_game
A2p0LKkhekc,Video_game_culture
A3QNai0TD88,Action-adventure_game
A3QNai0TD88,Action_game
A3QNai0TD88,Video_game_culture
A3r3NVD6TvQ,Action_game
A3r3NVD6TvQ,Video_game_culture
A4Ix4Yz0CEQ,Action_game
A4Ix4Yz0CEQ,Video_game_culture
A5OhAQhLgSg,Action-adventure_game
A5OhAQhLgSg,Action_game
A5OhAQhLgSg,Video_game_culture
A5TE0_mYPSc,Video_game_culture
A5TE0_mYPSc,Action-adventure_game
A5TE0_mYPSc,Role-playing_video_game
A5TE0_mYPSc,Strategy_video_game
A6NgRxntJvE,Action_game
A6NgRxntJvE,Role-playing_video_game
A6NgRxntJvE,Strategy_video_game
A6NgRxntJvE,Video_game_culture
A6i4dxIAKZI,Video_game_culture
A6mrP_d2Sy0,Action_game
A6mrP_d2Sy0,Video_game_culture
A6yiyCqt2mc,Action-adventure_game
A6yiyCqt2mc,Action_game
A6yiyCqt2mc,Video_game_culture
A7n5R9fsUdw,Action_game
A7n5R9fsUdw,Casual_game
A7n5R9fsUdw,Video_game_culture
A8t_aVMfM0E,Action-adventure_game
A8t_aVMfM0E,Action_game
A8t_aVMfM0E,Video_game_culture
AAbwWYMSNHg,Action_game
AAbwWYMSNHg,Video_game_culture
ABDoKZN7i-U,Sports_game
ABDoKZN7i-U,Video_game_culture
ABT8xaUSmeE,Action_game
ABT8xaUSmeE,Strategy_video_game
ABT8xaUSmeE,Video_game_culture
AC6NUviHFbY,Action-adventure_game
AC6NUviHFbY,Action_game
AC6NUviHFbY,Role-playing_video_game
AC6NUviHFbY,Video_game_culture
ACoW_9CAwBQ,Sports_game
ACoW_9CAwBQ,Video_game_culture
ACqot-8Z_is,Video_game_culture
ADUSBEaw_Ck,Video_game_culture
ADwK3kDx_Fs,Association_football
ADwK3kDx_Fs,Sport
AEdnxVwDC6M,Action_game
AEdnxVwDC6M,Role-playing_video_game
AEdnxVwDC6M,Video_game_culture
AEzRNt8oSEY,Action-adventure_game
AEzRNt8oSEY,Casual_game
AEzRNt8oSEY,Role-playing_video_game
AEzRNt8oSEY,Video_game_culture
AFT-pcAbqt8,Role-playing_video_game
AFT-pcAbqt8,Video_game_culture
AG8wYri_15M,Action-adventure_game
AG8wYri_15M,Action_game
AG8wYri_15M,Video_game_culture
AHtGjubzJbM,Association_football
AHtGjubzJbM,Sport
AJ1KbyrwDS0,Action_game
AJ1KbyrwDS0,Role-playing_video_game
AJ1KbyrwDS0,Strategy_video_game
AJ1KbyrwDS0,Video_game_culture
AJEABLUKvCI,Action-adventure_game
AJEABLUKvCI,Action_game
AJEABLUKvCI,Role-playing_video_game
AJEABLUKvCI,Strategy_video_game
AJEABLUKvCI,Video_game_culture
AJNdh-LAX2o,Action_game
AJNdh-LAX2o,Video_game_culture
AKJ-9x1eNsY,Video_game_culture
AKKqLIHjXqw,Action-adventure_game
AKKqLIHjXqw,Action_game
AKKqLIHjXqw,Video_game_culture
AKaoh6Vt1ko,Action_game
AKaoh6Vt1ko,Video_game_culture
AKj6CbgGDSY,Video_game_culture
AKo8pu625nw,Action-adventure_game
AKo8pu625nw,Action_game
AKo8pu625nw,Video_game_culture
AM3rBql3kPc,Association_football
AM3rBql3kPc,Sport
AM3rBql3kPc,Sports_game
AM5hoXzJjqI,Action-adventure_game
AM5hoXzJjqI,Action_game
AM5hoXzJjqI,Role-playing_video_game
AM5hoXzJjqI,Strategy_video_game
AM5hoXzJjqI,Video_game_culture
AMObS_MKdBc,Action-adventure_game
AMObS_MKdBc,Action_game
AMObS_MKdBc,Role-playing_video_game
AMObS_MKdBc,Video_game_culture
AMxcB7tQDWg,Role-playing_video_game
AMxcB7tQDWg,Video_game_culture
gHO5CIg3f4A,Action-adventure_game
gHO5CIg3f4A,Action_game
gHO5CIg3f4A,Video_game_culture
gHkZuI2LH1Q,Action-adventure_game
gHkZuI2LH1Q,Action_game
gHkZuI2LH1Q,Video_game_culture
gIHPHA0ax1E,Lifestyle_(sociology)
gIXc1kgGLdM,Sports_game
gIXc1kgGLdM,Video_game_culture
gIn725GvSzc,Action-adventure_game
gIn725GvSzc,Action_game
gIn725GvSzc,Role-playing_video_game
gIn725GvSzc,Strategy_video_game
gIn725GvSzc,Video_game_culture
gJiOq0SonTs,Action_game
gJiOq0SonTs,Video_game_culture
gJqqYK7CO1c,Action_game
gJqqYK7CO1c,Video_game_culture
gK-kMxHcUjM,Sports_game
gK-kMxHcUjM,Video_game_culture
gKeRUNkoYX8,Action-adventure_game
gKeRUNkoYX8,Video_game_culture
gLuqGk8VS0c,Action_game
gLuqGk8VS0c,Strategy_video_game
gLuqGk8VS0c,Video_game_culture
gMV_nxUf4rA,Action_game
gMV_nxUf4rA,Strategy_video_game
gMV_nxUf4rA,Video_game_culture
gMpaWQI4ic8,Action-adventure_game
gMpaWQI4ic8,Action_game
gMpaWQI4ic8,Video_game_culture
gO4Lbe67auM,Action_game
gO4Lbe67auM,Role-playing_video_game
gO4Lbe67auM,Strategy_video_game
gO4Lbe67auM,Video_game_culture
gOQ7iZd2UbE,Video_game_culture
gPsNMrGM2RQ,Casual_game
gPsNMrGM2RQ,Video_game_culture
gQ2V59umOBo,Action_game
gQ2V59umOBo,Role-playing_video_game
gQ2V59umOBo,Strategy_video_game
gQ2V59umOBo,Video_game_culture
gQgkSEhMTEo,Sports_game
gQgkSEhMTEo,Video_game_culture
gR3emKvW2uI,Video_game_culture
gRkHHT0MRsk,Sports_game
gRkHHT0MRsk,Video_game_culture
gRvO2-HH230,Action_game
gRvO2-HH230,Role-playing_video_game
gRvO2-HH230,Video_game_culture
gSvE49_DDVM,Action-adventure_game
gSvE49_DDVM,Action_game
gSvE49_DDVM,Video_game_culture
gT4ZDKEhYZI,Action_game
gT4ZDKEhYZI,Video_game_culture
gTih9zoScs0,Action_game
gTih9zoScs0,Video_game_culture
gVYIRmyJQ_E,Sports_game
gVYIRmyJQ_E,Video_game_culture
gVftXYySxAY,Role-playing_video_game
gVftXYySxAY,Video_game_culture
gW1-WoAsJI4,Action-adventure_game
gW1-WoAsJI4,Action_game
gW1-WoAsJI4,Video_game_culture
gX0QVnZJ4Yg,Action_game
gX0QVnZJ4Yg,Video_game_culture
gXAhBL_5ves,Action-adventure_game
gXAhBL_5ves,Action_game
gXAhBL_5ves,Video_game_culture
gXGPFoJOzig,Action_game
gXGPFoJOzig,Role-playing_video_game
gXGPFoJOzig,Video_game_culture
ohl1-4WGzY8,Action-adventure_game
ohl1-4WGzY8,Action_game
ohl1-4WGzY8,Video_game_culture
ohmZYNbPVSs,Action_game
ohmZYNbPVSs,Video_game_culture
ohumt_QyDWs,Role-playing_video_game
ohumt_QyDWs,Strategy_video_game
ohumt_QyDWs,Video_game_culture
ohvp5-Fo6Q0,Video_game_culture
oiJaC65Iccs,Action-adventure_game
oiJaC65Iccs,Action_game
oiJaC65Iccs,Video_game_culture
oiNbDwMfqrY,Action_game
oiNbDwMfqrY,Video_game_culture
oiviPZnZRq8,Action_game
oiviPZnZRq8,Role-playing_video_game
oiviPZnZRq8,Strategy_video_game
oiviPZnZRq8,Video_game_culture
okrBW-Oqrp0,Action_game
okrBW-Oqrp0,Video_game_culture
okvf906UaY4,Video_game_culture
olyc-PXjxjg,Role-playing_video_game
olyc-PXjxjg,Video_game_culture
omJwyG4aPg8,Video_game_culture
omMyifOqGMQ,Video_game_culture
onU9TSDqz-Y,Action-adventure_game
onU9TSDqz-Y,Action_game
onU9TSDqz-Y,Video_game_culture
op1l1iF_TbQ,Role-playing_video_game
op1l1iF_TbQ,Video_game_culture
opBiBcRuoJE,Action_game
opBiBcRuoJE,Video_game_culture
opPn9MTw8EY,Action-adventure_game
opPn9MTw8EY,Action_game
opPn9MTw8EY,Video_game_culture
opRz6aJTMuc,Action_game
opRz6aJTMuc,Role-playing_video_game
opRz6aJTMuc,Video_game_culture
oq5ldz6hZW0,Action_game
oq5ldz6hZW0,Video_game_culture
oqP6Em3RlNk,Action_game
oqP6Em3RlNk,Role-playing_video_game
oqP6Em3RlNk,Strategy_video_game
oqP6Em3RlNk,Video_game_culture
oqy6iBRrppU,Role-playing_video_game
oqy6iBRrppU,Video_game_culture
orWZTAO24_w,Sports_game
orWZTAO24_w,Video_game_culture
orgv3ZBcR5U,Action_game
orgv3ZBcR5U,Video_game_culture
osEcyD1_ewI,Food
osEcyD1_ewI,Lifestyle_(sociology)
otAPiHjEjyw,Action_game
otAPiHjEjyw,Strategy_video_game
otAPiHjEjyw,Video_game_culture
otUM3FAMqC4,Action-adventure_game
otUM3FAMqC4,Action_game
otUM3FAMqC4,Role-playing_video_game
otUM3FAMqC4,Video_game_culture
otc7orMJjqU,Action_game
otc7orMJjqU,Role-playing_video_game
otc7orMJjqU,Strategy_video_game
otc7orMJjqU,Video_game_culture
H-W5GEzSG_A,Association_football
H-W5GEzSG_A,Sport
H0KTsJxIXsc,Action_game
H0KTsJxIXsc,Sports_game
H0KTsJxIXsc,Video_game_culture
H0LQoYbuom0,Role-playing_video_game
H0LQoYbuom0,Video_game_culture
H0OdrRwzIn4,Action_game
H0OdrRwzIn4,Video_game_culture
H0zTRIh_BGU,Action_game
H0zTRIh_BGU,Video_game_culture
H2G5AdG3-K8,Video_game_culture
H2YokVGwDjU,Action_game
H2YokVGwDjU,Strategy_video_game
H2YokVGwDjU,Video_game_culture
H2_1SxZtTrU,Action-adventure_game
H2_1SxZtTrU,Action_game
H2_1SxZtTrU,Role-playing_video_game
H2_1SxZtTrU,Strategy_video_game
H2_1SxZtTrU,Video_game_culture
H2yF0eWxaqU,Action-adventure_game
H2yF0eWxaqU,Video_game_culture
H3XmYSfYAXg,Action-adventure_game
H3XmYSfYAXg,Action_game
H3XmYSfYAXg,Role-playing_video_game
H3XmYSfYAXg,Video_game_culture
H49TxdQSGi4,Sports_game
H49TxdQSGi4,Video_game_culture
H4n4qxQBL6o,Action_game
H4n4qxQBL6o,Role-playing_video_game
H4n4qxQBL6o,Strategy_video_game
H4n4qxQBL6o,Video_game_culture
H5dXhGYiJ10,Action-adventure_game
H5dXhGYiJ10,Role-playing_video_game
H5dXhGYiJ10,Video_game_culture
H6M2BiUjpt0,Society
H6cuVxBs87s,Action_game
H6cuVxBs87s,Video_game_culture
H71eySMNITA,Action-adventure_game
H71eySMNITA,Action_game
H71eySMNITA,Role-playing_video_game
H71eySMNITA,Video_game_culture
H7re0L-Uv6I,Action_game
H7re0L-Uv6I,Role-playing_video_game
H7re0L-Uv6I,Video_game_culture
HA9TLVSmcbY,Sports_game
HA9TLVSmcbY,Video_game_culture
HBP_HaOlNO8,Action_game
HBP_HaOlNO8,Role-playing_video_game
HBP_HaOlNO8,Video_game_culture
HCLPVjqqnHk,Role-playing_video_game
HCLPVjqqnHk,Video_game_culture
HD1BwS5z2SM,Sports_game
HD1BwS5z2SM,Video_game_culture
HE1WjPESA0E,Casual_game
HE1WjPESA0E,Puzzle_video_game
HE1WjPESA0E,Video_game_culture
HF8jc8JZ1W0,Role-playing_video_game
HF8jc8JZ1W0,Strategy_video_game
HF8jc8JZ1W0,Video_game_culture
NZi_5vNuBG8,Video_game_culture
NZkGTqMYL5Q,Video_game_culture
NZoOJnt26n4,Action_game
NZoOJnt26n4,Role-playing_video_game
NZoOJnt26n4,Video_game_culture
NbdtxJuzUc0,Action-adventure_game
NbdtxJuzUc0,Action_game
NbdtxJuzUc0,Role-playing_video_game
NbdtxJuzUc0,Video_game_culture
NbsmhPjtrRE,Action-adventure_game
NbsmhPjtrRE,Action_game
NbsmhPjtrRE,Role-playing_video_game
NbsmhPjtrRE,Strategy_video_game
NbsmhPjtrRE,Video_game_culture
Nc8Yp0ibxpE,Video_game_culture
NcUwDjXkrcA,Action_game
NcUwDjXkrcA,Role-playing_video_game
NcUwDjXkrcA,Video_game_culture
NcXHQ_uO6uY,Video_game_culture
Nd1ofqCNrks,Association_football
Nd1ofqCNrks,Sport
Nd74js2XmO8,Sports_game
Nd74js2XmO8,Video_game_culture
NdOX6WeYT0c,Sports_game
NdOX6WeYT0c,Video_game_culture
NdxdlupiDDU,Action-adventure_game
NdxdlupiDDU,Action_game
NdxdlupiDDU,Role-playing_video_game
NdxdlupiDDU,Video_game_culture
NeObEdMBot0,Action-adventure_game
NeObEdMBot0,Action_game
NeObEdMBot0,Role-playing_video_game
NeObEdMBot0,Strategy_video_game
NeObEdMBot0,Video_game_culture
Ned8C956a5o,Action_game
Ned8C956a5o,Video_game_culture
Nffm21UtBlY,Action_game
Nffm21UtBlY,Video_game_culture
NgFKFAsSHCw,Action-adventure_game
NgFKFAsSHCw,Action_game
NgFKFAsSHCw,Role-playing_video_game
NgFKFAsSHCw,Video_game_culture
NgIpLdCUEWk,Action_game
NgIpLdCUEWk,Video_game_culture
NgKAsRK6NI4,Action_game
NgKAsRK6NI4,Video_game_culture
Nh3ctGJ9Bzg,Video_game_culture
NhJ33ALQ96w,Role-playing_video_game
NhJ33ALQ96w,Video_game_culture
NjGNneiFNCs,Action_game
NjGNneiFNCs,Video_game_culture
Nopt-9SRlQw,Action_game
Nopt-9SRlQw,Role-playing_video_game
Nopt-9SRlQw,Strategy_video_game
Nopt-9SRlQw,Video_game_culture
NoqugOQFKX4,Association_football
NoqugOQFKX4,Sport
WSiW9KsQLAc,Action_game
WSiW9KsQLAc,Role-playing_video_game
WSiW9KsQLAc,Video_game_culture
WSiuaPUp4VA,Action_game
WSiuaPUp4VA,Role-playing_video_game
WSiuaPUp4VA,Strategy_video_game
WSiuaPUp4VA,Video_game_culture
WTaeUySl8K4,Strategy_video_game
WTaeUySl8K4,Video_game_culture
WUVo4LwVXCk,Action_game
WUVo4LwVXCk,Video_game_culture
WUYEhP_PO4A,Action_game
WUYEhP_PO4A,Video_game_culture
WUZvUDMV240,Action-adventure_game
WUZvUDMV240,Action_game
WUZvUDMV240,Video_game_culture
WVnn4jVjj0U,Action-adventure_game
WVnn4jVjj0U,Action_game
WVnn4jVjj0U,Role-playing_video_game
WVnn4jVjj0U,Video_game_culture
WWW5pF-Z0qM,Action_game
WWW5pF-Z0qM,Video_game_culture
WWqiu95DB8s,Action-adventure_game
WWqiu95DB8s,Action_game
WWqiu95DB8s,Video_game_culture
WYOKAPp2BXg,Role-playing_video_game
WYOKAPp2BXg,Strategy_video_game
WYOKAPp2BXg,Video_game_culture
WZ47HBnCeZw,Sports_game
WZ47HBnCeZw,Video_game_culture
WZAKvsujUk0,Action-adventure_game
WZAKvsujUk0,Action_game
WZAKvsujUk0,Role-playing_video_game
WZAKvsujUk0,Video_game_culture
WZNT1YWy0h0,Action_game
WZNT1YWy0h0,Video_game_culture
WZvOEjfoETE,Action-adventure_game
WZvOEjfoETE,Casual_game
WZvOEjfoETE,Simulation_video_game
WZvOEjfoETE,Video_game_culture
Wah-wKHlUv8,Association_football
Wah-wKHlUv8,Sport
WdZtbUua4tc,Action_game
WdZtbUua4tc,Video_game_culture
WdaiA6rVXPQ,Music
WdeYg2qrA7w,Action_game
WdeYg2qrA7w,Video_game_culture
WfHXwykdgCg,Action_game
WfHXwykdgCg,Strategy_video_game
WfHXwykdgCg,Video_game_culture
WgueDsqU3O0,Role-playing_video_game
WgueDsqU3O0,Video_game_culture
Wi15ZIJTv0A,Action-adventure_game
Wi15ZIJTv0A,Action_game
Wi15ZIJTv0A,Video_game_culture
Wjp7kJiFd2o,Action_game
Wjp7kJiFd2o,Video_game_culture
WjpTKE6T9-I,Sports_game
WjpTKE6T9-I,Video_game_culture
Wl3iWcp2NzQ,Action_game
Wl3iWcp2NzQ,Video_game_culture
Wld1nu2fAoE,Sports_game
Wld1nu2fAoE,Video_game_culture
Wm-SDC7rvds,Simulation_video_game
Wm-SDC7rvds,Video_game_culture
WmncPxyxg78,Action-adventure_game
WmncPxyxg78,Action_game
WmncPxyxg78,Role-playing_video_game
WmncPxyxg78,Video_game_culture
Wn2QHVUHKUU,Action_game
Wn2QHVUHKUU,Role-playing_video_game
Wn2QHVUHKUU,Video_game_culture
Wn62DrjWMak,Action-adventure_game
Wn62DrjWMak,Action_game
Wn62DrjWMak,Role-playing_video_game
Wn62DrjWMak,Video_game_culture
WnPzOqFAx8c,Casual_game
WnPzOqFAx8c,Role-playing_video_game
WnPzOqFAx8c,Video_game_culture
S-8bEznFUmg,Sports_game
S-8bEznFUmg,Video_game_culture
S0F9pRS3f8A,Sports_game
S0F9pRS3f8A,Video_game_culture
S2EmS2vAf7M,Role-playing_video_game
S2EmS2vAf7M,Video_game_culture
S2XGH9Mz0Fw,Action_game
S2XGH9Mz0Fw,Video_game_culture
S2d2SjtTfYc,Action_game
S2d2SjtTfYc,Video_game_culture
S2rySX-xEd8,Action-adventure_game
S2rySX-xEd8,Action_game
S2rySX-xEd8,Video_game_culture
S37maBJ_TYg,Action-adventure_game
S37maBJ_TYg,Action_game
S37maBJ_TYg,Video_game_culture
S3BBhPlXOd8,Video_game_culture
S3JNy3ARtg8,Action_game
S3JNy3ARtg8,Role-playing_video_game
S3JNy3ARtg8,Video_game_culture
S4FRayDEBtE,Action_game
S4FRayDEBtE,Video_game_culture
S4GjAc1K5Tg,Action_game
S4GjAc1K5Tg,Video_game_culture
S4llUdQ7Jzc,Role-playing_video_game
S4llUdQ7Jzc,Video_game_culture
S5uu3VxXp-4,Puzzle_video_game
S5uu3VxXp-4,Video_game_culture
S65uv1cAWYo,Action_game
S65uv1cAWYo,Role-playing_video_game
S65uv1cAWYo,Strategy_video_game
S65uv1cAWYo,Video_game_culture
S6TM9vfaA7g,Action-adventure_game
S6TM9vfaA7g,Action_game
S6TM9vfaA7g,Fashion
S6TM9vfaA7g,Video_game_culture
S6bfvloaqdE,Action_game
S6bfvloaqdE,Role-playing_video_game
S6bfvloaqdE,Strategy_video_game
S6bfvloaqdE,Video_game_culture
S7SXYRY6NZo,Action-adventure_game
S7SXYRY6NZo,Action_game
S7SXYRY6NZo,Video_game_culture
SAKvJzuPcxg,Association_football
SAKvJzuPcxg,Sport
SBgT0_SvlFU,Action-adventure_game
SBgT0_SvlFU,Action_game
SBgT0_SvlFU,Role-playing_video_game
SBgT0_SvlFU,Strategy_video_game
SBgT0_SvlFU,Video_game_culture
SC77IPq34KM,Video_game_culture
SCr1MjauGBM,Video_game_culture
SDecIeP_8q0,Action-adventure_game
SDecIeP_8q0,Action_game
SDecIeP_8q0,Video_game_culture
SDuntAwYNmM,Sports_game
SDuntAwYNmM,Video_game_culture
SEAjw5vewNs,Action_game
SEAjw5vewNs,Video_game_culture
SEJbseT1KSc,Video_game_culture
SES74vhmeHI,Food
SES74vhmeHI,Lifestyle_(sociology)
SEeSTv14_78,Action-adventure_game
SEeSTv14_78,Action_game
SEeSTv14_78,Role-playing_video_game
SEeSTv14_78,Video_game_culture
SEvuWrzBD8s,Action_game
SEvuWrzBD8s,Video_game_culture
SEwMmIMaVHc,Action_game
SEwMmIMaVHc,Video_game_culture
aP-GaG-uVDA,Role-playing_video_game
aP-GaG-uVDA,Video_game_culture
aP1BdODF2Oo,Video_game_culture
aQ04Qm6rAkg,Action_game
aQ04Qm6rAkg,Strategy_video_game
aQ04Qm6rAkg,Video_game_culture
aQZTpaOHvAI,Action_game
aQZTpaOHvAI,Role-playing_video_game
aQZTpaOHvAI,Strategy_video_game
aQZTpaOHvAI,Video_game_culture
aQiAwqBqbhA,Sports_game
aQiAwqBqbhA,Video_game_culture
aQjg_0q7Xmo,Action_game
aQjg_0q7Xmo,Role-playing_video_game
aQjg_0q7Xmo,Strategy_video_game
aQjg_0q7Xmo,Video_game_culture
aR86Iq4QDUY,Action_game
aR86Iq4QDUY,Strategy_video_game
aR86Iq4QDUY,Video_game_culture
aRHrS1wi8Zc,Association_football
aRHrS1wi8Zc,Sport
aRTJpPWFffk,Video_game_culture
aScesEncPsk,Action-adventure_game
aScesEncPsk,Casual_game
aScesEncPsk,Simulation_video_game
aScesEncPsk,Video_game_culture
aT98BtNL3PE,Action-adventure_game
aT98BtNL3PE,Video_game_culture
aU8EnxPaLxE,Association_football
aU8EnxPaLxE,Sport
aUKxwhmC0CM,Action_game
aUKxwhmC0CM,Role-playing_video_game
aUKxwhmC0CM,Video_game_culture
aUzyjzahQiw,Sports_game
aUzyjzahQiw,Video_game_culture
aXibdVqUO6U,Video_game_culture
aXpoA5soAzs,Action_game
aXpoA5soAzs,Role-playing_video_game
aXpoA5soAzs,Video_game_culture
aYDMZlnovgk,Action-adventure_game
aYDMZlnovgk,Action_game
aYDMZlnovgk,Video_game_culture
aYKlqaki2ls,Action_game
aYKlqaki2ls,Role-playing_video_game
aYKlqaki2ls,Strategy_video_game
aYKlqaki2ls,Video_game_culture
aZyxCk8dsCM,Association_football
aZyxCk8dsCM,Sport
aZyxCk8dsCM,Sports_game
aavgNryu9bg,Action_game
aavgNryu9bg,Music_video_game
aavgNryu9bg,Video_game_culture
ab-AZczY3NM,Video_game_culture
abLaCGRdKJ4,Action_game
abLaCGRdKJ4,Sports_game
abLaCGRdKJ4,Strategy_video_game
abLaCGRdKJ4,Video_game_culture
abfylR3D9hg,Action-adventure_game
abfylR3D9hg,Action_game
abfylR3D9hg,Role-playing_video_game
abfylR3D9hg,Video_game_culture
abyaXrwyESI,Action-adventure_game
abyaXrwyESI,Action_game
abyaXrwyESI,Role-playing_video_game
abyaXrwyESI,Video_game_culture
ac0ycEllN3Y,Role-playing_video_game
ac0ycEllN3Y,Strategy_video_game
ac0ycEllN3Y,Video_game_culture
adxPyKobI7c,Action-adventure_game
adxPyKobI7c,Action_game
adxPyKobI7c,Video_game_culture
afDSS9cwgfw,Video_game_culture
afNvSqgo6IY,Action_game
afNvSqgo6IY,Video_game_culture
afcowahmfi8,Food
ib_JUGxjvBo,Video_game_culture
ibjYFBlwpCo,Action_game
ibjYFBlwpCo,Video_game_culture
icRDyP9JoEs,Action_game
icRDyP9JoEs,Role-playing_video_game
icRDyP9JoEs,Strategy_video_game
icRDyP9JoEs,Video_game_culture
id-YBu1lNzs,Action_game
id-YBu1lNzs,Role-playing_video_game
id-YBu1lNzs,Strategy_video_game
id-YBu1lNzs,Video_game_culture
id9M8ts7csE,Action_game
id9M8ts7csE,Video_game_culture
idi9EEGC5E4,Action-adventure_game
idi9EEGC5E4,Action_game
idi9EEGC5E4,Video_game_culture
ifRh1kPjQxE,Action_game
ifRh1kPjQxE,Video_game_culture
iga3WOLYpxE,Action-adventure_game
iga3WOLYpxE,Video_game_culture
ige5eJLElKA,Puzzle_video_game
ige5eJLElKA,Video_game_culture
ih-qTPnFBCo,Action-adventure_game
ih-qTPnFBCo,Action_game
ih-qTPnFBCo,Video_game_culture
ihRompHxxG8,Action-adventure_game
ihRompHxxG8,Action_game
ihRompHxxG8,Role-playing_video_game
ihRompHxxG8,Video_game_culture
ihSq8GctV_k,Action_game
ihSq8GctV_k,Video_game_culture
ihafthmK69s,Action-adventure_game
ihafthmK69s,Action_game
ihafthmK69s,Video_game_culture
iiAe2wPXHio,Association_football
iiAe2wPXHio,Sport
iiYXpZsRl2s,Action-adventure_game
iiYXpZsRl2s,Action_game
iiYXpZsRl2s,Role-playing_video_game
iiYXpZsRl2s,Simulation_video_game
iiYXpZsRl2s,Strategy_video_game
iiYXpZsRl2s,Video_game_culture
iieDHPgYW2s,Video_game_culture
ijd8CsZXoJ8,Action_game
ijd8CsZXoJ8,Role-playing_video_game
ijd8CsZXoJ8,Video_game_culture
ijpvyJUyRjI,Technology
ijpvyJUyRjI,Video_game_culture
ijviGll27qk,Association_football
ijviGll27qk,Sport
ikHuqoxgpaE,Action-adventure_game
ikHuqoxgpaE,Role-playing_video_game
ikHuqoxgpaE,Video_game_culture
ikwsQVFi4YQ,Action-adventure_game
ikwsQVFi4YQ,Action_game
ikwsQVFi4YQ,Video_game_culture
il5CxCCgjd0,Action_game
il5CxCCgjd0,Role-playing_video_game
il5CxCCgjd0,Strategy_video_game
il5CxCCgjd0,Video_game_culture
ilPKY2UBoBI,Action-adventure_game
ilPKY2UBoBI,Action_game
ilPKY2UBoBI,Role-playing_video_game
ilPKY2UBoBI,Video_game_culture
ilzh3V6cW8M,Sports_game
ilzh3V6cW8M,Video_game_culture
imktUxbu_Dc,Video_game_culture
imzhppYyEUM,Video_game_culture
ioWlbFOIjX4,Action_game
ioWlbFOIjX4,Role-playing_video_game
ioWlbFOIjX4,Video_game_culture
ipIxnRcSosY,Casual_game
ipIxnRcSosY,Video_game_culture
iqF0sMIab1w,Action_game
iqF0sMIab1w,Video_game_culture
iquYAwspB6M,Video_game_culture
irASOgFgKNM,Sports_game
irASOgFgKNM,Video_game_culture
irbXHbW5ecc,Action-adventure_game
irbXHbW5ecc,Action_game
irbXHbW5ecc,Role-playing_video_game
irbXHbW5ecc,Video_game_culture
iri3F95oo-0,Action_game
iri3F95oo-0,Video_game_culture
is1M_W7zFTQ,Action-adventure_game
is1M_W7zFTQ,Action_game
is1M_W7zFTQ,Video_game_culture
isDnpSrR6cM,Action-adventure_game
isDnpSrR6cM,Action_game
isDnpSrR6cM,Role-playing_video_game
isDnpSrR6cM,Strategy_video_game
isDnpSrR6cM,Video_game_culture
isx7YTRKY14,Sports_game
isx7YTRKY14,Video_game_culture
F40IACovXLs,Video_game_culture
F49zAmicVy0,Action_game
F49zAmicVy0,Video_game_culture
F4z83crlPbw,Video_game_culture
F5iwQYpy0ac,Action-adventure_game
F5iwQYpy0ac,Video_game_culture
F5rQqca_MMA,Role-playing_video_game
F5rQqca_MMA,Video_game_culture
F6lxilfoiX0,Lifestyle_(sociology)
F78RqmImqHw,Role-playing_video_game
F78RqmImqHw,Video_game_culture
F79F1jWmu6Y,Casual_game
F79F1jWmu6Y,Role-playing_video_game
F79F1jWmu6Y,Video_game_culture
F7_I0ZmVOxo,Casual_game
F7_I0ZmVOxo,Puzzle_video_game
F7_I0ZmVOxo,Video_game_culture
F8UHzG8jtEQ,Video_game_culture
F9_sj8bJbyE,Action-adventure_game
F9_sj8bJbyE,Action_game
F9_sj8bJbyE,Video_game_culture
F9eLhmOqNrU,Video_game_culture
FBHv57kZYXo,Action_game
FBHv57kZYXo,Role-playing_video_game
FBHv57kZYXo,Strategy_video_game
FBHv57kZYXo,Video_game_culture
FCL2bAHSpGg,Action-adventure_game
FCL2bAHSpGg,Video_game_culture
FCSP0zd84TY,Action-adventure_game
FCSP0zd84TY,Action_game
FCSP0zd84TY,Video_game_culture
FCX3cQx8eog,Action_game
FCX3cQx8eog,Video_game_culture
FDTSe1QQgd0,Role-playing_video_game
FDTSe1QQgd0,Video_game_culture
FEAwUkz9WLk,Association_football
FEAwUkz9WLk,Sport
FEGOnSZdon4,Video_game_culture
FF8Z0estUTY,Action_game
FF8Z0estUTY,Role-playing_video_game
FF8Z0estUTY,Strategy_video_game
FF8Z0estUTY,Video_game_culture
FFmTo3DiXIU,Action_game
FFmTo3DiXIU,Video_game_culture
FGz8V4_12GY,Video_game_culture
FHGUlGFtq7k,Sports_game
FHGUlGFtq7k,Video_game_culture
FHIRu9ur7vk,Video_game_culture
FHsF-bSDd_Y,Action_game
FHsF-bSDd_Y,Video_game_culture
FHvesCYMbXQ,Role-playing_video_game
FHvesCYMbXQ,Video_game_culture
FIPKPfsvHt8,Video_game_culture
FJDVzBbY354,Sports_game
FJDVzBbY354,Video_game_culture
ugU3zhSw4gk,Action_game
ugU3zhSw4gk,Strategy_video_game
ugU3zhSw4gk,Video_game_culture
ugX2vnGLHNc,Sports_game
ugX2vnGLHNc,Video_game_culture
ugdg_Bvj7Zc,Action-adventure_game
ugdg_Bvj7Zc,Action_game
ugdg_Bvj7Zc,Role-playing_video_game
ugdg_Bvj7Zc,Video_game_culture
uhPDcjsP9FU,Video_game_culture
uhQRfFrK4AI,Action-adventure_game
uhQRfFrK4AI,Video_game_culture
uhkAI92k66o,Action-adventure_game
uhkAI92k66o,Action_game
uhkAI92k66o,Strategy_video_game
uhkAI92k66o,Video_game_culture
uizKFAyq3bQ,Video_game_culture
uj-l8jKpYkE,Action-adventure_game
uj-l8jKpYkE,Action_game
uj-l8jKpYkE,Role-playing_video_game
uj-l8jKpYkE,Video_game_culture
ujpus6Kizyk,Action_game
ujpus6Kizyk,Role-playing_video_game
ujpus6Kizyk,Strategy_video_game
ujpus6Kizyk,Video_game_culture
ukoczOF9S38,Sports_game
ukoczOF9S38,Video_game_culture
ul9DVEteTT8,Role-playing_video_game
ul9DVEteTT8,Video_game_culture
ulZHufHLy-I,Video_game_culture
ulg6ui0LxQw,Association_football
ulg6ui0LxQw,Music
ultFwewHCYs,Action_game
ultFwewHCYs,Role-playing_video_game
ultFwewHCYs,Video_game_culture
un1VUEpODoQ,Action_game
un1VUEpODoQ,Video_game_culture
unCfcS-P33k,Action_game
unCfcS-P33k,Role-playing_video_game
unCfcS-P33k,Video_game_culture
uo3jHtX_iF4,Role-playing_video_game
uo3jHtX_iF4,Video_game_culture
uqC-KHSi10Q,Simulation_video_game
uqC-KHSi10Q,Video_game_culture
uqvbqd3xEvc,Action_game
uqvbqd3xEvc,Role-playing_video_game
uqvbqd3xEvc,Strategy_video_game
uqvbqd3xEvc,Video_game_culture
urZsvQqAbM4,Action_game
urZsvQqAbM4,Role-playing_video_game
urZsvQqAbM4,Strategy_video_game
urZsvQqAbM4,Video_game_culture
ut7nEDNGz2E,Action_game
ut7nEDNGz2E,Role-playing_video_game
ut7nEDNGz2E,Video_game_culture
utdReJi11Es,Action_game
utdReJi11Es,Video_game_culture
utl--cbApqY,Action-adventure_game
utl--cbApqY,Action_game
utl--cbApqY,Video_game_culture
utnXCuQjA6Y,Action_game
utnXCuQjA6Y,Role-playing_video_game
utnXCuQjA6Y,Video_game_culture
mpc-wiOsaE8,Action_game
mpc-wiOsaE8,Role-playing_video_game
mpc-wiOsaE8,Video_game_culture
mpckIlbKxRg,Association_football
mpckIlbKxRg,Sport
mqUt37ox9fQ,Association_football
mqUt37ox9fQ,Sport
mqi8nzsus_k,Action_game
mqi8nzsus_k,Role-playing_video_game
mqi8nzsus_k,Strategy_video_game
mqi8nzsus_k,Video_game_culture
mrzr7fzcgow,Action_game
mrzr7fzcgow,Strategy_video_game
mrzr7fzcgow,Video_game_culture
msaxFRvYJYs,Action-adventure_game
msaxFRvYJYs,Role-playing_video_game
msaxFRvYJYs,Video_game_culture
mtapmZjYEJU,Action-adventure_game
mtapmZjYEJU,Action_game
mtapmZjYEJU,Role-playing_video_game
mtapmZjYEJU,Video_game_culture
mtpWh4mduaI,Video_game_culture
muY7JxEhjXs,Action_game
muY7JxEhjXs,Role-playing_video_game
muY7JxEhjXs,Strategy_video_game
muY7JxEhjXs,Video_game_culture
muf5Aq8VfVs,Sports_game
muf5Aq8VfVs,Video_game_culture
muh0S1CsaZE,Video_game_culture
mwFnTFM3AAM,Action-adventure_game
mwFnTFM3AAM,Action_game
mwFnTFM3AAM,Video_game_culture
mxOCj5rXGaw,Action_game
mxOCj5rXGaw,Video_game_culture
mxmQ0gtMQ9U,Video_game_culture
myfDE0anDNA,Action-adventure_game
myfDE0anDNA,Video_game_culture
mygc5gzJFpA,Video_game_culture
myoVa8IOzHw,Action_game
myoVa8IOzHw,Video_game_culture
mzCeIViKt2Q,Action_game
mzCeIViKt2Q,Role-playing_video_game
mzCeIViKt2Q,Strategy_video_game
mzCeIViKt2Q,Video_game_culture
mztdZQMtsbQ,Video_game_culture
n-GVoMCzfn0,Role-playing_video_game
n-GVoMCzfn0,Video_game_culture
n-hkq0VbKN0,Action_game
n-hkq0VbKN0,Video_game_culture
n0RelEOgT0o,Role-playing_video_game
n0RelEOgT0o,Strategy_video_game
n0RelEOgT0o,Video_game_culture
n0xnK8Ue1qU,Action-adventure_game
n0xnK8Ue1qU,Action_game
n0xnK8Ue1qU,Video_game_culture
n1GvYusD4sY,Action-adventure_game
n1GvYusD4sY,Action_game
n1GvYusD4sY,Video_game_culture
n1XrTAg0b0E,Sports_game
n1XrTAg0b0E,Video_game_culture
0q0xrn73fB0,Music
0q0xrn73fB0,Pop_music
0q7xiamtqws,Action-adventure_game
0q7xiamtqws,Action_game
0q7xiamtqws,Strategy_video_game
0q7xiamtqws,Video_game_culture
0qJyjqfuyo0,Action_game
0qJyjqfuyo0,Role-playing_video_game
0qJyjqfuyo0,Video_game_culture
0qhtt2KhEPE,Technology
0qhtt2KhEPE,Video_game_culture
0qw2uFcG14U,Action_game
0qw2uFcG14U,Video_game_culture
0r9ITXGUp7o,Action-adventure_game
0r9ITXGUp7o,Action_game
0r9ITXGUp7o,Role-playing_video_game
0r9ITXGUp7o,Video_game_culture
0tSpK0bVtXE,Association_football
0tSpK0bVtXE,Sport
0tSpK0bVtXE,Sports_game
0tcedD43j2g,Action-adventure_game
0tcedD43j2g,Action_game
0tcedD43j2g,Video_game_culture
0uX-4JUUwRE,Action-adventure_game
0uX-4JUUwRE,Action_game
0uX-4JUUwRE,Role-playing_video_game
0uX-4JUUwRE,Video_game_culture
0ufP3cCVbQ0,Action_game
0ufP3cCVbQ0,Video_game_culture
0vnXtTbL6zc,Video_game_culture
0wrjadXShtI,Action_game
0wrjadXShtI,Role-playing_video_game
0wrjadXShtI,Video_game_culture
0xDu9HztQe0,Action_game
0xDu9HztQe0,Video_game_culture
0xJCC1NXnHo,Video_game_culture
0xLn-luQ1Q4,Action_game
0xLn-luQ1Q4,Video_game_culture
0xcuEEv_0WI,Video_game_culture
0xwkmzAnCDw,Action-adventure_game
0xwkmzAnCDw,Action_game
0xwkmzAnCDw,Video_game_culture
0yFfPyyCt8A,Association_football
0yFfPyyCt8A,Sport
0zLZZt8gjso,Video_game_culture
1-3l9ItPI8A,Action_game
1-3l9ItPI8A,Video_game_culture
1-UgHt4jqTM,Video_game_culture
10-n6iPoKwQ,Action-adventure_game
10-n6iPoKwQ,Action_game
10-n6iPoKwQ,Video_game_culture
1089ZcNBPCc,Action_game
1089ZcNBPCc,Role-playing_video_game
1089ZcNBPCc,Video_game_culture
10jgVtEWcrk,Action_game
10jgVtEWcrk,Video_game_culture
13rFZF9512s,Action-adventure_game
13rFZF9512s,Video_game_culture
14MjYhP03Qo,Action_game
14MjYhP03Qo,Puzzle_video_game
14MjYhP03Qo,Video_game_culture
eZFD1iATBsA,Video_game_culture
eZOfHbam1pk,Action-adventure_game
eZOfHbam1pk,Action_game
eZOfHbam1pk,Role-playing_video_game
eZOfHbam1pk,Video_game_culture
e_-mJrF5uxs,Action_game
e_-mJrF5uxs,Strategy_video_game
e_-mJrF5uxs,Video_game_culture
ea_mTOfVBFQ,Action-adventure_game
ea_mTOfVBFQ,Action_game
ea_mTOfVBFQ,Role-playing_video_game
ea_mTOfVBFQ,Strategy_video_game
ea_mTOfVBFQ,Video_game_culture
ebSG-39ZDC8,Action-adventure_game
ebSG-39ZDC8,Action_game
ebSG-39ZDC8,Video_game_culture
ebks8m48N0E,Action-adventure_game
ebks8m48N0E,Action_game
ebks8m48N0E,Casual_game
ebks8m48N0E,Video_game_culture
ecKkfEwY2oI,Action_game
ecKkfEwY2oI,Role-playing_video_game
ecKkfEwY2oI,Video_game_culture
ecfptXpx4Oc,Video_game_culture
ecvWn--hCCs,Video_game_culture
ed0fBG2tNFU,Role-playing_video_game
ed0fBG2tNFU,Video_game_culture
edklAd1vNd8,Action_game
edklAd1vNd8,Video_game_culture
ee69o65ev7s,Action-adventure_game
ee69o65ev7s,Action_game
ee69o65ev7s,Role-playing_video_game
ee69o65ev7s,Video_game_culture
eejGRquHy_Q,Association_football
eejGRquHy_Q,Sport
eezgzbIyJHc,Role-playing_video_game
eezgzbIyJHc,Video_game_culture
efvkF4-LtCU,Video_game_culture
egoYcEjjRAU,Action_game
egoYcEjjRAU,Sports_game
egoYcEjjRAU,Video_game_culture
egxOeLf8h7E,Video_game_culture
eifJbXu_kyw,Role-playing_video_game
eifJbXu_kyw,Video_game_culture
el0k3AEHq_o,Association_football
el0k3AEHq_o,Sport
elpCAnU9rYI,Action_game
elpCAnU9rYI,Strategy_video_game
elpCAnU9rYI,Video_game_culture
emP45bxk4zk,Action_game
emP45bxk4zk,Video_game_culture
enSu804GTWk,Video_game_culture
8OEnVZYLzbQ,Sports_game
8OEnVZYLzbQ,Video_game_culture
8OxlL-J7nQ4,Action_game
8OxlL-J7nQ4,Role-playing_video_game
8OxlL-J7nQ4,Video_game_culture
8P4g_Aca0ck,Action-adventure_game
8P4g_Aca0ck,Action_game
8P4g_Aca0ck,Video_game_culture
8Q2qZt56BqE,Action-adventure_game
8Q2qZt56BqE,Action_game
8Q2qZt56BqE,Role-playing_video_game
8Q2qZt56BqE,Strategy_video_game
8Q2qZt56BqE,Video_game_culture
8RflO0K0HUk,Role-playing_video_game
8RflO0K0HUk,Video_game_culture
8SFfq-WCC1A,Lifestyle_(sociology)
8ToV8IlGsQM,Video_game_culture
8WCZuUHPl2U,Action-adventure_game
8WCZuUHPl2U,Action_game
8WCZuUHPl2U,Role-playing_video_game
8WCZuUHPl2U,Strategy_video_game
8WCZuUHPl2U,Video_game_culture
8WV-ezQYsKw,Role-playing_video_game
8WV-ezQYsKw,Video_game_culture
8Z3rPo3FJxw,Action_game
8Z3rPo3FJxw,Video_game_culture
8Zk82K31bZA,Action-adventure_game
8Zk82K31bZA,Casual_game
8Zk82K31bZA,Puzzle_video_game
8Zk82K31bZA,Role-playing_video_game
8Zk82K31bZA,Video_game_culture
8avoFTH2HBE,Sports_game
8avoFTH2HBE,Video_game_culture
BOKk4xSMKkg,Action_game
BOKk4xSMKkg,Role-playing_video_game
BOKk4xSMKkg,Strategy_video_game
BOKk4xSMKkg,Video_game_culture
BPNJFFE52kY,Role-playing_video_game
BPNJFFE52kY,Strategy_video_game
BPNJFFE52kY,Video_game_culture
BQpuxWsyS08,Action_game
BQpuxWsyS08,Strategy_video_game
BQpuxWsyS08,Video_game_culture
BRv3KW-NIQc,Association_football
BRv3KW-NIQc,Sport
BSLrZ7bp7t0,Sports_game
BSLrZ7bp7t0,Video_game_culture
BSo6tLIsJYA,Association_football
BSo6tLIsJYA,Sport
BSySTv2Eqzo,Action-adventure_game
BSySTv2Eqzo,Action_game
BSySTv2Eqzo,Video_game_culture
BTQquCxg2QY,Action-adventure_game
BTQquCxg2QY,Casual_game
BTQquCxg2QY,Video_game_culture
BUr6PkGaJwA,Action_game
BUr6PkGaJwA,Role-playing_video_game
BUr6PkGaJwA,Strategy_video_game
BUr6PkGaJwA,Video_game_culture
BVRYitwp4Ek,Video_game_culture
BVt1dN6Bg6g,Electronic_music
BWoB_IC4Z_A,Action_game
BWoB_IC4Z_A,Video_game_culture
BXYZiIBbdxw,Entertainment
BXv_UMnJecA,Video_game_culture
BXxP5FoqEVk,Action_game
BXxP5FoqEVk,Role-playing_video_game
BXxP5FoqEVk,Video_game_culture
B_2WIwWzOyk,Role-playing_video_game
B_2WIwWzOyk,Video_game_culture
B_VWZ2Lt2ns,Action_game
B_VWZ2Lt2ns,Video_game_culture
B_WCtpJ4f-4,Sports_game
B_WCtpJ4f-4,Video_game_culture
XkV9JhJhqJk,Action-adventure_game
XkV9JhJhqJk,Action_game
XkV9JhJhqJk,Role-playing_video_game
XkV9JhJhqJk,Video_game_culture
XlWf4NMA4kM,Action-adventure_game
XlWf4NMA4kM,Action_game
XlWf4NMA4kM,Role-playing_video_game
XlWf4NMA4kM,Strategy_video_game
XlWf4NMA4kM,Video_game_culture
XlXeDQd7Hcc,Action_game
XlXeDQd7Hcc,Video_game_culture
XovgFsm1l2Y,Action_game
XovgFsm1l2Y,Role-playing_video_game
XovgFsm1l2Y,Strategy_video_game
XovgFsm1l2Y,Video_game_culture
XpbdQ18d1qw,Sports_game
XpbdQ18d1qw,Video_game_culture
Xq4gvdYHeOU,Action-adventure_game
Xq4gvdYHeOU,Action_game
Xq4gvdYHeOU,Video_game_culture
XqKWN9p7qrM,Action_game
XqKWN9p7qrM,Role-playing_video_game
XqKWN9p7qrM,Strategy_video_game
XqKWN9p7qrM,Video_game_culture
XqokyAWsAAM,Action_game
XqokyAWsAAM,Video_game_culture
XsW3moYSyiA,Action-adventure_game
XsW3moYSyiA,Action_game
XsW3moYSyiA,Video_game_culture
Xt4l3vnTyDE,Action_game
Xt4l3vnTyDE,Role-playing_video_game
Xt4l3vnTyDE,Strategy_video_game
Xt4l3vnTyDE,Video_game_culture
XuAYljgPloc,Action_game
XuAYljgPloc,Video_game_culture
XuY2ALFzNvI,Action_game
XuY2ALFzNvI,Video_game_culture
XwXQYIcCEZU,Action_game
XwXQYIcCEZU,Video_game_culture
XwYGHoDFvcM,Role-playing_video_game
XwYGHoDFvcM,Video_game_culture
XxuOr1X7DF8,Action-adventure_game
XxuOr1X7DF8,Action_game
XxuOr1X7DF8,Video_game_culture
XxwO2Ec2yT0,Action_game
XxwO2Ec2yT0,Role-playing_video_game
XxwO2Ec2yT0,Strategy_video_game
XxwO2Ec2yT0,Video_game_culture
XxyisZMC93I,Action-adventure_game
XxyisZMC93I,Video_game_culture
Xy7tK-Uc6NY,Role-playing_video_game
Xy7tK-Uc6NY,Video_game_culture
XzTj1pkn-GM,Action_game
XzTj1pkn-GM,Strategy_video_game
XzTj1pkn-GM,Video_game_culture
Y-FodntMnio,Action-adventure_game
Y-FodntMnio,Role-playing_video_game
Y-FodntMnio,Video_game_culture
Y-kIKHJLVsk,Video_game_culture
Y0MT2kCABJ0,Action-adventure_game
Y0MT2kCABJ0,Action_game
Y0MT2kCABJ0,Video_game_culture
Y0P_epN4xpI,Action-adventure_game
Y0P_epN4xpI,Action_game
Y0P_epN4xpI,Video_game_culture
Y0RfY92qRjE,Action-adventure_game
Y0RfY92qRjE,Action_game
Y0RfY92qRjE,Video_game_culture
Y0nrmCmBYYg,Action-adventure_game
Y0nrmCmBYYg,Action_game
Y0nrmCmBYYg,Video_game_culture
Y16dHBHSB8A,Video_game_culture
Y1BWDF-ZCOE,Video_game_culture
Y24JWkl4U1g,Action_game
Y24JWkl4U1g,Video_game_culture
Y3n-9rGjmzo,Action_game
Y3n-9rGjmzo,Strategy_video_game
Y3n-9rGjmzo,Video_game_culture
Y3yPNc92TUQ,Hip_hop_music
Y3yPNc92TUQ,Music
Y3yPNc92TUQ,Music_of_Latin_America
Y3yPNc92TUQ,Pop_music
Y4HPmdEOKpQ,Action_game
Y4HPmdEOKpQ,Video_game_culture
Y4hGiJ1SRfg,Action-adventure_game
Y4hGiJ1SRfg,Action_game
Y4hGiJ1SRfg,Video_game_culture
Y56W1omn_ko,Action-adventure_game
Y56W1omn_ko,Action_game
Y56W1omn_ko,Role-playing_video_game
Y56W1omn_ko,Video_game_culture
yIDh8t0kbNM,Action_game
yIDh8t0kbNM,Video_game_culture
yJBoxC_u7fU,Sports_game
yJBoxC_u7fU,Video_game_culture
yJNtbq57sj8,Action-adventure_game
yJNtbq57sj8,Video_game_culture
yJXa93ML6Sc,Action-adventure_game
yJXa93ML6Sc,Role-playing_video_game
yJXa93ML6Sc,Video_game_culture
yJkeStFD8_E,Action_game
yJkeStFD8_E,Strategy_video_game
yJkeStFD8_E,Video_game_culture
yJvqHNt8VWU,Action-adventure_game
yJvqHNt8VWU,Action_game
yJvqHNt8VWU,Role-playing_video_game
yJvqHNt8VWU,Strategy_video_game
yJvqHNt8VWU,Video_game_culture
yKEIYfgQaB0,Action_game
yKEIYfgQaB0,Video_game_culture
yLGVA_B6jYk,Action_game
yLGVA_B6jYk,Video_game_culture
yMZoXvk6ah0,Association_football
yMZoXvk6ah0,Sport
yMjJHliFscI,Sports_game
yMjJHliFscI,Video_game_culture
yNC7q3aPMMY,Action_game
yNC7q3aPMMY,Video_game_culture
yOF9pH9wUfA,Politics
yPXymRq6DGE,Food
yPXymRq6DGE,Lifestyle_(sociology)
yPeEQitu_-o,Association_football
yPeEQitu_-o,Sport
yPhWmckGE60,Role-playing_video_game
yPhWmckGE60,Video_game_culture
yQsz5pSfvbs,Action-adventure_game
yQsz5pSfvbs,Action_game
yQsz5pSfvbs,Video_game_culture
yRoWV1Ik-o0,Association_football
yRoWV1Ik-o0,Sport
yRz9vOHjegI,Action-adventure_game
yRz9vOHjegI,Role-playing_video_game
yRz9vOHjegI,Simulation_video_game
yRz9vOHjegI,Strategy_video_game
yRz9vOHjegI,Video_game_culture
ySFQs9XJWp0,Action_game
ySFQs9XJWp0,Video_game_culture
yWUypiy2W9o,Action_game
yWUypiy2W9o,Role-playing_video_game
yWUypiy2W9o,Video_game_culture
yXmL8XkP36o,Action_game
yXmL8XkP36o,Video_game_culture
yXvXlghfRgE,Action-adventure_game
yXvXlghfRgE,Action_game
yXvXlghfRgE,Video_game_culture
yXxIaQbDpMs,Action_game
yXxIaQbDpMs,Role-playing_video_game
yXxIaQbDpMs,Strategy_video_game
yXxIaQbDpMs,Video_game_culture
yY06ja7E5Sc,Action_game
yY06ja7E5Sc,Video_game_culture
yYHlOVYM948,Action-adventure_game
yYHlOVYM948,Action_game
yYHlOVYM948,Video_game_culture
IwPX7CuqwBk,Sports_game
IwPX7CuqwBk,Video_game_culture
IwlvCMwvjcY,Action_game
IwlvCMwvjcY,Video_game_culture
Iwzurw-PC1Q,Video_game_culture
Ix-_D0GUm6U,Action_game
Ix-_D0GUm6U,Role-playing_video_game
Ix-_D0GUm6U,Video_game_culture
Iy9c0PFFWcs,Video_game_culture
IyziYKDyTjU,Action_game
IyziYKDyTjU,Video_game_culture
IzM40vVMmPY,Video_game_culture
IzM40vVMmPY,Action_game
IzM40vVMmPY,Role-playing_video_game
IzgNdtS7Prs,Action_game
IzgNdtS7Prs,Video_game_culture
J-jbyQlQFO8,Action_game
J-jbyQlQFO8,Role-playing_video_game
J-jbyQlQFO8,Video_game_culture
J-uUXlpXO6k,Casual_game
J-uUXlpXO6k,Video_game_culture
J-zRO8YXFos,Action_game
J-zRO8YXFos,Video_game_culture
J30UcF20QWE,Action_game
J30UcF20QWE,Role-playing_video_game
J30UcF20QWE,Strategy_video_game
J30UcF20QWE,Video_game_culture
J4CZGW6daes,Video_game_culture
J4QGde-QLsI,Action_game
J4QGde-QLsI,Video_game_culture
J4xte6JpZa0,Action_game
J4xte6JpZa0,Video_game_culture
J5ojU1EHFH0,Action_game
J5ojU1EHFH0,Role-playing_video_game
J5ojU1EHFH0,Strategy_video_game
J5ojU1EHFH0,Video_game_culture
J5yHsKlQVfc,Role-playing_video_game
J5yHsKlQVfc,Video_game_culture
J69LbW-4rbg,Action_game
J69LbW-4rbg,Video_game_culture
J6LV0Sk7xko,Video_game_culture
J6UV4-qTjlM,Sports_game
J6UV4-qTjlM,Video_game_culture
J6VjNR_6jLI,Electronic_music
J6VjNR_6jLI,Music
J6VjNR_6jLI,Pop_music
J7VnZX_8rBY,Action_game
J7VnZX_8rBY,Role-playing_video_game
J7VnZX_8rBY,Video_game_culture
J7iOXgpIHPU,Lifestyle_(sociology)
J8ejcOGk044,Video_game_culture
J9gTI_r2yyQ,Simulation_video_game
J9gTI_r2yyQ,Video_game_culture
JAHRRlXfIpA,Action_game
JAHRRlXfIpA,Role-playing_video_game
JAHRRlXfIpA,Strategy_video_game
JAHRRlXfIpA,Video_game_culture
JAhUtdrEqls,Video_game_culture
4i22JS-Nedg,Sports_game
4i22JS-Nedg,Video_game_culture
4iESBm0fe_Y,Strategy_video_game
4iESBm0fe_Y,Video_game_culture
4iLBNwr--v4,Sports_game
4iLBNwr--v4,Video_game_culture
4igmmENTVkc,Action_game
4igmmENTVkc,Video_game_culture
4k4E4VbCuk0,Association_football
4k4E4VbCuk0,Sport
4kfcnbzv9qo,Food
4kfcnbzv9qo,Lifestyle_(sociology)
4lAppf3xHLU,Sports_game
4lAppf3xHLU,Video_game_culture
4n4Ui7GvJjE,Lifestyle_(sociology)
4nDkN1s_vyg,Casual_game
4nDkN1s_vyg,Video_game_culture
4oQ2hGlhqoU,Action_game
4oQ2hGlhqoU,Video_game_culture
4pGVY0SLBLA,Action-adventure_game
4pGVY0SLBLA,Action_game
4pGVY0SLBLA,Role-playing_video_game
4pGVY0SLBLA,Video_game_culture
4rRBQVE3iq0,Video_game_culture
4rfuJXSQoCw,Action_game
4rfuJXSQoCw,Video_game_culture
4rkBo907XlI,Sports_game
4rkBo907XlI,Video_game_culture
4sE57EnkT4U,Action_game
4sE57EnkT4U,Sports_game
4sE57EnkT4U,Strategy_video_game
4sE57EnkT4U,Video_game_culture
4sSUZapaKDY,Video_game_culture
4t9wLmDiPsM,Action_game
4t9wLmDiPsM,Video_game_culture
4u7lvmmE_hU,Sports_game
4u7lvmmE_hU,Video_game_culture
4vN6tF8c7S0,Action-adventure_game
4vN6tF8c7S0,Action_game
4vN6tF8c7S0,Video_game_culture
4vtZuF66FB0,Action-adventure_game
4vtZuF66FB0,Action_game
4vtZuF66FB0,Video_game_culture
4z_fFT7sw3s,Role-playing_video_game
4z_fFT7sw3s,Strategy_video_game
4z_fFT7sw3s,Video_game_culture
VEDNiRmsgO0,Role-playing_video_game
VEDNiRmsgO0,Strategy_video_game
VEDNiRmsgO0,Video_game_culture
VEWH-I8I33A,Video_game_culture
VF7YJm8nPNI,Sports_game
VF7YJm8nPNI,Video_game_culture
VFYVTy0nXxo,Sports_game
VFYVTy0nXxo,Video_game_culture
VG3YZhCBKU0,Action_game
VG3YZhCBKU0,Role-playing_video_game
VG3YZhCBKU0,Video_game_culture
VGXwL9pX2cA,Association_football
VGXwL9pX2cA,Sport
VGYaZ7lzEnc,Action_game
VGYaZ7lzEnc,Role-playing_video_game
VGYaZ7lzEnc,Video_game_culture
VHoctq0AOg8,Association_football
VHoctq0AOg8,Sport
VHoctq0AOg8,Sports_game
VI7Dy8wvlpI,Video_game_culture
VICrANmwL8s,Role-playing_video_game
VICrANmwL8s,Video_game_culture
VIT4c29YCJ4,Action_game
VIT4c29YCJ4,Video_game_culture
VIUUV_eIWpc,Role-playing_video_game
VIUUV_eIWpc,Video_game_culture
VIlgnCbRpy4,Role-playing_video_game
VIlgnCbRpy4,Video_game_culture
VIx2o-mpRtU,Action-adventure_game
VIx2o-mpRtU,Video_game_culture
VJAxegriTJg,Video_game_culture
VK5ZzWP3-mA,Action_game
VK5ZzWP3-mA,Role-playing_video_game
VK5ZzWP3-mA,Video_game_culture
VKOfVcGIlQA,Action_game
VKOfVcGIlQA,Video_game_culture
VKsUb4FU2m8,Action_game
VKsUb4FU2m8,Strategy_video_game
VKsUb4FU2m8,Video_game_culture
VKvjspX9fG4,Action_game
VKvjspX9fG4,Role-playing_video_game
VKvjspX9fG4,Strategy_video_game
VKvjspX9fG4,Video_game_culture
VMVnsN6hTNc,Sports_game
VMVnsN6hTNc,Video_game_culture
VN8Tx1Nqdjs,Action-adventure_game
VN8Tx1Nqdjs,Casual_game
VN8Tx1Nqdjs,Role-playing_video_game
VN8Tx1Nqdjs,Video_game_culture
VOUIAJwBhQ4,Action-adventure_game
VOUIAJwBhQ4,Action_game
VOUIAJwBhQ4,Role-playing_video_game
VOUIAJwBhQ4,Video_game_culture
VOXNQe5Hz5c,Action-adventure_game
VOXNQe5Hz5c,Action_game
VOXNQe5Hz5c,Video_game_culture
VOqlRHb7HGk,Action-adventure_game
VOqlRHb7HGk,Action_game
VOqlRHb7HGk,Video_game_culture
VQ0YkiT656g,Role-playing_video_game
VQ0YkiT656g,Video_game_culture
VQPTxGQpUjY,Action_game
VQPTxGQpUjY,Role-playing_video_game
VQPTxGQpUjY,Strategy_video_game
VQPTxGQpUjY,Video_game_culture
VQmYtPItabo,Video_game_culture
VQp3cakbg2I,Sports_game
VQp3cakbg2I,Video_game_culture
VRJQ1SVAbyA,Action-adventure_game
VRJQ1SVAbyA,Action_game
VRJQ1SVAbyA,Video_game_culture
VRKxTMjzLQs,Action_game
VRKxTMjzLQs,Video_game_culture
VTIU4Bmv0AU,Action-adventure_game
VTIU4Bmv0AU,Action_game
VTIU4Bmv0AU,Role-playing_video_game
VTIU4Bmv0AU,Video_game_culture
VTOdlAHQ3vw,Video_game_culture
VUOdnky-EMw,Action_game
VUOdnky-EMw,Video_game_culture
VVFLKwXeHNo,Action_game
VVFLKwXeHNo,Video_game_culture
VVeFQMwU7h4,Action_game
VVeFQMwU7h4,Video_game_culture
VVnfwnX9Y4M,Action_game
VVnfwnX9Y4M,Video_game_culture
VVpKo52OU6k,Sports_game
VVpKo52OU6k,Video_game_culture
VWLEXnduNrY,Action-adventure_game
VWLEXnduNrY,Action_game
VWLEXnduNrY,Role-playing_video_game
VWLEXnduNrY,Simulation_video_game
VWLEXnduNrY,Video_game_culture
VX-SFIeNK5o,Video_game_culture
qa8-Sir8NiE,Action_game
qa8-Sir8NiE,Role-playing_video_game
qa8-Sir8NiE,Video_game_culture
qa_1cBbVcdU,Video_game_culture
qbLckY5n8As,Video_game_culture
qbQCQmCEdv0,Entertainment
qbQCQmCEdv0,Film
qc0nmeHFFjY,Sports_game
qc0nmeHFFjY,Video_game_culture
qczZ0L4w4OQ,Video_game_culture
qdxIxORUofY,Action_game
qdxIxORUofY,Video_game_culture
qe9vzhVZMkY,Action_game
qe9vzhVZMkY,Video_game_culture
qeGbUoXRIUs,Action-adventure_game
qeGbUoXRIUs,Role-playing_video_game
qeGbUoXRIUs,Video_game_culture
qeyQax5qEkY,Action_game
qeyQax5qEkY,Video_game_culture
qfDdAEEPTxk,Role-playing_video_game
qfDdAEEPTxk,Video_game_culture
qflb2IEjB90,Action_game
qflb2IEjB90,Strategy_video_game
qflb2IEjB90,Video_game_culture
qg53q28JAGA,Action_game
qg53q28JAGA,Video_game_culture
qkAevPiAF3M,Action-adventure_game
qkAevPiAF3M,Action_game
qkAevPiAF3M,Video_game_culture
qlppbhThrKE,Sports_game
qlppbhThrKE,Video_game_culture
qm62qzdoQ_U,Sports_game
qm62qzdoQ_U,Video_game_culture
qmfyInTZwUw,Action-adventure_game
qmfyInTZwUw,Action_game
qmfyInTZwUw,Video_game_culture
qo6qatvSu-4,Sports_game
qo6qatvSu-4,Video_game_culture
qoEx1F37KDY,Action_game
qoEx1F37KDY,Role-playing_video_game
qoEx1F37KDY,Strategy_video_game
qoEx1F37KDY,Video_game_culture
tX2LgjjcBSs,Action_game
tX2LgjjcBSs,Video_game_culture
tX2dfKtIyco,Action_game
tX2dfKtIyco,Role-playing_video_game
tX2dfKtIyco,Video_game_culture
tXVHEPIpFl0,Action_game
tXVHEPIpFl0,Video_game_culture
tXXkGSR1UtA,Action_game
tXXkGSR1UtA,Role-playing_video_game
tXXkGSR1UtA,Video_game_culture
tZ6JhRnPIYs,Role-playing_video_game
tZ6JhRnPIYs,Video_game_culture
t_bho5rWups,Action_game
t_bho5rWups,Strategy_video_game
t_bho5rWups,Video_game_culture
tcD6R7t2uUg,Video_game_culture
tcE7RSTMIKA,Action_game
tcE7RSTMIKA,Strategy_video_game
tcE7RSTMIKA,Video_game_culture
tcjs9hRsIFA,Role-playing_video_game
tcjs9hRsIFA,Video_game_culture
tconzkjRIbk,Video_game_culture
tfAFerVi_ug,Action-adventure_game
tfAFerVi_ug,Video_game_culture
tfU8F4Y-gEs,Action_game
tfU8F4Y-gEs,Video_game_culture
tfzJJarXFgk,Sports_game
tfzJJarXFgk,Video_game_culture
thP1vV29FiU,Action-adventure_game
thP1vV29FiU,Action_game
thP1vV29FiU,Racing_video_game
thP1vV29FiU,Video_game_culture
thbfjbvwHnk,Action-adventure_game
thbfjbvwHnk,Action_game
thbfjbvwHnk,Casual_game
thbfjbvwHnk,Role-playing_video_game
thbfjbvwHnk,Video_game_culture
tiZKcuuyQoY,Action_game
tiZKcuuyQoY,Video_game_culture
tj1R_VF-c6A,Action_game
tj1R_VF-c6A,Video_game_culture
tjjP2r2X5So,Video_game_culture
tjjP2r2X5So,Action-adventure_game
tjjP2r2X5So,Action_game
tkbOFtop8n4,Action_game
tkbOFtop8n4,Role-playing_video_game
tkbOFtop8n4,Video_game_culture
tkp4uBeJ-o4,Entertainment
tmZZUPptWPM,Lifestyle_(sociology)
tm_qugMfg-Y,Role-playing_video_game
tm_qugMfg-Y,Video_game_culture
tmbLPiwrRQw,Video_game_culture
jn8dM-JIp1w,Role-playing_video_game
jn8dM-JIp1w,Video_game_culture
jp--BTy_8lE,Action_game
jp--BTy_8lE,Strategy_video_game
jp--BTy_8lE,Video_game_culture
jp6QTGBnXss,Action_game
jp6QTGBnXss,Role-playing_video_game
jp6QTGBnXss,Video_game_culture
jq4QAfilnac,Action_game
jq4QAfilnac,Video_game_culture
jqaz-RSlk5M,Action_game
jqaz-RSlk5M,Role-playing_video_game
jqaz-RSlk5M,Strategy_video_game
jqaz-RSlk5M,Video_game_culture
jqk-oRItO3c,Association_football
jqk-oRItO3c,Sport
jrO_CjbVmI0,Action_game
jrO_CjbVmI0,Video_game_culture
jrhrw5cWiN8,Action-adventure_game
jrhrw5cWiN8,Action_game
jrhrw5cWiN8,Video_game_culture
jrpPuaw323I,Action-adventure_game
jrpPuaw323I,Action_game
jrpPuaw323I,Role-playing_video_game
jrpPuaw323I,Video_game_culture
jsGoFJWneB4,Action-adventure_game
jsGoFJWneB4,Action_game
jsGoFJWneB4,Role-playing_video_game
jsGoFJWneB4,Video_game_culture
jsPVMh-InRI,Sports_game
jsPVMh-InRI,Video_game_culture
ju2bxTpq9CE,Action_game
ju2bxTpq9CE,Role-playing_video_game
ju2bxTpq9CE,Video_game_culture
juBoCx_x3h0,Technology
juChKc_gXk8,Action_game
juChKc_gXk8,Role-playing_video_game
juChKc_gXk8,Strategy_video_game
juChKc_gXk8,Video_game_culture
judsLT5xa3I,Action_game
judsLT5xa3I,Video_game_culture
juim8zrgBpY,Action-adventure_game
juim8zrgBpY,Role-playing_video_game
juim8zrgBpY,Video_game_culture
jyZIqMv6NsU,Video_game_culture
jzoOxc7gck0,Action-adventure_game
jzoOxc7gck0,Video_game_culture
k-VlVDsH8C8,Action_game
k-VlVDsH8C8,Role-playing_video_game
k-VlVDsH8C8,Strategy_video_game
k-VlVDsH8C8,Video_game_culture
k00H7pFKs94,Video_game_culture
k0ImHGxCBgk,Action-adventure_game
k0ImHGxCBgk,Action_game
k0ImHGxCBgk,Video_game_culture
k0c5rqijY18,Action_game
k0c5rqijY18,Role-playing_video_game
k0c5rqijY18,Video_game_culture
k1nLEr8br5Y,Association_football
k1nLEr8br5Y,Sport
k2yOGTTPSk8,Sports_game
k2yOGTTPSk8,Video_game_culture
k3609UDxhPw,Video_game_culture
k3Knndd38a0,Sports_game
k3Knndd38a0,Video_game_culture
k3T7mMZ8uHQ,Sports_game
k3T7mMZ8uHQ,Video_game_culture
k3e7rO7UGDw,Action-adventure_game
k3e7rO7UGDw,Action_game
k3e7rO7UGDw,Role-playing_video_game
k3e7rO7UGDw,Video_game_culture
k4IrD7681W0,Action-adventure_game
k4IrD7681W0,Action_game
k4IrD7681W0,Role-playing_video_game
k4IrD7681W0,Strategy_video_game
k4IrD7681W0,Video_game_culture
k4imBkr-luM,Role-playing_video_game
k4imBkr-luM,Video_game_culture
_5MM02CFwbY,Action-adventure_game
_5MM02CFwbY,Action_game
_5MM02CFwbY,Role-playing_video_game
_5MM02CFwbY,Video_game_culture
_7wVqKP7XiA,Casual_game
_7wVqKP7XiA,Puzzle_video_game
_7wVqKP7XiA,Video_game_culture
_80o28wO030,Role-playing_video_game
_80o28wO030,Video_game_culture
_8208YTMFuM,Association_football
_8208YTMFuM,Sport
_9ClZIGMRTA,Action_game
_9ClZIGMRTA,Sports_game
_9ClZIGMRTA,Strategy_video_game
_9ClZIGMRTA,Video_game_culture
_9Hvy4gMkt4,Casual_game
_9Hvy4gMkt4,Simulation_video_game
_9Hvy4gMkt4,Video_game_culture
_9lZWH3MlgA,Video_game_culture
_A22teiBEhQ,Action_game
_A22teiBEhQ,Strategy_video_game
_A22teiBEhQ,Video_game_culture
_AIDVKv1-l4,Sports_game
_AIDVKv1-l4,Video_game_culture
_BN4NKcxaO0,Video_game_culture
_CXqF7tXLVw,Action_game
_CXqF7tXLVw,Role-playing_video_game
_CXqF7tXLVw,Strategy_video_game
_CXqF7tXLVw,Video_game_culture
_CYfDNFOi_U,Action_game
_CYfDNFOi_U,Role-playing_video_game
_CYfDNFOi_U,Video_game_culture
_CZcxIx9gIM,Action_game
_CZcxIx9gIM,Role-playing_video_game
_CZcxIx9gIM,Strategy_video_game
_CZcxIx9gIM,Video_game_culture
_DpVOSmy73k,Action_game
_DpVOSmy73k,Role-playing_video_game
_DpVOSmy73k,Strategy_video_game
_DpVOSmy73k,Video_game_culture
_EiqakI0ak8,Action_game
_EiqakI0ak8,Video_game_culture
_GtIhESRy0M,Video_game_culture
_HaPo0acT1I,Action_game
_HaPo0acT1I,Video_game_culture
_HtlvOvXRCM,Action_game
_HtlvOvXRCM,Video_game_culture
_IVRKtRbCnU,Video_game_culture
_IivQGDRiJw,Lifestyle_(sociology)
_InW5Pkf2AQ,Sports_game
_InW5Pkf2AQ,Video_game_culture
_ItNJoLiNXA,Video_game_culture
_L4-srilXeY,Sports_game
_L4-srilXeY,Video_game_culture
_M5B1OJnx9o,Action-adventure_game
_M5B1OJnx9o,Video_game_culture
_NGJGHcSsKg,Casual_game
_NGJGHcSsKg,Video_game_culture
_NynnSf0KPA,Video_game_culture
_Ougg4ak81E,Action_game
_Ougg4ak81E,Role-playing_video_game
_Ougg4ak81E,Strategy_video_game
_Ougg4ak81E,Video_game_culture
_Q1FEpYEcDM,Action_game
_Q1FEpYEcDM,Video_game_culture
_Qo5hue_quc,Action-adventure_game
_Qo5hue_quc,Action_game
_Qo5hue_quc,Role-playing_video_game
_Qo5hue_quc,Video_game_culture
MINUj6wY224,Television_program
MJ884E9rOaE,Action_game
MJ884E9rOaE,Role-playing_video_game
MJ884E9rOaE,Strategy_video_game
MJ884E9rOaE,Video_game_culture
MJA5EHEnyFc,Role-playing_video_game
MJA5EHEnyFc,Video_game_culture
MJibGr-gEMw,Video_game_culture
MKrVTJgaBGk,Action_game
MKrVTJgaBGk,Role-playing_video_game
MKrVTJgaBGk,Video_game_culture
MKsNTaMIyK4,Role-playing_video_game
MKsNTaMIyK4,Video_game_culture
MLxy55Pmd5Q,Action-adventure_game
MLxy55Pmd5Q,Action_game
MLxy55Pmd5Q,Role-playing_video_game
MLxy55Pmd5Q,Video_game_culture
MMlpZ5upAKw,Video_game_culture
MN5Vb5ApGfE,Association_football
MN5Vb5ApGfE,Sport
MNN9iXkmQzc,Casual_game
MNN9iXkmQzc,Video_game_culture
MQ_ml2jn4Vg,Action_game
MQ_ml2jn4Vg,Video_game_culture
MQv-IzbS3zI,Action_game
MQv-IzbS3zI,Video_game_culture
MRuVOSru4bM,Action_game
MRuVOSru4bM,Video_game_culture
MSMEDhw55BY,Action_game
MSMEDhw55BY,Video_game_culture
MTdMGoFqsxA,Puzzle_video_game
MTdMGoFqsxA,Video_game_culture
MTg4W27L94I,Action-adventure_game
MTg4W27L94I,Action_game
MTg4W27L94I,Video_game_culture
MU3-PEPW-0g,Casual_game
MU3-PEPW-0g,Role-playing_video_game
MU3-PEPW-0g,Video_game_culture
MU9TDOv0fK8,Action-adventure_game
MU9TDOv0fK8,Action_game
MU9TDOv0fK8,Role-playing_video_game
MU9TDOv0fK8,Video_game_culture
MVjpAwW9ZEI,Video_game_culture
MWbT4r3mkuk,Video_game_culture
MX72M2MbuPU,Action-adventure_game
MX72M2MbuPU,Action_game
MX72M2MbuPU,Video_game_culture
MYjMrcGW0dI,Action-adventure_game
MYjMrcGW0dI,Action_game
MYjMrcGW0dI,Role-playing_video_game
MYjMrcGW0dI,Video_game_culture
MZ1aObhqBQQ,Sports_game
MZ1aObhqBQQ,Video_game_culture
MZD-iQRF-BY,Action-adventure_game
MZD-iQRF-BY,Action_game
MZD-iQRF-BY,Role-playing_video_game
MZD-iQRF-BY,Video_game_culture
MZRYzKUjYXs,Strategy_video_game
MZRYzKUjYXs,Video_game_culture
M_0HGAE5svU,Video_game_culture
MaiXnFh_CZY,Action_game
MaiXnFh_CZY,Video_game_culture
Mc85aEakfw0,Action_game
Mc85aEakfw0,Role-playing_video_game
Mc85aEakfw0,Video_game_culture
McMcgBzJd80,Video_game_culture
McX4glKaeyw,Sports_game
McX4glKaeyw,Video_game_culture
OgQw17tBgUE,Action_game
OgQw17tBgUE,Video_game_culture
Oi1VjJqOmms,Action_game
Oi1VjJqOmms,Video_game_culture
Oi_cjB2AQ6Y,Action-adventure_game
Oi_cjB2AQ6Y,Action_game
Oi_cjB2AQ6Y,Video_game_culture
OikktWUIYLI,Action_game
OikktWUIYLI,Video_game_culture
Oj5-O7ktiFE,Association_football
Oj5-O7ktiFE,Sport
OjL8E156SZo,Video_game_culture
OkEOhQ2sWD4,Action-adventure_game
OkEOhQ2sWD4,Action_game
OkEOhQ2sWD4,Role-playing_video_game
OkEOhQ2sWD4,Video_game_culture
OlRSwd6yy6M,Action_game
OlRSwd6yy6M,Role-playing_video_game
OlRSwd6yy6M,Video_game_culture
OlSuqjP-qCE,Action_game
OlSuqjP-qCE,Video_game_culture
OlTLdd7_ivw,Action_game
OlTLdd7_ivw,Video_game_culture
Om-JYMOBvvI,Association_football
Om-JYMOBvvI,Sport
Om-JYMOBvvI,Sports_game
OnbrZh2xUUc,Action_game
OnbrZh2xUUc,Role-playing_video_game
OnbrZh2xUUc,Video_game_culture
OoA6dBtTz54,Casual_game
OoA6dBtTz54,Role-playing_video_game
OoA6dBtTz54,Video_game_culture
OovCzfd3G6A,Strategy_video_game
OovCzfd3G6A,Video_game_culture
Oq5bWia_GHg,Video_game_culture
OrXgF15XaGk,Action_game
OrXgF15XaGk,Strategy_video_game
OrXgF15XaGk,Video_game_culture
OsymkaTh1ZY,Role-playing_video_game
OsymkaTh1ZY,Video_game_culture
Ou1TZ8locFo,Action-adventure_game
Ou1TZ8locFo,Video_game_culture
OuMUvrL29Bk,Action-adventure_game
OuMUvrL29Bk,Action_game
OuMUvrL29Bk,Role-playing_video_game
OuMUvrL29Bk,Video_game_culture
OuWDVok4MBI,Action-adventure_game
OuWDVok4MBI,Action_game
OuWDVok4MBI,Role-playing_video_game
OuWDVok4MBI,Video_game_culture
OvV2YU2BP8U,Action-adventure_game
OvV2YU2BP8U,Video_game_culture
Ow6AkmDW6zw,Society
OwHR-AQCQnE,Video_game_culture
OxtFnRCXS34,Video_game_culture
Oys3f805V5E,Casual_game
Oys3f805V5E,Role-playing_video_game
Oys3f805V5E,Video_game_culture
OzZDlLitDV0,Action_game
OzZDlLitDV0,Video_game_culture
OzyVcjo8RgQ,Action_game
OzyVcjo8RgQ,Video_game_culture
hR4L95xOIIE,Video_game_culture
hRRFZBD2b9E,Action-adventure_game
hRRFZBD2b9E,Action_game
hRRFZBD2b9E,Video_game_culture
hRZBBQzEY8o,Action_game
hRZBBQzEY8o,Video_game_culture
hSTX6m-GoCI,Casual_game
hSTX6m-GoCI,Role-playing_video_game
hSTX6m-GoCI,Video_game_culture
hU76GmWD72Q,Video_game_culture
hVnUn5vbE98,Video_game_culture
hVsyx5IU_yU,Role-playing_video_game
hVsyx5IU_yU,Video_game_culture
hWly8AR9LSI,Entertainment
hYx_0ocsruk,Video_game_culture
hZCzVd2DP6k,Role-playing_video_game
hZCzVd2DP6k,Video_game_culture
hZIKO1eSBd4,Video_game_culture
h_kAAJ_an8c,Action_game
h_kAAJ_an8c,Casual_game
h_kAAJ_an8c,Role-playing_video_game
h_kAAJ_an8c,Video_game_culture
h_yvo79CW1k,Action_game
h_yvo79CW1k,Role-playing_video_game
h_yvo79CW1k,Strategy_video_game
h_yvo79CW1k,Video_game_culture
haJsX8ISYp8,Action-adventure_game
haJsX8ISYp8,Action_game
haJsX8ISYp8,Video_game_culture
haO3E41-9V8,Action-adventure_game
haO3E41-9V8,Action_game
haO3E41-9V8,Role-playing_video_game
haO3E41-9V8,Strategy_video_game
haO3E41-9V8,Video_game_culture
hafuWDWnw70,Action_game
hafuWDWnw70,Strategy_video_game
hafuWDWnw70,Video_game_culture
ham3It2KWU8,Role-playing_video_game
ham3It2KWU8,Video_game_culture
hcK2WLgl9ow,Action_game
hcK2WLgl9ow,Role-playing_video_game
hcK2WLgl9ow,Strategy_video_game
hcK2WLgl9ow,Video_game_culture
hd6GsO6tsDU,Action-adventure_game
hd6GsO6tsDU,Action_game
hd6GsO6tsDU,Role-playing_video_game
hd6GsO6tsDU,Video_game_culture
hdNoAO3cKsE,Video_game_culture
hdgFw3_v-Jo,Action_game
hdgFw3_v-Jo,Video_game_culture
hdhdyNs3f8w,Action-adventure_game
hdhdyNs3f8w,Action_game
hdhdyNs3f8w,Video_game_culture
he_pRDPzw6A,Video_game_culture
hf469_l3sjk,Action-adventure_game
hf469_l3sjk,Action_game
hf469_l3sjk,Video_game_culture
hfDz1XeOOfs,Action_game
hfDz1XeOOfs,Video_game_culture
hfJDOY6-UdA,Action_game
hfJDOY6-UdA,Role-playing_video_game
hfJDOY6-UdA,Video_game_culture
hg5nTcLLlVk,Action_game
hg5nTcLLlVk,Strategy_video_game
hg5nTcLLlVk,Video_game_culture
hhIhX8EGb7M,Action_game
hhIhX8EGb7M,Video_game_culture
hhT5w0qpedk,Action_game
hhT5w0qpedk,Video_game_culture
E0AKcmhBY5A,Casual_game
E0AKcmhBY5A,Role-playing_video_game
E0AKcmhBY5A,Video_game_culture
E0UEDRpOxhM,Action_game
E0UEDRpOxhM,Role-playing_video_game
E0UEDRpOxhM,Strategy_video_game
E0UEDRpOxhM,Video_game_culture
E1OaW2HcyZk,Music
E1OaW2HcyZk,Pop_music
E1aL_xRUNl8,Sports_game
E1aL_xRUNl8,Video_game_culture
E1lOxU5snR8,Role-playing_video_game
E1lOxU5snR8,Video_game_culture
E28srMo4SNU,Action_game
E28srMo4SNU,Strategy_video_game
E28srMo4SNU,Video_game_culture
E2PFuwpPXL0,Sports_game
E2PFuwpPXL0,Video_game_culture
E2SwqWKVP4g,Action_game
E2SwqWKVP4g,Video_game_culture
E3nWu1VgRJU,Music
E3nWu1VgRJU,Music_of_Asia
E3nWu1VgRJU,Pop_music
E48Wk5GDYkE,Sports_game
E48Wk5GDYkE,Video_game_culture
E49paAzQCLU,Action_game
E49paAzQCLU,Video_game_culture
E4TRCSg2VsU,Lifestyle_(sociology)
E5u_-TZZlzs,Action-adventure_game
E5u_-TZZlzs,Action_game
E5u_-TZZlzs,Video_game_culture
E6PGhCIu9T0,Action-adventure_game
E6PGhCIu9T0,Video_game_culture
E7KBd843zeI,Action_game
E7KBd843zeI,Video_game_culture
E7YujNZ0GXI,Action_game
E7YujNZ0GXI,Role-playing_video_game
E7YujNZ0GXI,Video_game_culture
E7r67LlXEyQ,Action_game
E7r67LlXEyQ,Video_game_culture
E7tZzXN_otI,Sports_game
E7tZzXN_otI,Video_game_culture
E9DX5FBQ-L4,Sports_game
E9DX5FBQ-L4,Video_game_culture
EAg9_og8wmQ,Action_game
EAg9_og8wmQ,Strategy_video_game
EAg9_og8wmQ,Video_game_culture
EBGpdllXk38,Video_game_culture
EBVtBf5bvbU,Electronic_music
EBVtBf5bvbU,Hip_hop_music
EBVtBf5bvbU,Sport
ECZk_x2dOqE,Action_game
ECZk_x2dOqE,Role-playing_video_game
ECZk_x2dOqE,Video_game_culture
ECuzpc2xv08,Technology
ED91jo036K8,Action_game
ED91jo036K8,Role-playing_video_game
ED91jo036K8,Strategy_video_game
ED91jo036K8,Video_game_culture
EDfSDIkVIjA,Action-adventure_game
EDfSDIkVIjA,Action_game
EDfSDIkVIjA,Video_game_culture
EDnqKIlptJs,Action_game
EDnqKIlptJs,Casual_game
EDnqKIlptJs,Role-playing_video_game
EDnqKIlptJs,Video_game_culture
EGhMekI-Uis,Action-adventure_game
EGhMekI-Uis,Action_game
EGhMekI-Uis,Video_game_culture
EH2HQ7l3gYQ,Action_game
EH2HQ7l3gYQ,Role-playing_video_game
EH2HQ7l3gYQ,Strategy_video_game
EH2HQ7l3gYQ,Video_game_culture
QsAHZGgKkgk,Action-adventure_game
QsAHZGgKkgk,Role-playing_video_game
QsAHZGgKkgk,Video_game_culture
QsEEwTzxjY0,Strategy_video_game
QsEEwTzxjY0,Video_game_culture
QsNyet4q5o8,Action-adventure_game
QsNyet4q5o8,Action_game
QsNyet4q5o8,Role-playing_video_game
QsNyet4q5o8,Strategy_video_game
QsNyet4q5o8,Video_game_culture
QtS-jiOsH9o,Action_game
QtS-jiOsH9o,Role-playing_video_game
QtS-jiOsH9o,Strategy_video_game
QtS-jiOsH9o,Video_game_culture
QthQmPqZkNg,Video_game_culture
QvH0aTNEFV8,Action-adventure_game
QvH0aTNEFV8,Role-playing_video_game
QvH0aTNEFV8,Video_game_culture
QwxMME_R-vw,Sports_game
QwxMME_R-vw,Video_game_culture
QxCB05V1z8A,Action_game
QxCB05V1z8A,Sports_game
QxCB05V1z8A,Strategy_video_game
QxCB05V1z8A,Video_game_culture
Qxm0a42YRPw,Action_game
Qxm0a42YRPw,Video_game_culture
Qy5Vt9gEMuU,Role-playing_video_game
Qy5Vt9gEMuU,Video_game_culture
R-EGPPl9Haw,Action-adventure_game
R-EGPPl9Haw,Action_game
R-EGPPl9Haw,Role-playing_video_game
R-EGPPl9Haw,Strategy_video_game
R-EGPPl9Haw,Video_game_culture
R0QD-HE2ewc,Action-adventure_game
R0QD-HE2ewc,Action_game
R0QD-HE2ewc,Video_game_culture
R2K8W1zLQm4,Action_game
R2K8W1zLQm4,Video_game_culture
R3EDYQjw9Z4,Action-adventure_game
R3EDYQjw9Z4,Role-playing_video_game
R3EDYQjw9Z4,Video_game_culture
R4YEcnxhSF8,Action_game
R4YEcnxhSF8,Video_game_culture
R4uUmK7nnYY,Action-adventure_game
R4uUmK7nnYY,Action_game
R4uUmK7nnYY,Role-playing_video_game
R4uUmK7nnYY,Video_game_culture
R5qz5TsLDZI,Action_game
R5qz5TsLDZI,Role-playing_video_game
R5qz5TsLDZI,Video_game_culture
R6cQp1VzqBA,Action-adventure_game
R6cQp1VzqBA,Action_game
R6cQp1VzqBA,Video_game_culture
R6yTjmlDRpY,Sports_game
R6yTjmlDRpY,Video_game_culture
R7-t-yMZhM0,Video_game_culture
R7ZvPNoyeyY,Action_game
R7ZvPNoyeyY,Role-playing_video_game
R7ZvPNoyeyY,Video_game_culture
R7u8OWrZwJ8,Action-adventure_game
R7u8OWrZwJ8,Video_game_culture
T3KLwguMK5M,Action_game
T3KLwguMK5M,Role-playing_video_game
T3KLwguMK5M,Strategy_video_game
T3KLwguMK5M,Video_game_culture
T3WvBT7pt4E,Entertainment
T3khtzCc5Rg,Action_game
T3khtzCc5Rg,Video_game_culture
T3thHUtPdhc,Music
T3thHUtPdhc,Music_of_Latin_America
T3thHUtPdhc,Pop_music
T4K1Yv47jUM,Action_game
T4K1Yv47jUM,Sports_game
T4K1Yv47jUM,Video_game_culture
T4zMUBCDFyw,Video_game_culture
T5KxjPwmGKs,Action_game
T5KxjPwmGKs,Video_game_culture
T5d4jsPIDhY,Association_football
T5d4jsPIDhY,Sport
T6BeySAq_vs,Action-adventure_game
T6BeySAq_vs,Action_game
T6BeySAq_vs,Role-playing_video_game
T6BeySAq_vs,Video_game_culture
T7CX-9I5cAQ,Sports_game
T7CX-9I5cAQ,Video_game_culture
T8O5wc5jTAc,Video_game_culture
T97pB4vjrQs,Lifestyle_(sociology)
T9csV1qQim8,Video_game_culture
T9uZsLIsJPI,Action_game
T9uZsLIsJPI,Strategy_video_game
T9uZsLIsJPI,Video_game_culture
TAB7ShiBNno,Video_game_culture
TAmNNau-VMo,Sports_game
TAmNNau-VMo,Video_game_culture
TBCwcQommak,Association_football
TBCwcQommak,Sport
TBCwcQommak,Sports_game
TBlCB1dCjEs,Action-adventure_game
TBlCB1dCjEs,Casual_game
TBlCB1dCjEs,Video_game_culture
TBmtLUYeasg,Role-playing_video_game
TBmtLUYeasg,Video_game_culture
TC7gWs8ZFn8,Role-playing_video_game
TC7gWs8ZFn8,Strategy_video_game
TC7gWs8ZFn8,Video_game_culture
TEBvsgK5azM,Video_game_culture
TEb9qRf7qJc,Action_game
TEb9qRf7qJc,Strategy_video_game
TEb9qRf7qJc,Video_game_culture
TF7gUjzrGJg,Video_game_culture
TFF5pZILkTA,Association_football
TFF5pZILkTA,Sport
TG77LFY4jIg,Role-playing_video_game
TG77LFY4jIg,Video_game_culture
TH-WlxjzPJk,Action-adventure_game
TH-WlxjzPJk,Action_game
TH-WlxjzPJk,Video_game_culture
THSVQEU3td8,Religion
THhiBO7tbAA,Action_game
THhiBO7tbAA,Video_game_culture
THvjA4mKIt8,Action_game
THvjA4mKIt8,Role-playing_video_game
THvjA4mKIt8,Video_game_culture
dbLgjjwSt9c,Action_game
dbLgjjwSt9c,Sports_game
dbLgjjwSt9c,Strategy_video_game
dbLgjjwSt9c,Video_game_culture
dbhDCZ0ojQY,Video_game_culture
dct1AeEg6Hg,Casual_game
dct1AeEg6Hg,Video_game_culture
ddVvhT0h14w,Action-adventure_game
ddVvhT0h14w,Role-playing_video_game
ddVvhT0h14w,Video_game_culture
ddsY6n1dNsg,Action-adventure_game
ddsY6n1dNsg,Action_game
ddsY6n1dNsg,Role-playing_video_game
ddsY6n1dNsg,Video_game_culture
de1-BUtq2MA,Action-adventure_game
de1-BUtq2MA,Action_game
de1-BUtq2MA,Video_game_culture
deU7TRrC9kg,Action-adventure_game
deU7TRrC9kg,Action_game
deU7TRrC9kg,Video_game_culture
dex872YyYuc,Action_game
dex872YyYuc,Role-playing_video_game
dex872YyYuc,Strategy_video_game
dex872YyYuc,Video_game_culture
dfh9jSwF_G4,Role-playing_video_game
dfh9jSwF_G4,Strategy_video_game
dfh9jSwF_G4,Video_game_culture
dfmy-gGt9ho,Action_game
dfmy-gGt9ho,Role-playing_video_game
dfmy-gGt9ho,Strategy_video_game
dfmy-gGt9ho,Video_game_culture
dh50sboovSo,Sports_game
dh50sboovSo,Video_game_culture
dhgcnd63DJo,Music
diqycD_sqWs,Action-adventure_game
diqycD_sqWs,Action_game
diqycD_sqWs,Video_game_culture
dj-ed8fJ2uM,Association_football
dj-ed8fJ2uM,Sport
dj1OVFVOSzI,Action-adventure_game
dj1OVFVOSzI,Action_game
dj1OVFVOSzI,Video_game_culture
dkOe2UkLIO4,Action_game
dkOe2UkLIO4,Role-playing_video_game
dkOe2UkLIO4,Video_game_culture
dkYs3FiI42I,Video_game_culture
dlxrPIl2HNs,Action_game
dlxrPIl2HNs,Video_game_culture
dnGkyG9sFgI,Video_game_culture
dnUSCC_xj-A,Action-adventure_game
dnUSCC_xj-A,Action_game
dnUSCC_xj-A,Role-playing_video_game
dnUSCC_xj-A,Video_game_culture
dniV88nP0eQ,Action_game
dniV88nP0eQ,Video_game_culture
dnzbaUVIqUE,Action-adventure_game
dnzbaUVIqUE,Action_game
dnzbaUVIqUE,Role-playing_video_game
dnzbaUVIqUE,Video_game_culture
doZCXVCxl4s,Video_game_culture
doZWSJ9rboI,Action-adventure_game
doZWSJ9rboI,Action_game
doZWSJ9rboI,Role-playing_video_game
doZWSJ9rboI,Video_game_culture
doaApKA8w9k,Video_game_culture
dpMwNM6t2eg,Action_game
dpMwNM6t2eg,Strategy_video_game
dpMwNM6t2eg,Video_game_culture
dpQjjtwDoQQ,Action_game
dpQjjtwDoQQ,Role-playing_video_game
dpQjjtwDoQQ,Strategy_video_game
dpQjjtwDoQQ,Video_game_culture
dqTHVfRPVtw,Action_game
dqTHVfRPVtw,Video_game_culture
dqk7IHLD7xU,Action_game
dqk7IHLD7xU,Role-playing_video_game
dqk7IHLD7xU,Video_game_culture
1r7-OsQ6wW8,Action_game
1r7-OsQ6wW8,Role-playing_video_game
1r7-OsQ6wW8,Strategy_video_game
1r7-OsQ6wW8,Video_game_culture
1rpS7W4Oy6E,Action-adventure_game
1rpS7W4Oy6E,Action_game
1rpS7W4Oy6E,Video_game_culture
1s9ktdJONz8,Role-playing_video_game
1s9ktdJONz8,Video_game_culture
1tTKWYoMZuc,Action-adventure_game
1tTKWYoMZuc,Action_game
1tTKWYoMZuc,Role-playing_video_game
1tTKWYoMZuc,Video_game_culture
1uCxGnvpjrw,Music_video_game
1uCxGnvpjrw,Video_game_culture
1uVufp9Rc1w,Role-playing_video_game
1uVufp9Rc1w,Video_game_culture
1vEn2PVca2s,Video_game_culture
1v_owTXNCRA,Action-adventure_game
1v_owTXNCRA,Action_game
1v_owTXNCRA,Video_game_culture
1vfYEVV4OuI,Sports_game
1vfYEVV4OuI,Video_game_culture
1xlWGfyLnGc,Video_game_culture
1xo20P-O7BE,Action_game
1xo20P-O7BE,Video_game_culture
1yiFzuJpSfY,Video_game_culture
1zrehx5mAtk,Action-adventure_game
1zrehx5mAtk,Action_game
1zrehx5mAtk,Video_game_culture
21C4pAMSUoA,Action-adventure_game
21C4pAMSUoA,Action_game
21C4pAMSUoA,Role-playing_video_game
21C4pAMSUoA,Strategy_video_game
21C4pAMSUoA,Video_game_culture
21X4WjNJwcw,Action-adventure_game
21X4WjNJwcw,Action_game
21X4WjNJwcw,Role-playing_video_game
21X4WjNJwcw,Video_game_culture
21yRor_NP0c,Action-adventure_game
21yRor_NP0c,Action_game
21yRor_NP0c,Video_game_culture
23-qXI2B0HU,Action_game
23-qXI2B0HU,Strategy_video_game
23-qXI2B0HU,Video_game_culture
255fu3eE1qk,Country_music
255fu3eE1qk,Music
255fu3eE1qk,Pop_music
257ro5cvT0c,Video_game_culture
25BTiFamDIQ,Sports_game
25BTiFamDIQ,Video_game_culture
25j5G7RZNm8,Sports_game
25j5G7RZNm8,Video_game_culture
K-D3_y-Dt6Y,Action_game
K-D3_y-Dt6Y,Strategy_video_game
K-D3_y-Dt6Y,Video_game_culture
K-L_g1WpFpg,Action-adventure_game
K-L_g1WpFpg,Action_game
K-L_g1WpFpg,Video_game_culture
K0StuZ9sSVI,Action_game
K0StuZ9sSVI,Role-playing_video_game
K0StuZ9sSVI,Video_game_culture
K0hQWZMB8fs,Action_game
K0hQWZMB8fs,Video_game_culture
K10AGt9HNeQ,Sports_game
K10AGt9HNeQ,Video_game_culture
K1R_Z-PTtjI,Action_game
K1R_Z-PTtjI,Role-playing_video_game
K1R_Z-PTtjI,Strategy_video_game
K1R_Z-PTtjI,Video_game_culture
K2AT1DorDIo,Action-adventure_game
K2AT1DorDIo,Video_game_culture
K2mUhMD8gsc,Action_game
K2mUhMD8gsc,Strategy_video_game
K2mUhMD8gsc,Video_game_culture
K35az3ExWFQ,Video_game_culture
K40suF5xCks,Action-adventure_game
K40suF5xCks,Action_game
K40suF5xCks,Video_game_culture
K4X3S6OU8Mw,Video_game_culture
K4sYkz1mpfI,Sports_game
K4sYkz1mpfI,Video_game_culture
K5SieZKH1EQ,Action-adventure_game
K5SieZKH1EQ,Action_game
K5SieZKH1EQ,Role-playing_video_game
K5SieZKH1EQ,Video_game_culture
K6B8zmy3Uug,Action_game
K6B8zmy3Uug,Video_game_culture
K6P6NX_ZRPE,Action_game
K6P6NX_ZRPE,Video_game_culture
K6RxEu9CLGc,Association_football
K6RxEu9CLGc,Sport
K6r_7wegn58,Action_game
K6r_7wegn58,Video_game_culture
K7Jf4rCaoNY,Action_game
K7Jf4rCaoNY,Video_game_culture
K7XmSHHAN9U,Sports_game
K7XmSHHAN9U,Video_game_culture
K7_U1WQSmwU,Sports_game
K7_U1WQSmwU,Video_game_culture
K7lXxO3uvrg,Action_game
K7lXxO3uvrg,Video_game_culture
K8YPE23El6s,Action_game
K8YPE23El6s,Video_game_culture
KA_l6gyPl5U,Sports_game
KA_l6gyPl5U,Video_game_culture
KBu-6tblNNM,Association_football
KBu-6tblNNM,Sport
KCG9UTy8neY,Role-playing_video_game
KCG9UTy8neY,Video_game_culture
KDzpyZT_HLk,Association_football
KDzpyZT_HLk,Sport
lwyNo7fFrF8,Action_game
lwyNo7fFrF8,Role-playing_video_game
lwyNo7fFrF8,Video_game_culture
lxAPi84UWvo,Action_game
lxAPi84UWvo,Role-playing_video_game
lxAPi84UWvo,Strategy_video_game
lxAPi84UWvo,Video_game_culture
lxbU1W2FaLQ,Action_game
lxbU1W2FaLQ,Video_game_culture
lyqss43bbrk,Action-adventure_game
lyqss43bbrk,Action_game
lyqss43bbrk,Role-playing_video_game
lyqss43bbrk,Video_game_culture
lyyJV1R112A,Action-adventure_game
lyyJV1R112A,Video_game_culture
m-NvYuVkohE,Action_game
m-NvYuVkohE,Strategy_video_game
m-NvYuVkohE,Video_game_culture
m10Xwnk1K9M,Action_game
m10Xwnk1K9M,Role-playing_video_game
m10Xwnk1K9M,Strategy_video_game
m10Xwnk1K9M,Video_game_culture
m1CUywOrzYE,Action_game
m1CUywOrzYE,Strategy_video_game
m1CUywOrzYE,Video_game_culture
m2YIgnjuEII,Association_football
m2YIgnjuEII,Sport
m2fW33qm3AE,Action_game
m2fW33qm3AE,Video_game_culture
m3Kwd5FHB60,Action-adventure_game
m3Kwd5FHB60,Action_game
m3Kwd5FHB60,Video_game_culture
m490jh2bX2I,Action_game
m490jh2bX2I,Sports_game
m490jh2bX2I,Strategy_video_game
m490jh2bX2I,Video_game_culture
m4buuG-Mw6A,Video_game_culture
m8yOZyXzFIQ,Action_game
m8yOZyXzFIQ,Strategy_video_game
m8yOZyXzFIQ,Video_game_culture
m90eMrzqBPU,Video_game_culture
mA76LrWocG8,Action_game
mA76LrWocG8,Role-playing_video_game
mA76LrWocG8,Strategy_video_game
mA76LrWocG8,Video_game_culture
mAMG5OJ-oFg,Action-adventure_game
mAMG5OJ-oFg,Video_game_culture
fVLWfnRYubA,Action_game
fVLWfnRYubA,Video_game_culture
fW21hgNeTWI,Association_football
fW21hgNeTWI,Sport
fW70aeq2eDg,Action_game
fW70aeq2eDg,Strategy_video_game
fW70aeq2eDg,Video_game_culture
fW81ikqfndA,Role-playing_video_game
fW81ikqfndA,Video_game_culture
fWCvFV1pb4s,Action-adventure_game
fWCvFV1pb4s,Action_game
fWCvFV1pb4s,Video_game_culture
fWcYe6IXqYE,Action-adventure_game
fWcYe6IXqYE,Action_game
fWcYe6IXqYE,Video_game_culture
fXOMCD0oK4s,Hobby
fXOMCD0oK4s,Lifestyle_(sociology)
fY5b6R10SHI,Video_game_culture
fZwx_KmQOFc,Action-adventure_game
fZwx_KmQOFc,Action_game
fZwx_KmQOFc,Role-playing_video_game
fZwx_KmQOFc,Video_game_culture
f_46e6LMWwM,Action_game
f_46e6LMWwM,Strategy_video_game
f_46e6LMWwM,Video_game_culture
f_IVn_KfWJA,Action-adventure_game
f_IVn_KfWJA,Action_game
f_IVn_KfWJA,Video_game_culture
f_M_wQka_SQ,Action-adventure_game
f_M_wQka_SQ,Action_game
f_M_wQka_SQ,Role-playing_video_game
f_M_wQka_SQ,Video_game_culture
faNHd9nj3xQ,Sports_game
faNHd9nj3xQ,Video_game_culture
faYKUA5fYm0,Video_game_culture
fawqas178Fk,Association_football
fawqas178Fk,Sport
fbNbwq_CZb0,Entertainment
fbnTH5nK6tU,Action-adventure_game
fbnTH5nK6tU,Video_game_culture
fc4wa6w8p6M,Role-playing_video_game
fc4wa6w8p6M,Video_game_culture
fclVNmK_kBU,Action_game
fclVNmK_kBU,Video_game_culture
fd3-FUJGQbQ,Video_game_culture
fdM7_W4sfnY,Association_football
fdM7_W4sfnY,Sport
fdVop0UolKo,Action-adventure_game
fdVop0UolKo,Action_game
fdVop0UolKo,Role-playing_video_game
fdVop0UolKo,Video_game_culture
fdbArlyUQsc,Action_game
fdbArlyUQsc,Video_game_culture
fdiD5KPMWNA,Role-playing_video_game
fdiD5KPMWNA,Video_game_culture
fdkAQXGkoAM,Role-playing_video_game
fdkAQXGkoAM,Video_game_culture
feAIWbeIJdE,Action-adventure_game
feAIWbeIJdE,Action_game
feAIWbeIJdE,Video_game_culture
feNJBHEExO8,Action_game
feNJBHEExO8,Video_game_culture
feVwXmtdxCk,Role-playing_video_game
feVwXmtdxCk,Video_game_culture
fewfNG05Fn8,Lifestyle_(sociology)
fg7wX3oSuW4,Role-playing_video_game
fg7wX3oSuW4,Video_game_culture
fgi8e8agzco,Video_game_culture
bd7neP_XTlc,Puzzle_video_game
bd7neP_XTlc,Video_game_culture
bdS2Y3uS9zQ,Action-adventure_game
bdS2Y3uS9zQ,Video_game_culture
bdg-JfTHpyU,Strategy_video_game
bdg-JfTHpyU,Video_game_culture
bdiWdwkGW38,Strategy_video_game
bdiWdwkGW38,Video_game_culture
bdxt6YNxFiI,Video_game_culture
be4MnzuhGEg,Sports_game
be4MnzuhGEg,Video_game_culture
be7OOoLaobo,Action_game
be7OOoLaobo,Role-playing_video_game
be7OOoLaobo,Video_game_culture
beH60hxqWEo,Video_game_culture
beW2lgE9_DU,Role-playing_video_game
beW2lgE9_DU,Video_game_culture
bfsLRivAWIQ,Action_game
bfsLRivAWIQ,Video_game_culture
bgHaeT6HiRM,Action_game
bgHaeT6HiRM,Video_game_culture
bgIH3OwF3eY,Action-adventure_game
bgIH3OwF3eY,Action_game
bgIH3OwF3eY,Video_game_culture
bgjN5ZVBKPc,Action-adventure_game
bgjN5ZVBKPc,Action_game
bgjN5ZVBKPc,Role-playing_video_game
bgjN5ZVBKPc,Video_game_culture
biL4Jh2SYQQ,Video_game_culture
bigt_anpS30,Action-adventure_game
bigt_anpS30,Action_game
bigt_anpS30,Video_game_culture
bj9v2jHFIbg,Association_football
bj9v2jHFIbg,Sport
bjCldIHA9Gg,Sports_game
bjCldIHA9Gg,Video_game_culture
bl0ZwtPAERg,Action-adventure_game
bl0ZwtPAERg,Action_game
bl0ZwtPAERg,Role-playing_video_game
bl0ZwtPAERg,Simulation_video_game
bl0ZwtPAERg,Video_game_culture
bl367xQbGH0,Role-playing_video_game
bl367xQbGH0,Video_game_culture
blknzevjSGQ,Action_game
blknzevjSGQ,Video_game_culture
bmo-NuFGRI8,Action_game
bmo-NuFGRI8,Role-playing_video_game
bmo-NuFGRI8,Strategy_video_game
bmo-NuFGRI8,Video_game_culture
bmp1bnF_anA,Action_game
bmp1bnF_anA,Role-playing_video_game
bmp1bnF_anA,Video_game_culture
bnbSa7rn2oU,Action_game
bnbSa7rn2oU,Role-playing_video_game
bnbSa7rn2oU,Strategy_video_game
bnbSa7rn2oU,Video_game_culture
boVa-nYyFqk,Action_game
boVa-nYyFqk,Video_game_culture
bolZJYHAwmo,Video_game_culture
boxTK_rjfE4,Action_game
boxTK_rjfE4,Role-playing_video_game
boxTK_rjfE4,Strategy_video_game
boxTK_rjfE4,Video_game_culture
boyY4RRvhgU,Action_game
boyY4RRvhgU,Strategy_video_game
boyY4RRvhgU,Video_game_culture
bp1ANUNdFMc,Action_game
bp1ANUNdFMc,Role-playing_video_game
bp1ANUNdFMc,Video_game_culture
bpRMqtK6nDk,Action_game
bpRMqtK6nDk,Video_game_culture
bq5oM6t-aIA,Action-adventure_game
bq5oM6t-aIA,Action_game
bq5oM6t-aIA,Role-playing_video_game
bq5oM6t-aIA,Strategy_video_game
bq5oM6t-aIA,Video_game_culture
vaq9AMBfatU,Sports_game
vaq9AMBfatU,Video_game_culture
vbTfb2njRK4,Action_game
vbTfb2njRK4,Role-playing_video_game
vbTfb2njRK4,Strategy_video_game
vbTfb2njRK4,Video_game_culture
vcakeoidQKs,Sports_game
vcakeoidQKs,Video_game_culture
vcmMx42AeGk,Action_game
vcmMx42AeGk,Role-playing_video_game
vcmMx42AeGk,Strategy_video_game
vcmMx42AeGk,Video_game_culture
vcvTIjaY_Fc,Action_game
vcvTIjaY_Fc,Video_game_culture
vcy5Gf86ZPY,Action_game
vcy5Gf86ZPY,Role-playing_video_game
vcy5Gf86ZPY,Video_game_culture
veB4mcbU9cM,Action-adventure_game
veB4mcbU9cM,Action_game
veB4mcbU9cM,Video_game_culture
veCA-IpZmV8,Action_game
veCA-IpZmV8,Video_game_culture
veORhCiHMFY,Sports_game
veORhCiHMFY,Video_game_culture
veR0mnJJGDE,Role-playing_video_game
veR0mnJJGDE,Video_game_culture
vegkRudmjpA,Action-adventure_game
vegkRudmjpA,Action_game
vegkRudmjpA,Video_game_culture
vfKDkqwoRng,Action_game
vfKDkqwoRng,Role-playing_video_game
vfKDkqwoRng,Video_game_culture
vfRVaWfCNMs,Action_game
vfRVaWfCNMs,Video_game_culture
vg50jOFb5vs,Association_football
vg50jOFb5vs,Sport
vgGq0dCicIw,Role-playing_video_game
vgGq0dCicIw,Video_game_culture
vgq35PHpLzs,Action_game
vgq35PHpLzs,Video_game_culture
vh2Nyd4pfrk,Role-playing_video_game
vh2Nyd4pfrk,Strategy_video_game
vh2Nyd4pfrk,Video_game_culture
vizbZeQpg9Q,Simulation_video_game
vizbZeQpg9Q,Video_game_culture
vkTs8S1Aq5M,Video_game_culture
vkex_9KSO2g,Action_game
vkex_9KSO2g,Video_game_culture
vmXN3tVhU-4,Action-adventure_game
vmXN3tVhU-4,Action_game
vmXN3tVhU-4,Role-playing_video_game
vmXN3tVhU-4,Video_game_culture
vn4-0hm1fi8,Action_game
vn4-0hm1fi8,Video_game_culture
voEEpkto62M,Action_game
voEEpkto62M,Video_game_culture
voL2LzMNR3g,Action_game
voL2LzMNR3g,Role-playing_video_game
voL2LzMNR3g,Strategy_video_game
voL2LzMNR3g,Video_game_culture
voRxjTSNEJE,Action-adventure_game
voRxjTSNEJE,Role-playing_video_game
voRxjTSNEJE,Video_game_culture
vodzpBJQs-c,Association_football
vodzpBJQs-c,Sport
-zE6o7tPoSA,Action-adventure_game
-zE6o7tPoSA,Action_game
-zE6o7tPoSA,Role-playing_video_game
-zE6o7tPoSA,Video_game_culture
-zFOGtZDDHw,Action-adventure_game
-zFOGtZDDHw,Action_game
-zFOGtZDDHw,Video_game_culture
-zs3M__Cf28,Action_game
-zs3M__Cf28,Role-playing_video_game
-zs3M__Cf28,Strategy_video_game
-zs3M__Cf28,Video_game_culture
01MSbIguAhE,Action-adventure_game
01MSbIguAhE,Action_game
01MSbIguAhE,Video_game_culture
01Rh4yiyF9g,Action-adventure_game
01Rh4yiyF9g,Action_game
01Rh4yiyF9g,Role-playing_video_game
01Rh4yiyF9g,Strategy_video_game
01Rh4yiyF9g,Video_game_culture
02ZDEtHs0kA,Action_game
02ZDEtHs0kA,Casual_game
02ZDEtHs0kA,Role-playing_video_game
02ZDEtHs0kA,Video_game_culture
02pX3GIIquk,Sports_game
02pX3GIIquk,Video_game_culture
02prbkzUwt4,Action_game
02prbkzUwt4,Video_game_culture
03dTEG8pi7E,Action_game
03dTEG8pi7E,Role-playing_video_game
03dTEG8pi7E,Strategy_video_game
03dTEG8pi7E,Video_game_culture
03tNUlThfOA,Role-playing_video_game
03tNUlThfOA,Video_game_culture
042vaRxIt6A,Action-adventure_game
042vaRxIt6A,Video_game_culture
05OfQ6-y0jo,Action_game
05OfQ6-y0jo,Video_game_culture
05xwzFsi_a4,Sports_game
05xwzFsi_a4,Video_game_culture
07m3dHa6uCU,Sports_game
07m3dHa6uCU,Video_game_culture
07omkVVXIaU,Entertainment
07omkVVXIaU,Performing_arts
07qL23LXAFo,Action-adventure_game
07qL23LXAFo,Video_game_culture
081QeieYSoE,Association_football
081QeieYSoE,Sport
081QeieYSoE,Sports_game
08hl0eGStD0,Video_game_culture
09Cb54eelj0,Action_game
09Cb54eelj0,Role-playing_video_game
09Cb54eelj0,Video_game_culture
09bCMm9CRPo,Sports_game
09bCMm9CRPo,Video_game_culture
09hh3JHYZhk,Video_game_culture
09nax9UsAVo,Action-adventure_game
09nax9UsAVo,Action_game
09nax9UsAVo,Casual_game
09nax9UsAVo,Role-playing_video_game
09nax9UsAVo,Video_game_culture
09rWv79SZaE,Action-adventure_game
09rWv79SZaE,Action_game
09rWv79SZaE,Role-playing_video_game
09rWv79SZaE,Video_game_culture
I1MMRFmGCkE,Action_game
I1MMRFmGCkE,Video_game_culture
I1QTYN2YZn8,Action_game
I1QTYN2YZn8,Role-playing_video_game
I1QTYN2YZn8,Strategy_video_game
I1QTYN2YZn8,Video_game_culture
I1uIXZB1ao8,Action_game
I1uIXZB1ao8,Video_game_culture
I25OxIajU1g,Strategy_video_game
I25OxIajU1g,Video_game_culture
I2_D1PUpEXo,Action-adventure_game
I2_D1PUpEXo,Video_game_culture
I3eVVPuUh28,Action-adventure_game
I3eVVPuUh28,Action_game
I3eVVPuUh28,Video_game_culture
I3mzgX5a_n8,Video_game_culture
I4IyWNC73zQ,Action-adventure_game
I4IyWNC73zQ,Action_game
I4IyWNC73zQ,Role-playing_video_game
I4IyWNC73zQ,Video_game_culture
I55gNr_I5Q0,Action_game
I55gNr_I5Q0,Role-playing_video_game
I55gNr_I5Q0,Video_game_culture
I5RgIu1Tlwc,Action_game
I5RgIu1Tlwc,Video_game_culture
I5dZ0HHCifQ,Action_game
I5dZ0HHCifQ,Role-playing_video_game
I5dZ0HHCifQ,Strategy_video_game
I5dZ0HHCifQ,Video_game_culture
I6NwA4mRrUg,Lifestyle_(sociology)
I6NwA4mRrUg,Tourism
I7HsWqNfcgk,Action-adventure_game
I7HsWqNfcgk,Action_game
I7HsWqNfcgk,Video_game_culture
I90PvCEkWXo,Video_game_culture
ICNEavBREWY,Action_game
ICNEavBREWY,Role-playing_video_game
ICNEavBREWY,Strategy_video_game
ICNEavBREWY,Video_game_culture
IDaq_T3w6bw,Role-playing_video_game
IDaq_T3w6bw,Video_game_culture
IDg85j2I72M,Action_game
IDg85j2I72M,Role-playing_video_game
IDg85j2I72M,Strategy_video_game
IDg85j2I72M,Video_game_culture
IDylZEY1uqs,Action_game
IDylZEY1uqs,Video_game_culture
IEmhKNMLMHY,Video_game_culture
pYRb_TsW3aA,Action_game
pYRb_TsW3aA,Video_game_culture
pZ1j1M4w98A,Action_game
pZ1j1M4w98A,Role-playing_video_game
pZ1j1M4w98A,Strategy_video_game
pZ1j1M4w98A,Video_game_culture
pZSfFs9KpqU,Action-adventure_game
pZSfFs9KpqU,Action_game
pZSfFs9KpqU,Video_game_culture
pbg1rY3Ugwg,Lifestyle_(sociology)
pbnlFT7BHoQ,Action-adventure_game
pbnlFT7BHoQ,Action_game
pbnlFT7BHoQ,Role-playing_video_game
pbnlFT7BHoQ,Simulation_video_game
pbnlFT7BHoQ,Video_game_culture
pe5XNitsE1c,Video_game_culture
pizVxoREcDY,Action_game
pizVxoREcDY,Strategy_video_game
pizVxoREcDY,Video_game_culture
pjHkmIV4R58,Video_game_culture
pkSPnkajlZg,Action-adventure_game
pkSPnkajlZg,Action_game
pkSPnkajlZg,Video_game_culture
pkS_9IZaKqE,Action_game
pkS_9IZaKqE,Video_game_culture
pky0A5v7nqE,Action_game
pky0A5v7nqE,Video_game_culture
plf1TDfZeCc,Role-playing_video_game
plf1TDfZeCc,Video_game_culture
pmKfBuTXc_4,Action-adventure_game
pmKfBuTXc_4,Action_game
pmKfBuTXc_4,Role-playing_video_game
pmKfBuTXc_4,Video_game_culture
pmwlKq-2cMY,Action_game
pmwlKq-2cMY,Strategy_video_game
pmwlKq-2cMY,Video_game_culture
pn9u1_DQfVU,Action_game
pn9u1_DQfVU,Video_game_culture
xQDXv5T5e-A,Association_football
xQDXv5T5e-A,Sport
xRLrD84tNs4,Role-playing_video_game
xRLrD84tNs4,Video_game_culture
xRiiaCixH0w,Sports_game
xRiiaCixH0w,Video_game_culture
xRucnXHIHIQ,Action_game
xRucnXHIHIQ,Role-playing_video_game
xRucnXHIHIQ,Strategy_video_game
xRucnXHIHIQ,Video_game_culture
xS1jjLssd0Q,Role-playing_video_game
xS1jjLssd0Q,Video_game_culture
xSfMSSXKp1w,Role-playing_video_game
xSfMSSXKp1w,Video_game_culture
xT5uL6HTYns,Racing_video_game
xT5uL6HTYns,Sports_game
xT5uL6HTYns,Video_game_culture
xTJkKqInnXA,Action_game
xTJkKqInnXA,Video_game_culture
xUEmd4OaKhk,Sports_game
xUEmd4OaKhk,Video_game_culture
xUEnf3JHumc,Action_game
xUEnf3JHumc,Role-playing_video_game
xUEnf3JHumc,Video_game_culture
xUREkJB5igM,Action-adventure_game
xUREkJB5igM,Video_game_culture
xV3L1fgfkvc,Action_game
xV3L1fgfkvc,Strategy_video_game
xV3L1fgfkvc,Video_game_culture
xWaIfpCdpQM,Action_game
xWaIfpCdpQM,Role-playing_video_game
xWaIfpCdpQM,Video_game_culture
xYXyy7rRcZc,Action_game
xYXyy7rRcZc,Video_game_culture
xYkywO8PFU8,Action-adventure_game
xYkywO8PFU8,Action_game
xYkywO8PFU8,Video_game_culture
xYn3Rfafd1s,Action-adventure_game
xYn3Rfafd1s,Role-playing_video_game
xYn3Rfafd1s,Video_game_culture
xaf29FV886g,Sports_game
xaf29FV886g,Video_game_culture
xamDEEzWhvA,Action_game
xamDEEzWhvA,Video_game_culture
xapj5p76Yb0,Role-playing_video_game
xapj5p76Yb0,Strategy_video_game
xapj5p76Yb0,Video_game_culture
xbyZlsnMbxk,Action-adventure_game
xbyZlsnMbxk,Video_game_culture
xcbAeWFsFW8,Action-adventure_game
xcbAeWFsFW8,Role-playing_video_game
xcbAeWFsFW8,Video_game_culture
xdRgLiwTMHA,Action_game
xdRgLiwTMHA,Role-playing_video_game
xdRgLiwTMHA,Video_game_culture
5jN2y8rgPsM,Action_game
5jN2y8rgPsM,Video_game_culture
5jtt1RuzLsI,Action-adventure_game
5jtt1RuzLsI,Action_game
5jtt1RuzLsI,Strategy_video_game
5jtt1RuzLsI,Video_game_culture
5jvwNg6tO5w,Music
5jvwNg6tO5w,Music_of_Asia
5kGnjUvopDA,Action_game
5kGnjUvopDA,Video_game_culture
5kkZ0yDRgmg,Action_game
5kkZ0yDRgmg,Video_game_culture
5mu4nFXDkBg,Action-adventure_game
5mu4nFXDkBg,Action_game
5mu4nFXDkBg,Video_game_culture
5nBnk_W82aQ,Action_game
5nBnk_W82aQ,Video_game_culture
5nM3KMgJB1s,Action_game
5nM3KMgJB1s,Video_game_culture
5nSjq1tepig,Action-adventure_game
5nSjq1tepig,Action_game
5nSjq1tepig,Video_game_culture
5nc34-ViDNo,Video_game_culture
5nrCcLjt8dQ,Casual_game
5nrCcLjt8dQ,Puzzle_video_game
5nrCcLjt8dQ,Simulation_video_game
5nrCcLjt8dQ,Video_game_culture
5pjUHCyL2v4,Action_game
5pjUHCyL2v4,Role-playing_video_game
5pjUHCyL2v4,Video_game_culture
5qul2aXNKOk,Role-playing_video_game
5qul2aXNKOk,Video_game_culture
5t9tTPs3-nM,Action_game
5t9tTPs3-nM,Sports_game
5t9tTPs3-nM,Strategy_video_game
5t9tTPs3-nM,Video_game_culture
5u0JstuOas8,Video_game_culture
5uPTZbX5krQ,Video_game_culture
5vQ9sido4mI,Action-adventure_game
5vQ9sido4mI,Action_game
5vQ9sido4mI,Role-playing_video_game
5vQ9sido4mI,Video_game_culture
nfciCNsUuXU,Action_game
nfciCNsUuXU,Video_game_culture
njDGcDe7ATM,Action_game
njDGcDe7ATM,Video_game_culture
njIPRs0H_9Y,Role-playing_video_game
njIPRs0H_9Y,Video_game_culture
nlQHfg0Lnt4,Action-adventure_game
nlQHfg0Lnt4,Action_game
nlQHfg0Lnt4,Video_game_culture
nmpOgTfhd1o,Association_football
nmpOgTfhd1o,Sport
nnWz-6R35js,Role-playing_video_game
nnWz-6R35js,Video_game_culture
npd1v8LzfJ8,Action-adventure_game
npd1v8LzfJ8,Video_game_culture
nraX2iXGEWU,Action_game
nraX2iXGEWU,Role-playing_video_game
nraX2iXGEWU,Video_game_culture
nsSEVfHjVdU,Action-adventure_game
nsSEVfHjVdU,Video_game_culture
nt4HbnnVzso,Casual_game
nt4HbnnVzso,Role-playing_video_game
nt4HbnnVzso,Video_game_culture
ntF-Q7vrajE,Action-adventure_game
ntF-Q7vrajE,Video_game_culture
ntjxQGO29P8,Video_game_culture
nuHsAi6h9JE,Action-adventure_game
nuHsAi6h9JE,Action_game
nuHsAi6h9JE,Video_game_culture
nukDIozmXtg,Action_game
nukDIozmXtg,Strategy_video_game
nukDIozmXtg,Video_game_culture
nupAQuo_i7M,Action_game
nupAQuo_i7M,Role-playing_video_game
nupAQuo_i7M,Video_game_culture
nurNxff-i0Y,Video_game_culture
rYhkO6uTETU,Sports_game
rYhkO6uTETU,Video_game_culture
rZYWsz0j8Yc,Casual_game
rZYWsz0j8Yc,Video_game_culture
rZn_hscWurM,Action-adventure_game
rZn_hscWurM,Action_game
rZn_hscWurM,Video_game_culture
rZzAcHSC9oA,Sports_game
rZzAcHSC9oA,Video_game_culture
rcC-XH561ro,Video_game_culture
rd472ylNsok,Action-adventure_game
rd472ylNsok,Action_game
rd472ylNsok,Video_game_culture
rdNJjwAO3B4,Video_game_culture
rdlygbSkmC0,Action_game
rdlygbSkmC0,Video_game_culture
reIOx94xnZc,Casual_game
reIOx94xnZc,Video_game_culture
reOMXQ4lXZM,Casual_game
reOMXQ4lXZM,Video_game_culture
reTBaIUlL7I,Association_football
reTBaIUlL7I,Sport
rf_bTLoYRLI,Action_game
rf_bTLoYRLI,Video_game_culture
rg5VX9Ws6j4,Sports_game
rg5VX9Ws6j4,Video_game_culture
ribCf9ZRNB0,Video_game_culture
G5SFRoypWN4,Action_game
G5SFRoypWN4,Video_game_culture
G7iDtVhl6Ck,Action-adventure_game
G7iDtVhl6Ck,Action_game
G7iDtVhl6Ck,Video_game_culture
G9f2brHFUp4,Action-adventure_game
G9f2brHFUp4,Action_game
G9f2brHFUp4,Casual_game
G9f2brHFUp4,Role-playing_video_game
G9f2brHFUp4,Video_game_culture
G9yZEvhmzCw,Action-adventure_game
G9yZEvhmzCw,Action_game
G9yZEvhmzCw,Role-playing_video_game
G9yZEvhmzCw,Video_game_culture
GA00p2QNUWk,Video_game_culture
GASlPImUqOA,Video_game_culture
GAcu1LqBCr8,Action_game
GAcu1LqBCr8,Video_game_culture
GBauQCqy4Gc,Video_game_culture
GC65s5LrBTc,Action-adventure_game
GC65s5LrBTc,Action_game
GC65s5LrBTc,Video_game_culture
GDVoWBDkPAs,Action_game
GDVoWBDkPAs,Video_game_culture
GDfJOwXOmEY,Sports_game
GDfJOwXOmEY,Video_game_culture
GEPPuw4zXRM,Role-playing_video_game
GEPPuw4zXRM,Video_game_culture
GExRP5lGQEw,Action-adventure_game
GExRP5lGQEw,Action_game
GExRP5lGQEw,Video_game_culture
GFxA9l4Ve94,Association_football
GFxA9l4Ve94,Sport
GG8djeQV_yY,Action-adventure_game
GG8djeQV_yY,Action_game
GG8djeQV_yY,Role-playing_video_game
GG8djeQV_yY,Video_game_culture
GGAxuG0cwuY,Action_game
GGAxuG0cwuY,Video_game_culture
GJm8glydeIs,Action_game
GJm8glydeIs,Video_game_culture
GJrKLjWxUxI,Video_game_culture
GL3zGJD3uiw,Action_game
GL3zGJD3uiw,Role-playing_video_game
GL3zGJD3uiw,Strategy_video_game
GL3zGJD3uiw,Video_game_culture
7_fyLMGToa0,Action_game
7_fyLMGToa0,Video_game_culture
7_tJ1Sd0Z-M,Role-playing_video_game
7_tJ1Sd0Z-M,Video_game_culture
7a0FeG6SbwI,Casual_game
7a0FeG6SbwI,Role-playing_video_game
7a0FeG6SbwI,Video_game_culture
7aDGrt6-cZ4,Sports_game
7aDGrt6-cZ4,Video_game_culture
7aESGs9WCaE,Video_game_culture
7aJcR1FVzgM,Action-adventure_game
7aJcR1FVzgM,Action_game
7aJcR1FVzgM,Role-playing_video_game
7aJcR1FVzgM,Simulation_video_game
7aJcR1FVzgM,Strategy_video_game
7aJcR1FVzgM,Video_game_culture
7aghzbI1f7Q,Action_game
7aghzbI1f7Q,Video_game_culture
7bXaVdxd180,Sports_game
7bXaVdxd180,Video_game_culture
7cKFMdpH64U,Action_game
7cKFMdpH64U,Video_game_culture
7cR5UB0M3fk,Sports_game
7cR5UB0M3fk,Video_game_culture
7cWOnldWAjg,Role-playing_video_game
7cWOnldWAjg,Strategy_video_game
7cWOnldWAjg,Video_game_culture
7cv6fc9gY0Y,Action-adventure_game
7cv6fc9gY0Y,Action_game
7cv6fc9gY0Y,Role-playing_video_game
7cv6fc9gY0Y,Video_game_culture
7fF8pRGC2lY,Role-playing_video_game
7fF8pRGC2lY,Video_game_culture
7fLq8oVp1jg,Action_game
7fLq8oVp1jg,Role-playing_video_game
7fLq8oVp1jg,Strategy_video_game
7fLq8oVp1jg,Video_game_culture
7fns3YVGujw,Lifestyle_(sociology)
7gGJwabcaQo,Sports_game
7gGJwabcaQo,Video_game_culture
7gGvcboip3g,Action-adventure_game
7gGvcboip3g,Action_game
7gGvcboip3g,Video_game_culture
7gne1aKqgGo,Action_game
7gne1aKqgGo,Video_game_culture
7iQQJN5D5o4,Sports_game
7iQQJN5D5o4,Video_game_culture
7iRzo6mMkkQ,Sports_game
7iRzo6mMkkQ,Video_game_culture
7j2wFhcxnSo,Action_game
7j2wFhcxnSo,Role-playing_video_game
7j2wFhcxnSo,Strategy_video_game
7j2wFhcxnSo,Video_game_culture
7jNJrV4_XE0,Role-playing_video_game
7jNJrV4_XE0,Strategy_video_game
7jNJrV4_XE0,Video_game_culture
7jUJIycYca8,Action_game
7jUJIycYca8,Role-playing_video_game
7jUJIycYca8,Video_game_culture
7lLxUSmRZsQ,Action-adventure_game
7lLxUSmRZsQ,Role-playing_video_game
7lLxUSmRZsQ,Video_game_culture
zGBGQmW2MhQ,Video_game_culture
zGgdkiSNgZc,Role-playing_video_game
zGgdkiSNgZc,Video_game_culture
zHiZNCh_BuM,Strategy_video_game
zHiZNCh_BuM,Video_game_culture
zHuRaKryCOo,Action-adventure_game
zHuRaKryCOo,Action_game
zHuRaKryCOo,Video_game_culture
zKX-zhU33VM,Sports_game
zKX-zhU33VM,Strategy_video_game
zKX-zhU33VM,Video_game_culture
zKr_TWYBLqc,Action-adventure_game
zKr_TWYBLqc,Action_game
zKr_TWYBLqc,Video_game_culture
zL0Su5dWU1o,Sports_game
zL0Su5dWU1o,Video_game_culture
zLeMkU8m2hY,Role-playing_video_game
zLeMkU8m2hY,Strategy_video_game
zLeMkU8m2hY,Video_game_culture
zMnnvrbFr3I,Action_game
zMnnvrbFr3I,Role-playing_video_game
zMnnvrbFr3I,Strategy_video_game
zMnnvrbFr3I,Video_game_culture
zNEZ_TUv7fM,Casual_game
zNEZ_TUv7fM,Video_game_culture
zNWcQQZToSo,Sport
zO4UqkSQ4lw,Video_game_culture
zOnW29zgx90,Video_game_culture
zP6AKAaxkgU,Action_game
zP6AKAaxkgU,Video_game_culture
zPHkTNy0ODA,Action-adventure_game
zPHkTNy0ODA,Action_game
zPHkTNy0ODA,Video_game_culture
zPXBcSwoAvg,Action_game
zPXBcSwoAvg,Video_game_culture
zPtrnW46Ss0,Action_game
zPtrnW46Ss0,Role-playing_video_game
zPtrnW46Ss0,Strategy_video_game
zPtrnW46Ss0,Video_game_culture
zQ2kAfJ3Mv0,Video_game_culture
zQAmMNe_oeg,Action-adventure_game
zQAmMNe_oeg,Action_game
zQAmMNe_oeg,Role-playing_video_game
zQAmMNe_oeg,Video_game_culture
zQFpf3D7NEc,Action-adventure_game
zQFpf3D7NEc,Action_game
zQFpf3D7NEc,Role-playing_video_game
zQFpf3D7NEc,Video_game_culture
zRMlbSQEF6k,Video_game_culture
zS-vjLxrUk0,Role-playing_video_game
zS-vjLxrUk0,Strategy_video_game
zS-vjLxrUk0,Video_game_culture
zS3dmjngQVw,Sports_game
zS3dmjngQVw,Video_game_culture
zS51TOgPFzE,Action_game
zS51TOgPFzE,Video_game_culture
zSmNMXlJXeE,Action_game
zSmNMXlJXeE,Role-playing_video_game
zSmNMXlJXeE,Strategy_video_game
zSmNMXlJXeE,Video_game_culture
zTotmQ42Odc,Sports_game
zTotmQ42Odc,Video_game_culture
zUVKQ_bZCm8,Role-playing_video_game
zUVKQ_bZCm8,Strategy_video_game
zUVKQ_bZCm8,Video_game_culture
zVuXnoSffrQ,Puzzle_video_game
zVuXnoSffrQ,Role-playing_video_game
zVuXnoSffrQ,Simulation_video_game
zVuXnoSffrQ,Video_game_culture
zW906Om6Yx8,Action_game
zW906Om6Yx8,Strategy_video_game
zW906Om6Yx8,Video_game_culture
zX2SRQjzZXI,Action_game
zX2SRQjzZXI,Strategy_video_game
zX2SRQjzZXI,Video_game_culture
zYB8E5yxIBs,Action_game
zYB8E5yxIBs,Video_game_culture
zYeL9ZteNnk,Action-adventure_game
zYeL9ZteNnk,Video_game_culture
zYoj6Fidjeo,Action_game
zYoj6Fidjeo,Strategy_video_game
zYoj6Fidjeo,Video_game_culture
zZcvdlXYvdg,Video_game_culture
zZwLd_xSjd0,Video_game_culture
zZxxDbLxEi4,Association_football
zZxxDbLxEi4,Sport
z_BL3FQ0yYw,Action_game
z_BL3FQ0yYw,Video_game_culture
za3AMaHYgHQ,Video_game_culture
zanD4W6tpbk,Action_game
zanD4W6tpbk,Role-playing_video_game
zanD4W6tpbk,Video_game_culture
zbGPaItuxRk,Action-adventure_game
zbGPaItuxRk,Action_game
zbGPaItuxRk,Role-playing_video_game
zbGPaItuxRk,Video_game_culture
zbpJhj0bL24,Food
zbpJhj0bL24,Lifestyle_(sociology)
zbyZMN_fhYg,Action_game
zbyZMN_fhYg,Video_game_culture
9G9YER8ZVhQ,Action-adventure_game
9G9YER8ZVhQ,Action_game
9G9YER8ZVhQ,Role-playing_video_game
9G9YER8ZVhQ,Video_game_culture
9GDpifIfN9g,Action-adventure_game
9GDpifIfN9g,Action_game
9GDpifIfN9g,Video_game_culture
9GbTQWb_qvY,Video_game_culture
9Gc92RSpP1c,Action_game
9Gc92RSpP1c,Role-playing_video_game
9Gc92RSpP1c,Strategy_video_game
9Gc92RSpP1c,Video_game_culture
9Gvqj_vOQYU,Action-adventure_game
9Gvqj_vOQYU,Role-playing_video_game
9Gvqj_vOQYU,Video_game_culture
9HwpM6Fjsck,Action_game
9HwpM6Fjsck,Role-playing_video_game
9HwpM6Fjsck,Video_game_culture
9IW7q9KDJ0Q,Action_game
9IW7q9KDJ0Q,Video_game_culture
9IhE-aCN0uk,Action_game
9IhE-aCN0uk,Video_game_culture
9JOR6IoIncw,Action_game
9JOR6IoIncw,Strategy_video_game
9JOR6IoIncw,Video_game_culture
9JW4Ml644fo,Action_game
9JW4Ml644fo,Video_game_culture
9K4YS6I93I0,Sports_game
9K4YS6I93I0,Video_game_culture
9KbtkYIpk8s,Action_game
9KbtkYIpk8s,Video_game_culture
9Kosfpwn5DM,Action_game
9Kosfpwn5DM,Video_game_culture
9KsV3E8Rxn0,Action-adventure_game
9KsV3E8Rxn0,Action_game
9KsV3E8Rxn0,Role-playing_video_game
9KsV3E8Rxn0,Video_game_culture
9KsqhxiOrgM,Action_game
9KsqhxiOrgM,Video_game_culture
9L4F7H1ErUg,Action_game
9L4F7H1ErUg,Strategy_video_game
9L4F7H1ErUg,Video_game_culture
9LEHGJ5hkCs,Video_game_culture
9LsjjefNwzU,Action-adventure_game
9LsjjefNwzU,Action_game
9LsjjefNwzU,Role-playing_video_game
9LsjjefNwzU,Video_game_culture
9MZWBBclZe8,Sports_game
9MZWBBclZe8,Video_game_culture
9NhotVkORTE,Action-adventure_game
9NhotVkORTE,Action_game
9NhotVkORTE,Role-playing_video_game
9NhotVkORTE,Strategy_video_game
9NhotVkORTE,Video_game_culture
9Nuqw5sSDhI,Action-adventure_game
9Nuqw5sSDhI,Action_game
9Nuqw5sSDhI,Role-playing_video_game
9Nuqw5sSDhI,Video_game_culture
9PQjBttbEFI,Video_game_culture
9Pt1dsj8LPg,Casual_game
9Pt1dsj8LPg,Role-playing_video_game
9Pt1dsj8LPg,Video_game_culture
9Pv-G_LG8dk,Action-adventure_game
9Pv-G_LG8dk,Action_game
9Pv-G_LG8dk,Video_game_culture
9Qh8IPhTdXQ,Action-adventure_game
9Qh8IPhTdXQ,Role-playing_video_game
9Qh8IPhTdXQ,Video_game_culture
9QhsiCa-df4,Video_game_culture
9QjHDXYmqX8,Action_game
9QjHDXYmqX8,Strategy_video_game
9QjHDXYmqX8,Video_game_culture
9R5nRJhXaAE,Action-adventure_game
9R5nRJhXaAE,Action_game
9R5nRJhXaAE,Video_game_culture
9RRleT1W8JA,Action-adventure_game
9RRleT1W8JA,Action_game
9RRleT1W8JA,Video_game_culture
9Rc5EeNxiTk,Action-adventure_game
9Rc5EeNxiTk,Casual_game
9Rc5EeNxiTk,Role-playing_video_game
9Rc5EeNxiTk,Video_game_culture
9TBaW8zeh0c,Action-adventure_game
9TBaW8zeh0c,Action_game
9TBaW8zeh0c,Video_game_culture
9TMXOpaIoGc,Action_game
9TMXOpaIoGc,Strategy_video_game
9TMXOpaIoGc,Video_game_culture
9TZLsPLUuJw,Video_game_culture
9TmdAKKsub8,Action-adventure_game
9TmdAKKsub8,Action_game
9TmdAKKsub8,Role-playing_video_game
9TmdAKKsub8,Strategy_video_game
9TmdAKKsub8,Video_game_culture
9Ty28ih9a_g,Action_game
9Ty28ih9a_g,Video_game_culture
9UdFzzeOJTc,Action-adventure_game
9UdFzzeOJTc,Action_game
9UdFzzeOJTc,Video_game_culture
9WdYdgdwWfM,Action_game
9WdYdgdwWfM,Role-playing_video_game
9WdYdgdwWfM,Video_game_culture
9WqPW08ZHO0,Casual_game
9WqPW08ZHO0,Role-playing_video_game
9WqPW08ZHO0,Video_game_culture
9WuyMIS1G7A,Video_game_culture
9Xgkw_yZi8Y,Sports_game
9Xgkw_yZi8Y,Video_game_culture
9YgdjWFykpc,Action_game
9YgdjWFykpc,Video_game_culture
9_YJxGmlxas,Action_game
9_YJxGmlxas,Role-playing_video_game
9_YJxGmlxas,Video_game_culture
9_iMODmEgBs,Action_game
9_iMODmEgBs,Role-playing_video_game
9_iMODmEgBs,Video_game_culture
9bMuxEDq3Ag,Technology
9byPdyuPEwo,Action-adventure_game
9byPdyuPEwo,Action_game
9byPdyuPEwo,Video_game_culture
AjZwyu-u8lI,Action_game
AjZwyu-u8lI,Strategy_video_game
AjZwyu-u8lI,Video_game_culture
AjrE84pG18I,Sports_game
AjrE84pG18I,Video_game_culture
AjvLdIqZ6c0,Action_game
AjvLdIqZ6c0,Video_game_culture
AkapnQmonSo,Video_game_culture
AmIdAr2tA8Q,Action_game
AmIdAr2tA8Q,Role-playing_video_game
AmIdAr2tA8Q,Strategy_video_game
AmIdAr2tA8Q,Video_game_culture
AmMDKI1EPVo,Action_game
AmMDKI1EPVo,Role-playing_video_game
AmMDKI1EPVo,Video_game_culture
Amf6H9DAl0Y,Video_game_culture
AojMJ46JjxI,Action_game
AojMJ46JjxI,Video_game_culture
Aowl4OXw_Mc,Music
Ap21hGTPHAw,Action_game
Ap21hGTPHAw,Video_game_culture
Ap3U2NAWzI8,Role-playing_video_game
Ap3U2NAWzI8,Video_game_culture
Ap_SvN2880M,Association_football
Ap_SvN2880M,Sport
AppfYxRtBxs,Action_game
AppfYxRtBxs,Video_game_culture
AqEbIDtCdsU,Sports_game
AqEbIDtCdsU,Video_game_culture
Ar3XQzJ2PkI,Action_game
Ar3XQzJ2PkI,Role-playing_video_game
Ar3XQzJ2PkI,Strategy_video_game
Ar3XQzJ2PkI,Video_game_culture
ArPsdcubE0I,Action_game
ArPsdcubE0I,Video_game_culture
ArQo09p8hp4,Video_game_culture
ArktlLfDk_0,Action_game
ArktlLfDk_0,Video_game_culture
AsE70V3sfx0,Puzzle_video_game
AsE70V3sfx0,Video_game_culture
At24Hym_V8U,Sports_game
At24Hym_V8U,Video_game_culture
AtjvYrbUzX4,Action_game
AtjvYrbUzX4,Strategy_video_game
AtjvYrbUzX4,Video_game_culture
AtrOSGEgqY8,Role-playing_video_game
AtrOSGEgqY8,Video_game_culture
AtsJALxA_i4,Action_game
AtsJALxA_i4,Strategy_video_game
AtsJALxA_i4,Video_game_culture
AuiL_Phcy2c,Video_game_culture
AvUT7tLn094,Action_game
AvUT7tLn094,Role-playing_video_game
AvUT7tLn094,Video_game_culture
Axb5HBxd6ac,Sports_game
Axb5HBxd6ac,Video_game_culture
Ay9nwsdYajo,Action-adventure_game
Ay9nwsdYajo,Video_game_culture
AyPVZwnyMBE,Action-adventure_game
AyPVZwnyMBE,Action_game
AyPVZwnyMBE,Video_game_culture
Az9mS8sipkU,Video_game_culture
B-1WpFDUye8,Action_game
B-1WpFDUye8,Video_game_culture
B-HP3sbtTsg,Sports_game
B-HP3sbtTsg,Video_game_culture
B0P-FzJNjTw,Action_game
B0P-FzJNjTw,Video_game_culture
B0unUJS1Oco,Sports_game
B0unUJS1Oco,Video_game_culture
CECxoGnPIdU,Sports_game
CECxoGnPIdU,Video_game_culture
CFEPA73-MtI,Action_game
CFEPA73-MtI,Video_game_culture
CFhz5OmyjgU,Action_game
CFhz5OmyjgU,Role-playing_video_game
CFhz5OmyjgU,Strategy_video_game
CFhz5OmyjgU,Video_game_culture
CGlTlWQlWqc,Video_game_culture
CHSUMtQho-Q,Action_game
CHSUMtQho-Q,Video_game_culture
CHTFJ40qreM,Video_game_culture
CHXls-0iiCg,Video_game_culture
CI6kWIACaIo,Action_game
CI6kWIACaIo,Strategy_video_game
CI6kWIACaIo,Video_game_culture
CIYZSYZVV7Y,Action-adventure_game
CIYZSYZVV7Y,Action_game
CIYZSYZVV7Y,Role-playing_video_game
CIYZSYZVV7Y,Video_game_culture
CIvi4PpLWmQ,Video_game_culture
CJGMikcauDU,Video_game_culture
CJNs4ffrW8w,Role-playing_video_game
CJNs4ffrW8w,Strategy_video_game
CJNs4ffrW8w,Video_game_culture
CKroXtKHB5U,Action_game
CKroXtKHB5U,Strategy_video_game
CKroXtKHB5U,Video_game_culture
CLFDtuUjpvw,Action-adventure_game
CLFDtuUjpvw,Action_game
CLFDtuUjpvw,Video_game_culture
CLGtCzzsxJY,Video_game_culture
CMRiOl-OOYA,Video_game_culture
CN4YvHY8S3E,Role-playing_video_game
CN4YvHY8S3E,Video_game_culture
CNF-GFLHPiA,Action_game
CNF-GFLHPiA,Video_game_culture
CNGg_QlVEw4,Role-playing_video_game
CNGg_QlVEw4,Video_game_culture
COb3Bmga7Ug,Video_game_culture
COef6iRle5o,Role-playing_video_game
COef6iRle5o,Strategy_video_game
COef6iRle5o,Video_game_culture
CPdz_WCoorY,Action-adventure_game
CPdz_WCoorY,Action_game
CPdz_WCoorY,Role-playing_video_game
CPdz_WCoorY,Video_game_culture
CQ1EM3rEU-s,Strategy_video_game
CQ1EM3rEU-s,Video_game_culture
CQ3wHqmH0ho,Action_game
CQ3wHqmH0ho,Video_game_culture
CQBaAZzagR4,Sports_game
CQBaAZzagR4,Video_game_culture
CQIz76R_Ehk,Action-adventure_game
CQIz76R_Ehk,Action_game
CQIz76R_Ehk,Role-playing_video_game
CQIz76R_Ehk,Video_game_culture
CQtyXW2yQ_s,Action_game
CQtyXW2yQ_s,Video_game_culture
CRHb9YrhqEY,Sports_game
CRHb9YrhqEY,Video_game_culture
CRiIGS93qAE,Entertainment
CRzlZRK84UE,Role-playing_video_game
CRzlZRK84UE,Video_game_culture
CTUJXo8B_a0,Action_game
CTUJXo8B_a0,Video_game_culture
CU87_fxZjDY,Action-adventure_game
CU87_fxZjDY,Action_game
CU87_fxZjDY,Role-playing_video_game
CU87_fxZjDY,Video_game_culture
CUIs-7kEAHQ,Action_game
CUIs-7kEAHQ,Strategy_video_game
CUIs-7kEAHQ,Video_game_culture
CURVk6wk4Lw,Action_game
CURVk6wk4Lw,Video_game_culture
CUnUeFp1Yzg,Puzzle_video_game
CUnUeFp1Yzg,Video_game_culture
CUzM8oPqi2s,Video_game_culture
CVd3CBiBLM0,Action-adventure_game
CVd3CBiBLM0,Action_game
CVd3CBiBLM0,Role-playing_video_game
CVd3CBiBLM0,Video_game_culture
CWdQJfAgiHo,Action_game
CWdQJfAgiHo,Role-playing_video_game
CWdQJfAgiHo,Strategy_video_game
CWdQJfAgiHo,Video_game_culture
CX-Vy4QBjWM,Action_game
CX-Vy4QBjWM,Video_game_culture
CX6k8x-vvK8,Role-playing_video_game
CX6k8x-vvK8,Video_game_culture
CX8Nx1tPsXg,Action_game
CX8Nx1tPsXg,Role-playing_video_game
CX8Nx1tPsXg,Video_game_culture
CXjDtMgCu8I,Entertainment
CXjDtMgCu8I,Music_of_Asia
CXjDtMgCu8I,Performing_arts
CYjOOHIH-2U,Action-adventure_game
CYjOOHIH-2U,Action_game
CYjOOHIH-2U,Role-playing_video_game
CYjOOHIH-2U,Simulation_video_game
CYjOOHIH-2U,Strategy_video_game
CYjOOHIH-2U,Video_game_culture
CZyKnQ8jAYk,Video_game_culture
C_fjNicm88U,Action_game
C_fjNicm88U,Video_game_culture
CaGlKncjUKA,Video_game_culture
CaLT5LmjDnw,Action_game
CaLT5LmjDnw,Video_game_culture
3jgMmT4JWRU,Action_game
3jgMmT4JWRU,Video_game_culture
3k5RZOC8U4k,Action_game
3k5RZOC8U4k,Strategy_video_game
3k5RZOC8U4k,Video_game_culture
3kVgQTIoxso,Action_game
3kVgQTIoxso,Video_game_culture
3l3tJn5Uzsg,Action_game
3l3tJn5Uzsg,Strategy_video_game
3l3tJn5Uzsg,Video_game_culture
3lJRqetgu24,Role-playing_video_game
3lJRqetgu24,Video_game_culture
3my8Lz0Nj8U,Action-adventure_game
3my8Lz0Nj8U,Casual_game
3my8Lz0Nj8U,Role-playing_video_game
3my8Lz0Nj8U,Video_game_culture
3osB_8nhfT8,Action_game
3osB_8nhfT8,Video_game_culture
3ot9MbefStk,Video_game_culture
3qxWe4aZ2L0,Action-adventure_game
3qxWe4aZ2L0,Action_game
3qxWe4aZ2L0,Video_game_culture
3rfc1Xo9tK8,Sports_game
3rfc1Xo9tK8,Video_game_culture
3rwbuSO6WTw,Action_game
3rwbuSO6WTw,Video_game_culture
3tu4gf8YwvE,Action_game
3tu4gf8YwvE,Strategy_video_game
3tu4gf8YwvE,Video_game_culture
3vI774DA82Q,Video_game_culture
3vko2uejX3s,Action_game
3vko2uejX3s,Role-playing_video_game
3vko2uejX3s,Strategy_video_game
3vko2uejX3s,Video_game_culture
3x40KFpzf_0,Action-adventure_game
3x40KFpzf_0,Action_game
3x40KFpzf_0,Video_game_culture
3x5sEU4C_Xc,Role-playing_video_game
3x5sEU4C_Xc,Strategy_video_game
3x5sEU4C_Xc,Video_game_culture
3xGoTbYhqVY,Entertainment
3xOFtDMVujY,Video_game_culture
3yeYpWMxqEM,Video_game_culture
N-9Cn0_sZ0s,Action-adventure_game
N-9Cn0_sZ0s,Action_game
N-9Cn0_sZ0s,Video_game_culture
N-uN-jiKYOI,Action_game
N-uN-jiKYOI,Video_game_culture
N0DsPzSBR3Y,Sports_game
N0DsPzSBR3Y,Video_game_culture
N0Vks-20jHA,Video_game_culture
N2SQIzWEqpc,Action_game
N2SQIzWEqpc,Strategy_video_game
N2SQIzWEqpc,Video_game_culture
N2mWbbeXSIg,Action_game
N2mWbbeXSIg,Role-playing_video_game
N2mWbbeXSIg,Video_game_culture
N3Det4iZIAU,Action_game
N3Det4iZIAU,Video_game_culture
N3jU12K7U_o,Association_football
N3jU12K7U_o,Sport
N3ulwsoG3t8,Action-adventure_game
N3ulwsoG3t8,Action_game
N3ulwsoG3t8,Role-playing_video_game
N3ulwsoG3t8,Strategy_video_game
N3ulwsoG3t8,Video_game_culture
N4vJMJoJwtc,Action-adventure_game
N4vJMJoJwtc,Action_game
N4vJMJoJwtc,Video_game_culture
N6SvQv3crV0,Role-playing_video_game
N6SvQv3crV0,Video_game_culture
N6veNjizOfk,Sports_game
N6veNjizOfk,Video_game_culture
N7JYuttxsok,Action-adventure_game
N7JYuttxsok,Action_game
N7JYuttxsok,Video_game_culture
N85xIp5bh_A,Action-adventure_game
N85xIp5bh_A,Action_game
N85xIp5bh_A,Role-playing_video_game
N85xIp5bh_A,Video_game_culture
N8LCMJdk8fk,Action_game
N8LCMJdk8fk,Role-playing_video_game
N8LCMJdk8fk,Strategy_video_game
N8LCMJdk8fk,Video_game_culture
N9mNXMy2L84,Action-adventure_game
N9mNXMy2L84,Action_game
N9mNXMy2L84,Video_game_culture
N9yB_oySTCM,Action_game
N9yB_oySTCM,Video_game_culture
NA7POdqFPeY,Action_game
NA7POdqFPeY,Role-playing_video_game
NA7POdqFPeY,Video_game_culture
NAFWSSiozt4,Action_game
NAFWSSiozt4,Strategy_video_game
NAFWSSiozt4,Video_game_culture
NAKjHi6VTqw,Action-adventure_game
NAKjHi6VTqw,Action_game
NAKjHi6VTqw,Role-playing_video_game
NAKjHi6VTqw,Strategy_video_game
NAKjHi6VTqw,Video_game_culture
NARVl3Mf5rw,Video_game_culture
NBLzf_OfrY4,Lifestyle_(sociology)
NBRrGkJ72gA,Action_game
NBRrGkJ72gA,Video_game_culture
NBYOIRufSS0,Video_game_culture
NBroeOPD948,Video_game_culture
NChyTjuJPP8,Role-playing_video_game
NChyTjuJPP8,Video_game_culture
NDDHmGw9i4A,Action_game
NDDHmGw9i4A,Video_game_culture
NEge_b_ldyU,Action_game
NEge_b_ldyU,Video_game_culture
NG3OWSMTuaw,Role-playing_video_game
NG3OWSMTuaw,Video_game_culture
NG8W69uyWDM,Action_game
NG8W69uyWDM,Strategy_video_game
NG8W69uyWDM,Video_game_culture
_nn8G_N5SXo,Action-adventure_game
_nn8G_N5SXo,Action_game
_nn8G_N5SXo,Video_game_culture
_nug6Sw3FC0,Sports_game
_nug6Sw3FC0,Video_game_culture
_oVUqeU1jrM,Action-adventure_game
_oVUqeU1jrM,Puzzle_video_game
_oVUqeU1jrM,Video_game_culture
_p-3-7qNgkU,Action_game
_p-3-7qNgkU,Racing_video_game
_p-3-7qNgkU,Video_game_culture
_p67Skn7Q3s,Video_game_culture
_q4EeWOkf74,Video_game_culture
_qMTN5u2ZeY,Action-adventure_game
_qMTN5u2ZeY,Video_game_culture
_r8bHwb78ss,Action-adventure_game
_r8bHwb78ss,Action_game
_r8bHwb78ss,Video_game_culture
_ueeK34f-Nc,Sports_game
_ueeK34f-Nc,Video_game_culture
_ul8nqF8Auk,Video_game_culture
_v28zf_rESg,Action-adventure_game
_v28zf_rESg,Action_game
_v28zf_rESg,Video_game_culture
_vP9nDPZRjE,Video_game_culture
_vgoA8LK3hY,Sports_game
_vgoA8LK3hY,Video_game_culture
_wOIv457XdA,Action_game
_wOIv457XdA,Role-playing_video_game
_wOIv457XdA,Strategy_video_game
_wOIv457XdA,Video_game_culture
_xFGsvKqE9E,Video_game_culture
_xT_gG4qbhk,Video_game_culture
_y2YsBntmW8,Sports_game
_y2YsBntmW8,Video_game_culture
_yYGQGaIiF0,Action_game
_yYGQGaIiF0,Video_game_culture
_y_yoYzAFdQ,Action_game
_y_yoYzAFdQ,Video_game_culture
_yavsyIqT48,Action_game
_yavsyIqT48,Video_game_culture
_zrKpOeNzr4,Role-playing_video_game
_zrKpOeNzr4,Video_game_culture
_zyNkNSGZJI,Action_game
_zyNkNSGZJI,Role-playing_video_game
_zyNkNSGZJI,Video_game_culture
a-8t7BqvGjU,Association_football
a-8t7BqvGjU,Sport
a-HD8SvYsag,Sports_game
a-HD8SvYsag,Video_game_culture
a1e8dqAWc3E,Association_football
a1e8dqAWc3E,Sport
a39_mbnNawI,Action-adventure_game
a39_mbnNawI,Role-playing_video_game
a39_mbnNawI,Simulation_video_game
a39_mbnNawI,Strategy_video_game
a39_mbnNawI,Video_game_culture
VqXnb0WE03o,Music
Vut-kI9DblE,Sports_game
Vut-kI9DblE,Video_game_culture
Vv3T4onKuG8,Action-adventure_game
Vv3T4onKuG8,Action_game
Vv3T4onKuG8,Video_game_culture
Vv_x1AK_9V0,Action-adventure_game
Vv_x1AK_9V0,Action_game
Vv_x1AK_9V0,Video_game_culture
VwvE5c3FlGY,Action_game
VwvE5c3FlGY,Video_game_culture
Vx_yTfypVCg,Association_football
Vx_yTfypVCg,Sport
VxeW35B0LVs,Action-adventure_game
VxeW35B0LVs,Action_game
VxeW35B0LVs,Video_game_culture
VxfaJcl0xvQ,Sports_game
VxfaJcl0xvQ,Video_game_culture
Vy_AZoq-5Qg,Action_game
Vy_AZoq-5Qg,Video_game_culture
Vz9Fj36us9w,Action_game
Vz9Fj36us9w,Strategy_video_game
Vz9Fj36us9w,Video_game_culture
W--AKpVPGmE,Role-playing_video_game
W--AKpVPGmE,Video_game_culture
W-06PeT7pgE,Action_game
W-06PeT7pgE,Video_game_culture
W-SEWTbu8Uk,Action-adventure_game
W-SEWTbu8Uk,Role-playing_video_game
W-SEWTbu8Uk,Video_game_culture
W-VJdeB-10g,Action-adventure_game
W-VJdeB-10g,Video_game_culture
W0faQrJ3RvM,Video_game_culture
W1llsJFlWvY,Action-adventure_game
W1llsJFlWvY,Video_game_culture
W1y7QXVhw98,Action_game
W1y7QXVhw98,Video_game_culture
W26qodU_hik,Role-playing_video_game
W26qodU_hik,Video_game_culture
W2dzjp_35PI,Action_game
W2dzjp_35PI,Strategy_video_game
W2dzjp_35PI,Video_game_culture
W2mMowuiBF8,Action-adventure_game
W2mMowuiBF8,Video_game_culture
W2oNAcqjTGE,Action_game
W2oNAcqjTGE,Video_game_culture
W5kiulWNR6k,Action_game
W5kiulWNR6k,Role-playing_video_game
W5kiulWNR6k,Video_game_culture
W5mUzGUW0Po,Action-adventure_game
W5mUzGUW0Po,Action_game
W5mUzGUW0Po,Role-playing_video_game
W5mUzGUW0Po,Video_game_culture
W6eAPV2rXOw,Action_game
W6eAPV2rXOw,Video_game_culture
W6t8YC7nxRw,Action_game
W6t8YC7nxRw,Video_game_culture
W7Dzjw-LdyY,Action_game
W7Dzjw-LdyY,Video_game_culture
W7Vrl6rRtsM,Action-adventure_game
W7Vrl6rRtsM,Action_game
W7Vrl6rRtsM,Video_game_culture
W7dqCJgLzNY,Action_game
W7dqCJgLzNY,Video_game_culture
W7o7eIS9QFc,Action_game
W7o7eIS9QFc,Video_game_culture
W87_a8RTypM,Sports_game
W87_a8RTypM,Video_game_culture
UcRVGNg7XH8,Action-adventure_game
UcRVGNg7XH8,Action_game
UcRVGNg7XH8,Role-playing_video_game
UcRVGNg7XH8,Video_game_culture
UcSkNfVlCgU,Video_game_culture
UcVsDfUlbH4,Action_game
UcVsDfUlbH4,Video_game_culture
UcwqyM1uOzQ,Role-playing_video_game
UcwqyM1uOzQ,Video_game_culture
Ud4auEg45Kc,Action-adventure_game
Ud4auEg45Kc,Action_game
Ud4auEg45Kc,Video_game_culture
UgYgGf0l-eI,Sports_game
UgYgGf0l-eI,Video_game_culture
UhM4dAeK0FM,Sports_game
UhM4dAeK0FM,Video_game_culture
UiRubBNGBN4,Action_game
UiRubBNGBN4,Role-playing_video_game
UiRubBNGBN4,Strategy_video_game
UiRubBNGBN4,Video_game_culture
UimvRtqFdkw,Action_game
UimvRtqFdkw,Role-playing_video_game
UimvRtqFdkw,Video_game_culture
UjRpHuHP-N8,Action_game
UjRpHuHP-N8,Video_game_culture
UjSMsySizQs,Action_game
UjSMsySizQs,Video_game_culture
Um5V6seeyZw,Sports_game
Um5V6seeyZw,Video_game_culture
UoqIhAr9hkY,Action_game
UoqIhAr9hkY,Video_game_culture
Ur6Psf66oTk,Action-adventure_game
Ur6Psf66oTk,Video_game_culture
UrAB0HBmym4,Action_game
UrAB0HBmym4,Strategy_video_game
UrAB0HBmym4,Video_game_culture
UrG5d8sDF1M,Action-adventure_game
UrG5d8sDF1M,Action_game
UrG5d8sDF1M,Video_game_culture
UsCQ3Vd5FZs,Action-adventure_game
UsCQ3Vd5FZs,Action_game
UsCQ3Vd5FZs,Video_game_culture
UsbxnT9Q3vw,Action-adventure_game
UsbxnT9Q3vw,Action_game
UsbxnT9Q3vw,Video_game_culture
UtVlEoUwCmY,Video_game_culture
UtlLrW74v7Y,Video_game_culture
Uu5PErVK83o,Sports_game
Uu5PErVK83o,Video_game_culture
UuVS2GrNubg,Sports_game
UuVS2GrNubg,Video_game_culture
UvVgzWK2Qas,Action-adventure_game
UvVgzWK2Qas,Video_game_culture
Ld5CCheScBk,Action-adventure_game
Ld5CCheScBk,Action_game
Ld5CCheScBk,Role-playing_video_game
Ld5CCheScBk,Strategy_video_game
Ld5CCheScBk,Video_game_culture
LdMvBNikD5g,Action_game
LdMvBNikD5g,Video_game_culture
Ld_pKpzsHD8,Action_game
Ld_pKpzsHD8,Video_game_culture
LdtDUyexWW0,Action_game
LdtDUyexWW0,Video_game_culture
Lfo49ZbV4WU,Association_football
Lfo49ZbV4WU,Sport
LhHseNt6icU,Video_game_culture
Lhtf-xv3Cvw,Action_game
Lhtf-xv3Cvw,Role-playing_video_game
Lhtf-xv3Cvw,Strategy_video_game
Lhtf-xv3Cvw,Video_game_culture
LiWOZ1uIq8s,Action-adventure_game
LiWOZ1uIq8s,Action_game
LiWOZ1uIq8s,Role-playing_video_game
LiWOZ1uIq8s,Video_game_culture
LkDCI-pqNYM,Action_game
LkDCI-pqNYM,Video_game_culture
LmT0PJDxRno,Video_game_culture
LmlDLSwjGe4,Action_game
LmlDLSwjGe4,Video_game_culture
LmlmvyPXszk,Sports_game
LmlmvyPXszk,Video_game_culture
LoJFmh2jQHQ,Action_game
LoJFmh2jQHQ,Video_game_culture
LoJxzPuHakE,Action-adventure_game
LoJxzPuHakE,Puzzle_video_game
LoJxzPuHakE,Role-playing_video_game
LoJxzPuHakE,Video_game_culture
LrHpCN4ksuo,Sports_game
LrHpCN4ksuo,Video_game_culture
LrLv7ZQcbLA,Action_game
LrLv7ZQcbLA,Video_game_culture
LtWHRWI0rsE,Association_football
LtWHRWI0rsE,Sport
Lto9oN9C14k,Action-adventure_game
Lto9oN9C14k,Video_game_culture
LuD-1kNyQoA,Action_game
LuD-1kNyQoA,Role-playing_video_game
LuD-1kNyQoA,Video_game_culture
LudG_DLmcSo,Action_game
LudG_DLmcSo,Video_game_culture
Lw4lx6vkKZA,Action-adventure_game
Lw4lx6vkKZA,Video_game_culture
LyTbSBSnz08,Sports_game
LyTbSBSnz08,Video_game_culture
XB4XaRtkx4o,Role-playing_video_game
XB4XaRtkx4o,Video_game_culture
XBtVfpjRi5Y,Action_game
XBtVfpjRi5Y,Video_game_culture
XC_EuJ9X190,Action_game
XC_EuJ9X190,Role-playing_video_game
XC_EuJ9X190,Video_game_culture
XFNRWlfKj3I,Action_game
XFNRWlfKj3I,Video_game_culture
XGhhsV5gAr4,Action_game
XGhhsV5gAr4,Video_game_culture
XH4sZS_mbPc,Video_game_culture
XHL9_1PJZAM,Role-playing_video_game
XHL9_1PJZAM,Video_game_culture
XHYf90ysgz0,Action_game
XHYf90ysgz0,Strategy_video_game
XHYf90ysgz0,Video_game_culture
XIVaktOVJZQ,Action_game
XIVaktOVJZQ,Video_game_culture
XIbI1AB4KJ0,Action_game
XIbI1AB4KJ0,Role-playing_video_game
XIbI1AB4KJ0,Video_game_culture
XJ6027hGkX4,Action_game
XJ6027hGkX4,Video_game_culture
XKG3EyfYRS0,Sports_game
XKG3EyfYRS0,Video_game_culture
XKcwYxxY880,Action_game
XKcwYxxY880,Video_game_culture
XKlFU8uLjcQ,Sports_game
XKlFU8uLjcQ,Video_game_culture
XMqrjHTBP4I,Action_game
XMqrjHTBP4I,Video_game_culture
XQEVuHXuxlM,Sports_game
XQEVuHXuxlM,Video_game_culture
XQIwag9E1jA,Action_game
XQIwag9E1jA,Video_game_culture
XQKZB4DVJI0,Action_game
XQKZB4DVJI0,Role-playing_video_game
XQKZB4DVJI0,Strategy_video_game
XQKZB4DVJI0,Video_game_culture
XQTPUVl3uYU,Action_game
XQTPUVl3uYU,Role-playing_video_game
XQTPUVl3uYU,Video_game_culture
XRFn_QGph4s,Action_game
XRFn_QGph4s,Video_game_culture
XRd8_LVBfQo,Action_game
XRd8_LVBfQo,Video_game_culture
YQ8uEsfAPHU,Video_game_culture
YQq9sX3S80E,Action_game
YQq9sX3S80E,Video_game_culture
YRdB0QS6e2w,Sports_game
YRdB0QS6e2w,Video_game_culture
YT4hKs3YVXQ,Video_game_culture
YUs6jqedqcQ,Video_game_culture
YVYKO_CUbkY,Association_football
YVYKO_CUbkY,Sport
YYgiZFCBxm4,Association_football
YYgiZFCBxm4,Sport
YYkn66f2Tyo,Action_game
YYkn66f2Tyo,Video_game_culture
YZIVV1ke5eo,Action_game
YZIVV1ke5eo,Video_game_culture
YZSTnsO4I7w,Video_game_culture
Y_6EQZCkHWg,Action-adventure_game
Y_6EQZCkHWg,Action_game
Y_6EQZCkHWg,Video_game_culture
YbUh-7hM7T8,Action-adventure_game
YbUh-7hM7T8,Role-playing_video_game
YbUh-7hM7T8,Video_game_culture
Yd4nIMn0yDg,Association_football
Yd4nIMn0yDg,Sport
YdD5iRejipI,Action_game
YdD5iRejipI,Strategy_video_game
YdD5iRejipI,Video_game_culture
YduaouGiLl8,Role-playing_video_game
YduaouGiLl8,Video_game_culture
Ye5DJJsY5tk,Sports_game
Ye5DJJsY5tk,Video_game_culture
YeMtetLqhKc,Role-playing_video_game
YeMtetLqhKc,Strategy_video_game
YeMtetLqhKc,Video_game_culture
YePlL5RtHuM,Sports_game
YePlL5RtHuM,Video_game_culture
YecCUxmGyu8,Action-adventure_game
YecCUxmGyu8,Video_game_culture
YelFRuC4lQU,Action-adventure_game
YelFRuC4lQU,Action_game
YelFRuC4lQU,Video_game_culture
Yf0DxOM7wXA,Action_game
Yf0DxOM7wXA,Video_game_culture
YfGEQ7QJR6k,Action_game
YfGEQ7QJR6k,Strategy_video_game
YfGEQ7QJR6k,Video_game_culture
Yh-llkxfWhY,Sports_game
Yh-llkxfWhY,Video_game_culture
YhZ6h9saOxg,Association_football
YhZ6h9saOxg,Sport
YhsH5EvBoiI,Action_game
YhsH5EvBoiI,Video_game_culture
EY5ZbUIvhOo,Sports_game
EY5ZbUIvhOo,Video_game_culture
EY99rMLHOhM,Action_game
EY99rMLHOhM,Strategy_video_game
EY99rMLHOhM,Video_game_culture
EY_79Jp-kss,Sports_game
EY_79Jp-kss,Video_game_culture
E_x5IBwTYQg,Role-playing_video_game
E_x5IBwTYQg,Video_game_culture
E_x7fJH3yY4,Action_game
E_x7fJH3yY4,Role-playing_video_game
E_x7fJH3yY4,Strategy_video_game
E_x7fJH3yY4,Video_game_culture
E_yR1-XTqK4,Video_game_culture
EaC4Y1JBcyM,Action_game
EaC4Y1JBcyM,Role-playing_video_game
EaC4Y1JBcyM,Strategy_video_game
EaC4Y1JBcyM,Video_game_culture
EavAJGro3yU,Simulation_video_game
EavAJGro3yU,Video_game_culture
EceeHnJsKOk,Action-adventure_game
EceeHnJsKOk,Action_game
EceeHnJsKOk,Video_game_culture
EdL2z0Xqbbk,Action_game
EdL2z0Xqbbk,Role-playing_video_game
EdL2z0Xqbbk,Video_game_culture
Ee3kepGLV0E,Music_video_game
Ee3kepGLV0E,Video_game_culture
EeM41J2eiqU,Action_game
EeM41J2eiqU,Strategy_video_game
EeM41J2eiqU,Video_game_culture
EfaLkozXHUU,Action_game
EfaLkozXHUU,Video_game_culture
EflCByNmteY,Action-adventure_game
EflCByNmteY,Action_game
EflCByNmteY,Role-playing_video_game
EflCByNmteY,Strategy_video_game
EflCByNmteY,Video_game_culture
EhQZmzld-dw,Action_game
EhQZmzld-dw,Video_game_culture
EiAu3LnGQWY,Action_game
EiAu3LnGQWY,Strategy_video_game
EiAu3LnGQWY,Video_game_culture
Ej2vHryXJeQ,Role-playing_video_game
Ej2vHryXJeQ,Video_game_culture
Ej5EQM5eYGI,Action_game
Ej5EQM5eYGI,Video_game_culture
EjZZx6Y3f1A,Action_game
EjZZx6Y3f1A,Video_game_culture
EjkMOI2ZrRQ,Action_game
EjkMOI2ZrRQ,Video_game_culture
El7scTq4DZ8,Sports_game
El7scTq4DZ8,Video_game_culture
Emke9-p6a9U,Action_game
Emke9-p6a9U,Strategy_video_game
Emke9-p6a9U,Video_game_culture
PH5ziZyU0qw,Lifestyle_(sociology)
PHuJK2QqjOQ,Video_game_culture
PI8NtC39rVY,Role-playing_video_game
PI8NtC39rVY,Video_game_culture
PId7GMlgztk,Action_game
PId7GMlgztk,Video_game_culture
PKA7HVwGjcY,Video_game_culture
PK_nX5Mytuo,Action_game
PK_nX5Mytuo,Video_game_culture
PL7gu2eUsdI,Association_football
PL7gu2eUsdI,Sport
PMOTBE3b7E4,Role-playing_video_game
PMOTBE3b7E4,Video_game_culture
PNN8tuB_a-8,Action-adventure_game
PNN8tuB_a-8,Action_game
PNN8tuB_a-8,Role-playing_video_game
PNN8tuB_a-8,Video_game_culture
PNpTXt0rb4o,Video_game_culture
POxB8Uk84Zs,Action_game
POxB8Uk84Zs,Strategy_video_game
POxB8Uk84Zs,Video_game_culture
PPEc2nEBMvg,Casual_game
PPEc2nEBMvg,Puzzle_video_game
PPEc2nEBMvg,Video_game_culture
PPn5dIMzKdo,Video_game_culture
PQXhjq3xIIA,Action_game
PQXhjq3xIIA,Role-playing_video_game
PQXhjq3xIIA,Video_game_culture
PSjXVh96zII,Sports_game
PSjXVh96zII,Video_game_culture
PSwT41zh-O0,Role-playing_video_game
PSwT41zh-O0,Strategy_video_game
PSwT41zh-O0,Video_game_culture
PT8GM84hy4s,Action_game
PT8GM84hy4s,Video_game_culture
PTAKA23Splk,Action-adventure_game
PTAKA23Splk,Puzzle_video_game
PTAKA23Splk,Role-playing_video_game
PTAKA23Splk,Video_game_culture
PTbHP03K4FM,Action_game
PTbHP03K4FM,Role-playing_video_game
PTbHP03K4FM,Video_game_culture
PUU2YqZW8Yk,Food
PUhDF7JIjI8,Action_game
PUhDF7JIjI8,Strategy_video_game
PUhDF7JIjI8,Video_game_culture
PUhx2w9Mj30,Role-playing_video_game
PUhx2w9Mj30,Video_game_culture
PVCOu6yCDQw,Strategy_video_game
PVCOu6yCDQw,Video_game_culture
PVVm0qlr21k,Action-adventure_game
PVVm0qlr21k,Action_game
PVVm0qlr21k,Role-playing_video_game
PVVm0qlr21k,Video_game_culture
PW2AhgAgdtw,Sports_game
PW2AhgAgdtw,Video_game_culture
PWF9J7swz8I,Video_game_culture
PWex31tG5hQ,Action-adventure_game
PWex31tG5hQ,Action_game
PWex31tG5hQ,Video_game_culture
PWiIGlASVV0,Role-playing_video_game
PWiIGlASVV0,Video_game_culture
j91FEYIipwc,Action-adventure_game
j91FEYIipwc,Action_game
j91FEYIipwc,Video_game_culture
j9oH9PlRC88,Role-playing_video_game
j9oH9PlRC88,Video_game_culture
jB9NO0VjtLY,Action_game
jB9NO0VjtLY,Role-playing_video_game
jB9NO0VjtLY,Video_game_culture
jBB2c7yexIQ,Action_game
jBB2c7yexIQ,Video_game_culture
jD4jY0fMnnI,Action_game
jD4jY0fMnnI,Video_game_culture
jDZY4a-57BE,Action-adventure_game
jDZY4a-57BE,Role-playing_video_game
jDZY4a-57BE,Video_game_culture
jE-dvnEjCeI,Action_game
jE-dvnEjCeI,Video_game_culture
jGJ0P6SQgBc,Role-playing_video_game
jGJ0P6SQgBc,Video_game_culture
jH09sKI_bQ0,Video_game_culture
jHiDUdMBoVc,Sports_game
jHiDUdMBoVc,Video_game_culture
jHxdGP6mbis,Action_game
jHxdGP6mbis,Video_game_culture
jJhfxDGDtVY,Action_game
jJhfxDGDtVY,Video_game_culture
jL2IHKEYlCM,Video_game_culture
jLvAFeoyAv0,Action_game
jLvAFeoyAv0,Strategy_video_game
jLvAFeoyAv0,Video_game_culture
jNVH-_mTEY0,Video_game_culture
jNWTFLe68Dg,Action_game
jNWTFLe68Dg,Strategy_video_game
jNWTFLe68Dg,Video_game_culture
jNjwO-RnMrM,Role-playing_video_game
jNjwO-RnMrM,Video_game_culture
jOMC7oN2w4c,Action-adventure_game
jOMC7oN2w4c,Video_game_culture
jOYicoYBP3s,Action-adventure_game
jOYicoYBP3s,Action_game
jOYicoYBP3s,Role-playing_video_game
jOYicoYBP3s,Video_game_culture
jOuKfF8hfQo,Action_game
jOuKfF8hfQo,Video_game_culture
jPrZ5XM7zmI,Role-playing_video_game
jPrZ5XM7zmI,Video_game_culture
jQOGqaViWwU,Video_game_culture
jQsQDV1hdLE,Sports_game
jQsQDV1hdLE,Video_game_culture
jRhoM4EVDsk,Action_game
jRhoM4EVDsk,Strategy_video_game
jRhoM4EVDsk,Video_game_culture
jRovVLxsIjU,Association_football
jRovVLxsIjU,Sport
u52XQ0LcEbc,Video_game_culture
u5bzQQ3XPCc,Action-adventure_game
u5bzQQ3XPCc,Action_game
u5bzQQ3XPCc,Role-playing_video_game
u5bzQQ3XPCc,Strategy_video_game
u5bzQQ3XPCc,Video_game_culture
u5o7P0FFLXc,Action_game
u5o7P0FFLXc,Strategy_video_game
u5o7P0FFLXc,Video_game_culture
u6zTX8qWywo,Sports_game
u6zTX8qWywo,Video_game_culture
u73dpYlQV0Y,Action-adventure_game
u73dpYlQV0Y,Action_game
u73dpYlQV0Y,Role-playing_video_game
u73dpYlQV0Y,Video_game_culture
u80BVDdMemo,Action_game
u80BVDdMemo,Video_game_culture
u8x9_lo9Vhc,Role-playing_video_game
u8x9_lo9Vhc,Video_game_culture
u9AWQFdYDFI,Action_game
u9AWQFdYDFI,Role-playing_video_game
u9AWQFdYDFI,Video_game_culture
uCQ82OY0_j4,Video_game_culture
uDJPnLTjUgU,Video_game_culture
uE6A1MueX6k,Role-playing_video_game
uE6A1MueX6k,Video_game_culture
uEeVp8Q9bR0,Action-adventure_game
uEeVp8Q9bR0,Video_game_culture
uF4CGRTLYB0,Action_game
uF4CGRTLYB0,Strategy_video_game
uF4CGRTLYB0,Video_game_culture
uGCxABN1cac,Video_game_culture
uHjcwUvCkkM,Video_game_culture
uIJ1jKBr_ic,Casual_game
uIJ1jKBr_ic,Video_game_culture
uJ5sy6kV5I0,Role-playing_video_game
uJ5sy6kV5I0,Video_game_culture
uK4zAp-yP70,Role-playing_video_game
uK4zAp-yP70,Video_game_culture
uL9HBkI0tIk,Action-adventure_game
uL9HBkI0tIk,Action_game
uL9HBkI0tIk,Video_game_culture
uLPNTRXjjDg,Action_game
uLPNTRXjjDg,Strategy_video_game
uLPNTRXjjDg,Video_game_culture
uLnTE5VLZ-U,Action_game
uLnTE5VLZ-U,Video_game_culture
uMm8vAI3iYw,Action-adventure_game
uMm8vAI3iYw,Action_game
uMm8vAI3iYw,Video_game_culture
uMu6LvwJG7k,Action-adventure_game
uMu6LvwJG7k,Video_game_culture
uNwU5_QC94A,Video_game_culture
ZaTgMQTiNds,Action_game
ZaTgMQTiNds,Strategy_video_game
ZaTgMQTiNds,Video_game_culture
ZaZAF4ouuZg,Action-adventure_game
ZaZAF4ouuZg,Action_game
ZaZAF4ouuZg,Video_game_culture
ZapXiMAmJFo,Action-adventure_game
ZapXiMAmJFo,Action_game
ZapXiMAmJFo,Video_game_culture
ZauO1Lf5MLk,Entertainment
ZavMO7xIuiU,Video_game_culture
Zb06kt_3nM4,Action_game
Zb06kt_3nM4,Video_game_culture
ZbDm6oOHfIQ,Sports_game
ZbDm6oOHfIQ,Video_game_culture
ZcHdWxJKyYs,Video_game_culture
ZcuJq0slG80,Sports_game
ZcuJq0slG80,Video_game_culture
ZdDyd-Nr_KI,Video_game_culture
ZdfPDu8gXr0,Sports_game
ZdfPDu8gXr0,Video_game_culture
Ze2WfmCskLE,Action_game
Ze2WfmCskLE,Video_game_culture
Zh5pL5I_Q3w,Role-playing_video_game
Zh5pL5I_Q3w,Video_game_culture
ZiVG6QvaRdQ,Role-playing_video_game
ZiVG6QvaRdQ,Video_game_culture
ZitD7xcdNDE,Casual_game
ZitD7xcdNDE,Role-playing_video_game
ZitD7xcdNDE,Video_game_culture
Zj4GTnD17R0,Action_game
Zj4GTnD17R0,Role-playing_video_game
Zj4GTnD17R0,Video_game_culture
Zj9EKNb2b58,Association_football
Zj9EKNb2b58,Sport
Zk5XC3VqJ8Q,Action-adventure_game
Zk5XC3VqJ8Q,Action_game
Zk5XC3VqJ8Q,Video_game_culture
ZkmfM8E0MNY,Action-adventure_game
ZkmfM8E0MNY,Action_game
ZkmfM8E0MNY,Role-playing_video_game
ZkmfM8E0MNY,Video_game_culture
ZmrTE2rRdsA,Action-adventure_game
ZmrTE2rRdsA,Action_game
ZmrTE2rRdsA,Role-playing_video_game
ZmrTE2rRdsA,Video_game_culture
Zn5rBXUqvVI,Action_game
Zn5rBXUqvVI,Role-playing_video_game
Zn5rBXUqvVI,Video_game_culture
Znn-a1loCTs,Video_game_culture
ZoIMilmrTDs,Entertainment
ZoIMilmrTDs,Religion
Zovi7JfqIvM,Video_game_culture
O7C239gbMeA,Sports_game
O7C239gbMeA,Video_game_culture
O8Xb0agffeU,Sports_game
O8Xb0agffeU,Video_game_culture
O8cj8dBPpeE,Action_game
O8cj8dBPpeE,Strategy_video_game
O8cj8dBPpeE,Video_game_culture
O8urvVBO0yk,Action-adventure_game
O8urvVBO0yk,Video_game_culture
O93z40wQGy8,Sports_game
O93z40wQGy8,Video_game_culture
O9ikH0KQ6SQ,Action_game
O9ikH0KQ6SQ,Video_game_culture
OA3AC5_kYs0,Action-adventure_game
OA3AC5_kYs0,Action_game
OA3AC5_kYs0,Video_game_culture
OA96Qzq_Zw8,Action-adventure_game
OA96Qzq_Zw8,Action_game
OA96Qzq_Zw8,Video_game_culture
OAILwG6ISuA,Sports_game
OAILwG6ISuA,Video_game_culture
OB9cYDY_m88,Action_game
OB9cYDY_m88,Video_game_culture
OBOIGWe2FR4,Association_football
OBOIGWe2FR4,Sport
OBg8cvIg6OI,Action_game
OBg8cvIg6OI,Video_game_culture
OBy0fi86A8g,Action-adventure_game
OBy0fi86A8g,Video_game_culture
OC97yJB8kZ8,Action_game
OC97yJB8kZ8,Video_game_culture
OE2_Ge19FPA,Action-adventure_game
OE2_Ge19FPA,Action_game
OE2_Ge19FPA,Video_game_culture
OHTIs62NRX8,Video_game_culture
OIcALfWqzos,Action_game
OIcALfWqzos,Video_game_culture
OJSiSgb8brw,Action_game
OJSiSgb8brw,Video_game_culture
OJbvPMcrdA8,Video_game_culture
OKJZyKvcFtU,Action_game
OKJZyKvcFtU,Role-playing_video_game
OKJZyKvcFtU,Video_game_culture
OKc83gbXuCU,Sports_game
OKc83gbXuCU,Video_game_culture
OM6WQmDrBNA,Action_game
OM6WQmDrBNA,Strategy_video_game
OM6WQmDrBNA,Video_game_culture
OMgoPDPrKtg,Video_game_culture
OP15CGv_WDU,Action_game
OP15CGv_WDU,Video_game_culture
OPSPHigpqz4,Action_game
OPSPHigpqz4,Video_game_culture
OQ8c5YeatJI,Video_game_culture
kP20HwD2hxY,Association_football
kP20HwD2hxY,Sport
kPy2QBfKE5Q,Action-adventure_game
kPy2QBfKE5Q,Video_game_culture
kQAHCs6HeM4,Video_game_culture
kQceSBdQhBI,Video_game_culture
kQdbcGkKlPg,Action_game
kQdbcGkKlPg,Video_game_culture
kQwNkspoGAw,Action_game
kQwNkspoGAw,Strategy_video_game
kQwNkspoGAw,Video_game_culture
kRR4g5GsmcY,Action-adventure_game
kRR4g5GsmcY,Action_game
kRR4g5GsmcY,Role-playing_video_game
kRR4g5GsmcY,Video_game_culture
kRjYajFPlFw,Sports_game
kRjYajFPlFw,Video_game_culture
kSJUakaBUCM,Action-adventure_game
kSJUakaBUCM,Action_game
kSJUakaBUCM,Video_game_culture
kSiIwzwGe1g,Action-adventure_game
kSiIwzwGe1g,Action_game
kSiIwzwGe1g,Role-playing_video_game
kSiIwzwGe1g,Video_game_culture
kW6uRbwp2Fo,Role-playing_video_game
kW6uRbwp2Fo,Video_game_culture
kWVQXMU-DOc,Association_football
kWVQXMU-DOc,Sport
kWyzPOTvXbk,Video_game_culture
kXttwJ9Tg8c,Action_game
kXttwJ9Tg8c,Strategy_video_game
kXttwJ9Tg8c,Video_game_culture
kYrrftD4cKg,Action_game
kYrrftD4cKg,Strategy_video_game
kYrrftD4cKg,Video_game_culture
kZs91z8GuYo,Strategy_video_game
kZs91z8GuYo,Video_game_culture
k_4ESkBXDeg,Association_football
k_4ESkBXDeg,Sport
k_rhnsX8MF8,Action_game
k_rhnsX8MF8,Strategy_video_game
k_rhnsX8MF8,Video_game_culture
kbiF9D-RGzE,Action-adventure_game
kbiF9D-RGzE,Action_game
kbiF9D-RGzE,Role-playing_video_game
kbiF9D-RGzE,Strategy_video_game
kbiF9D-RGzE,Video_game_culture
kcO8MWzixG4,Action-adventure_game
kcO8MWzixG4,Action_game
kcO8MWzixG4,Puzzle_video_game
kcO8MWzixG4,Role-playing_video_game
kcO8MWzixG4,Simulation_video_game
kcO8MWzixG4,Video_game_culture
kdA9RZZihIA,Action_game
kdA9RZZihIA,Role-playing_video_game
kdA9RZZihIA,Video_game_culture
i40D_P4rP_I,Action-adventure_game
i40D_P4rP_I,Role-playing_video_game
i40D_P4rP_I,Video_game_culture
i5SjjceRE-Q,Sport
i6ntGs45T1U,Action_game
i6ntGs45T1U,Role-playing_video_game
i6ntGs45T1U,Strategy_video_game
i6ntGs45T1U,Video_game_culture
iAJOxRx0Up8,Action_game
iAJOxRx0Up8,Role-playing_video_game
iAJOxRx0Up8,Video_game_culture
iAKNudlB5mA,Action_game
iAKNudlB5mA,Role-playing_video_game
iAKNudlB5mA,Video_game_culture
iEH0XNLAVoU,Action-adventure_game
iEH0XNLAVoU,Action_game
iEH0XNLAVoU,Role-playing_video_game
iEH0XNLAVoU,Video_game_culture
iFrFyKCLLXs,Role-playing_video_game
iFrFyKCLLXs,Strategy_video_game
iFrFyKCLLXs,Video_game_culture
iFyi25SqVS4,Action-adventure_game
iFyi25SqVS4,Action_game
iFyi25SqVS4,Role-playing_video_game
iFyi25SqVS4,Video_game_culture
iGBhbrzRImU,Action_game
iGBhbrzRImU,Role-playing_video_game
iGBhbrzRImU,Strategy_video_game
iGBhbrzRImU,Video_game_culture
iGPkjQqP3eE,Video_game_culture
iGRqh1CyWXw,Sports_game
iGRqh1CyWXw,Video_game_culture
iGtBJG2CTYI,Action_game
iGtBJG2CTYI,Video_game_culture
iHUOHoSXBrg,Video_game_culture
iIMpSesTfww,Action_game
iIMpSesTfww,Strategy_video_game
iIMpSesTfww,Video_game_culture
iIQCJq6kk08,Action-adventure_game
iIQCJq6kk08,Action_game
iIQCJq6kk08,Role-playing_video_game
iIQCJq6kk08,Video_game_culture
iJBCMU5__HQ,Action_game
iJBCMU5__HQ,Role-playing_video_game
iJBCMU5__HQ,Video_game_culture
iJitUPN9Zjg,Action_game
iJitUPN9Zjg,Video_game_culture
iK5MkFxSBtc,Video_game_culture
iKzVQ2J1-AQ,Action_game
iKzVQ2J1-AQ,Video_game_culture
iL46v8x1_Ro,Action_game
iL46v8x1_Ro,Video_game_culture
JW0UPmkTJIs,Video_game_culture
JWEESTBDJDY,Action-adventure_game
JWEESTBDJDY,Action_game
JWEESTBDJDY,Role-playing_video_game
JWEESTBDJDY,Video_game_culture
JWrkvINa6NE,Sports_game
JWrkvINa6NE,Video_game_culture
JX1hLR8vQ-g,Action_game
JX1hLR8vQ-g,Video_game_culture
JXOJT5gAmQw,Action_game
JXOJT5gAmQw,Video_game_culture
JXd247zor-w,Video_game_culture
JYTOO8KmCQc,Action_game
JYTOO8KmCQc,Role-playing_video_game
JYTOO8KmCQc,Video_game_culture
JZUkwpqZu7U,Action-adventure_game
JZUkwpqZu7U,Video_game_culture
JZidQkwvEXQ,Action_game
JZidQkwvEXQ,Role-playing_video_game
JZidQkwvEXQ,Strategy_video_game
JZidQkwvEXQ,Video_game_culture
JaYriDxUZrU,Video_game_culture
JbmCvGlV4os,Entertainment
JcJ8no6lso4,Action-adventure_game
JcJ8no6lso4,Action_game
JcJ8no6lso4,Video_game_culture
JdThU4hO8yw,Action_game
JdThU4hO8yw,Video_game_culture
Je1rodn5spc,Music
Je1rodn5spc,Music_of_Latin_America
Je1rodn5spc,Pop_music
JeZg_7fe6Ns,Sports_game
JeZg_7fe6Ns,Video_game_culture
JexGgsiaHBQ,Video_game_culture
JfTM_vLHUhY,Puzzle_video_game
JfTM_vLHUhY,Video_game_culture
Jfrekvrt0vI,Video_game_culture
Jg6pLABSnBc,Association_football
Jg6pLABSnBc,Fashion
Jg6pLABSnBc,Lifestyle_(sociology)
Jgq6YfqNjW0,Action_game
Jgq6YfqNjW0,Video_game_culture
JhOm--Um4Og,Action_game
JhOm--Um4Og,Strategy_video_game
JhOm--Um4Og,Video_game_culture
JhRFTbPX0tE,Action_game
JhRFTbPX0tE,Strategy_video_game
JhRFTbPX0tE,Video_game_culture
Jj7OU_RONuk,Video_game_culture
Jj_a67d5wME,Action_game
Jj_a67d5wME,Strategy_video_game
Jj_a67d5wME,Video_game_culture
Jjr_pMKtVjU,Action_game
Jjr_pMKtVjU,Strategy_video_game
Jjr_pMKtVjU,Video_game_culture
Jk4vno0Y2i8,Action_game
Jk4vno0Y2i8,Video_game_culture
JkU0iWI217c,Video_game_culture
JkxmG--QvvM,Action_game
JkxmG--QvvM,Video_game_culture
azlaSi7rqiU,Sports_game
azlaSi7rqiU,Video_game_culture
azofUvymt3Y,Role-playing_video_game
azofUvymt3Y,Video_game_culture
b24kmoaa_W4,Action-adventure_game
b24kmoaa_W4,Role-playing_video_game
b24kmoaa_W4,Video_game_culture
b2bFo00ZkFU,Video_game_culture
b3TRMG71rNc,Role-playing_video_game
b3TRMG71rNc,Video_game_culture
b3tyO2ipU4o,Action_game
b3tyO2ipU4o,Video_game_culture
b4uZ_RCL_XM,Sports_game
b4uZ_RCL_XM,Video_game_culture
b6FfFO7-eyU,Video_game_culture
b8mjPaT0UZY,Action-adventure_game
b8mjPaT0UZY,Role-playing_video_game
b8mjPaT0UZY,Video_game_culture
b8nYmintIrE,Action-adventure_game
b8nYmintIrE,Video_game_culture
b9W3prFq8zU,Sports_game
b9W3prFq8zU,Video_game_culture
bAVN159GKn0,Association_football
bAVN159GKn0,Sport
bAaRIhhSmlA,Action_game
bAaRIhhSmlA,Video_game_culture
bB5tKzbQ6Os,Video_game_culture
bFGqwCjAdeg,Entertainment
bGHUW197NRI,Role-playing_video_game
bGHUW197NRI,Video_game_culture
bHLQsC7s3kg,Action-adventure_game
bHLQsC7s3kg,Action_game
bHLQsC7s3kg,Video_game_culture
bI6NuMxfKR0,Action-adventure_game
bI6NuMxfKR0,Action_game
bI6NuMxfKR0,Video_game_culture
bIRbEv16vvs,Action-adventure_game
bIRbEv16vvs,Action_game
bIRbEv16vvs,Role-playing_video_game
bIRbEv16vvs,Video_game_culture
RQ5zb_EBc9A,Action-adventure_game
RQ5zb_EBc9A,Action_game
RQ5zb_EBc9A,Video_game_culture
RQLbltW35Oc,Action-adventure_game
RQLbltW35Oc,Action_game
RQLbltW35Oc,Video_game_culture
RQjJIJ6jkSg,Music_video_game
RQjJIJ6jkSg,Video_game_culture
RRtfDH9vrwc,Action_game
RRtfDH9vrwc,Strategy_video_game
RRtfDH9vrwc,Video_game_culture
RS5p8h2bTfU,Action-adventure_game
RS5p8h2bTfU,Action_game
RS5p8h2bTfU,Video_game_culture
RS9Bxy5Ufok,Action_game
RS9Bxy5Ufok,Video_game_culture
RSCPIXj_lo0,Pet
RSCPIXj_lo0,Sport
RT1lhNN3Xa4,Action-adventure_game
RT1lhNN3Xa4,Action_game
RT1lhNN3Xa4,Video_game_culture
RUj78GYo2-E,Action-adventure_game
RUj78GYo2-E,Action_game
RUj78GYo2-E,Puzzle_video_game
RUj78GYo2-E,Role-playing_video_game
RUj78GYo2-E,Video_game_culture
RUpNSnX1QwY,Video_game_culture
RVvGvn_BIw8,Action-adventure_game
RVvGvn_BIw8,Action_game
RVvGvn_BIw8,Role-playing_video_game
RVvGvn_BIw8,Video_game_culture
RWAAOgWJuBA,Action-adventure_game
RWAAOgWJuBA,Action_game
RWAAOgWJuBA,Role-playing_video_game
RWAAOgWJuBA,Video_game_culture
RZG1opV3pn4,Action-adventure_game
RZG1opV3pn4,Video_game_culture
R_vHIcByfOI,Video_game_culture
RaCti4MGNxk,Lifestyle_(sociology)
Rc2MXGB26E8,Action_game
Rc2MXGB26E8,Video_game_culture
Rc9VB19co9s,Action_game
Rc9VB19co9s,Role-playing_video_game
Rc9VB19co9s,Video_game_culture
RdRLLdYs0NM,Action-adventure_game
RdRLLdYs0NM,Action_game
RdRLLdYs0NM,Role-playing_video_game
RdRLLdYs0NM,Video_game_culture
ReFBq4PIaMc,Video_game_culture
ReWiw3LViW8,Action-adventure_game
ReWiw3LViW8,Action_game
ReWiw3LViW8,Video_game_culture
Rek6KzbN2Ao,Action-adventure_game
Rek6KzbN2Ao,Action_game
Rek6KzbN2Ao,Video_game_culture
RfWrt7z4ElA,Action-adventure_game
RfWrt7z4ElA,Casual_game
RfWrt7z4ElA,Video_game_culture
RgIqt5FxlpI,Action_game
RgIqt5FxlpI,Role-playing_video_game
RgIqt5FxlpI,Video_game_culture
RgZqLdjVqAM,Video_game_culture
Rh8rK1AeB_A,Video_game_culture
Rhk_XyMBenI,Strategy_video_game
Rhk_XyMBenI,Video_game_culture
RiH-pgK_8vs,Action-adventure_game
RiH-pgK_8vs,Action_game
RiH-pgK_8vs,Role-playing_video_game
RiH-pgK_8vs,Simulation_video_game
RiH-pgK_8vs,Strategy_video_game
RiH-pgK_8vs,Video_game_culture
HZ8vQr8XLJc,Sports_game
HZ8vQr8XLJc,Video_game_culture
HZDof68tei4,Action-adventure_game
HZDof68tei4,Casual_game
HZDof68tei4,Video_game_culture
HZHgk0qrFOg,Video_game_culture
HZcI8l_3JnU,Video_game_culture
H_6B960Nk_s,Action_game
H_6B960Nk_s,Strategy_video_game
H_6B960Nk_s,Video_game_culture
H_RPAiu0VL0,Video_game_culture
H_l_x2cqIi8,Action_game
H_l_x2cqIi8,Video_game_culture
Ha9FBIWX-Io,Sports_game
Ha9FBIWX-Io,Video_game_culture
HbFFyR_oSvQ,Action_game
HbFFyR_oSvQ,Strategy_video_game
HbFFyR_oSvQ,Video_game_culture
HbN4MCXet94,Association_football
HbN4MCXet94,Sport
HbsDIVbiNMw,Association_football
HbsDIVbiNMw,Sport
Hcj7BxFAjl0,Action-adventure_game
Hcj7BxFAjl0,Action_game
Hcj7BxFAjl0,Role-playing_video_game
Hcj7BxFAjl0,Video_game_culture
HclShSh7JJw,Action_game
HclShSh7JJw,Video_game_culture
Hcy64NltCD0,Action-adventure_game
Hcy64NltCD0,Action_game
Hcy64NltCD0,Role-playing_video_game
Hcy64NltCD0,Video_game_culture
HdH4LRQASCk,Action-adventure_game
HdH4LRQASCk,Casual_game
HdH4LRQASCk,Simulation_video_game
HdH4LRQASCk,Video_game_culture
HedD8sm7DvA,Action-adventure_game
HedD8sm7DvA,Action_game
HedD8sm7DvA,Video_game_culture
HegOAnlhU-Q,Action_game
HegOAnlhU-Q,Role-playing_video_game
HegOAnlhU-Q,Video_game_culture
HfJ4DUla38w,Role-playing_video_game
HfJ4DUla38w,Video_game_culture
HgnbD6iFPb0,Sports_game
HgnbD6iFPb0,Video_game_culture
HgrlnpT9nXE,Action_game
HgrlnpT9nXE,Video_game_culture
Hh2RLueDh18,Action_game
Hh2RLueDh18,Video_game_culture
Hh5spTujzuc,Action_game
Hh5spTujzuc,Video_game_culture
HhX3biIcezU,Action_game
HhX3biIcezU,Video_game_culture
HhmhjYpcNUQ,Role-playing_video_game
HhmhjYpcNUQ,Video_game_culture
HjKBFdWiols,Action-adventure_game
HjKBFdWiols,Simulation_video_game
HjKBFdWiols,Video_game_culture
HjY9qzopVHQ,Video_game_culture
HkW-1xH8hiY,Action_game
HkW-1xH8hiY,Video_game_culture
HkeB8nfIp1o,Action-adventure_game
HkeB8nfIp1o,Action_game
HkeB8nfIp1o,Role-playing_video_game
HkeB8nfIp1o,Video_game_culture
Hl6g-ypAMXs,Action_game
Hl6g-ypAMXs,Role-playing_video_game
Hl6g-ypAMXs,Strategy_video_game
Hl6g-ypAMXs,Video_game_culture
HmEPNMTsG8k,Sports_game
HmEPNMTsG8k,Video_game_culture
HmgcirZ_p6k,Action_game
HmgcirZ_p6k,Role-playing_video_game
HmgcirZ_p6k,Video_game_culture
HnHtj3fuQYU,Action_game
HnHtj3fuQYU,Video_game_culture
t0JR_bRZq-E,Action-adventure_game
t0JR_bRZq-E,Role-playing_video_game
t0JR_bRZq-E,Strategy_video_game
t0JR_bRZq-E,Video_game_culture
t0kBrEA4QFk,Action_game
t0kBrEA4QFk,Role-playing_video_game
t0kBrEA4QFk,Strategy_video_game
t0kBrEA4QFk,Video_game_culture
t0vN7CnwDc0,Action_game
t0vN7CnwDc0,Video_game_culture
t1KbERv9xM0,Action-adventure_game
t1KbERv9xM0,Action_game
t1KbERv9xM0,Video_game_culture
t4-p2udLcaE,Association_football
t4-p2udLcaE,Sport
t4FjrIio9so,Action_game
t4FjrIio9so,Role-playing_video_game
t4FjrIio9so,Strategy_video_game
t4FjrIio9so,Video_game_culture
t4FvJfhmRN4,Action_game
t4FvJfhmRN4,Role-playing_video_game
t4FvJfhmRN4,Strategy_video_game
t4FvJfhmRN4,Video_game_culture
t4XiFG5IRQE,Action-adventure_game
t4XiFG5IRQE,Action_game
t4XiFG5IRQE,Role-playing_video_game
t4XiFG5IRQE,Video_game_culture
t4nMLYz2k5k,Action_game
t4nMLYz2k5k,Video_game_culture
t5naV9F3ZnE,Action_game
t5naV9F3ZnE,Video_game_culture
t6ahTb7x6EI,Role-playing_video_game
t6ahTb7x6EI,Strategy_video_game
t6ahTb7x6EI,Video_game_culture
t79hbEaYiEs,Action_game
t79hbEaYiEs,Video_game_culture
t7kZIV7d30g,Action_game
t7kZIV7d30g,Role-playing_video_game
t7kZIV7d30g,Video_game_culture
t7sbaOsrcgA,Action_game
t7sbaOsrcgA,Video_game_culture
t7un8_if9Io,Action-adventure_game
t7un8_if9Io,Video_game_culture
t819RSS-tGI,Video_game_culture
t9AC8x7wpZg,Action-adventure_game
t9AC8x7wpZg,Action_game
t9AC8x7wpZg,Role-playing_video_game
t9AC8x7wpZg,Video_game_culture
t9ArwaKd_LI,Role-playing_video_game
t9ArwaKd_LI,Video_game_culture
t9SXVwybOVo,Role-playing_video_game
t9SXVwybOVo,Strategy_video_game
t9SXVwybOVo,Video_game_culture
tATYOEiNA-4,Action_game
tATYOEiNA-4,Sports_game
tATYOEiNA-4,Video_game_culture
tFIVaU-7cvA,Video_game_culture
tFTslX5_yWQ,Video_game_culture
tGeufvQ1Dnw,Action_game
tGeufvQ1Dnw,Video_game_culture
tGiU33uKrQ0,Action_game
tGiU33uKrQ0,Role-playing_video_game
tGiU33uKrQ0,Strategy_video_game
tGiU33uKrQ0,Video_game_culture
tGkSTsiPlnI,Action_game
tGkSTsiPlnI,Video_game_culture
tGkTqv5uAfs,Technology
tGkTqv5uAfs,Video_game_culture
tGpPFfmr6ns,Action-adventure_game
tGpPFfmr6ns,Action_game
tGpPFfmr6ns,Role-playing_video_game
tGpPFfmr6ns,Strategy_video_game
tGpPFfmr6ns,Video_game_culture
5E3o5wIPcBw,Action_game
5E3o5wIPcBw,Video_game_culture
5FkS1Aa0wjg,Action_game
5FkS1Aa0wjg,Video_game_culture
5G91Kld2b5c,Action_game
5G91Kld2b5c,Role-playing_video_game
5G91Kld2b5c,Video_game_culture
5GWwOqgA2AA,Video_game_culture
5JiyYaDwu7s,Video_game_culture
5KDLaYI7BAE,Video_game_culture
5K_Nn0Y_YFQ,Video_game_culture
5L1JMCGbLbI,Lifestyle_(sociology)
5L1gQehu7Qg,Action_game
5L1gQehu7Qg,Strategy_video_game
5L1gQehu7Qg,Video_game_culture
5M0RTdGQEUU,Action_game
5M0RTdGQEUU,Video_game_culture
5Mj_cDRVk1c,Action-adventure_game
5Mj_cDRVk1c,Action_game
5Mj_cDRVk1c,Role-playing_video_game
5Mj_cDRVk1c,Strategy_video_game
5Mj_cDRVk1c,Video_game_culture
5N-z0R0tocs,Action_game
5N-z0R0tocs,Strategy_video_game
5N-z0R0tocs,Video_game_culture
5N5RtIOZSII,Action_game
5N5RtIOZSII,Video_game_culture
5NCCQBV3iis,Action_game
5NCCQBV3iis,Video_game_culture
5NgLzTaEyCQ,Video_game_culture
5OYTAe9rMsM,Action_game
5OYTAe9rMsM,Role-playing_video_game
5OYTAe9rMsM,Video_game_culture
5OyaQOGUtiI,Association_football
5OyaQOGUtiI,Sport
5OyaQOGUtiI,Sports_game
5PrKw5b5sbo,Action_game
5PrKw5b5sbo,Role-playing_video_game
5PrKw5b5sbo,Video_game_culture
5QInbXt0-L8,Action-adventure_game
5QInbXt0-L8,Action_game
5QInbXt0-L8,Role-playing_video_game
5QInbXt0-L8,Video_game_culture
5Qjlxwgm7vM,Sports_game
5Qjlxwgm7vM,Video_game_culture
5S9pjfvK6y0,Action_game
5S9pjfvK6y0,Video_game_culture
5SA_WJ0jVaU,Sports_game
5SA_WJ0jVaU,Video_game_culture
5SR4qq9ZDMU,Technology
5SR4qq9ZDMU,Video_game_culture
5Sbv7z3fR1w,Action_game
5Sbv7z3fR1w,Role-playing_video_game
5Sbv7z3fR1w,Video_game_culture
5Sfrg-fAkSg,Video_game_culture
goA8_ZDa4Bk,Action_game
goA8_ZDa4Bk,Strategy_video_game
goA8_ZDa4Bk,Video_game_culture
goBmCJ7EPck,Strategy_video_game
goBmCJ7EPck,Video_game_culture
gqb3mcTy0bc,Action-adventure_game
gqb3mcTy0bc,Action_game
gqb3mcTy0bc,Role-playing_video_game
gqb3mcTy0bc,Video_game_culture
grc14vbXGAU,Action_game
grc14vbXGAU,Video_game_culture
gsSfXE2jbGQ,Video_game_culture
gsZQd3y4scY,Action_game
gsZQd3y4scY,Video_game_culture
gtE0AXiVeMU,Action_game
gtE0AXiVeMU,Video_game_culture
gtlGVsKKLXM,Action_game
gtlGVsKKLXM,Video_game_culture
gudvHwaFbn8,Role-playing_video_game
gudvHwaFbn8,Video_game_culture
gwVZ6lUS0Lo,Action-adventure_game
gwVZ6lUS0Lo,Action_game
gwVZ6lUS0Lo,Role-playing_video_game
gwVZ6lUS0Lo,Video_game_culture
gwwMSTn8KvA,Action_game
gwwMSTn8KvA,Role-playing_video_game
gwwMSTn8KvA,Video_game_culture
gx8YrWNJ5Tw,Action_game
gx8YrWNJ5Tw,Video_game_culture
gxW30vZC3zg,Action_game
gxW30vZC3zg,Strategy_video_game
gxW30vZC3zg,Video_game_culture
gxa_NFsBUsU,Casual_game
gxa_NFsBUsU,Music_video_game
gxa_NFsBUsU,Video_game_culture
gztjgIpX8kQ,Entertainment
gztjgIpX8kQ,Film
h0U4rtoo5ys,Action_game
h0U4rtoo5ys,Video_game_culture
h1ccTaW9o6o,Sports_game
h1ccTaW9o6o,Video_game_culture
h2t0dEZuNvQ,Action_game
h2t0dEZuNvQ,Role-playing_video_game
h2t0dEZuNvQ,Video_game_culture
h4nlTiKZEmY,Casual_game
h4nlTiKZEmY,Video_game_culture
h5QOdZIgL-I,Action_game
h5QOdZIgL-I,Video_game_culture
h5jJ9R-JZOM,Action-adventure_game
h5jJ9R-JZOM,Role-playing_video_game
h5jJ9R-JZOM,Video_game_culture
h6RbY0SqUT8,Action-adventure_game
h6RbY0SqUT8,Action_game
h6RbY0SqUT8,Video_game_culture
h70QExW5Znw,Video_game_culture
h7R7TSpcWJ4,Role-playing_video_game
h7R7TSpcWJ4,Video_game_culture
h7hn0-1iewM,Sports_game
h7hn0-1iewM,Video_game_culture
KU31jn1E2Ws,Action_game
KU31jn1E2Ws,Strategy_video_game
KU31jn1E2Ws,Video_game_culture
KUYneyuT45Q,Action_game
KUYneyuT45Q,Strategy_video_game
KUYneyuT45Q,Video_game_culture
KV1ArTWlEFU,Action-adventure_game
KV1ArTWlEFU,Action_game
KV1ArTWlEFU,Role-playing_video_game
KV1ArTWlEFU,Strategy_video_game
KV1ArTWlEFU,Video_game_culture
KVHUIx-QGag,Video_game_culture
KVc9fEBjHaU,Action_game
KVc9fEBjHaU,Video_game_culture
KVvAWwy04jE,Strategy_video_game
KVvAWwy04jE,Video_game_culture
KXCSf0VIWu8,Action-adventure_game
KXCSf0VIWu8,Action_game
KXCSf0VIWu8,Video_game_culture
KXJWi-8-DHw,Action_game
KXJWi-8-DHw,Video_game_culture
KXe3qupIfKM,Action_game
KXe3qupIfKM,Role-playing_video_game
KXe3qupIfKM,Strategy_video_game
KXe3qupIfKM,Video_game_culture
KYrrAy3qQxw,Action_game
KYrrAy3qQxw,Sports_game
KYrrAy3qQxw,Strategy_video_game
KYrrAy3qQxw,Video_game_culture
KbCFRVLw2nU,Action-adventure_game
KbCFRVLw2nU,Action_game
KbCFRVLw2nU,Video_game_culture
KbJQYQye9MQ,Action_game
KbJQYQye9MQ,Role-playing_video_game
KbJQYQye9MQ,Strategy_video_game
KbJQYQye9MQ,Video_game_culture
KbvswdNfvMs,Video_game_culture
KdJ1nQpR964,Action_game
KdJ1nQpR964,Video_game_culture
KdKGIeiF7uQ,Role-playing_video_game
KdKGIeiF7uQ,Video_game_culture
KdXaINcltlk,Strategy_video_game
KdXaINcltlk,Video_game_culture
KeQo9d_yA7c,Action-adventure_game
KeQo9d_yA7c,Casual_game
KeQo9d_yA7c,Role-playing_video_game
KeQo9d_yA7c,Video_game_culture
KeS2npocbsQ,Action_game
KeS2npocbsQ,Video_game_culture
KeeTRP0dzFs,Role-playing_video_game
KeeTRP0dzFs,Video_game_culture
KeqkdEkciCo,Action_game
KeqkdEkciCo,Video_game_culture
Kf6fr5HvDNU,Action_game
Kf6fr5HvDNU,Role-playing_video_game
Kf6fr5HvDNU,Video_game_culture
KgH_WMu1EoU,Action-adventure_game
KgH_WMu1EoU,Video_game_culture
Kgcn1N3d00o,Strategy_video_game
Kgcn1N3d00o,Video_game_culture
Kh2KMgOuX5k,Lifestyle_(sociology)
KicAnINl138,Action-adventure_game
KicAnINl138,Action_game
KicAnINl138,Role-playing_video_game
KicAnINl138,Strategy_video_game
KicAnINl138,Video_game_culture
QKES2PygJ9M,Sports_game
QKES2PygJ9M,Video_game_culture
QKKvuA62d14,Action-adventure_game
QKKvuA62d14,Action_game
QKKvuA62d14,Role-playing_video_game
QKKvuA62d14,Strategy_video_game
QKKvuA62d14,Video_game_culture
QKU-TN8M0gY,Action-adventure_game
QKU-TN8M0gY,Casual_game
QKU-TN8M0gY,Simulation_video_game
QKU-TN8M0gY,Video_game_culture
QL7Awj8UhXI,Action_game
QL7Awj8UhXI,Video_game_culture
QLAXNkmJRws,Video_game_culture
QLDlc4LkCVE,Action-adventure_game
QLDlc4LkCVE,Role-playing_video_game
QLDlc4LkCVE,Video_game_culture
QMS2H8acn3U,Action-adventure_game
QMS2H8acn3U,Action_game
QMS2H8acn3U,Video_game_culture
QMyBOBL-uqc,Action_game
QMyBOBL-uqc,Video_game_culture
QOOWBR3jGdg,Action_game
QOOWBR3jGdg,Role-playing_video_game
QOOWBR3jGdg,Video_game_culture
QOaZqA5Ya-Q,Video_game_culture
QPzQYhjp_FY,Role-playing_video_game
QPzQYhjp_FY,Strategy_video_game
QPzQYhjp_FY,Video_game_culture
QQVj5K2bN04,Action_game
QQVj5K2bN04,Video_game_culture
QRycTl-X5pE,Action_game
QRycTl-X5pE,Role-playing_video_game
QRycTl-X5pE,Video_game_culture
QSf5qMyO1qs,Action-adventure_game
QSf5qMyO1qs,Action_game
QSf5qMyO1qs,Role-playing_video_game
QSf5qMyO1qs,Video_game_culture
QT18ZIfOfgE,Action_game
QT18ZIfOfgE,Role-playing_video_game
QT18ZIfOfgE,Strategy_video_game
QT18ZIfOfgE,Video_game_culture
QT28aRGDaQE,Action-adventure_game
QT28aRGDaQE,Action_game
QT28aRGDaQE,Role-playing_video_game
QT28aRGDaQE,Video_game_culture
QTbUECw2ktc,Action-adventure_game
QTbUECw2ktc,Action_game
QTbUECw2ktc,Role-playing_video_game
QTbUECw2ktc,Video_game_culture
QTsGWc8Lrxk,Strategy_video_game
QTsGWc8Lrxk,Video_game_culture
QUZCSFtULtM,Video_game_culture
QV7K1Vgzjr0,Action_game
QV7K1Vgzjr0,Strategy_video_game
QV7K1Vgzjr0,Video_game_culture
QVIQ-dWqs8k,Action_game
QVIQ-dWqs8k,Role-playing_video_game
QVIQ-dWqs8k,Video_game_culture
QVJjeOdGyp4,Association_football
QVJjeOdGyp4,Sport
QVfqKfpA5iw,Action_game
QVfqKfpA5iw,Role-playing_video_game
QVfqKfpA5iw,Strategy_video_game
QVfqKfpA5iw,Video_game_culture
QYKcaFn-n7I,Video_game_culture
QZ0Uzs5qJjg,Action_game
QZ0Uzs5qJjg,Video_game_culture
QZ6D8Y_fC34,Sports_game
QZ6D8Y_fC34,Video_game_culture
Q_YEfoim1nU,Video_game_culture
Q_sUaQjnBU0,Action_game
Q_sUaQjnBU0,Strategy_video_game
Q_sUaQjnBU0,Video_game_culture
Q_y7lV7j0mo,Strategy_video_game
Q_y7lV7j0mo,Video_game_culture
Qam0mW4IkrQ,Action_game
Qam0mW4IkrQ,Video_game_culture
QbWC8GrpnZs,Action_game
QbWC8GrpnZs,Video_game_culture
QbrwN5s4A70,Sport
c6lSxiBstGU,Action-adventure_game
c6lSxiBstGU,Action_game
c6lSxiBstGU,Video_game_culture
c8FdzQxkbU0,Action_game
c8FdzQxkbU0,Video_game_culture
c8iT-W_iI44,Sports_game
c8iT-W_iI44,Video_game_culture
c8ycwzsvzJQ,Pet
c9T2My5v8FU,Strategy_video_game
c9T2My5v8FU,Video_game_culture
cA6qp1fWgw4,Action-adventure_game
cA6qp1fWgw4,Action_game
cA6qp1fWgw4,Video_game_culture
cA7zNKJTbRc,Sports_game
cA7zNKJTbRc,Video_game_culture
cA8RSwyMGqE,Action-adventure_game
cA8RSwyMGqE,Action_game
cA8RSwyMGqE,Role-playing_video_game
cA8RSwyMGqE,Video_game_culture
cAxT2nPWyoM,Role-playing_video_game
cAxT2nPWyoM,Video_game_culture
cCXG31ChF9s,Sports_game
cCXG31ChF9s,Video_game_culture
cDsV_SM37WM,Role-playing_video_game
cDsV_SM37WM,Video_game_culture
cEcXf2jLcEY,Sports_game
cEcXf2jLcEY,Video_game_culture
cFcGJF-mZS0,Association_football
cFcGJF-mZS0,Sport
cI7Rcr18SzE,Role-playing_video_game
cI7Rcr18SzE,Video_game_culture
cIcpRmJdVDU,Role-playing_video_game
cIcpRmJdVDU,Video_game_culture
cK8fbAlAS8E,Role-playing_video_game
cK8fbAlAS8E,Strategy_video_game
cK8fbAlAS8E,Video_game_culture
cLmbNDRmgss,Action_game
cLmbNDRmgss,Video_game_culture
yqOaF4scnhY,Action-adventure_game
yqOaF4scnhY,Action_game
yqOaF4scnhY,Role-playing_video_game
yqOaF4scnhY,Video_game_culture
yr98UhryUdY,Sports_game
yr98UhryUdY,Video_game_culture
ywlAc0-rLNo,Sports_game
ywlAc0-rLNo,Video_game_culture
ywqx9e0ksgk,Sports_game
ywqx9e0ksgk,Video_game_culture
ywwfx1vGQ_A,Action_game
ywwfx1vGQ_A,Video_game_culture
yx6MmDahYvc,Action-adventure_game
yx6MmDahYvc,Action_game
yx6MmDahYvc,Video_game_culture
yxalwE0B4Uo,Action_game
yxalwE0B4Uo,Strategy_video_game
yxalwE0B4Uo,Video_game_culture
yyEB4otd_l0,Role-playing_video_game
yyEB4otd_l0,Video_game_culture
yyNcHEDDlr4,Action_game
yyNcHEDDlr4,Video_game_culture
yyOYCDJfHWY,Entertainment
yz68UnTJ0Bc,Sports_game
yz68UnTJ0Bc,Video_game_culture
yzEuDwd60dw,Action_game
yzEuDwd60dw,Role-playing_video_game
yzEuDwd60dw,Strategy_video_game
yzEuDwd60dw,Video_game_culture
yzuXpSxI9hQ,Action-adventure_game
yzuXpSxI9hQ,Action_game
yzuXpSxI9hQ,Role-playing_video_game
yzuXpSxI9hQ,Video_game_culture
yzv36LQscGE,Action-adventure_game
yzv36LQscGE,Action_game
yzv36LQscGE,Role-playing_video_game
yzv36LQscGE,Video_game_culture
z0kIphyqXic,Action-adventure_game
z0kIphyqXic,Action_game
z0kIphyqXic,Video_game_culture
z0sfdrnRmKg,Sports_game
z0sfdrnRmKg,Video_game_culture
z0wElvXrW4k,Sports_game
z0wElvXrW4k,Strategy_video_game
z0wElvXrW4k,Video_game_culture
z1FB2PYPpx8,Action_game
z1FB2PYPpx8,Video_game_culture
z1zUA16Qjms,Role-playing_video_game
z1zUA16Qjms,Video_game_culture
wwS9smDOL_A,Video_game_culture
wyabb5Yes8Q,Role-playing_video_game
wyabb5Yes8Q,Video_game_culture
wydt2vr-mrI,Video_game_culture
wylwebQUh1w,Action-adventure_game
wylwebQUh1w,Action_game
wylwebQUh1w,Casual_game
wylwebQUh1w,Puzzle_video_game
wylwebQUh1w,Video_game_culture
wzWgFCXjBS8,Video_game_culture
x-EAKXXq1jU,Action-adventure_game
x-EAKXXq1jU,Action_game
x-EAKXXq1jU,Video_game_culture
x-EJXJxEatw,Sports_game
x-EJXJxEatw,Video_game_culture
x-jD-c0cp_o,Action_game
x-jD-c0cp_o,Role-playing_video_game
x-jD-c0cp_o,Strategy_video_game
x-jD-c0cp_o,Video_game_culture
x-nrfJbpKuY,Action_game
x-nrfJbpKuY,Role-playing_video_game
x-nrfJbpKuY,Video_game_culture
x0R-Z2FGq9U,Role-playing_video_game
x0R-Z2FGq9U,Strategy_video_game
x0R-Z2FGq9U,Video_game_culture
x0patDSCUxE,Video_game_culture
x1vLtlg7Clk,Video_game_culture
x2Fb09Cbm7A,Entertainment
x2Fb09Cbm7A,Performing_arts
x2Fb09Cbm7A,Pop_music
x2sC_OF93bE,Action_game
x2sC_OF93bE,Video_game_culture
x3MmtTCnayM,Action_game
x3MmtTCnayM,Strategy_video_game
x3MmtTCnayM,Video_game_culture
x4j1VHlRVmY,Sports_game
x4j1VHlRVmY,Video_game_culture
x5fosNlz0nw,Association_football
x5fosNlz0nw,Sport
x6PD8WKcLjQ,Action_game
x6PD8WKcLjQ,Strategy_video_game
x6PD8WKcLjQ,Video_game_culture
x6YucQ0Da60,Action_game
x6YucQ0Da60,Role-playing_video_game
x6YucQ0Da60,Video_game_culture
x8SoyASZX4g,Role-playing_video_game
x8SoyASZX4g,Video_game_culture
x8iIrjIhquA,Action_game
x8iIrjIhquA,Strategy_video_game
x8iIrjIhquA,Video_game_culture
x9pME8ZkEtA,Video_game_culture
oB2mK8eJli4,Association_football
oB2mK8eJli4,Sport
oB5bgAFYvWU,Action_game
oB5bgAFYvWU,Role-playing_video_game
oB5bgAFYvWU,Strategy_video_game
oB5bgAFYvWU,Video_game_culture
oCtrWaUKRmM,Association_football
oCtrWaUKRmM,Sport
oEJFgVeIPhY,Lifestyle_(sociology)
oEy_8eqTS2A,Action_game
oEy_8eqTS2A,Video_game_culture
oF2Xl7WL1UY,Action-adventure_game
oF2Xl7WL1UY,Action_game
oF2Xl7WL1UY,Role-playing_video_game
oF2Xl7WL1UY,Video_game_culture
oFnBpGoZf_g,Action-adventure_game
oFnBpGoZf_g,Action_game
oFnBpGoZf_g,Role-playing_video_game
oFnBpGoZf_g,Strategy_video_game
oFnBpGoZf_g,Video_game_culture
oG8kVYN16Hk,Sports_game
oG8kVYN16Hk,Video_game_culture
oGH8FuRdfCE,Role-playing_video_game
oGH8FuRdfCE,Video_game_culture
oGW7M01spHo,Action_game
oGW7M01spHo,Video_game_culture
oHed3JG25B4,Role-playing_video_game
oHed3JG25B4,Video_game_culture
oHuE0ckDvyI,Role-playing_video_game
oHuE0ckDvyI,Video_game_culture
oIWvIfkczxg,Action_game
oIWvIfkczxg,Video_game_culture
oIYKvPjSptE,Action_game
oIYKvPjSptE,Video_game_culture
oKC02l2xSxo,Video_game_culture
oKfp-SjcZnY,Action_game
oKfp-SjcZnY,Role-playing_video_game
oKfp-SjcZnY,Video_game_culture
oLPaRu5NxdA,Action_game
oLPaRu5NxdA,Role-playing_video_game
oLPaRu5NxdA,Strategy_video_game
oLPaRu5NxdA,Video_game_culture
oLRfxTbaD_c,Action_game
oLRfxTbaD_c,Strategy_video_game
oLRfxTbaD_c,Video_game_culture
oLeiq7kyHr8,Action-adventure_game
oLeiq7kyHr8,Action_game
oLeiq7kyHr8,Role-playing_video_game
oLeiq7kyHr8,Video_game_culture
oM5QRAQbT5s,Action-adventure_game
oM5QRAQbT5s,Action_game
oM5QRAQbT5s,Video_game_culture
oN6m4fHSNGY,Action_game
oN6m4fHSNGY,Video_game_culture
oOR4V6Ps8No,Sports_game
oOR4V6Ps8No,Video_game_culture
oPwkiaT7bOo,Sports_game
oPwkiaT7bOo,Video_game_culture
oQCWeR5QTQg,Casual_game
oQCWeR5QTQg,Video_game_culture
e6SD102ta7c,Action-adventure_game
e6SD102ta7c,Action_game
e6SD102ta7c,Video_game_culture
e6a6lppWZkQ,Association_football
e6a6lppWZkQ,Sport
e6a6lppWZkQ,Sports_game
e6pBBC-Feq4,Action-adventure_game
e6pBBC-Feq4,Role-playing_video_game
e6pBBC-Feq4,Video_game_culture
e6ycMBhFtQ0,Sports_game
e6ycMBhFtQ0,Video_game_culture
e7vC2gk854Q,Action-adventure_game
e7vC2gk854Q,Action_game
e7vC2gk854Q,Video_game_culture
e8MX1Bm6e-8,Action-adventure_game
e8MX1Bm6e-8,Video_game_culture
e8Qb3nNaJeE,Action_game
e8Qb3nNaJeE,Role-playing_video_game
e8Qb3nNaJeE,Strategy_video_game
e8Qb3nNaJeE,Video_game_culture
e8fmiYU9lQI,Action-adventure_game
e8fmiYU9lQI,Action_game
e8fmiYU9lQI,Video_game_culture
e9WC7gHWHmk,Role-playing_video_game
e9WC7gHWHmk,Strategy_video_game
e9WC7gHWHmk,Video_game_culture
eAAu0M7TK-A,Role-playing_video_game
eAAu0M7TK-A,Simulation_video_game
eAAu0M7TK-A,Strategy_video_game
eAAu0M7TK-A,Video_game_culture
eAB4bTKrPSk,Action-adventure_game
eAB4bTKrPSk,Action_game
eAB4bTKrPSk,Video_game_culture
eAYRc1ogoC4,Sports_game
eAYRc1ogoC4,Video_game_culture
eArD0CedMi0,Sports_game
eArD0CedMi0,Video_game_culture
eDEawuPAEAY,Action_game
eDEawuPAEAY,Video_game_culture
eDcTEVVO5-4,Strategy_video_game
eDcTEVVO5-4,Video_game_culture
eDk-sw3xfGs,Action_game
eDk-sw3xfGs,Video_game_culture
eEaha9bY-rk,Action_game
eEaha9bY-rk,Strategy_video_game
eEaha9bY-rk,Video_game_culture
eEmDEuVPb7s,Action_game
eEmDEuVPb7s,Role-playing_video_game
eEmDEuVPb7s,Video_game_culture
eGpmOXlhrXs,Action-adventure_game
eGpmOXlhrXs,Action_game
eGpmOXlhrXs,Puzzle_video_game
eGpmOXlhrXs,Role-playing_video_game
eGpmOXlhrXs,Strategy_video_game
eGpmOXlhrXs,Video_game_culture
eH08I30Xx7Q,Action_game
eH08I30Xx7Q,Video_game_culture
eH7ssP80BgA,Video_game_culture
eHt6_ZsSS54,Action_game
eHt6_ZsSS54,Role-playing_video_game
eHt6_ZsSS54,Video_game_culture
eINbQcTFrOg,Action_game
eINbQcTFrOg,Role-playing_video_game
eINbQcTFrOg,Strategy_video_game
eINbQcTFrOg,Video_game_culture
eJmCF_Ow4Y0,Action-adventure_game
eJmCF_Ow4Y0,Action_game
eJmCF_Ow4Y0,Video_game_culture
eJwAWgCwJoI,Action-adventure_game
eJwAWgCwJoI,Action_game
eJwAWgCwJoI,Video_game_culture
eKrbq-CMf_E,Sports_game
eKrbq-CMf_E,Video_game_culture
DVA9x2fZElw,Role-playing_video_game
DVA9x2fZElw,Video_game_culture
DV_N80QxPDY,Association_football
DV_N80QxPDY,Sport
DVtkhE2DIjM,Action-adventure_game
DVtkhE2DIjM,Action_game
DVtkhE2DIjM,Video_game_culture
DW06EWEbfY8,Action-adventure_game
DW06EWEbfY8,Action_game
DW06EWEbfY8,Video_game_culture
DWWBZra0g78,Action-adventure_game
DWWBZra0g78,Puzzle_video_game
DWWBZra0g78,Role-playing_video_game
DWWBZra0g78,Video_game_culture
DXanCMja_Mw,Action-adventure_game
DXanCMja_Mw,Action_game
DXanCMja_Mw,Video_game_culture
DXfw-xWo35I,Sports_game
DXfw-xWo35I,Video_game_culture
DYKwF280S0E,Action_game
DYKwF280S0E,Role-playing_video_game
DYKwF280S0E,Strategy_video_game
DYKwF280S0E,Video_game_culture
DYPkYTJuknw,Strategy_video_game
DYPkYTJuknw,Video_game_culture
DYbwrTpTEXA,Action_game
DYbwrTpTEXA,Video_game_culture
DYsZuaTjl7Q,Action-adventure_game
DYsZuaTjl7Q,Action_game
DYsZuaTjl7Q,Video_game_culture
DZhhzTc_J7k,Video_game_culture
DZznr4sd2L8,Action_game
DZznr4sd2L8,Role-playing_video_game
DZznr4sd2L8,Video_game_culture
D_Pymprj3yw,Video_game_culture
D_cNyoKp2ew,Role-playing_video_game
D_cNyoKp2ew,Video_game_culture
D_j5RYtpglE,Video_game_culture
D_u9TNZgPgI,Action_game
D_u9TNZgPgI,Video_game_culture
Da_-FFzk2jM,Action-adventure_game
Da_-FFzk2jM,Video_game_culture
DagntR0Iq04,Role-playing_video_game
DagntR0Iq04,Video_game_culture
DbXDs8Cixqg,Action-adventure_game
DbXDs8Cixqg,Action_game
DbXDs8Cixqg,Video_game_culture
DbkF-wqSWtc,Action_game
DbkF-wqSWtc,Strategy_video_game
DbkF-wqSWtc,Video_game_culture
Dc8ebuquk7g,Action_game
Dc8ebuquk7g,Video_game_culture
Dd13XtzleAA,Action_game
Dd13XtzleAA,Video_game_culture
DeqmlpQxxLk,Video_game_culture
DfwR3rN38Ho,Association_football
DfwR3rN38Ho,Sport
DgHvfs8a_GE,Action-adventure_game
DgHvfs8a_GE,Action_game
DgHvfs8a_GE,Role-playing_video_game
DgHvfs8a_GE,Video_game_culture
Dhj7OHw89SM,Action-adventure_game
Dhj7OHw89SM,Action_game
Dhj7OHw89SM,Video_game_culture
DiOumEPsaZw,Action_game
DiOumEPsaZw,Strategy_video_game
DiOumEPsaZw,Video_game_culture
DidyStSs5XI,Action_game
DidyStSs5XI,Music_video_game
DidyStSs5XI,Video_game_culture
-WA1M-5gIC4,Action-adventure_game
-WA1M-5gIC4,Action_game
-WA1M-5gIC4,Video_game_culture
-XcEwUCm-PM,Action_game
-XcEwUCm-PM,Strategy_video_game
-XcEwUCm-PM,Video_game_culture
-Y1e69Tjkpg,Association_football
-Y1e69Tjkpg,Sport
-_FfS4bIpWo,Entertainment
-_MZvZVuULk,Simulation_video_game
-_MZvZVuULk,Video_game_culture
-_UrYHcvJyM,Casual_game
-_UrYHcvJyM,Video_game_culture
-_XbfJ-qaE8,Action_game
-_XbfJ-qaE8,Video_game_culture
-_vPjwQdcWY,Action-adventure_game
-_vPjwQdcWY,Action_game
-_vPjwQdcWY,Role-playing_video_game
-_vPjwQdcWY,Video_game_culture
-a8Z2DIhFQ8,Action_game
-a8Z2DIhFQ8,Role-playing_video_game
-a8Z2DIhFQ8,Video_game_culture
-aUm9gaEvqg,Action-adventure_game
-aUm9gaEvqg,Action_game
-aUm9gaEvqg,Video_game_culture
-bUXBjDoXNI,Action-adventure_game
-bUXBjDoXNI,Action_game
-bUXBjDoXNI,Video_game_culture
-c-7QFcmtI4,Casual_game
-c-7QFcmtI4,Role-playing_video_game
-c-7QFcmtI4,Video_game_culture
-cRfYVN74uE,Video_game_culture
-dftPsxEOPo,Action_game
-dftPsxEOPo,Video_game_culture
-dlg0Oh2Uqk,Action-adventure_game
-dlg0Oh2Uqk,Role-playing_video_game
-dlg0Oh2Uqk,Video_game_culture
-f3SVo4OYQc,Action-adventure_game
-f3SVo4OYQc,Action_game
-f3SVo4OYQc,Video_game_culture
-f925bc0Rmw,Action-adventure_game
-f925bc0Rmw,Action_game
-f925bc0Rmw,Video_game_culture
-gQWQIUsoGc,Action_game
-gQWQIUsoGc,Role-playing_video_game
-gQWQIUsoGc,Video_game_culture
-iCt9A_kqls,Action-adventure_game
-iCt9A_kqls,Action_game
-iCt9A_kqls,Video_game_culture
-ibbjHFgxd8,Action-adventure_game
-ibbjHFgxd8,Action_game
-ibbjHFgxd8,Video_game_culture
-ir-tRySAik,Food
-ir-tRySAik,Lifestyle_(sociology)
-kBmdeGwD70,Action-adventure_game
-kBmdeGwD70,Action_game
-kBmdeGwD70,Role-playing_video_game
-kBmdeGwD70,Video_game_culture
-kSpuOwZoss,Action_game
-kSpuOwZoss,Role-playing_video_game
-kSpuOwZoss,Strategy_video_game
-kSpuOwZoss,Video_game_culture
FaTFH8PveEU,Video_game_culture
FbwzjtG-blc,Video_game_culture
Fc3-Z1DO6c8,Action-adventure_game
Fc3-Z1DO6c8,Action_game
Fc3-Z1DO6c8,Puzzle_video_game
Fc3-Z1DO6c8,Role-playing_video_game
Fc3-Z1DO6c8,Video_game_culture
FdON7dg6zz4,Action-adventure_game
FdON7dg6zz4,Action_game
FdON7dg6zz4,Role-playing_video_game
FdON7dg6zz4,Video_game_culture
FeogJ1VleLU,Sports_game
FeogJ1VleLU,Video_game_culture
Ff0qh-LQ1zI,Sports_game
Ff0qh-LQ1zI,Video_game_culture
Ff7-4SWWYCM,Role-playing_video_game
Ff7-4SWWYCM,Video_game_culture
Ffcza_eqviY,Sports_game
Ffcza_eqviY,Video_game_culture
FfpGkQ5iJwI,Action_game
FfpGkQ5iJwI,Role-playing_video_game
FfpGkQ5iJwI,Video_game_culture
FfzfH1khAcc,Sports_game
FfzfH1khAcc,Video_game_culture
FgxUrf1McgQ,Video_game_culture
FhBrFyo_4s0,Video_game_culture
FhKR_m5P4Uw,Action-adventure_game
FhKR_m5P4Uw,Video_game_culture
FhbWmfwuvrc,Video_game_culture
FhcVzJnsCT4,Association_football
FhcVzJnsCT4,Sport
FhebubZ9oOc,Action-adventure_game
FhebubZ9oOc,Action_game
FhebubZ9oOc,Video_game_culture
FiZ2rN2KwQQ,Sports_game
FiZ2rN2KwQQ,Video_game_culture
FjolEriaxE0,Action-adventure_game
FjolEriaxE0,Action_game
FjolEriaxE0,Video_game_culture
FlW-5axifKE,Role-playing_video_game
FlW-5axifKE,Video_game_culture
Fm3DlFR02pk,Action_game
Fm3DlFR02pk,Video_game_culture
FmTxTvfrLZo,Action_game
FmTxTvfrLZo,Sports_game
FmTxTvfrLZo,Video_game_culture
Fn6OHfWpdeo,Role-playing_video_game
Fn6OHfWpdeo,Strategy_video_game
Fn6OHfWpdeo,Video_game_culture
FngO_j6AlkU,Action_game
FngO_j6AlkU,Role-playing_video_game
FngO_j6AlkU,Video_game_culture
FnpVVXK806s,Sports_game
FnpVVXK806s,Video_game_culture
FpivOTYPlDQ,Role-playing_video_game
FpivOTYPlDQ,Video_game_culture
ry1gyHxWeeg,Action_game
ry1gyHxWeeg,Video_game_culture
s-CVFCRvdmQ,Action_game
s-CVFCRvdmQ,Video_game_culture
s-gNc7MmOWU,Action_game
s-gNc7MmOWU,Role-playing_video_game
s-gNc7MmOWU,Strategy_video_game
s-gNc7MmOWU,Video_game_culture
s0TDbk2dAlA,Action_game
s0TDbk2dAlA,Role-playing_video_game
s0TDbk2dAlA,Strategy_video_game
s0TDbk2dAlA,Video_game_culture
s13c3VxRTOo,Action_game
s13c3VxRTOo,Strategy_video_game
s13c3VxRTOo,Video_game_culture
s1QzPrSY_nQ,Sports_game
s1QzPrSY_nQ,Video_game_culture
s1w63ghNyBY,Sports_game
s1w63ghNyBY,Video_game_culture
s2wkzdMgJXA,Sports_game
s2wkzdMgJXA,Video_game_culture
s4tkmF5C-QY,Action_game
s4tkmF5C-QY,Role-playing_video_game
s4tkmF5C-QY,Video_game_culture
s5mbvXLmcko,Sports_game
s5mbvXLmcko,Video_game_culture
s5wsE3rMaZs,Action_game
s5wsE3rMaZs,Strategy_video_game
s5wsE3rMaZs,Video_game_culture
s7KY5DbP6HY,Video_game_culture
s7M3nfI6RVA,Video_game_culture
s7QuZFxrM64,Lifestyle_(sociology)
s7sY0hpGkZ4,Role-playing_video_game
s7sY0hpGkZ4,Video_game_culture
s7u4Ohcmnm8,Casual_game
s7u4Ohcmnm8,Video_game_culture
s8Jm0mPU9-c,Role-playing_video_game
s8Jm0mPU9-c,Strategy_video_game
s8Jm0mPU9-c,Video_game_culture
s9HJ0av0dxw,Action_game
s9HJ0av0dxw,Video_game_culture
sAiYk5NggmQ,Video_game_culture
sBImKM10buc,Role-playing_video_game
sBImKM10buc,Video_game_culture
sBUdNAb0ZdU,Action_game
sBUdNAb0ZdU,Video_game_culture
sBy9lKDnXZA,Action-adventure_game
sBy9lKDnXZA,Action_game
sBy9lKDnXZA,Role-playing_video_game
sBy9lKDnXZA,Video_game_culture
f3pPIWncXPE,Action_game
f3pPIWncXPE,Video_game_culture
f454ZBV381U,Action-adventure_game
f454ZBV381U,Action_game
f454ZBV381U,Video_game_culture
f4QEzzcR1eY,Action-adventure_game
f4QEzzcR1eY,Action_game
f4QEzzcR1eY,Role-playing_video_game
f4QEzzcR1eY,Video_game_culture
f4bv2ATflwo,Action_game
f4bv2ATflwo,Role-playing_video_game
f4bv2ATflwo,Strategy_video_game
f4bv2ATflwo,Video_game_culture
f58S1RK0o9U,Sports_game
f58S1RK0o9U,Video_game_culture
f5F0U251BxA,Role-playing_video_game
f5F0U251BxA,Video_game_culture
f650gNISQIA,Action-adventure_game
f650gNISQIA,Action_game
f650gNISQIA,Video_game_culture
f6Sy4_MojGg,Hobby
f6Sy4_MojGg,Lifestyle_(sociology)
f6jgEBjFG9M,Action-adventure_game
f6jgEBjFG9M,Action_game
f6jgEBjFG9M,Role-playing_video_game
f6jgEBjFG9M,Video_game_culture
f8YERFfe6pI,Action_game
f8YERFfe6pI,Role-playing_video_game
f8YERFfe6pI,Video_game_culture
fAix0Xd9Nhc,Action_game
fAix0Xd9Nhc,Role-playing_video_game
fAix0Xd9Nhc,Video_game_culture
fC5v8fb4Gj0,Action-adventure_game
fC5v8fb4Gj0,Video_game_culture
fCDE2KCKlaM,Video_game_culture
fCzuNIG6W_A,Action-adventure_game
fCzuNIG6W_A,Role-playing_video_game
fCzuNIG6W_A,Video_game_culture
fDhwlLN_uHg,Video_game_culture
fDpr32d_JAg,Association_football
fDpr32d_JAg,Sport
fGXqGKrSFAM,Pet
fGnlyXAV9X4,Video_game_culture
d7e7n9WEGG4,Action_game
d7e7n9WEGG4,Role-playing_video_game
d7e7n9WEGG4,Video_game_culture
d7rRAQPWz6Y,Sports_game
d7rRAQPWz6Y,Video_game_culture
d9gsyfDVm5Q,Action_game
d9gsyfDVm5Q,Video_game_culture
dB3lXYhBS90,Action-adventure_game
dB3lXYhBS90,Action_game
dB3lXYhBS90,Role-playing_video_game
dB3lXYhBS90,Strategy_video_game
dB3lXYhBS90,Video_game_culture
dBPj-zysn6s,Video_game_culture
dBnccXG4pW0,Role-playing_video_game
dBnccXG4pW0,Video_game_culture
dD6DaJXcJH0,Sports_game
dD6DaJXcJH0,Video_game_culture
dDezNTtk49c,Strategy_video_game
dDezNTtk49c,Video_game_culture
dE1OCn1j0Ss,Action-adventure_game
dE1OCn1j0Ss,Action_game
dE1OCn1j0Ss,Video_game_culture
dE6WU7mGZkg,Video_game_culture
dEcTI3o2KKI,Action_game
dEcTI3o2KKI,Role-playing_video_game
dEcTI3o2KKI,Video_game_culture
dFQx_KLn_vE,Action_game
dFQx_KLn_vE,Strategy_video_game
dFQx_KLn_vE,Video_game_culture
dGC-r7FiEtw,Role-playing_video_game
dGC-r7FiEtw,Video_game_culture
dHpNjPP9JlA,Strategy_video_game
dHpNjPP9JlA,Video_game_culture
dIGcCfFwMRw,Association_football
dIGcCfFwMRw,Sport
dINO3PAzTMs,Video_game_culture
dI_gwL78TfE,Action_game
dI_gwL78TfE,Strategy_video_game
dI_gwL78TfE,Video_game_culture
dJ7LPU64O0c,Action_game
dJ7LPU64O0c,Strategy_video_game
dJ7LPU64O0c,Video_game_culture
dKQqgqu15S4,Video_game_culture
dL9bC8kOiTE,Video_game_culture
3KAzktEQs_I,Action-adventure_game
3KAzktEQs_I,Role-playing_video_game
3KAzktEQs_I,Strategy_video_game
3KAzktEQs_I,Video_game_culture
3Kj9Dnj52xc,Sports_game
3Kj9Dnj52xc,Video_game_culture
3Kz3K3fPIi0,Sports_game
3Kz3K3fPIi0,Video_game_culture
3Lh2d-agQzo,Video_game_culture
3LrNmNWyAn0,Association_football
3LrNmNWyAn0,Sport
3LrNmNWyAn0,Sports_game
3MIK9Fb-v80,Sports_game
3MIK9Fb-v80,Video_game_culture
3NPamrKyzL0,Action_game
3NPamrKyzL0,Video_game_culture
3NeYbptSzVE,Action-adventure_game
3NeYbptSzVE,Action_game
3NeYbptSzVE,Video_game_culture
3PG0SQ8qLTE,Action-adventure_game
3PG0SQ8qLTE,Action_game
3PG0SQ8qLTE,Video_game_culture
3PhahvSf8QU,Racing_video_game
3PhahvSf8QU,Video_game_culture
3Pn_ZI_ITOg,Role-playing_video_game
3Pn_ZI_ITOg,Strategy_video_game
3Pn_ZI_ITOg,Video_game_culture
3QAkf3M0uyU,Action-adventure_game
3QAkf3M0uyU,Role-playing_video_game
3QAkf3M0uyU,Video_game_culture
3QG8koWObHk,Casual_game
3QG8koWObHk,Video_game_culture
3QOB-w94ln4,Sports_game
3QOB-w94ln4,Video_game_culture
3R0tAnRoN7k,Role-playing_video_game
3R0tAnRoN7k,Video_game_culture
3RPSfRP_V7g,Action_game
3RPSfRP_V7g,Strategy_video_game
3RPSfRP_V7g,Video_game_culture
3ScS3YK5GjU,Video_game_culture
3TD3MKpBWbg,Video_game_culture
3Ubzl6actUo,Action_game
3Ubzl6actUo,Video_game_culture
3V9CBuzk6eU,Video_game_culture
3VHHVfE0Aec,Action_game
3VHHVfE0Aec,Video_game_culture
3Vhs6r4_3Yo,Action_game
3Vhs6r4_3Yo,Role-playing_video_game
3Vhs6r4_3Yo,Video_game_culture
3Vi5eSIlCW0,Food
3Vi5eSIlCW0,Lifestyle_(sociology)
ST1IoKa-3vs,Puzzle_video_game
ST1IoKa-3vs,Strategy_video_game
ST1IoKa-3vs,Video_game_culture
SW5cD6uTQcA,Action_game
SW5cD6uTQcA,Role-playing_video_game
SW5cD6uTQcA,Video_game_culture
SXKnXGIQfUo,Action_game
SXKnXGIQfUo,Video_game_culture
SXiDpQ8ZwaE,Sports_game
SXiDpQ8ZwaE,Video_game_culture
SY9xrKm22jc,Role-playing_video_game
SY9xrKm22jc,Strategy_video_game
SY9xrKm22jc,Video_game_culture
SYE8Cc4gd5U,Role-playing_video_game
SYE8Cc4gd5U,Video_game_culture
SYXmyYb_K6k,Video_game_culture
SZ6BqcXxWBw,Action_game
SZ6BqcXxWBw,Video_game_culture
S_MRt2Axd-g,Association_football
S_MRt2Axd-g,Sport
S_MRt2Axd-g,Sports_game
S_jjHhvASro,Role-playing_video_game
S_jjHhvASro,Strategy_video_game
S_jjHhvASro,Video_game_culture
SaBbQrIm2Dk,Action-adventure_game
SaBbQrIm2Dk,Action_game
SaBbQrIm2Dk,Role-playing_video_game
SaBbQrIm2Dk,Strategy_video_game
SaBbQrIm2Dk,Video_game_culture
SbifX-lMnvs,Action-adventure_game
SbifX-lMnvs,Video_game_culture
Sdg4l3VqtxI,Action-adventure_game
Sdg4l3VqtxI,Action_game
Sdg4l3VqtxI,Role-playing_video_game
Sdg4l3VqtxI,Video_game_culture
SeI0cTpRDFA,Action-adventure_game
SeI0cTpRDFA,Action_game
SeI0cTpRDFA,Role-playing_video_game
SeI0cTpRDFA,Video_game_culture
Sf09lxdDKh4,Action_game
Sf09lxdDKh4,Role-playing_video_game
Sf09lxdDKh4,Strategy_video_game
Sf09lxdDKh4,Video_game_culture
SfPrwuAUbz4,Action_game
SfPrwuAUbz4,Video_game_culture
Sfi5RRlUdGQ,Video_game_culture
SgK2Rx0R-sE,Video_game_culture
ShyNhwj7h78,Video_game_culture
SipJ38aL6hs,Action-adventure_game
SipJ38aL6hs,Action_game
SipJ38aL6hs,Video_game_culture
SjQI2z-9YzE,Video_game_culture
Sk_V6Ph7UUg,Action_game
Sk_V6Ph7UUg,Video_game_culture
lShoFczRz28,Action-adventure_game
lShoFczRz28,Action_game
lShoFczRz28,Video_game_culture
lSlqF3Yq7Jo,Action_game
lSlqF3Yq7Jo,Strategy_video_game
lSlqF3Yq7Jo,Video_game_culture
lUazOvQN4S0,Action-adventure_game
lUazOvQN4S0,Action_game
lUazOvQN4S0,Role-playing_video_game
lUazOvQN4S0,Strategy_video_game
lUazOvQN4S0,Video_game_culture
lUqSX7n7R3U,Video_game_culture
lVKs1Y8nGoA,Puzzle_video_game
lVKs1Y8nGoA,Video_game_culture
lWU5XUgNmas,Sports_game
lWU5XUgNmas,Video_game_culture
lXQlgRHprzY,Action_game
lXQlgRHprzY,Video_game_culture
lYPcqBBDRuQ,Video_game_culture
lYR5S7ViooY,Action_game
lYR5S7ViooY,Video_game_culture
lZUOcMx7ykw,Action-adventure_game
lZUOcMx7ykw,Action_game
lZUOcMx7ykw,Puzzle_video_game
lZUOcMx7ykw,Racing_video_game
lZUOcMx7ykw,Simulation_video_game
lZUOcMx7ykw,Video_game_culture
l_5Grj9qW1o,Video_game_culture
l_PUxs0WZTU,Action-adventure_game
l_PUxs0WZTU,Action_game
l_PUxs0WZTU,Video_game_culture
l_bIEkIIz60,Sports_game
l_bIEkIIz60,Video_game_culture
lbYfYh5qLfU,Action_game
lbYfYh5qLfU,Strategy_video_game
lbYfYh5qLfU,Video_game_culture
lb_8teON8eI,Action-adventure_game
lb_8teON8eI,Action_game
lb_8teON8eI,Video_game_culture
ld0O1hQHjPs,Sports_game
ld0O1hQHjPs,Video_game_culture
le7Y7L9I_co,Sports_game
le7Y7L9I_co,Video_game_culture
leFBHRVfLR8,Action-adventure_game
leFBHRVfLR8,Action_game
leFBHRVfLR8,Video_game_culture
legPQ_CLyi8,Action_game
legPQ_CLyi8,Role-playing_video_game
legPQ_CLyi8,Video_game_culture
lev7jysIYBk,Action_game
lev7jysIYBk,Strategy_video_game
lev7jysIYBk,Video_game_culture
lezn4L6aIWI,Video_game_culture
lfKIUcTE-ds,Action_game
lfKIUcTE-ds,Video_game_culture
lfjXGDaFacw,Action_game
lfjXGDaFacw,Video_game_culture
lfpPXGuKzvI,Action_game
lfpPXGuKzvI,Strategy_video_game
lfpPXGuKzvI,Video_game_culture
lgEPgkhBG-c,Action_game
lgEPgkhBG-c,Video_game_culture
lgTr32_NO1w,Action-adventure_game
lgTr32_NO1w,Action_game
lgTr32_NO1w,Video_game_culture
lgVhDgMZKmA,Action-adventure_game
lgVhDgMZKmA,Action_game
lgVhDgMZKmA,Video_game_culture
lgjK1jZzYFU,Action_game
lgjK1jZzYFU,Role-playing_video_game
lgjK1jZzYFU,Video_game_culture
2P7ZHmY_BFM,Video_game_culture
2Pjcw7fltRI,Food
2Pjcw7fltRI,Lifestyle_(sociology)
2QJF5DmaFP8,Sports_game
2QJF5DmaFP8,Video_game_culture
2QWj24dGXcQ,Action-adventure_game
2QWj24dGXcQ,Action_game
2QWj24dGXcQ,Role-playing_video_game
2QWj24dGXcQ,Strategy_video_game
2QWj24dGXcQ,Video_game_culture
2Rsq9AoMzew,Sports_game
2Rsq9AoMzew,Video_game_culture
2SGAJJDHH-g,Action-adventure_game
2SGAJJDHH-g,Role-playing_video_game
2SGAJJDHH-g,Video_game_culture
2Sh0RYgzoX0,Action_game
2Sh0RYgzoX0,Video_game_culture
2T6LsIwRXbM,Role-playing_video_game
2T6LsIwRXbM,Video_game_culture
2Tn282Uul9c,Sports_game
2Tn282Uul9c,Video_game_culture
2TtrDKqNUDM,Casual_game
2TtrDKqNUDM,Video_game_culture
2UIM7qhVlKc,Action_game
2UIM7qhVlKc,Strategy_video_game
2UIM7qhVlKc,Video_game_culture
2V86yI0lJuE,Action_game
2V86yI0lJuE,Video_game_culture
2VJR5RXJHDI,Action_game
2VJR5RXJHDI,Strategy_video_game
2VJR5RXJHDI,Video_game_culture
2VsoGz4WQ0A,Action-adventure_game
2VsoGz4WQ0A,Action_game
2VsoGz4WQ0A,Video_game_culture
2WR79T3XXjo,Action_game
2WR79T3XXjo,Video_game_culture
2Wfd0Oy1asI,Lifestyle_(sociology)
2XcWW5aIF5Q,Video_game_culture
2YI2lh7UoIg,Action_game
2YI2lh7UoIg,Video_game_culture
2YgmN-Bb-K0,Action-adventure_game
2YgmN-Bb-K0,Action_game
2YgmN-Bb-K0,Video_game_culture
2Z_rdALLChM,Action_game
2Z_rdALLChM,Video_game_culture
2_VxsnIR6fo,Action_game
2_VxsnIR6fo,Video_game_culture
2bijg8xUB14,Association_football
2bijg8xUB14,Sport
p5C2A_6l_V0,Role-playing_video_game
p5C2A_6l_V0,Video_game_culture
p5yBSCiasiQ,Video_game_culture
p6HHzWBr1n4,Action_game
p6HHzWBr1n4,Video_game_culture
p6Q_zG8Q5r0,Sports_game
p6Q_zG8Q5r0,Video_game_culture
p85okWcPR3g,Action_game
p85okWcPR3g,Video_game_culture
p8OLAQe9s4Q,Action-adventure_game
p8OLAQe9s4Q,Action_game
p8OLAQe9s4Q,Role-playing_video_game
p8OLAQe9s4Q,Simulation_video_game
p8OLAQe9s4Q,Strategy_video_game
p8OLAQe9s4Q,Video_game_culture
p9rUG8S8lKU,Action-adventure_game
p9rUG8S8lKU,Action_game
p9rUG8S8lKU,Role-playing_video_game
p9rUG8S8lKU,Strategy_video_game
p9rUG8S8lKU,Video_game_culture
pA3TRqUB-JM,Video_game_culture
pAnVy8rFspQ,Action_game
pAnVy8rFspQ,Role-playing_video_game
pAnVy8rFspQ,Strategy_video_game
pAnVy8rFspQ,Video_game_culture
pBrAhcezrKA,Action-adventure_game
pBrAhcezrKA,Role-playing_video_game
pBrAhcezrKA,Video_game_culture
pBsXhwlppMo,Action_game
pBsXhwlppMo,Video_game_culture
pCYGOi_tSwA,Video_game_culture
pDj7hskKEvQ,Video_game_culture
pEORbXwHhxo,Action_game
pEORbXwHhxo,Video_game_culture
pFn0iW3PY1U,Action_game
pFn0iW3PY1U,Role-playing_video_game
pFn0iW3PY1U,Strategy_video_game
pFn0iW3PY1U,Video_game_culture
pFuIk2IA7tc,Action_game
pFuIk2IA7tc,Video_game_culture
pG_m0vwGPdc,Action_game
pG_m0vwGPdc,Video_game_culture
pGwOS2sHcOQ,Action-adventure_game
pGwOS2sHcOQ,Video_game_culture
pHX67Brg3Dw,Action_game
pHX67Brg3Dw,Video_game_culture
pHgDup6HoaM,Action-adventure_game
pHgDup6HoaM,Action_game
pHgDup6HoaM,Role-playing_video_game
pHgDup6HoaM,Video_game_culture
pHuGftcuTTg,Action_game
pHuGftcuTTg,Role-playing_video_game
pHuGftcuTTg,Video_game_culture
pHxRUr_1IH0,Role-playing_video_game
pHxRUr_1IH0,Video_game_culture
pIYXQ6b6kfY,Action_game
pIYXQ6b6kfY,Video_game_culture
q4AR_7Vf0w8,Action_game
q4AR_7Vf0w8,Video_game_culture
q4nuLnNNv9E,Action_game
q4nuLnNNv9E,Video_game_culture
q53CnTS5Rzo,Action_game
q53CnTS5Rzo,Role-playing_video_game
q53CnTS5Rzo,Strategy_video_game
q53CnTS5Rzo,Video_game_culture
q5NCnV6kflU,Action_game
q5NCnV6kflU,Strategy_video_game
q5NCnV6kflU,Video_game_culture
q5dLn610MwU,Lifestyle_(sociology)
q5pNe-5LzJs,Action-adventure_game
q5pNe-5LzJs,Action_game
q5pNe-5LzJs,Role-playing_video_game
q5pNe-5LzJs,Video_game_culture
q98f1strBls,Action_game
q98f1strBls,Video_game_culture
q9k3e4YjQuQ,Action_game
q9k3e4YjQuQ,Role-playing_video_game
q9k3e4YjQuQ,Video_game_culture
qAXEK0Qo5og,Video_game_culture
qDruBTnnG1s,Action_game
qDruBTnnG1s,Video_game_culture
qDw9XH62B5o,Role-playing_video_game
qDw9XH62B5o,Video_game_culture
qEEg_HiZBss,Role-playing_video_game
qEEg_HiZBss,Video_game_culture
qEf8Y3BDSLc,Video_game_culture
qEmeSf8O3qc,Action_game
qEmeSf8O3qc,Video_game_culture
qEy3cfMy-hs,Action_game
qEy3cfMy-hs,Strategy_video_game
qEy3cfMy-hs,Video_game_culture
qF4P9Zoas3s,Action_game
qF4P9Zoas3s,Video_game_culture
qFy8pBwEdxE,Action-adventure_game
qFy8pBwEdxE,Action_game
qFy8pBwEdxE,Role-playing_video_game
qFy8pBwEdxE,Strategy_video_game
qFy8pBwEdxE,Video_game_culture
qGORV0jOXy0,Action_game
qGORV0jOXy0,Strategy_video_game
qGORV0jOXy0,Video_game_culture
qGn9mUHR0so,Action-adventure_game
qGn9mUHR0so,Action_game
qGn9mUHR0so,Video_game_culture
qHpZge_f9qM,Action_game
qHpZge_f9qM,Video_game_culture
qHqAFBA4VQM,Action-adventure_game
qHqAFBA4VQM,Action_game
qHqAFBA4VQM,Video_game_culture
0PReHwml9dI,Sports_game
0PReHwml9dI,Video_game_culture
0Q2Rlnt_aD0,Action_game
0Q2Rlnt_aD0,Video_game_culture
0RFJ3fDDeBg,Action_game
0RFJ3fDDeBg,Video_game_culture
0RtXxPu9eIg,Action_game
0RtXxPu9eIg,Role-playing_video_game
0RtXxPu9eIg,Video_game_culture
0S28Py4l4Kc,Entertainment
0S7Z6GqYQCM,Action_game
0S7Z6GqYQCM,Role-playing_video_game
0S7Z6GqYQCM,Strategy_video_game
0S7Z6GqYQCM,Video_game_culture
0SJm7Uvyts0,Strategy_video_game
0SJm7Uvyts0,Video_game_culture
0SJm7Uvyts0,Action_game
0SJm7Uvyts0,Role-playing_video_game
0TeWhiQSYNY,Video_game_culture
0U1_jDzEly8,Society
0U6od_ryVrs,Association_football
0U6od_ryVrs,Sport
0VOex3GkHU8,Action_game
0VOex3GkHU8,Strategy_video_game
0VOex3GkHU8,Video_game_culture
0VcQmiB0IXE,Action_game
0VcQmiB0IXE,Role-playing_video_game
0VcQmiB0IXE,Video_game_culture
0XvvSvHh_68,Action_game
0XvvSvHh_68,Video_game_culture
0_DpbKQt4BY,Action-adventure_game
0_DpbKQt4BY,Action_game
0_DpbKQt4BY,Role-playing_video_game
0_DpbKQt4BY,Video_game_culture
0atxFny_rHI,Video_game_culture
0b6khBdVvdM,Action_game
0b6khBdVvdM,Strategy_video_game
0b6khBdVvdM,Video_game_culture
0bJJF9E3y6c,Action-adventure_game
0bJJF9E3y6c,Action_game
0bJJF9E3y6c,Role-playing_video_game
0bJJF9E3y6c,Video_game_culture
xs6P1Wd7lYM,Sports_game
xs6P1Wd7lYM,Video_game_culture
xtHWzczBVRo,Sports_game
xtHWzczBVRo,Video_game_culture
xtkFWBcfS3o,Video_game_culture
xu4J-U5HV6g,Action_game
xu4J-U5HV6g,Role-playing_video_game
xu4J-U5HV6g,Strategy_video_game
xu4J-U5HV6g,Video_game_culture
xurqptSJ3M4,Action_game
xurqptSJ3M4,Video_game_culture
xuzjN_f0pN0,Action-adventure_game
xuzjN_f0pN0,Action_game
xuzjN_f0pN0,Video_game_culture
xw9HSwj3Kio,Action_game
xw9HSwj3Kio,Video_game_culture
xwUlixhv2Ns,Role-playing_video_game
xwUlixhv2Ns,Strategy_video_game
xwUlixhv2Ns,Video_game_culture
xwaqegx5GRk,Action-adventure_game
xwaqegx5GRk,Action_game
xwaqegx5GRk,Video_game_culture
xwpNb_cHEds,Action_game
xwpNb_cHEds,Video_game_culture
xyNJqCaMpdY,Association_football
xyNJqCaMpdY,Sport
xyNJqCaMpdY,Sports_game
xz8nCCvc_ss,Action-adventure_game
xz8nCCvc_ss,Action_game
xz8nCCvc_ss,Video_game_culture
xzHziiSwYMw,Casual_game
xzHziiSwYMw,Puzzle_video_game
xzHziiSwYMw,Video_game_culture
y-HZhx1eVE4,Association_football
y-HZhx1eVE4,Sport
y-Pbuz9SsdU,Action-adventure_game
y-Pbuz9SsdU,Video_game_culture
y0-NaH8BPps,Action-adventure_game
y0-NaH8BPps,Action_game
y0-NaH8BPps,Video_game_culture
y0kQN-RfThc,Action-adventure_game
y0kQN-RfThc,Action_game
y0kQN-RfThc,Role-playing_video_game
y0kQN-RfThc,Strategy_video_game
y0kQN-RfThc,Video_game_culture
y1IudCg0W3A,Action_game
y1IudCg0W3A,Video_game_culture
y25FxrXfsqY,Action-adventure_game
y25FxrXfsqY,Puzzle_video_game
y25FxrXfsqY,Video_game_culture
y25Kxkk88EU,Role-playing_video_game
y25Kxkk88EU,Video_game_culture
y2XqTTNRfII,Action_game
y2XqTTNRfII,Video_game_culture
y2ZGrzx5UQc,Action_game
y2ZGrzx5UQc,Role-playing_video_game
y2ZGrzx5UQc,Strategy_video_game
y2ZGrzx5UQc,Video_game_culture
y2gUpx3F8Hw,Sports_game
y2gUpx3F8Hw,Video_game_culture
y3-viMzEWcM,Video_game_culture
y41ZogEjFV8,Action-adventure_game
y41ZogEjFV8,Action_game
y41ZogEjFV8,Video_game_culture
y4EQ3hYB1W0,Strategy_video_game
y4EQ3hYB1W0,Video_game_culture
y4YWmJo2R2M,Action_game
y4YWmJo2R2M,Role-playing_video_game
y4YWmJo2R2M,Video_game_culture
1M6UUpLnLZM,Sports_game
1M6UUpLnLZM,Video_game_culture
1NAtY4znDK4,Action_game
1NAtY4znDK4,Video_game_culture
1O2CRWAZcMg,Sports_game
1O2CRWAZcMg,Video_game_culture
1O4mVK-FDCk,Action-adventure_game
1O4mVK-FDCk,Action_game
1O4mVK-FDCk,Video_game_culture
1Pi24xL19aA,Action_game
1Pi24xL19aA,Strategy_video_game
1Pi24xL19aA,Video_game_culture
1Q65V37sOug,Action-adventure_game
1Q65V37sOug,Action_game
1Q65V37sOug,Video_game_culture
1QC8eQ_uHpw,Role-playing_video_game
1QC8eQ_uHpw,Video_game_culture
1QwN3TZwTpM,Technology
1QwN3TZwTpM,Video_game_culture
1RH4SNc9hao,Sports_game
1RH4SNc9hao,Video_game_culture
1SWuOk53eqI,Video_game_culture
1SjgJp8KHt4,Sports_game
1SjgJp8KHt4,Video_game_culture
1TAdj-ATHIE,Action-adventure_game
1TAdj-ATHIE,Action_game
1TAdj-ATHIE,Role-playing_video_game
1TAdj-ATHIE,Strategy_video_game
1TAdj-ATHIE,Video_game_culture
1THNlfybTXE,Video_game_culture
1TdDXoLSj-w,Video_game_culture
1TpMDcZLaBA,Action-adventure_game
1TpMDcZLaBA,Action_game
1TpMDcZLaBA,Video_game_culture
1V2Euzp1CSM,Action_game
1V2Euzp1CSM,Role-playing_video_game
1V2Euzp1CSM,Strategy_video_game
1V2Euzp1CSM,Video_game_culture
1VgTyGbbxrc,Role-playing_video_game
1VgTyGbbxrc,Video_game_culture
1WQNkLGqHxQ,Action-adventure_game
1WQNkLGqHxQ,Action_game
1WQNkLGqHxQ,Role-playing_video_game
1WQNkLGqHxQ,Strategy_video_game
1WQNkLGqHxQ,Video_game_culture
1Wftdop9JOM,Action_game
1Wftdop9JOM,Video_game_culture
1XkECz_Iwu4,Video_game_culture
1XyF7TVm9jA,Video_game_culture
1YvtosSnadQ,Action_game
1YvtosSnadQ,Role-playing_video_game
1YvtosSnadQ,Strategy_video_game
1YvtosSnadQ,Video_game_culture
1ZUwUKTYmJ0,Video_game_culture
1_FCqiFuSyc,Video_game_culture
TYd-y0ak_4w,Sports_game
TYd-y0ak_4w,Video_game_culture
TZ309I6oobA,Action_game
TZ309I6oobA,Strategy_video_game
TZ309I6oobA,Video_game_culture
TZhCL_rLxF4,Sports_game
TZhCL_rLxF4,Video_game_culture
TZmycvZG1WE,Action-adventure_game
TZmycvZG1WE,Action_game
TZmycvZG1WE,Video_game_culture
TZng3T96-gw,Action_game
TZng3T96-gw,Video_game_culture
T_z8lvPGGeQ,Video_game_culture
Ta7WKOe2KDw,Action_game
Ta7WKOe2KDw,Strategy_video_game
Ta7WKOe2KDw,Video_game_culture
TbD8jNEiNCM,Action-adventure_game
TbD8jNEiNCM,Action_game
TbD8jNEiNCM,Video_game_culture
TbcETp33ELk,Action_game
TbcETp33ELk,Sports_game
TbcETp33ELk,Strategy_video_game
TbcETp33ELk,Video_game_culture
TcfV-8Paeno,Role-playing_video_game
TcfV-8Paeno,Video_game_culture
Td_y0rTPV8w,Lifestyle_(sociology)
Tdlc1RnH50M,Action-adventure_game
Tdlc1RnH50M,Action_game
Tdlc1RnH50M,Role-playing_video_game
Tdlc1RnH50M,Video_game_culture
Te2ZROtmkMc,Action-adventure_game
Te2ZROtmkMc,Action_game
Te2ZROtmkMc,Video_game_culture
TeDfe_RuXLc,Action_game
TeDfe_RuXLc,Role-playing_video_game
TeDfe_RuXLc,Strategy_video_game
TeDfe_RuXLc,Video_game_culture
TgJdUIjuCDQ,Action_game
TgJdUIjuCDQ,Role-playing_video_game
TgJdUIjuCDQ,Strategy_video_game
TgJdUIjuCDQ,Video_game_culture
Tharui_Urzs,Sports_game
Tharui_Urzs,Video_game_culture
ThehQ_Pilr0,Action-adventure_game
ThehQ_Pilr0,Action_game
ThehQ_Pilr0,Role-playing_video_game
ThehQ_Pilr0,Strategy_video_game
ThehQ_Pilr0,Video_game_culture
ThxWqegwYmM,Association_football
ThxWqegwYmM,Sport
Tij63AsRmQQ,Sports_game
Tij63AsRmQQ,Video_game_culture
TiuFir1xX7g,Video_game_culture
TkMD-66VraA,Video_game_culture
TkX5jArQIGA,Action_game
TkX5jArQIGA,Video_game_culture
BnjGME5yHk8,Action_game
BnjGME5yHk8,Video_game_culture
Bob5xHTQhIs,Action-adventure_game
Bob5xHTQhIs,Action_game
Bob5xHTQhIs,Video_game_culture
BpAfvk3iuxc,Sports_game
BpAfvk3iuxc,Video_game_culture
BpD8Mkk3jiQ,Action-adventure_game
BpD8Mkk3jiQ,Action_game
BpD8Mkk3jiQ,Role-playing_video_game
BpD8Mkk3jiQ,Strategy_video_game
BpD8Mkk3jiQ,Video_game_culture
BplcIcrqDhs,Action-adventure_game
BplcIcrqDhs,Action_game
BplcIcrqDhs,Puzzle_video_game
BplcIcrqDhs,Role-playing_video_game
BplcIcrqDhs,Video_game_culture
BqV95rYnlMg,Action-adventure_game
BqV95rYnlMg,Role-playing_video_game
BqV95rYnlMg,Video_game_culture
Br0dzfUeuVc,Action_game
Br0dzfUeuVc,Strategy_video_game
Br0dzfUeuVc,Video_game_culture
BrTm4cumoUk,Action_game
BrTm4cumoUk,Video_game_culture
BrVCEgcSROE,Action_game
BrVCEgcSROE,Strategy_video_game
BrVCEgcSROE,Video_game_culture
BrYgCbpQEqA,Action-adventure_game
BrYgCbpQEqA,Action_game
BrYgCbpQEqA,Video_game_culture
BtY0c41Q-MA,Action_game
BtY0c41Q-MA,Video_game_culture
BvAHqK_ifd0,Video_game_culture
BvDtJdQwkfU,Role-playing_video_game
BvDtJdQwkfU,Video_game_culture
BvU6dpt1B7w,Action_game
BvU6dpt1B7w,Role-playing_video_game
BvU6dpt1B7w,Strategy_video_game
BvU6dpt1B7w,Video_game_culture
Bw-lDXIu_gM,Action_game
Bw-lDXIu_gM,Role-playing_video_game
Bw-lDXIu_gM,Strategy_video_game
Bw-lDXIu_gM,Video_game_culture
BwfZuaLSdQQ,Video_game_culture
Bx4unrgzpxw,Action_game
Bx4unrgzpxw,Strategy_video_game
Bx4unrgzpxw,Video_game_culture
ByMVcx1oK_g,Action-adventure_game
ByMVcx1oK_g,Simulation_video_game
ByMVcx1oK_g,Video_game_culture
Bytg4wPRObo,Sports_game
Bytg4wPRObo,Video_game_culture
BzfqeF-34ZY,Action_game
BzfqeF-34ZY,Video_game_culture
TJ0Aj93tJ6c,Action_game
TJ0Aj93tJ6c,Video_game_culture
TKAwmBaoMaQ,Action-adventure_game
TKAwmBaoMaQ,Role-playing_video_game
TKAwmBaoMaQ,Strategy_video_game
TKAwmBaoMaQ,Video_game_culture
TKohK0M_RF0,Association_football
TKohK0M_RF0,Sport
TLb5J-75Af4,Action_game
TLb5J-75Af4,Video_game_culture
TMCQOMRT_P4,Sports_game
TMCQOMRT_P4,Video_game_culture
TMP5MfUX_ys,Video_game_culture
TMTDdlpcSFw,Action_game
TMTDdlpcSFw,Video_game_culture
TNMTbdXsIK8,Action_game
TNMTbdXsIK8,Video_game_culture
TOTb7dkM2PM,Action_game
TOTb7dkM2PM,Video_game_culture
TOhKF-2bxsk,Sports_game
TOhKF-2bxsk,Video_game_culture
TOu54aneVis,Action_game
TOu54aneVis,Video_game_culture
TPE2N6rG_ec,Action-adventure_game
TPE2N6rG_ec,Video_game_culture
TPRo9iNkIzg,Role-playing_video_game
TPRo9iNkIzg,Video_game_culture
TPkCZWkBQew,Action-adventure_game
TPkCZWkBQew,Action_game
TPkCZWkBQew,Video_game_culture
TQCvPtZpMNA,Action-adventure_game
TQCvPtZpMNA,Role-playing_video_game
TQCvPtZpMNA,Video_game_culture
TR7bzao34iY,Action-adventure_game
TR7bzao34iY,Action_game
TR7bzao34iY,Video_game_culture
TRx1Ylh4u7Y,Action_game
TRx1Ylh4u7Y,Video_game_culture
TRxs5ySLKf0,Association_football
TRxs5ySLKf0,Sport
TT3iyIfXpJE,Action-adventure_game
TT3iyIfXpJE,Action_game
TT3iyIfXpJE,Video_game_culture
TTRqkizDZpI,Sports_game
TTRqkizDZpI,Video_game_culture
TUf8HRv1cQ4,Sports_game
TUf8HRv1cQ4,Video_game_culture
TV4ihtfk_lQ,Electronic_music
TV4ihtfk_lQ,Music
TV4ihtfk_lQ,Pop_music
TVBcJeIuIVk,Action-adventure_game
TVBcJeIuIVk,Action_game
TVBcJeIuIVk,Video_game_culture
TWLzd96FPcM,Action_game
TWLzd96FPcM,Strategy_video_game
TWLzd96FPcM,Video_game_culture
TWo0uwN7y7Q,Action_game
TWo0uwN7y7Q,Video_game_culture
TXKdJypdjsQ,Video_game_culture
TXLGbEABupk,Video_game_culture
TXn3_Ni8DrU,Action-adventure_game
TXn3_Ni8DrU,Video_game_culture
xdz4oUvjT54,Video_game_culture
xeSFluMAPLQ,Action-adventure_game
xeSFluMAPLQ,Action_game
xeSFluMAPLQ,Puzzle_video_game
xeSFluMAPLQ,Role-playing_video_game
xeSFluMAPLQ,Simulation_video_game
xeSFluMAPLQ,Video_game_culture
xg8MYv5briw,Video_game_culture
xgfHDM6WXCY,Action-adventure_game
xgfHDM6WXCY,Action_game
xgfHDM6WXCY,Video_game_culture
xgohQOsonQU,Action_game
xgohQOsonQU,Role-playing_video_game
xgohQOsonQU,Video_game_culture
xgtQh2B_p5Y,Video_game_culture
xiejWPabs6M,Action_game
xiejWPabs6M,Video_game_culture
xinZiUpcJ5w,Video_game_culture
xkfPkqI-Knk,Action-adventure_game
xkfPkqI-Knk,Action_game
xkfPkqI-Knk,Video_game_culture
xko9Fs_PsUI,Action-adventure_game
xko9Fs_PsUI,Action_game
xko9Fs_PsUI,Video_game_culture
xkqYVsdhu0A,Action-adventure_game
xkqYVsdhu0A,Video_game_culture
xktVFiDGQAI,Action-adventure_game
xktVFiDGQAI,Action_game
xktVFiDGQAI,Role-playing_video_game
xktVFiDGQAI,Video_game_culture
xlFJFWLEn8c,Action_game
xlFJFWLEn8c,Video_game_culture
xm69nC_G59w,Action_game
xm69nC_G59w,Video_game_culture
xmUiIYmWh0Y,Action_game
xmUiIYmWh0Y,Video_game_culture
xmbLQETos1o,Role-playing_video_game
xmbLQETos1o,Video_game_culture
xmuQ9vdVnEk,Action_game
xmuQ9vdVnEk,Role-playing_video_game
xmuQ9vdVnEk,Strategy_video_game
xmuQ9vdVnEk,Video_game_culture
xmxO1pPg-sU,Video_game_culture
xn5m0YQ-tao,Action_game
xn5m0YQ-tao,Video_game_culture
xn6rq1h9xH4,Video_game_culture
xnpaXphuzBA,Action-adventure_game
xnpaXphuzBA,Action_game
xnpaXphuzBA,Video_game_culture
xp39zolgTlI,Action-adventure_game
xp39zolgTlI,Action_game
xp39zolgTlI,Video_game_culture
xr0tksmn_X4,Sports_game
xr0tksmn_X4,Video_game_culture
xruMdd1W0NA,Lifestyle_(sociology)
1bILbcmwzLg,Video_game_culture
1bfySUMtl8o,Action-adventure_game
1bfySUMtl8o,Action_game
1bfySUMtl8o,Role-playing_video_game
1bfySUMtl8o,Video_game_culture
1c11QbrVloo,Action-adventure_game
1c11QbrVloo,Action_game
1c11QbrVloo,Role-playing_video_game
1c11QbrVloo,Video_game_culture
1cN9IHHNvm0,Action_game
1cN9IHHNvm0,Sports_game
1cN9IHHNvm0,Video_game_culture
1dCDDcQ2FVs,Action_game
1dCDDcQ2FVs,Video_game_culture
1f00Ys3I52s,Action_game
1f00Ys3I52s,Video_game_culture
1f1cCH8cn3A,Video_game_culture
1f7QxMaYaSc,Action_game
1f7QxMaYaSc,Role-playing_video_game
1f7QxMaYaSc,Strategy_video_game
1f7QxMaYaSc,Video_game_culture
1ipSKvmHsM0,Action_game
1ipSKvmHsM0,Video_game_culture
1jHI6tPEBfY,Role-playing_video_game
1jHI6tPEBfY,Video_game_culture
1jXfVysefN8,Action_game
1jXfVysefN8,Role-playing_video_game
1jXfVysefN8,Video_game_culture
1jhjWlC9L60,Sports_game
1jhjWlC9L60,Video_game_culture
1kWpfcGlOF8,Technology
1kWpfcGlOF8,Video_game_culture
1lAYZdHeWlw,Action_game
1lAYZdHeWlw,Video_game_culture
1lIXAdCFNM0,Action_game
1lIXAdCFNM0,Role-playing_video_game
1lIXAdCFNM0,Strategy_video_game
1lIXAdCFNM0,Video_game_culture
1lcd6C3zFSA,Video_game_culture
1nAvRAtZhgE,Role-playing_video_game
1nAvRAtZhgE,Video_game_culture
1o8FWGEszsQ,Video_game_culture
1ooEH0QyaMw,Action_game
1ooEH0QyaMw,Video_game_culture
1p0EwxYB3nQ,Action_game
1p0EwxYB3nQ,Role-playing_video_game
1p0EwxYB3nQ,Strategy_video_game
1p0EwxYB3nQ,Video_game_culture
1p9fXSq5SPc,Role-playing_video_game
1p9fXSq5SPc,Video_game_culture
1pskY1zg2Qw,Video_game_culture
1q2q1a53FSc,Sports_game
1q2q1a53FSc,Video_game_culture
1q48wWF-XfM,Action_game
1q48wWF-XfM,Video_game_culture
1q4XKwyF-ow,Action-adventure_game
1q4XKwyF-ow,Action_game
1q4XKwyF-ow,Role-playing_video_game
1q4XKwyF-ow,Video_game_culture
1qAIWzdmFIc,Action-adventure_game
1qAIWzdmFIc,Action_game
1qAIWzdmFIc,Video_game_culture
1qSNCQB7-3g,Action_game
1qSNCQB7-3g,Role-playing_video_game
1qSNCQB7-3g,Strategy_video_game
1qSNCQB7-3g,Video_game_culture
1qbQqCC5wKQ,Action-adventure_game
1qbQqCC5wKQ,Action_game
1qbQqCC5wKQ,Video_game_culture
1qti9uwmltI,Role-playing_video_game
1qti9uwmltI,Video_game_culture
1qvFuQdCgpU,Role-playing_video_game
1qvFuQdCgpU,Video_game_culture
8cYTVh-WTGc,Role-playing_video_game
8cYTVh-WTGc,Video_game_culture
8cl3WNI8fRo,Action-adventure_game
8cl3WNI8fRo,Action_game
8cl3WNI8fRo,Video_game_culture
8d1XcEOc6tQ,Video_game_culture
8eCO-Yyu25g,Sports_game
8eCO-Yyu25g,Video_game_culture
8esP-iiof48,Role-playing_video_game
8esP-iiof48,Video_game_culture
8fsqolmYpgI,Video_game_culture
8ftnVtc0ZBs,Sports_game
8ftnVtc0ZBs,Video_game_culture
8gPL4vPKclM,Role-playing_video_game
8gPL4vPKclM,Video_game_culture
8glt6bZukio,Action_game
8glt6bZukio,Strategy_video_game
8glt6bZukio,Video_game_culture
8gqu6Imm-64,Role-playing_video_game
8gqu6Imm-64,Simulation_video_game
8gqu6Imm-64,Video_game_culture
8k0c_NOa7uM,Action_game
8k0c_NOa7uM,Video_game_culture
8kBDE0beAsI,Video_game_culture
8kacLz5hg5A,Action-adventure_game
8kacLz5hg5A,Action_game
8kacLz5hg5A,Video_game_culture
8l9bhgaCVKI,Video_game_culture
8lOXYAzjuhY,Sports_game
8lOXYAzjuhY,Video_game_culture
8oC5X1fxZqE,Action-adventure_game
8oC5X1fxZqE,Action_game
8oC5X1fxZqE,Role-playing_video_game
8oC5X1fxZqE,Strategy_video_game
8oC5X1fxZqE,Video_game_culture
8pAFHw5h6y8,Action_game
8pAFHw5h6y8,Strategy_video_game
8pAFHw5h6y8,Video_game_culture
8pDFUbb_cOM,Action-adventure_game
8pDFUbb_cOM,Action_game
8pDFUbb_cOM,Video_game_culture
932mamLzSSQ,Action-adventure_game
932mamLzSSQ,Action_game
932mamLzSSQ,Video_game_culture
937cEhLBYr4,Action_game
937cEhLBYr4,Video_game_culture
94WfYRPDU-c,Technology
94WfYRPDU-c,Video_game_culture
95E1apFk3hE,Action_game
95E1apFk3hE,Role-playing_video_game
95E1apFk3hE,Strategy_video_game
95E1apFk3hE,Video_game_culture
95rfLhwCwu8,Action_game
95rfLhwCwu8,Video_game_culture
96O9kYLvtqk,Video_game_culture
96jG0-X3soM,Video_game_culture
98_Bvr7cMP4,Video_game_culture
99epUbyQkuo,Action_game
99epUbyQkuo,Video_game_culture
99vrFgv6NSI,Action_game
99vrFgv6NSI,Role-playing_video_game
99vrFgv6NSI,Strategy_video_game
99vrFgv6NSI,Video_game_culture
9AfgiOz3jBQ,Action_game
9AfgiOz3jBQ,Video_game_culture
9AptxjX1Fu0,Action-adventure_game
9AptxjX1Fu0,Action_game
9AptxjX1Fu0,Role-playing_video_game
9AptxjX1Fu0,Video_game_culture
9B8K-arvOYU,Action-adventure_game
9B8K-arvOYU,Action_game
9B8K-arvOYU,Video_game_culture
9BMZEZQJkFE,Simulation_video_game
9BMZEZQJkFE,Video_game_culture
9C0K6q_-ra0,Action_game
9C0K6q_-ra0,Role-playing_video_game
9C0K6q_-ra0,Video_game_culture
9Ca-8nSl5Fo,Action-adventure_game
9Ca-8nSl5Fo,Action_game
9Ca-8nSl5Fo,Video_game_culture
9Cv9NRc54Ss,Casual_game
9Cv9NRc54Ss,Video_game_culture
9DV6L7PUKS4,Video_game_culture
9DjCy0uLhSU,Action_game
9DjCy0uLhSU,Strategy_video_game
9DjCy0uLhSU,Video_game_culture
9EG9MrvGd1I,Action-adventure_game
9EG9MrvGd1I,Action_game
9EG9MrvGd1I,Video_game_culture
9Ew9JXPEZBg,Action_game
9Ew9JXPEZBg,Strategy_video_game
9Ew9JXPEZBg,Video_game_culture
9FJ8JH0KkrQ,Action-adventure_game
9FJ8JH0KkrQ,Action_game
9FJ8JH0KkrQ,Video_game_culture
9FJPlU058t4,Action_game
9FJPlU058t4,Video_game_culture
9FYbQNOiH2o,Casual_game
9FYbQNOiH2o,Video_game_culture
9FalDFlVo1I,Video_game_culture
15LGUcLI19E,Video_game_culture
164zptOAAuc,Action_game
164zptOAAuc,Video_game_culture
16jNtQRW4tw,Action_game
16jNtQRW4tw,Video_game_culture
18wm83QSx3o,Action_game
18wm83QSx3o,Strategy_video_game
18wm83QSx3o,Video_game_culture
19Lf9heIglk,Action-adventure_game
19Lf9heIglk,Action_game
19Lf9heIglk,Video_game_culture
1AH35k4dL8M,Action_game
1AH35k4dL8M,Role-playing_video_game
1AH35k4dL8M,Video_game_culture
1BHfUbpB65s,Action_game
1BHfUbpB65s,Role-playing_video_game
1BHfUbpB65s,Video_game_culture
1BrVSfc2tW0,Action-adventure_game
1BrVSfc2tW0,Action_game
1BrVSfc2tW0,Video_game_culture
1CXbQueVS4Y,Video_game_culture
1C_3gTXcpMQ,Video_game_culture
1Cz3jeoV5vk,Action-adventure_game
1Cz3jeoV5vk,Action_game
1Cz3jeoV5vk,Role-playing_video_game
1Cz3jeoV5vk,Video_game_culture
1EDiCVU5CXc,Action-adventure_game
1EDiCVU5CXc,Action_game
1EDiCVU5CXc,Video_game_culture
1FLD77BWZVc,Action_game
1FLD77BWZVc,Role-playing_video_game
1FLD77BWZVc,Strategy_video_game
1FLD77BWZVc,Video_game_culture
1GX858LAIhM,Video_game_culture
1HC1A81fP1k,Action_game
1HC1A81fP1k,Strategy_video_game
1HC1A81fP1k,Video_game_culture
1HNNQp9sxsI,Video_game_culture
1JYu3lDd7zE,Action_game
1JYu3lDd7zE,Video_game_culture
1Ja5dWU0YjI,Action_game
1Ja5dWU0YjI,Casual_game
1Ja5dWU0YjI,Puzzle_video_game
1Ja5dWU0YjI,Video_game_culture
1JwjRW-OTkY,Action-adventure_game
1JwjRW-OTkY,Action_game
1JwjRW-OTkY,Role-playing_video_game
1JwjRW-OTkY,Video_game_culture
1K2X0fm5abM,Action-adventure_game
1K2X0fm5abM,Action_game
1K2X0fm5abM,Role-playing_video_game
1K2X0fm5abM,Strategy_video_game
1K2X0fm5abM,Video_game_culture
1KNEiTvlchw,Video_game_culture
1KTCXUkf1x0,Action_game
1KTCXUkf1x0,Video_game_culture
1KY80rPB_cs,Action_game
1KY80rPB_cs,Role-playing_video_game
1KY80rPB_cs,Strategy_video_game
1KY80rPB_cs,Video_game_culture
1L8L9gQn2XY,Strategy_video_game
1L8L9gQn2XY,Video_game_culture
1L9bAG_PL4c,Action_game
1L9bAG_PL4c,Role-playing_video_game
1L9bAG_PL4c,Video_game_culture
5TlvzKCoPAg,Action-adventure_game
5TlvzKCoPAg,Action_game
5TlvzKCoPAg,Role-playing_video_game
5TlvzKCoPAg,Video_game_culture
5VGNxyhDt6A,Action_game
5VGNxyhDt6A,Video_game_culture
5VubifbozrU,Action_game
5VubifbozrU,Role-playing_video_game
5VubifbozrU,Strategy_video_game
5VubifbozrU,Video_game_culture
5W0jZN7ykW8,Action_game
5W0jZN7ykW8,Video_game_culture
5YrjzA-XLKA,Action_game
5YrjzA-XLKA,Video_game_culture
5ac5NoIdvX8,Association_football
5ac5NoIdvX8,Sport
5bOJI_9rawg,Action-adventure_game
5bOJI_9rawg,Action_game
5bOJI_9rawg,Role-playing_video_game
5bOJI_9rawg,Video_game_culture
5c-xNwzB0hI,Action_game
5c-xNwzB0hI,Role-playing_video_game
5c-xNwzB0hI,Video_game_culture
5cUrJKfM5wI,Action_game
5cUrJKfM5wI,Strategy_video_game
5cUrJKfM5wI,Video_game_culture
5eKxjp1imoM,Action-adventure_game
5eKxjp1imoM,Action_game
5eKxjp1imoM,Puzzle_video_game
5eKxjp1imoM,Video_game_culture
5ehgs_TwNB0,Sports_game
5ehgs_TwNB0,Video_game_culture
5f1-L2G10DI,Video_game_culture
5fK2HiBr4IM,Action_game
5fK2HiBr4IM,Video_game_culture
5fWjpIxY5Ms,Association_football
5fWjpIxY5Ms,Sport
5fXdHpuHQ84,Sports_game
5fXdHpuHQ84,Video_game_culture
5g7Al2pEgBM,Association_football
5g7Al2pEgBM,Sport
5gJ--fIB0I8,Sports_game
5gJ--fIB0I8,Video_game_culture
5heu89mYvhM,Action_game
5heu89mYvhM,Video_game_culture
5iCFwfOfyKQ,Action_game
5iCFwfOfyKQ,Strategy_video_game
5iCFwfOfyKQ,Video_game_culture
IFt38eU2bhs,Action_game
IFt38eU2bhs,Role-playing_video_game
IFt38eU2bhs,Strategy_video_game
IFt38eU2bhs,Video_game_culture
IG7qPlB0Fho,Role-playing_video_game
IG7qPlB0Fho,Video_game_culture
IHplgWrKV-0,Video_game_culture
IIP4fJtpHZE,Action_game
IIP4fJtpHZE,Video_game_culture
IJJPUNAElBE,Action-adventure_game
IJJPUNAElBE,Action_game
IJJPUNAElBE,Video_game_culture
IJYBFchze_I,Action-adventure_game
IJYBFchze_I,Role-playing_video_game
IJYBFchze_I,Video_game_culture
IJbfYXOXhyk,Action-adventure_game
IJbfYXOXhyk,Action_game
IJbfYXOXhyk,Role-playing_video_game
IJbfYXOXhyk,Strategy_video_game
IJbfYXOXhyk,Video_game_culture
IKKvnuwZYpY,Action_game
IKKvnuwZYpY,Strategy_video_game
IKKvnuwZYpY,Video_game_culture
IKRGpFnWQAU,Video_game_culture
IKj8h-VlVVg,Action-adventure_game
IKj8h-VlVVg,Action_game
IKj8h-VlVVg,Video_game_culture
ILnYAywPWWE,Action_game
ILnYAywPWWE,Strategy_video_game
ILnYAywPWWE,Video_game_culture
IM1TaX8IqF8,Action-adventure_game
IM1TaX8IqF8,Action_game
IM1TaX8IqF8,Video_game_culture
IMEeaeb3M0Y,Sports_game
IMEeaeb3M0Y,Video_game_culture
IMcQjNovfT8,Action-adventure_game
IMcQjNovfT8,Action_game
IMcQjNovfT8,Role-playing_video_game
IMcQjNovfT8,Video_game_culture
INOnIAshqsw,Racing_video_game
INOnIAshqsw,Video_game_culture
INhr5XL8wKg,Action_game
INhr5XL8wKg,Video_game_culture
IOyPrpeMvsQ,Action-adventure_game
IOyPrpeMvsQ,Action_game
IOyPrpeMvsQ,Role-playing_video_game
IOyPrpeMvsQ,Video_game_culture
IPReu26kdcU,Action_game
IPReu26kdcU,Strategy_video_game
IPReu26kdcU,Video_game_culture
IPZKS78Jswg,Video_game_culture
IPqxeoxRwyI,Sports_game
IPqxeoxRwyI,Video_game_culture
IQKSzQhwG90,Association_football
IQKSzQhwG90,Sport
IRFP3Qo43ok,Action_game
IRFP3Qo43ok,Video_game_culture
IRO0biNNwJM,Action_game
IRO0biNNwJM,Video_game_culture
IROUT1p5jjs,Video_game_culture
IRQ0NljUfZU,Video_game_culture
IRgNVDTFI4Y,Action_game
IRgNVDTFI4Y,Role-playing_video_game
IRgNVDTFI4Y,Video_game_culture
ISadf3zzN4o,Action_game
ISadf3zzN4o,Video_game_culture
ISmXTnLNauQ,Action_game
ISmXTnLNauQ,Video_game_culture
eLuuNWq9eI8,Action_game
eLuuNWq9eI8,Video_game_culture
eLwd1G2huzE,Music
eMCOZa9StJo,Video_game_culture
eMDKfMCGx88,Sports_game
eMDKfMCGx88,Video_game_culture
eMSVQ0-QYXQ,Action-adventure_game
eMSVQ0-QYXQ,Action_game
eMSVQ0-QYXQ,Role-playing_video_game
eMSVQ0-QYXQ,Video_game_culture
eMwMin6VT5s,Role-playing_video_game
eMwMin6VT5s,Video_game_culture
eOigBlCFgAQ,Video_game_culture
eOtesuIhOlg,Video_game_culture
eP7nRVjCseY,Action-adventure_game
eP7nRVjCseY,Action_game
eP7nRVjCseY,Video_game_culture
ePFPdZ7sO7k,Role-playing_video_game
ePFPdZ7sO7k,Video_game_culture
eREGv2O_lgw,Action-adventure_game
eREGv2O_lgw,Action_game
eREGv2O_lgw,Role-playing_video_game
eREGv2O_lgw,Video_game_culture
eTEnxAh8pWc,Action_game
eTEnxAh8pWc,Role-playing_video_game
eTEnxAh8pWc,Video_game_culture
eTMtlUQbxGA,Video_game_culture
eUTghoVagRM,Association_football
eUTghoVagRM,Sport
eV9OQvx6irI,Baseball
eV9OQvx6irI,Sport
eVsVAhUrF6E,Action-adventure_game
eVsVAhUrF6E,Action_game
eVsVAhUrF6E,Video_game_culture
eWNOi1k9h-c,Action_game
eWNOi1k9h-c,Video_game_culture
eWk2G0I9v60,Role-playing_video_game
eWk2G0I9v60,Video_game_culture
eX2rpu5E5l8,Sports_game
eX2rpu5E5l8,Video_game_culture
z28UNKPOP1A,Action_game
z28UNKPOP1A,Video_game_culture
z2E8qnyLMdQ,Action_game
z2E8qnyLMdQ,Video_game_culture
z3-r11ZsbHo,Action-adventure_game
z3-r11ZsbHo,Action_game
z3-r11ZsbHo,Video_game_culture
z3QN4eEsC4A,Video_game_culture
z48MaZ2NYiw,Video_game_culture
z4P9EvgUZB8,Action_game
z4P9EvgUZB8,Video_game_culture
z4ujMIU17hU,Action-adventure_game
z4ujMIU17hU,Action_game
z4ujMIU17hU,Role-playing_video_game
z4ujMIU17hU,Strategy_video_game
z4ujMIU17hU,Video_game_culture
z5qiGdq6rQ4,Action_game
z5qiGdq6rQ4,Role-playing_video_game
z5qiGdq6rQ4,Video_game_culture
z6YZJgTtZZc,Action_game
z6YZJgTtZZc,Video_game_culture
z6msAsrW11s,Action-adventure_game
z6msAsrW11s,Action_game
z6msAsrW11s,Role-playing_video_game
z6msAsrW11s,Video_game_culture
z785O6Hx0r4,Role-playing_video_game
z785O6Hx0r4,Video_game_culture
z7FTSwa6ayI,Association_football
z7FTSwa6ayI,Sport
z7nSR-E_X_E,Video_game_culture
z87xmOyV198,Action_game
z87xmOyV198,Video_game_culture
z8cCLNLBmRU,Video_game_culture
z9waqY6EMyE,Action-adventure_game
z9waqY6EMyE,Action_game
z9waqY6EMyE,Role-playing_video_game
z9waqY6EMyE,Video_game_culture
zA6WuqeB3hc,Action_game
zA6WuqeB3hc,Video_game_culture
zBBKj4HhL10,Action_game
zBBKj4HhL10,Role-playing_video_game
zBBKj4HhL10,Strategy_video_game
zBBKj4HhL10,Video_game_culture
zC1e8JgJjZ0,Sports_game
zC1e8JgJjZ0,Video_game_culture
zCHVvs1_-I0,Sports_game
zCHVvs1_-I0,Video_game_culture
zFgTDhUWUKI,Video_game_culture
xAD0mWxzoTc,Sports_game
xAD0mWxzoTc,Video_game_culture
xA_FWJZpkiQ,Action-adventure_game
xA_FWJZpkiQ,Action_game
xA_FWJZpkiQ,Video_game_culture
xBPN141rtPE,Action-adventure_game
xBPN141rtPE,Action_game
xBPN141rtPE,Video_game_culture
xB_1wX8b27o,Action_game
xB_1wX8b27o,Role-playing_video_game
xB_1wX8b27o,Strategy_video_game
xB_1wX8b27o,Video_game_culture
xBmnIVu9gJg,Sports_game
xBmnIVu9gJg,Video_game_culture
xCfeSfL4GWU,Action_game
xCfeSfL4GWU,Role-playing_video_game
xCfeSfL4GWU,Strategy_video_game
xCfeSfL4GWU,Video_game_culture
xDNK1glA3Zw,Action_game
xDNK1glA3Zw,Video_game_culture
xDzLT20ac8o,Action_game
xDzLT20ac8o,Strategy_video_game
xDzLT20ac8o,Video_game_culture
xEqAXkJ_G5Q,Sports_game
xEqAXkJ_G5Q,Video_game_culture
xGiY3yWdOgs,Association_football
xGiY3yWdOgs,Sport
xGm5gPdThEY,Sports_game
xGm5gPdThEY,Video_game_culture
xHTHJ5jVSHE,Video_game_culture
xHnKfbZbF5g,Action_game
xHnKfbZbF5g,Role-playing_video_game
xHnKfbZbF5g,Video_game_culture
xJ53Lf2xKME,Sports_game
xJ53Lf2xKME,Video_game_culture
xJ6VW0r3iAQ,Video_game_culture
xJOe8xs8_eE,Action_game
xJOe8xs8_eE,Video_game_culture
xJk3XEIJ4JE,Sports_game
xJk3XEIJ4JE,Video_game_culture
xJuF1P5EcvA,Action-adventure_game
xJuF1P5EcvA,Action_game
xJuF1P5EcvA,Video_game_culture
xK0RZrJwLa0,Role-playing_video_game
xK0RZrJwLa0,Video_game_culture
xKuVA6VGLzs,Sports_game
xKuVA6VGLzs,Video_game_culture
xL3aZOz4iuI,Strategy_video_game
xL3aZOz4iuI,Video_game_culture
xL6exj_oFP0,Action_game
xL6exj_oFP0,Role-playing_video_game
xL6exj_oFP0,Strategy_video_game
xL6exj_oFP0,Video_game_culture
xMYJfSNIzt8,Action-adventure_game
xMYJfSNIzt8,Action_game
xMYJfSNIzt8,Video_game_culture
xMh-fDZcJJc,Action_game
xMh-fDZcJJc,Video_game_culture
xMmKdqsMlJs,Action-adventure_game
xMmKdqsMlJs,Action_game
xMmKdqsMlJs,Video_game_culture
xNWtzNt89JI,Action_game
xNWtzNt89JI,Video_game_culture
xOQ65Uh6oxg,Action_game
xOQ65Uh6oxg,Role-playing_video_game
xOQ65Uh6oxg,Video_game_culture
xOVHLpWCdLI,Action_game
xOVHLpWCdLI,Role-playing_video_game
xOVHLpWCdLI,Video_game_culture
xOj4zMbMIvM,Puzzle_video_game
xOj4zMbMIvM,Video_game_culture
6u-MHsd8DUE,Action_game
6u-MHsd8DUE,Video_game_culture
6uJlGZDja-w,Action_game
6uJlGZDja-w,Video_game_culture
6ucGWGC79O4,Sports_game
6ucGWGC79O4,Video_game_culture
6uk-D5PESgw,Video_game_culture
6vAwXz9RiSU,Action-adventure_game
6vAwXz9RiSU,Action_game
6vAwXz9RiSU,Video_game_culture
6vAzCzqbWac,Sports_game
6vAzCzqbWac,Video_game_culture
6wiqer-V6QE,Association_football
6wiqer-V6QE,Sport
6x7qkgvvX8g,Action_game
6x7qkgvvX8g,Role-playing_video_game
6x7qkgvvX8g,Strategy_video_game
6x7qkgvvX8g,Video_game_culture
6xRJvKhuVGc,Video_game_culture
6xi6V419UCw,Role-playing_video_game
6xi6V419UCw,Video_game_culture
6xmhMYUNG2o,Action-adventure_game
6xmhMYUNG2o,Action_game
6xmhMYUNG2o,Video_game_culture
6zSKQQyzUyk,Action_game
6zSKQQyzUyk,Role-playing_video_game
6zSKQQyzUyk,Video_game_culture
6zuUOWWyT4I,Role-playing_video_game
6zuUOWWyT4I,Video_game_culture
7-8X4xTNNHI,Action-adventure_game
7-8X4xTNNHI,Action_game
7-8X4xTNNHI,Video_game_culture
71MIdjLgV48,Action-adventure_game
71MIdjLgV48,Action_game
71MIdjLgV48,Casual_game
71MIdjLgV48,Role-playing_video_game
71MIdjLgV48,Strategy_video_game
71MIdjLgV48,Video_game_culture
71ycqp_zguI,Association_football
71ycqp_zguI,Sport
721hQLJTaIM,Video_game_culture
72WEvdvdfDw,Action-adventure_game
72WEvdvdfDw,Action_game
72WEvdvdfDw,Video_game_culture
73E6LQXXr1o,Action_game
73E6LQXXr1o,Video_game_culture
73YX8xmQ2i4,Role-playing_video_game
73YX8xmQ2i4,Video_game_culture
73mhLC5g9Jo,Action_game
73mhLC5g9Jo,Role-playing_video_game
73mhLC5g9Jo,Strategy_video_game
73mhLC5g9Jo,Video_game_culture
73w0EPjLQW4,Sports_game
73w0EPjLQW4,Video_game_culture
74eSX4W0HRg,Sports_game
74eSX4W0HRg,Video_game_culture
74m8hXXSgbE,Sports_game
74m8hXXSgbE,Video_game_culture
75T1XPMKN_Q,Role-playing_video_game
75T1XPMKN_Q,Video_game_culture
FrOmh7GEUyg,Puzzle_video_game
FrOmh7GEUyg,Video_game_culture
Fs1WXm6DwqQ,Sports_game
Fs1WXm6DwqQ,Video_game_culture
FsCfTSYitAs,Action-adventure_game
FsCfTSYitAs,Action_game
FsCfTSYitAs,Role-playing_video_game
FsCfTSYitAs,Video_game_culture
Ft02kJJxmkk,Action_game
Ft02kJJxmkk,Role-playing_video_game
Ft02kJJxmkk,Video_game_culture
FuFV40g1hqw,Association_football
FuFV40g1hqw,Sport
FvNF5OeKvKg,Action_game
FvNF5OeKvKg,Video_game_culture
FvOL06mbfH0,Action-adventure_game
FvOL06mbfH0,Action_game
FvOL06mbfH0,Role-playing_video_game
FvOL06mbfH0,Video_game_culture
FvbrXPphKJQ,Action_game
FvbrXPphKJQ,Role-playing_video_game
FvbrXPphKJQ,Video_game_culture
FwsRm0ymv1E,Video_game_culture
Fx_VgP_80ys,Action_game
Fx_VgP_80ys,Role-playing_video_game
Fx_VgP_80ys,Video_game_culture
FxtguSSkpl8,Action_game
FxtguSSkpl8,Video_game_culture
FyldrhP4NNQ,Action_game
FyldrhP4NNQ,Video_game_culture
FymDm1z9158,Action_game
FymDm1z9158,Video_game_culture
FzBUpOHj6m8,Action_game
FzBUpOHj6m8,Strategy_video_game
FzBUpOHj6m8,Video_game_culture
G-WDERMGCJ4,Lifestyle_(sociology)
G0JsNpZ1UVA,Action_game
G0JsNpZ1UVA,Role-playing_video_game
G0JsNpZ1UVA,Strategy_video_game
G0JsNpZ1UVA,Video_game_culture
G2XincsZMoM,Action_game
G2XincsZMoM,Video_game_culture
G2j6NTPkCrY,Action-adventure_game
G2j6NTPkCrY,Action_game
G2j6NTPkCrY,Video_game_culture
G2t5iysvWv0,Action_game
G2t5iysvWv0,Strategy_video_game
G2t5iysvWv0,Video_game_culture
nvJgcyIVGXw,Action_game
nvJgcyIVGXw,Video_game_culture
nvi2YgfVhGs,Role-playing_video_game
nvi2YgfVhGs,Video_game_culture
nvpeS7RQbGA,Action_game
nvpeS7RQbGA,Video_game_culture
nxqljA6T9qo,Action-adventure_game
nxqljA6T9qo,Action_game
nxqljA6T9qo,Video_game_culture
nxwxh--yK9A,Action-adventure_game
nxwxh--yK9A,Video_game_culture
nycdxFmu6HU,Action_game
nycdxFmu6HU,Video_game_culture
nyqgEpHWPoE,Food
nyqgEpHWPoE,Lifestyle_(sociology)
nzKurlQZwzY,Action_game
nzKurlQZwzY,Video_game_culture
o-CEkJykNNA,Video_game_culture
o-Z9h0NeSMs,Sports_game
o-Z9h0NeSMs,Video_game_culture
o-rmx54nUhE,Action_game
o-rmx54nUhE,Video_game_culture
o1b6QhzRnf0,Action-adventure_game
o1b6QhzRnf0,Action_game
o1b6QhzRnf0,Role-playing_video_game
o1b6QhzRnf0,Strategy_video_game
o1b6QhzRnf0,Video_game_culture
o1j97p7QOgw,Action_game
o1j97p7QOgw,Video_game_culture
o31IdtHrM0c,Action_game
o31IdtHrM0c,Video_game_culture
o3RPPjzciqo,Association_football
o3RPPjzciqo,Sport
o3r5Gmr93g0,Action_game
o3r5Gmr93g0,Sports_game
o3r5Gmr93g0,Video_game_culture
o4pEC-q2Qw8,Action-adventure_game
o4pEC-q2Qw8,Action_game
o4pEC-q2Qw8,Role-playing_video_game
o4pEC-q2Qw8,Video_game_culture
o9s9g31tP6I,Role-playing_video_game
o9s9g31tP6I,Video_game_culture
oA5eVKPgOyE,Action_game
oA5eVKPgOyE,Role-playing_video_game
oA5eVKPgOyE,Strategy_video_game
oA5eVKPgOyE,Video_game_culture
qLuMVexv_A0,Sports_game
qLuMVexv_A0,Video_game_culture
qML5Or_29F4,Strategy_video_game
qML5Or_29F4,Video_game_culture
qNyaJHbvDw8,Action_game
qNyaJHbvDw8,Video_game_culture
qOKzmM2fvIY,Sports_game
qOKzmM2fvIY,Video_game_culture
qOSmdXK3a0o,Action-adventure_game
qOSmdXK3a0o,Action_game
qOSmdXK3a0o,Casual_game
qOSmdXK3a0o,Puzzle_video_game
qOSmdXK3a0o,Role-playing_video_game
qOSmdXK3a0o,Video_game_culture
qOUIH3dY43A,Action_game
qOUIH3dY43A,Video_game_culture
qOeCZ36EYb0,Action_game
qOeCZ36EYb0,Video_game_culture
qPu2rqOUxAc,Sports_game
qPu2rqOUxAc,Video_game_culture
qQh_duePtrQ,Action_game
qQh_duePtrQ,Video_game_culture
qTB2-KN-vRI,Action_game
qTB2-KN-vRI,Video_game_culture
qTsebf5DmQw,Action_game
qTsebf5DmQw,Video_game_culture
qUzSrkIuP0U,Music
qUzSrkIuP0U,Music_of_Asia
qUzSrkIuP0U,Pop_music
qV-2TIAbP2M,Role-playing_video_game
qV-2TIAbP2M,Video_game_culture
qVUIah3aO5A,Action_game
qVUIah3aO5A,Role-playing_video_game
qVUIah3aO5A,Video_game_culture
qWGtpRkYkMc,Action_game
qWGtpRkYkMc,Role-playing_video_game
qWGtpRkYkMc,Video_game_culture
qWTfdqiRtPc,Action-adventure_game
qWTfdqiRtPc,Action_game
qWTfdqiRtPc,Video_game_culture
qWlXGuehyu0,Action-adventure_game
qWlXGuehyu0,Action_game
qWlXGuehyu0,Video_game_culture
qY5SdQa7-jA,Association_football
qY5SdQa7-jA,Sport
qYzOkDXK42M,Action_game
qYzOkDXK42M,Video_game_culture
qZzzUHjreug,Action_game
qZzzUHjreug,Video_game_culture
CbbYeDPNuh8,Action_game
CbbYeDPNuh8,Video_game_culture
Cbmk6wBkpp8,Video_game_culture
Cbn4tsPaaOY,Video_game_culture
CdIKFRZq_7Y,Action-adventure_game
CdIKFRZq_7Y,Action_game
CdIKFRZq_7Y,Video_game_culture
Cda8O8VIiWc,Action-adventure_game
Cda8O8VIiWc,Action_game
Cda8O8VIiWc,Video_game_culture
Cdo-2LsaJUA,Action_game
Cdo-2LsaJUA,Video_game_culture
Cdr5OiY_uXQ,Lifestyle_(sociology)
Cf6n4ux-ARg,Action_game
Cf6n4ux-ARg,Role-playing_video_game
Cf6n4ux-ARg,Video_game_culture
CgAh-JRv7r8,Sport
CgZdXt_G19g,Role-playing_video_game
CgZdXt_G19g,Video_game_culture
CizDkhOl9Ic,Role-playing_video_game
CizDkhOl9Ic,Video_game_culture
Cj2et7FMDoE,Video_game_culture
ClXxz5e5Frw,Video_game_culture
CmZTbPscWh0,Action-adventure_game
CmZTbPscWh0,Role-playing_video_game
CmZTbPscWh0,Video_game_culture
CnhfPBKnSNA,Action-adventure_game
CnhfPBKnSNA,Action_game
CnhfPBKnSNA,Video_game_culture
poD8RpUNAxU,Action-adventure_game
poD8RpUNAxU,Action_game
poD8RpUNAxU,Video_game_culture
pqBcyt9VkC0,Simulation_video_game
pqBcyt9VkC0,Strategy_video_game
pqBcyt9VkC0,Video_game_culture
pqtuzw_RvZ8,Sports_game
pqtuzw_RvZ8,Video_game_culture
prAL2cCUiAU,Action_game
prAL2cCUiAU,Role-playing_video_game
prAL2cCUiAU,Video_game_culture
ps_fDsry_hI,Action_game
ps_fDsry_hI,Video_game_culture
pswTn9652Dw,Action-adventure_game
pswTn9652Dw,Action_game
pswTn9652Dw,Video_game_culture
ptM4KHPIAcs,Action_game
ptM4KHPIAcs,Video_game_culture
ptjD7ZyaXEU,Video_game_culture
pukfYxIKlK8,Role-playing_video_game
pukfYxIKlK8,Video_game_culture
putJDZ5pUTw,Action_game
putJDZ5pUTw,Video_game_culture
pw3dJS4Oue8,Sports_game
pw3dJS4Oue8,Video_game_culture
pwQYElerrOk,Role-playing_video_game
pwQYElerrOk,Video_game_culture
py-jrXCeZ1Y,Role-playing_video_game
py-jrXCeZ1Y,Video_game_culture
pyWh4NlYu70,Video_game_culture
pywOGzxW7LA,Action-adventure_game
pywOGzxW7LA,Action_game
pywOGzxW7LA,Role-playing_video_game
pywOGzxW7LA,Video_game_culture
pz6p-5JvDGI,Video_game_culture
pzC90wLfmPA,Sports_game
pzC90wLfmPA,Video_game_culture
q-j-0hL4nmc,Action_game
q-j-0hL4nmc,Video_game_culture
q12oJ5WLw_k,Action_game
q12oJ5WLw_k,Video_game_culture
q1Mqtl3Q99s,Action_game
q1Mqtl3Q99s,Video_game_culture
q1kDdh5nM0o,Role-playing_video_game
q1kDdh5nM0o,Video_game_culture
q3WvK_0WipA,Action_game
q3WvK_0WipA,Role-playing_video_game
q3WvK_0WipA,Strategy_video_game
q3WvK_0WipA,Video_game_culture
-l2YS8raGNs,Sports_game
-l2YS8raGNs,Video_game_culture
-lVY7sXsYI0,Action_game
-lVY7sXsYI0,Role-playing_video_game
-lVY7sXsYI0,Strategy_video_game
-lVY7sXsYI0,Video_game_culture
-lxo7i38v6k,Action_game
-lxo7i38v6k,Video_game_culture
-mZtU2RFGNg,Action_game
-mZtU2RFGNg,Video_game_culture
-me5nG64NTw,Sports_game
-me5nG64NTw,Video_game_culture
-mupWoOHvGw,Association_football
-mupWoOHvGw,Sport
-oyc3KBeY5c,Entertainment
-oyc3KBeY5c,Religion
-pWWaQMF-SU,Sports_game
-pWWaQMF-SU,Video_game_culture
-qp2Bx5wjNQ,Action-adventure_game
-qp2Bx5wjNQ,Action_game
-qp2Bx5wjNQ,Role-playing_video_game
-qp2Bx5wjNQ,Video_game_culture
-s1azG3Difw,Video_game_culture
-t2xj8wn84k,Action_game
-t2xj8wn84k,Role-playing_video_game
-t2xj8wn84k,Video_game_culture
-t7CnJUCaEs,Sports_game
-t7CnJUCaEs,Video_game_culture
-tAwV7EFIbU,Action-adventure_game
-tAwV7EFIbU,Action_game
-tAwV7EFIbU,Video_game_culture
-tGfu5o-YsI,Action_game
-tGfu5o-YsI,Video_game_culture
-tvh9Qa9DJI,Action_game
-tvh9Qa9DJI,Video_game_culture
-uDx3Qe32Lc,Simulation_video_game
-uDx3Qe32Lc,Video_game_culture
-uVWsrsQjVo,Action-adventure_game
-uVWsrsQjVo,Action_game
-uVWsrsQjVo,Role-playing_video_game
-uVWsrsQjVo,Video_game_culture
-vA2pgfZNOI,Action-adventure_game
-vA2pgfZNOI,Action_game
-vA2pgfZNOI,Strategy_video_game
-vA2pgfZNOI,Video_game_culture
-vCe2jGFrdQ,Action_game
-vCe2jGFrdQ,Video_game_culture
-vTxfUPVJs4,Action-adventure_game
-vTxfUPVJs4,Video_game_culture
-vly_YDYbeI,Action_game
-vly_YDYbeI,Role-playing_video_game
-vly_YDYbeI,Strategy_video_game
-vly_YDYbeI,Video_game_culture
-vs7_fr6aZ8,Action-adventure_game
-vs7_fr6aZ8,Role-playing_video_game
-vs7_fr6aZ8,Video_game_culture
-wcizCpxUkw,Video_game_culture
-xDS87g16QU,Role-playing_video_game
-xDS87g16QU,Video_game_culture
-ykdfZ0ySD8,Strategy_video_game
-ykdfZ0ySD8,Video_game_culture
EoF2gPmqjJY,Video_game_culture
Eog7Z3EGzV0,Action-adventure_game
Eog7Z3EGzV0,Action_game
Eog7Z3EGzV0,Role-playing_video_game
Eog7Z3EGzV0,Strategy_video_game
Eog7Z3EGzV0,Video_game_culture
EoiUtEA6qcE,Role-playing_video_game
EoiUtEA6qcE,Video_game_culture
EompK1bDg7I,Casual_game
EompK1bDg7I,Role-playing_video_game
EompK1bDg7I,Video_game_culture
Ep2dPQphrQg,Action_game
Ep2dPQphrQg,Role-playing_video_game
Ep2dPQphrQg,Video_game_culture
Epo_z0DupNc,Action-adventure_game
Epo_z0DupNc,Action_game
Epo_z0DupNc,Role-playing_video_game
Epo_z0DupNc,Strategy_video_game
Epo_z0DupNc,Video_game_culture
Epv-4r1Zqv8,Action-adventure_game
Epv-4r1Zqv8,Action_game
Epv-4r1Zqv8,Video_game_culture
ErdkemWzixw,Action-adventure_game
ErdkemWzixw,Video_game_culture
EsrQWyWkPyM,Action_game
EsrQWyWkPyM,Strategy_video_game
EsrQWyWkPyM,Video_game_culture
EuZDKSWtCFs,Video_game_culture
EvC30yjlsKQ,Action_game
EvC30yjlsKQ,Strategy_video_game
EvC30yjlsKQ,Video_game_culture
EvMCDts6e1w,Action_game
EvMCDts6e1w,Video_game_culture
Ew_HX3TtyyA,Video_game_culture
Ey-_NpXJZV4,Role-playing_video_game
Ey-_NpXJZV4,Video_game_culture
EyW44TIFBOc,Action_game
EyW44TIFBOc,Strategy_video_game
EyW44TIFBOc,Video_game_culture
EymVgeS4X4w,Sports_game
EymVgeS4X4w,Video_game_culture
EzBKkONV6Tc,Action_game
EzBKkONV6Tc,Role-playing_video_game
EzBKkONV6Tc,Video_game_culture
Ezgr3uz4Gdg,Action-adventure_game
Ezgr3uz4Gdg,Action_game
Ezgr3uz4Gdg,Role-playing_video_game
Ezgr3uz4Gdg,Strategy_video_game
Ezgr3uz4Gdg,Video_game_culture
F0AQr9MEM30,Sports_game
F0AQr9MEM30,Video_game_culture
F0BMFeDYQ04,Casual_game
F0BMFeDYQ04,Puzzle_video_game
F0BMFeDYQ04,Role-playing_video_game
F0BMFeDYQ04,Video_game_culture
F0FCXiwdLck,Sports_game
F0FCXiwdLck,Video_game_culture
F12uk_JZodM,Role-playing_video_game
F12uk_JZodM,Strategy_video_game
F12uk_JZodM,Video_game_culture
F1V3F0JxAX4,Action-adventure_game
F1V3F0JxAX4,Action_game
F1V3F0JxAX4,Video_game_culture
F2CVDuSycFs,Video_game_culture
F2dkgBKi7Fc,Action_game
F2dkgBKi7Fc,Video_game_culture
F3hNnBfmO14,Video_game_culture
F3ncpVorR8I,Action_game
F3ncpVorR8I,Video_game_culture
9c4ktN8rDos,Action_game
9c4ktN8rDos,Video_game_culture
9dmsMpCUcYc,Action_game
9dmsMpCUcYc,Video_game_culture
9e2VYh_WmWM,Video_game_culture
9e9NMnFIKwg,Role-playing_video_game
9e9NMnFIKwg,Video_game_culture
9g8q_ONPlww,Action-adventure_game
9g8q_ONPlww,Role-playing_video_game
9g8q_ONPlww,Video_game_culture
9gLUIHZpz64,Sports_game
9gLUIHZpz64,Video_game_culture
9hke_SfN0ko,Association_football
9hke_SfN0ko,Sport
9iDohyFJsO4,Sports_game
9iDohyFJsO4,Video_game_culture
9j1-7x3ZdHM,Sports_game
9j1-7x3ZdHM,Video_game_culture
9jAhpa8WFLE,Action_game
9jAhpa8WFLE,Role-playing_video_game
9jAhpa8WFLE,Video_game_culture
9jgSGritbdo,Action-adventure_game
9jgSGritbdo,Action_game
9jgSGritbdo,Role-playing_video_game
9jgSGritbdo,Video_game_culture
9jlH_pFBmAY,Video_game_culture
9jn25aAluhA,Action_game
9jn25aAluhA,Role-playing_video_game
9jn25aAluhA,Strategy_video_game
9jn25aAluhA,Video_game_culture
9kr5TtxXedQ,Action_game
9kr5TtxXedQ,Video_game_culture
9lb_wSDH2Zg,Action_game
9lb_wSDH2Zg,Video_game_culture
9mcoZpXol_E,Action_game
9mcoZpXol_E,Puzzle_video_game
9mcoZpXol_E,Video_game_culture
9nXodbmRYb0,Action-adventure_game
9nXodbmRYb0,Action_game
9nXodbmRYb0,Role-playing_video_game
9nXodbmRYb0,Video_game_culture
9nZ0jwJEYJI,Action_game
9nZ0jwJEYJI,Strategy_video_game
9nZ0jwJEYJI,Video_game_culture
9nzWmMCJqnQ,Action_game
9nzWmMCJqnQ,Strategy_video_game
9nzWmMCJqnQ,Video_game_culture
9o93JBsdLJM,Action-adventure_game
9o93JBsdLJM,Action_game
9o93JBsdLJM,Role-playing_video_game
9o93JBsdLJM,Video_game_culture
9oAXlgAtXEM,Action_game
9oAXlgAtXEM,Role-playing_video_game
9oAXlgAtXEM,Strategy_video_game
9oAXlgAtXEM,Video_game_culture
9phleYdVWJc,Role-playing_video_game
9phleYdVWJc,Strategy_video_game
9phleYdVWJc,Video_game_culture
9pjvzvv8p3g,Action_game
9pjvzvv8p3g,Video_game_culture
9ppor_eyla0,Action_game
9ppor_eyla0,Video_game_culture
9qAJ2d9lIpU,Action-adventure_game
9qAJ2d9lIpU,Action_game
9qAJ2d9lIpU,Video_game_culture
9sNMVaNcczs,Strategy_video_game
9sNMVaNcczs,Video_game_culture
9toZFuuk7yQ,Association_football
9toZFuuk7yQ,Sport
9tsrzyadctE,Action_game
9tsrzyadctE,Role-playing_video_game
9tsrzyadctE,Video_game_culture
9uDObasQD_A,Video_game_culture
9uIiL5e0nsI,Action-adventure_game
9uIiL5e0nsI,Action_game
9uIiL5e0nsI,Role-playing_video_game
9uIiL5e0nsI,Video_game_culture
9uO8p5X469E,Sports_game
9uO8p5X469E,Video_game_culture
9vFV2phcd_c,Video_game_culture
9vrZM8DSSsI,Action_game
9vrZM8DSSsI,Video_game_culture
9wdlXsXTJ98,Association_football
9wdlXsXTJ98,Sport
9wdlXsXTJ98,Sports_game
9wfsXPANAq0,Action_game
9wfsXPANAq0,Video_game_culture
9wn7XvRkldQ,Video_game_culture
9xS7u_0IbeQ,Video_game_culture
9ya4WdJGjTI,Sports_game
9ya4WdJGjTI,Video_game_culture
9zQAG8zypEY,Action_game
9zQAG8zypEY,Video_game_culture
9ztX53h8WNc,Action_game
9ztX53h8WNc,Strategy_video_game
9ztX53h8WNc,Video_game_culture
Q2177s_8jKI,Action-adventure_game
Q2177s_8jKI,Action_game
Q2177s_8jKI,Video_game_culture
Q2gqAgohJ-M,Video_game_culture
Q3TXEtaVuEE,Action-adventure_game
Q3TXEtaVuEE,Action_game
Q3TXEtaVuEE,Role-playing_video_game
Q3TXEtaVuEE,Video_game_culture
Q4CNhH5mrb4,Action_game
Q4CNhH5mrb4,Video_game_culture
Q6Yt_qxBOWU,Video_game_culture
Q6Z0YtPqvvA,Action-adventure_game
Q6Z0YtPqvvA,Simulation_video_game
Q6Z0YtPqvvA,Video_game_culture
Q75F3Kmyt00,Action_game
Q75F3Kmyt00,Role-playing_video_game
Q75F3Kmyt00,Strategy_video_game
Q75F3Kmyt00,Video_game_culture
Q80JEKoPrVo,Action-adventure_game
Q80JEKoPrVo,Video_game_culture
Q8Du50-YXC0,Association_football
Q8Du50-YXC0,Sport
QA2hs_b2QvU,Association_football
QA2hs_b2QvU,Sport
QBIim4veNJg,Association_football
QBIim4veNJg,Sport
QBYsNW6LzOw,Action_game
QBYsNW6LzOw,Video_game_culture
QCHUmy6lx1w,Action_game
QCHUmy6lx1w,Role-playing_video_game
QCHUmy6lx1w,Strategy_video_game
QCHUmy6lx1w,Video_game_culture
QCg-C6WSQGo,Action_game
QCg-C6WSQGo,Video_game_culture
QDfPMLZATsw,Action-adventure_game
QDfPMLZATsw,Action_game
QDfPMLZATsw,Video_game_culture
QE49IAlUSTg,Simulation_video_game
QE49IAlUSTg,Video_game_culture
QEXZHErMSQk,Action-adventure_game
QEXZHErMSQk,Action_game
QEXZHErMSQk,Video_game_culture
QFKUpE0QOxM,Action_game
QFKUpE0QOxM,Video_game_culture
QFxISSnFXGk,Action-adventure_game
QFxISSnFXGk,Action_game
QFxISSnFXGk,Video_game_culture
QGECNhpjCdM,Sports_game
QGECNhpjCdM,Video_game_culture
QISz0YwhIgk,Action-adventure_game
QISz0YwhIgk,Action_game
QISz0YwhIgk,Role-playing_video_game
QISz0YwhIgk,Strategy_video_game
QISz0YwhIgk,Video_game_culture
QIomSFpSRCk,Action_game
QIomSFpSRCk,Video_game_culture
QJ4GaXZXgjU,Action_game
QJ4GaXZXgjU,Video_game_culture
QJgUlWAQE8w,Action_game
QJgUlWAQE8w,Video_game_culture
5wLsm10oDnc,Action_game
5wLsm10oDnc,Role-playing_video_game
5wLsm10oDnc,Strategy_video_game
5wLsm10oDnc,Video_game_culture
5x-pAUQH_UM,Action-adventure_game
5x-pAUQH_UM,Video_game_culture
5x0yg5FPaQ0,Action_game
5x0yg5FPaQ0,Role-playing_video_game
5x0yg5FPaQ0,Video_game_culture
5xOMIgoThqA,Action_game
5xOMIgoThqA,Puzzle_video_game
5xOMIgoThqA,Video_game_culture
5xwyKRY4g1o,Music
5xwyKRY4g1o,Music_of_Latin_America
5xwyKRY4g1o,Pop_music
5y-eLicYehU,Sports_game
5y-eLicYehU,Video_game_culture
5yB59OYjFo0,Action_game
5yB59OYjFo0,Video_game_culture
5yVOawlx8DU,Knowledge
5yVOawlx8DU,Technology
5zarEzIZZQc,Action_game
5zarEzIZZQc,Video_game_culture
6-xKtoBWkjg,Action_game
6-xKtoBWkjg,Strategy_video_game
6-xKtoBWkjg,Video_game_culture
61xcrga4c70,Action_game
61xcrga4c70,Video_game_culture
63DbO2yGtwc,Association_football
63DbO2yGtwc,Sport
63wGaRool6E,Lifestyle_(sociology)
64LoZxsZd-o,Action-adventure_game
64LoZxsZd-o,Video_game_culture
64UDIMTWjp8,Action_game
64UDIMTWjp8,Video_game_culture
66DcqHvpfUY,Puzzle_video_game
66DcqHvpfUY,Video_game_culture
66UgPwCHrfU,Action-adventure_game
66UgPwCHrfU,Action_game
66UgPwCHrfU,Role-playing_video_game
66UgPwCHrfU,Strategy_video_game
66UgPwCHrfU,Video_game_culture
66WIg7vPzWE,Action_game
66WIg7vPzWE,Video_game_culture
686_bAx_BP4,Association_football
686_bAx_BP4,Sport
68YzUfIH35M,Action-adventure_game
68YzUfIH35M,Action_game
68YzUfIH35M,Role-playing_video_game
68YzUfIH35M,Video_game_culture
69NIbOd-cF8,Action_game
69NIbOd-cF8,Strategy_video_game
69NIbOd-cF8,Video_game_culture
6ADEsdBWZrg,Action_game
6ADEsdBWZrg,Role-playing_video_game
6ADEsdBWZrg,Strategy_video_game
6ADEsdBWZrg,Video_game_culture
6ASagSCOOyU,Video_game_culture
6AdMte7zjgk,Action-adventure_game
6AdMte7zjgk,Action_game
6AdMte7zjgk,Role-playing_video_game
6AdMte7zjgk,Video_game_culture
6AuLLxVQ9Vo,Association_football
6AuLLxVQ9Vo,Sport
tHXuRzxKB60,Sports_game
tHXuRzxKB60,Video_game_culture
tI_SwrMgq1k,Action_game
tI_SwrMgq1k,Video_game_culture
tKCqk-NJy0c,Action_game
tKCqk-NJy0c,Role-playing_video_game
tKCqk-NJy0c,Video_game_culture
tKalDHZ-RMw,Role-playing_video_game
tKalDHZ-RMw,Strategy_video_game
tKalDHZ-RMw,Video_game_culture
tN1c3zA6xlk,Action_game
tN1c3zA6xlk,Strategy_video_game
tN1c3zA6xlk,Video_game_culture
tO6ADFGox9Q,Action_game
tO6ADFGox9Q,Strategy_video_game
tO6ADFGox9Q,Video_game_culture
tOMllmi8StI,Action_game
tOMllmi8StI,Strategy_video_game
tOMllmi8StI,Video_game_culture
tOsplWoT4BA,Action-adventure_game
tOsplWoT4BA,Action_game
tOsplWoT4BA,Video_game_culture
tP5kwuFG1kk,Sports_game
tP5kwuFG1kk,Video_game_culture
tPHEl4pdsGY,Video_game_culture
tQ6L5P3c-XA,Video_game_culture
tQLzee-aMGA,Action_game
tQLzee-aMGA,Video_game_culture
tQZ9BKbfhYc,Hip_hop_music
tQZ9BKbfhYc,Music
tQZ9BKbfhYc,Pop_music
tRjB_koP-0s,Action_game
tRjB_koP-0s,Role-playing_video_game
tRjB_koP-0s,Video_game_culture
tS2FTyeZ5Go,Action_game
tS2FTyeZ5Go,Strategy_video_game
tS2FTyeZ5Go,Video_game_culture
tSihyqB0dQE,Action-adventure_game
tSihyqB0dQE,Action_game
tSihyqB0dQE,Video_game_culture
tSsEDETxUgM,Action-adventure_game
tSsEDETxUgM,Action_game
tSsEDETxUgM,Video_game_culture
tT0dOrCf-8I,Action-adventure_game
tT0dOrCf-8I,Action_game
tT0dOrCf-8I,Video_game_culture
tTa0bhXhyO4,Action-adventure_game
tTa0bhXhyO4,Puzzle_video_game
tTa0bhXhyO4,Role-playing_video_game
tTa0bhXhyO4,Simulation_video_game
tTa0bhXhyO4,Video_game_culture
tU159cTYmUY,Action_game
tU159cTYmUY,Role-playing_video_game
tU159cTYmUY,Video_game_culture
tVe1kfVwuDI,Action-adventure_game
tVe1kfVwuDI,Action_game
tVe1kfVwuDI,Video_game_culture
tVehoBImDGE,Sports_game
tVehoBImDGE,Video_game_culture
tWR-brfQDPY,Action-adventure_game
tWR-brfQDPY,Action_game
tWR-brfQDPY,Role-playing_video_game
tWR-brfQDPY,Strategy_video_game
tWR-brfQDPY,Video_game_culture
ANarTHb74jI,Role-playing_video_game
ANarTHb74jI,Video_game_culture
ANlfEZ8cwcs,Video_game_culture
AONLPzNS_Wo,Action_game
AONLPzNS_Wo,Casual_game
AONLPzNS_Wo,Video_game_culture
AOZ4S0oFr0g,Action_game
AOZ4S0oFr0g,Video_game_culture
APEItL04bx4,Role-playing_video_game
APEItL04bx4,Video_game_culture
APL601Ct4rA,Video_game_culture
APn0UW6YVaE,Casual_game
APn0UW6YVaE,Video_game_culture
ARQJAK0zqB4,Video_game_culture
ASEnE6YpJ28,Action_game
ASEnE6YpJ28,Role-playing_video_game
ASEnE6YpJ28,Video_game_culture
ASZ_DpQDW50,Action-adventure_game
ASZ_DpQDW50,Role-playing_video_game
ASZ_DpQDW50,Video_game_culture
ASbUQG5vTm0,Action_game
ASbUQG5vTm0,Video_game_culture
ASyKlkUDlVc,Action_game
ASyKlkUDlVc,Strategy_video_game
ASyKlkUDlVc,Video_game_culture
ATvbUGaAy-w,Action_game
ATvbUGaAy-w,Strategy_video_game
ATvbUGaAy-w,Video_game_culture
AU8Pz4Dao4c,Action_game
AU8Pz4Dao4c,Video_game_culture
AWwWI_ECTtI,Role-playing_video_game
AWwWI_ECTtI,Video_game_culture
AYmOLpN69V0,Sports_game
AYmOLpN69V0,Video_game_culture
AYu6umtr6jc,Role-playing_video_game
AYu6umtr6jc,Video_game_culture
A_fjSuTKQpY,Video_game_culture
AbGTe59Eudk,Role-playing_video_game
AbGTe59Eudk,Video_game_culture
AbfRPbuLqz4,Action_game
AbfRPbuLqz4,Strategy_video_game
AbfRPbuLqz4,Video_game_culture
Absjt-fTZTo,Sports_game
Absjt-fTZTo,Video_game_culture
AcNpWYk6hzo,Action-adventure_game
AcNpWYk6hzo,Action_game
AcNpWYk6hzo,Role-playing_video_game
AcNpWYk6hzo,Video_game_culture
AdifiNgv7yw,Action_game
AdifiNgv7yw,Video_game_culture
AdqivpoWD5w,Action-adventure_game
AdqivpoWD5w,Action_game
AdqivpoWD5w,Strategy_video_game
AdqivpoWD5w,Video_game_culture
AeYYPp3T-B4,Action-adventure_game
AeYYPp3T-B4,Action_game
AeYYPp3T-B4,Video_game_culture
AfBX1mTfQQk,Action_game
AfBX1mTfQQk,Strategy_video_game
AfBX1mTfQQk,Video_game_culture
AgQjrkei5as,Action-adventure_game
AgQjrkei5as,Action_game
AgQjrkei5as,Casual_game
AgQjrkei5as,Video_game_culture
AgS3E8UPwDc,Action_game
AgS3E8UPwDc,Video_game_culture
AgetkKh4ftM,Sports_game
AgetkKh4ftM,Video_game_culture
AhC3FqyY7vM,Sports_game
AhC3FqyY7vM,Video_game_culture
AhDb0fWIFME,Action-adventure_game
AhDb0fWIFME,Action_game
AhDb0fWIFME,Video_game_culture
AhmtWjtjY5U,Video_game_culture
AhoMfRYRXQw,Role-playing_video_game
AhoMfRYRXQw,Video_game_culture
Ahp6poofEm4,Video_game_culture
DGB8Z87exJw,Sports_game
DGB8Z87exJw,Video_game_culture
DH6Hg1AOJGw,Action_game
DH6Hg1AOJGw,Video_game_culture
DIHdsLZS36I,Action_game
DIHdsLZS36I,Role-playing_video_game
DIHdsLZS36I,Video_game_culture
DJ_tH4n2Kcg,Video_game_culture
DJxBSVv8HjM,Action-adventure_game
DJxBSVv8HjM,Action_game
DJxBSVv8HjM,Role-playing_video_game
DJxBSVv8HjM,Video_game_culture
DLHvHra5css,Role-playing_video_game
DLHvHra5css,Video_game_culture
DLfv7QLhJak,Role-playing_video_game
DLfv7QLhJak,Video_game_culture
DLg7bOPi1GU,Sports_game
DLg7bOPi1GU,Video_game_culture
DLj34EIZ_7o,Action_game
DLj34EIZ_7o,Video_game_culture
DMKfo_6RnHw,Role-playing_video_game
DMKfo_6RnHw,Video_game_culture
DN2jBU9UfUI,Action_game
DN2jBU9UfUI,Role-playing_video_game
DN2jBU9UfUI,Video_game_culture
DNSjrFC2Mqw,Role-playing_video_game
DNSjrFC2Mqw,Video_game_culture
DPyFJTw0nKw,Action_game
DPyFJTw0nKw,Video_game_culture
DQI71BCVMuY,Action_game
DQI71BCVMuY,Role-playing_video_game
DQI71BCVMuY,Video_game_culture
DQS758nfGxI,Video_game_culture
DRY-Jv4NHnU,Sports_game
DRY-Jv4NHnU,Video_game_culture
DRbMCVx01P4,Role-playing_video_game
DRbMCVx01P4,Strategy_video_game
DRbMCVx01P4,Video_game_culture
DRom8FcnG4I,Action-adventure_game
DRom8FcnG4I,Action_game
DRom8FcnG4I,Role-playing_video_game
DRom8FcnG4I,Video_game_culture
DRs_oZyvPf8,Action-adventure_game
DRs_oZyvPf8,Video_game_culture
DSYHWkRm7I8,Video_game_culture
DSfWIXWaqJM,Action-adventure_game
DSfWIXWaqJM,Video_game_culture
DT-j21vQysY,Lifestyle_(sociology)
DTH5A3xCRI8,Video_game_culture
DUs1zb7dMwo,Video_game_culture
3ypLatlGwFo,Action-adventure_game
3ypLatlGwFo,Casual_game
3ypLatlGwFo,Role-playing_video_game
3ypLatlGwFo,Simulation_video_game
3ypLatlGwFo,Video_game_culture
3zekMXf6jsw,Action-adventure_game
3zekMXf6jsw,Action_game
3zekMXf6jsw,Video_game_culture
4-3odYFTEb4,Sports_game
4-3odYFTEb4,Video_game_culture
4-AJ0fJdTfw,Action-adventure_game
4-AJ0fJdTfw,Video_game_culture
4-n0DAsH41U,Role-playing_video_game
4-n0DAsH41U,Video_game_culture
4-n1Ieb_IIk,Action-adventure_game
4-n1Ieb_IIk,Video_game_culture
40DxQ6wC5cY,Action_game
40DxQ6wC5cY,Role-playing_video_game
40DxQ6wC5cY,Video_game_culture
40G0z5dz-ho,Action_game
40G0z5dz-ho,Strategy_video_game
40G0z5dz-ho,Video_game_culture
40SJDyYJD9Q,Action-adventure_game
40SJDyYJD9Q,Action_game
40SJDyYJD9Q,Video_game_culture
4262O22qBZg,Action-adventure_game
4262O22qBZg,Action_game
4262O22qBZg,Role-playing_video_game
4262O22qBZg,Video_game_culture
43zAMTZEtjE,Action_game
43zAMTZEtjE,Video_game_culture
455P2ZUonQM,Action-adventure_game
455P2ZUonQM,Action_game
455P2ZUonQM,Video_game_culture
46RsMnXtEw8,Action_game
46RsMnXtEw8,Video_game_culture
46kF7oHqpnY,Action_game
46kF7oHqpnY,Role-playing_video_game
46kF7oHqpnY,Video_game_culture
46pHFVvz2Qg,Action_game
46pHFVvz2Qg,Video_game_culture
47KLiNMWxFI,Action-adventure_game
47KLiNMWxFI,Action_game
47KLiNMWxFI,Video_game_culture
47j7ws7-6aA,Action_game
47j7ws7-6aA,Video_game_culture
49zmnqTmc1Q,Role-playing_video_game
49zmnqTmc1Q,Video_game_culture
4AxC27sGIe0,Electronic_music
4BacvJ57EBE,Action-adventure_game
4BacvJ57EBE,Role-playing_video_game
4BacvJ57EBE,Video_game_culture
4Bqm1nJxqhA,Action-adventure_game
4Bqm1nJxqhA,Action_game
4Bqm1nJxqhA,Role-playing_video_game
4Bqm1nJxqhA,Video_game_culture
4C86BGtLT6s,Video_game_culture
4DXHWfJk1tI,Action_game
4DXHWfJk1tI,Video_game_culture
4Di7w9yMaWg,Role-playing_video_game
4Di7w9yMaWg,Video_game_culture
4Dvt96LKu54,Action_game
4Dvt96LKu54,Strategy_video_game
4Dvt96LKu54,Video_game_culture
PXp2YH5L15E,Action_game
PXp2YH5L15E,Video_game_culture
PXzpH5ZBRP4,Action_game
PXzpH5ZBRP4,Role-playing_video_game
PXzpH5ZBRP4,Video_game_culture
PZiLcnN92Jo,Action-adventure_game
PZiLcnN92Jo,Action_game
PZiLcnN92Jo,Video_game_culture
PactKlMT4v8,Action_game
PactKlMT4v8,Role-playing_video_game
PactKlMT4v8,Video_game_culture
PaiTnciuS3E,Role-playing_video_game
PaiTnciuS3E,Strategy_video_game
PaiTnciuS3E,Video_game_culture
PbxV11viLxE,Action_game
PbxV11viLxE,Role-playing_video_game
PbxV11viLxE,Video_game_culture
Pc714RBO7eI,Role-playing_video_game
Pc714RBO7eI,Strategy_video_game
Pc714RBO7eI,Video_game_culture
PcPvTalgUJc,Action_game
PcPvTalgUJc,Sports_game
PcPvTalgUJc,Strategy_video_game
PcPvTalgUJc,Video_game_culture
Pdb66qr7uzY,Sports_game
Pdb66qr7uzY,Video_game_culture
PdgkfoIQ4Q4,Action-adventure_game
PdgkfoIQ4Q4,Action_game
PdgkfoIQ4Q4,Video_game_culture
PdlzRqjDzTI,Action_game
PdlzRqjDzTI,Video_game_culture
Pdt5sN8dHvY,Video_game_culture
PeDnrvswT9M,Sports_game
PeDnrvswT9M,Video_game_culture
PfXs33Os3b8,Role-playing_video_game
PfXs33Os3b8,Video_game_culture
PfzwFVYVdik,Action-adventure_game
PfzwFVYVdik,Video_game_culture
Pg4i264ukUc,Action_game
Pg4i264ukUc,Strategy_video_game
Pg4i264ukUc,Video_game_culture
PgI53jChwM8,Sports_game
PgI53jChwM8,Video_game_culture
PgNYBrgjAqM,Action_game
PgNYBrgjAqM,Role-playing_video_game
PgNYBrgjAqM,Video_game_culture
PimAvUydrMY,Action_game
PimAvUydrMY,Video_game_culture
Pixg-03-10w,Action_game
Pixg-03-10w,Video_game_culture
PjGB8UNjTEo,Action_game
PjGB8UNjTEo,Video_game_culture
PjPlK9GMX_k,Video_game_culture
PkgG3DjyqmY,Action-adventure_game
PkgG3DjyqmY,Action_game
PkgG3DjyqmY,Role-playing_video_game
PkgG3DjyqmY,Video_game_culture
PlWKEQpgEwU,Video_game_culture
PlZYLrcZ6BQ,Video_game_culture
fHBWSIt1Pg0,Video_game_culture
fIf0NEDrgnY,Role-playing_video_game
fIf0NEDrgnY,Video_game_culture
fIiWd79aBjs,Sports_game
fIiWd79aBjs,Video_game_culture
fIikZMRm_wA,Action-adventure_game
fIikZMRm_wA,Action_game
fIikZMRm_wA,Role-playing_video_game
fIikZMRm_wA,Video_game_culture
fJBW65qdI8s,Action-adventure_game
fJBW65qdI8s,Action_game
fJBW65qdI8s,Role-playing_video_game
fJBW65qdI8s,Strategy_video_game
fJBW65qdI8s,Video_game_culture
fJZauJnGUVc,Action_game
fJZauJnGUVc,Video_game_culture
fLNNNn8Jf7E,Action-adventure_game
fLNNNn8Jf7E,Action_game
fLNNNn8Jf7E,Video_game_culture
fLSH7LyvXf8,Role-playing_video_game
fLSH7LyvXf8,Video_game_culture
fLbw0Kcs2s8,Action-adventure_game
fLbw0Kcs2s8,Action_game
fLbw0Kcs2s8,Video_game_culture
fLt5z6x-7d4,Action_game
fLt5z6x-7d4,Strategy_video_game
fLt5z6x-7d4,Video_game_culture
fMg6PvglyhY,Video_game_culture
fOMv8GOndhg,Sports_game
fOMv8GOndhg,Video_game_culture
fP7hsseqJOs,Music
fP90qJdDmi8,Action-adventure_game
fP90qJdDmi8,Simulation_video_game
fP90qJdDmi8,Video_game_culture
fPd7ibqaSQM,Action_game
fPd7ibqaSQM,Role-playing_video_game
fPd7ibqaSQM,Video_game_culture
fQ6HMLpd4AE,Role-playing_video_game
fQ6HMLpd4AE,Video_game_culture
fQbf8-9CAPM,Action_game
fQbf8-9CAPM,Strategy_video_game
fQbf8-9CAPM,Video_game_culture
fQqRGlMFhfo,Video_game_culture
fQy6vkIDfis,Action_game
fQy6vkIDfis,Video_game_culture
fSPsbj4KUfY,Action-adventure_game
fSPsbj4KUfY,Action_game
fSPsbj4KUfY,Role-playing_video_game
fSPsbj4KUfY,Video_game_culture
fSxN9UaUCVc,Action_game
fSxN9UaUCVc,Video_game_culture
fTEGfuN9UeM,Action_game
fTEGfuN9UeM,Video_game_culture
fTVs14GY34w,Action_game
fTVs14GY34w,Role-playing_video_game
fTVs14GY34w,Strategy_video_game
fTVs14GY34w,Video_game_culture
dNqAn7FJGaI,Action_game
dNqAn7FJGaI,Role-playing_video_game
dNqAn7FJGaI,Video_game_culture
dNvSO6Cjyuc,Video_game_culture
dNyaxVyP1Qk,Strategy_video_game
dNyaxVyP1Qk,Video_game_culture
dOib2Yk9h6Y,Video_game_culture
dPnm2r9fqOE,Role-playing_video_game
dPnm2r9fqOE,Video_game_culture
dQOzf6fRjuI,Entertainment
dQYogCh_rnc,Entertainment
dQoh7Oheuog,Action_game
dQoh7Oheuog,Role-playing_video_game
dQoh7Oheuog,Strategy_video_game
dQoh7Oheuog,Video_game_culture
dR4Q5NYLmds,Video_game_culture
dRF7RooPRwk,Action_game
dRF7RooPRwk,Role-playing_video_game
dRF7RooPRwk,Video_game_culture
dRHTDhvs3P0,Action-adventure_game
dRHTDhvs3P0,Action_game
dRHTDhvs3P0,Video_game_culture
dRZMaf2rakM,Sports_game
dRZMaf2rakM,Video_game_culture
dRmUZW3Q5GM,Action-adventure_game
dRmUZW3Q5GM,Action_game
dRmUZW3Q5GM,Role-playing_video_game
dRmUZW3Q5GM,Video_game_culture
dS51HDhFRow,Role-playing_video_game
dS51HDhFRow,Video_game_culture
dSgK4iP4VBA,Action_game
dSgK4iP4VBA,Video_game_culture
dT-9IdtdVqA,Action-adventure_game
dT-9IdtdVqA,Action_game
dT-9IdtdVqA,Role-playing_video_game
dT-9IdtdVqA,Video_game_culture
dTD53p1majE,Video_game_culture
dTwAT7x84Xc,Video_game_culture
dV4cooOUTyE,Action_game
dV4cooOUTyE,Role-playing_video_game
dV4cooOUTyE,Strategy_video_game
dV4cooOUTyE,Video_game_culture
dXGDaTyoro8,Role-playing_video_game
dXGDaTyoro8,Strategy_video_game
dXGDaTyoro8,Video_game_culture
dYM7zIbfTws,Association_football
dYM7zIbfTws,Sport
dZ35_YoYZlU,Association_football
dZ35_YoYZlU,Sport
dZYyFATr_HQ,Role-playing_video_game
dZYyFATr_HQ,Strategy_video_game
dZYyFATr_HQ,Video_game_culture
dZdtILAfdys,Action_game
dZdtILAfdys,Strategy_video_game
dZdtILAfdys,Video_game_culture
dZl1RzyDxo8,Video_game_culture
d_aXJpDyMZg,Action_game
d_aXJpDyMZg,Video_game_culture
dagwJGu0_ws,Action_game
dagwJGu0_ws,Role-playing_video_game
dagwJGu0_ws,Strategy_video_game
dagwJGu0_ws,Video_game_culture
26j2eFR-JhE,Role-playing_video_game
26j2eFR-JhE,Video_game_culture
282SU9PWnfo,Action_game
282SU9PWnfo,Role-playing_video_game
282SU9PWnfo,Video_game_culture
28yGFTN6dEY,Sports_game
28yGFTN6dEY,Video_game_culture
29TP7LiFAeU,Action-adventure_game
29TP7LiFAeU,Action_game
29TP7LiFAeU,Role-playing_video_game
29TP7LiFAeU,Video_game_culture
2BqTWVbzwFc,Sports_game
2BqTWVbzwFc,Video_game_culture
2ByK5yO-gPw,Video_game_culture
2DCpAJAyNQw,Sports_game
2DCpAJAyNQw,Video_game_culture
2DVYWdEG9_M,Video_game_culture
2Dju62SFsU8,Action-adventure_game
2Dju62SFsU8,Action_game
2Dju62SFsU8,Role-playing_video_game
2Dju62SFsU8,Video_game_culture
2EP5WJlw4c8,Video_game_culture
2FOEtjKqESc,Video_game_culture
2GrFyc6jygw,Sports_game
2GrFyc6jygw,Video_game_culture
2GtU0Ps-MQc,Action-adventure_game
2GtU0Ps-MQc,Action_game
2GtU0Ps-MQc,Role-playing_video_game
2GtU0Ps-MQc,Video_game_culture
2H2COWgf7Jg,Action-adventure_game
2H2COWgf7Jg,Action_game
2H2COWgf7Jg,Video_game_culture
2HObJgW1J-0,Role-playing_video_game
2HObJgW1J-0,Strategy_video_game
2HObJgW1J-0,Video_game_culture
2HP31aVwe0A,Video_game_culture
2Hc4qs2bhZY,Action_game
2Hc4qs2bhZY,Video_game_culture
2Hi-3ewiTvY,Action_game
2Hi-3ewiTvY,Strategy_video_game
2Hi-3ewiTvY,Video_game_culture
2I-SzWisfUs,Action-adventure_game
2I-SzWisfUs,Action_game
2I-SzWisfUs,Role-playing_video_game
2I-SzWisfUs,Video_game_culture
2ICWrSH8pmM,Action_game
2ICWrSH8pmM,Video_game_culture
2IQZHFWtUg0,Role-playing_video_game
2IQZHFWtUg0,Video_game_culture
2JA8jULp9iE,Sport
2JzaA5jNy78,Role-playing_video_game
2JzaA5jNy78,Video_game_culture
2KHD2_bl3MY,Action_game
2KHD2_bl3MY,Video_game_culture
2MC1V-RTXGI,Video_game_culture
2NFNm9X1ILA,Action-adventure_game
2NFNm9X1ILA,Action_game
2NFNm9X1ILA,Role-playing_video_game
2NFNm9X1ILA,Video_game_culture
2OqSPffCdpg,Action-adventure_game
2OqSPffCdpg,Action_game
2OqSPffCdpg,Video_game_culture
DkIUPm3Ak6c,Sports_game
DkIUPm3Ak6c,Video_game_culture
DkWTTCJDzZk,Sports_game
DkWTTCJDzZk,Video_game_culture
Dl9kMN838nU,Action_game
Dl9kMN838nU,Video_game_culture
DmDMFtGdiKY,Action_game
DmDMFtGdiKY,Strategy_video_game
DmDMFtGdiKY,Video_game_culture
Dmns00BUUeI,Action_game
Dmns00BUUeI,Video_game_culture
DoTHZBpIGnY,Action_game
DoTHZBpIGnY,Video_game_culture
DoZoPUeSLdw,Action_game
DoZoPUeSLdw,Video_game_culture
Doi3udTBoDs,Role-playing_video_game
Doi3udTBoDs,Strategy_video_game
Doi3udTBoDs,Video_game_culture
DpkXiBrwCvY,Association_football
DpkXiBrwCvY,Sport
Dpp92Dhu4iI,Video_game_culture
DqNw8e_FgzE,Entertainment
DqNw8e_FgzE,Film
DqPq7D4ooqY,Action_game
DqPq7D4ooqY,Video_game_culture
DqVcmNEQAqU,Action_game
DqVcmNEQAqU,Video_game_culture
DrvIzcAVgxM,Action_game
DrvIzcAVgxM,Role-playing_video_game
DrvIzcAVgxM,Video_game_culture
DrzQKRcRPvQ,Action_game
DrzQKRcRPvQ,Strategy_video_game
DrzQKRcRPvQ,Video_game_culture
DsjAYG8VVGM,Action-adventure_game
DsjAYG8VVGM,Role-playing_video_game
DsjAYG8VVGM,Video_game_culture
DtF6bFEE8iA,Action-adventure_game
DtF6bFEE8iA,Action_game
DtF6bFEE8iA,Video_game_culture
DtFC0BsWRQE,Action_game
DtFC0BsWRQE,Video_game_culture
DtY8ndt-IO8,Lifestyle_(sociology)
Du1riZN3T8A,Sports_game
Du1riZN3T8A,Video_game_culture
Ducx1U5y7FE,Casual_game
Ducx1U5y7FE,Simulation_video_game
Ducx1U5y7FE,Video_game_culture
DvtZhqHd_ng,Action_game
DvtZhqHd_ng,Role-playing_video_game
DvtZhqHd_ng,Video_game_culture
Dw_njv6_sCg,Action_game
Dw_njv6_sCg,Role-playing_video_game
Dw_njv6_sCg,Strategy_video_game
Dw_njv6_sCg,Video_game_culture
DxMf5saKxnQ,Video_game_culture
DyUnD9IeecY,Action_game
DyUnD9IeecY,Role-playing_video_game
DyUnD9IeecY,Strategy_video_game
DyUnD9IeecY,Video_game_culture
DzMBFeK2mNI,Action_game
DzMBFeK2mNI,Role-playing_video_game
DzMBFeK2mNI,Video_game_culture
DzaYci-y7tk,Sports_game
DzaYci-y7tk,Video_game_culture
0cM44jJ78QQ,Action-adventure_game
0cM44jJ78QQ,Action_game
0cM44jJ78QQ,Video_game_culture
0cixfj5MhXE,Action_game
0cixfj5MhXE,Role-playing_video_game
0cixfj5MhXE,Strategy_video_game
0cixfj5MhXE,Video_game_culture
0d3QG3-zOmQ,Video_game_culture
0d5Wky93_ew,Action-adventure_game
0d5Wky93_ew,Casual_game
0d5Wky93_ew,Simulation_video_game
0d5Wky93_ew,Video_game_culture
0dhWGs1m8q4,Action_game
0dhWGs1m8q4,Role-playing_video_game
0dhWGs1m8q4,Strategy_video_game
0dhWGs1m8q4,Video_game_culture
0e0mgMZ_YyI,Action_game
0e0mgMZ_YyI,Video_game_culture
0emmlN6YzZA,Association_football
0emmlN6YzZA,Sport
0fDwnTmx_JA,Action_game
0fDwnTmx_JA,Casual_game
0fDwnTmx_JA,Role-playing_video_game
0fDwnTmx_JA,Video_game_culture
0fZRYhPSZ8A,Video_game_culture
0h96LxhxYH8,Action-adventure_game
0h96LxhxYH8,Action_game
0h96LxhxYH8,Role-playing_video_game
0h96LxhxYH8,Video_game_culture
0hrpT5gvjYY,Action_game
0hrpT5gvjYY,Strategy_video_game
0hrpT5gvjYY,Video_game_culture
0iQDVC1qUVE,Action_game
0iQDVC1qUVE,Video_game_culture
0jtkKI-jBs4,Video_game_culture
0k1EtiYUOOM,Action_game
0k1EtiYUOOM,Role-playing_video_game
0k1EtiYUOOM,Video_game_culture
0l9eh_XPKfI,Action_game
0l9eh_XPKfI,Role-playing_video_game
0l9eh_XPKfI,Strategy_video_game
0l9eh_XPKfI,Video_game_culture
0lBN1H88Pkg,Action_game
0lBN1H88Pkg,Role-playing_video_game
0lBN1H88Pkg,Strategy_video_game
0lBN1H88Pkg,Video_game_culture
0mVBk2RVITc,Action_game
0mVBk2RVITc,Role-playing_video_game
0mVBk2RVITc,Video_game_culture
0mjiALQrWrA,Action-adventure_game
0mjiALQrWrA,Action_game
0mjiALQrWrA,Role-playing_video_game
0mjiALQrWrA,Video_game_culture
0n7EG4PkNxk,Action-adventure_game
0n7EG4PkNxk,Action_game
0n7EG4PkNxk,Video_game_culture
0nk8ZxOPZjs,Association_football
0nk8ZxOPZjs,Sport
0o4tqYWSwLY,Sports_game
0o4tqYWSwLY,Video_game_culture
0otoNhMx060,Strategy_video_game
0otoNhMx060,Video_game_culture
0p7ei_vIQyg,Video_game_culture
35BRjni0tsQ,Association_football
35BRjni0tsQ,Sport
35NKnZM9Mn0,Video_game_culture
35Z3iA6fVg0,Sports_game
35Z3iA6fVg0,Video_game_culture
36BqW866rBA,Role-playing_video_game
36BqW866rBA,Video_game_culture
378gYonw7_U,Action-adventure_game
378gYonw7_U,Action_game
378gYonw7_U,Role-playing_video_game
378gYonw7_U,Video_game_culture
37G9swEL44s,Action_game
37G9swEL44s,Role-playing_video_game
37G9swEL44s,Video_game_culture
38b3G9KDhC4,Action-adventure_game
38b3G9KDhC4,Action_game
38b3G9KDhC4,Video_game_culture
38b4ha8kZlw,Sports_game
38b4ha8kZlw,Video_game_culture
39H9fM8OnuE,Action-adventure_game
39H9fM8OnuE,Role-playing_video_game
39H9fM8OnuE,Video_game_culture
39Trojt2bIw,Action_game
39Trojt2bIw,Video_game_culture
39sNi-st2jo,Politics
39sNi-st2jo,Society
3A7FnoS2Xlo,Video_game_culture
3AHKMewma_w,Role-playing_video_game
3AHKMewma_w,Video_game_culture
3ANgYpSCf_c,Action_game
3ANgYpSCf_c,Video_game_culture
3B1gdT3Ysl8,Action-adventure_game
3B1gdT3Ysl8,Action_game
3B1gdT3Ysl8,Role-playing_video_game
3B1gdT3Ysl8,Video_game_culture
3BG5wKgKr-M,Video_game_culture
3BZ3-iMnoEw,Action-adventure_game
3BZ3-iMnoEw,Action_game
3BZ3-iMnoEw,Video_game_culture
3C2ElBjx6m0,Action_game
3C2ElBjx6m0,Video_game_culture
3CTpUE3d5FA,Action_game
3CTpUE3d5FA,Strategy_video_game
3CTpUE3d5FA,Video_game_culture
3D35hNUkwY8,Action-adventure_game
3D35hNUkwY8,Action_game
3D35hNUkwY8,Video_game_culture
3D6LDlJ-0T0,Action_game
3D6LDlJ-0T0,Video_game_culture
3DsxU6wOd-U,Association_football
3DsxU6wOd-U,Sport
3FFtO4SBKrU,Strategy_video_game
3FFtO4SBKrU,Video_game_culture
3G4zC7CRLRE,Music_video_game
3G4zC7CRLRE,Video_game_culture
3GZdi4JYSV8,Action-adventure_game
3GZdi4JYSV8,Action_game
3GZdi4JYSV8,Role-playing_video_game
3GZdi4JYSV8,Video_game_culture
3GkGldK9HKA,Casual_game
3GkGldK9HKA,Strategy_video_game
3GkGldK9HKA,Video_game_culture
3GlmY9sqt8w,Video_game_culture
3IJmVjknQt0,Action-adventure_game
3IJmVjknQt0,Action_game
3IJmVjknQt0,Video_game_culture
3Iq2TLqVil8,Video_game_culture
3Ismh7J7FiM,Simulation_video_game
3Ismh7J7FiM,Video_game_culture
3IvgLOA0vXs,Sports_game
3IvgLOA0vXs,Video_game_culture
sC5rKm201x0,Action_game
sC5rKm201x0,Role-playing_video_game
sC5rKm201x0,Video_game_culture
sC90BZJpKH0,Association_football
sC90BZJpKH0,Sport
sCQOew2wGkM,Action_game
sCQOew2wGkM,Strategy_video_game
sCQOew2wGkM,Video_game_culture
sClQe-6JDM8,Role-playing_video_game
sClQe-6JDM8,Video_game_culture
sD_OhLaT0DQ,Action_game
sD_OhLaT0DQ,Role-playing_video_game
sD_OhLaT0DQ,Strategy_video_game
sD_OhLaT0DQ,Video_game_culture
sENL10FYSPY,Action-adventure_game
sENL10FYSPY,Action_game
sENL10FYSPY,Video_game_culture
sGjCfwW1j7Y,Action-adventure_game
sGjCfwW1j7Y,Action_game
sGjCfwW1j7Y,Video_game_culture
sGluH1g-JBQ,Action_game
sGluH1g-JBQ,Video_game_culture
sHFuIFYyNKU,Casual_game
sHFuIFYyNKU,Role-playing_video_game
sHFuIFYyNKU,Video_game_culture
sJ-YgtQVUbo,Video_game_culture
sJEpc0yWap8,Video_game_culture
sJfMMPJc6pg,Action-adventure_game
sJfMMPJc6pg,Action_game
sJfMMPJc6pg,Role-playing_video_game
sJfMMPJc6pg,Video_game_culture
sLP_rj0iovY,Role-playing_video_game
sLP_rj0iovY,Strategy_video_game
sLP_rj0iovY,Video_game_culture
sLeb_SHYAyI,Association_football
sLeb_SHYAyI,Sport
sNOJ07ftqjY,Action_game
sNOJ07ftqjY,Strategy_video_game
sNOJ07ftqjY,Video_game_culture
sOiyKiCzEp0,Sports_game
sOiyKiCzEp0,Video_game_culture
sOoF3NCPmso,Video_game_culture
sOzte2i5WPY,Action_game
sOzte2i5WPY,Strategy_video_game
sOzte2i5WPY,Video_game_culture
sPcK6WTE3fA,Action_game
sPcK6WTE3fA,Video_game_culture
sQjiXiceqqA,Sports_game
sQjiXiceqqA,Video_game_culture
6SH4ISjz6JQ,Action_game
6SH4ISjz6JQ,Role-playing_video_game
6SH4ISjz6JQ,Video_game_culture
6SX8k8waf5c,Video_game_culture
6TEeDW8xHN8,Strategy_video_game
6TEeDW8xHN8,Video_game_culture
6TmH5d0HKbw,Action_game
6TmH5d0HKbw,Video_game_culture
6UCD2xV7XDs,Action_game
6UCD2xV7XDs,Role-playing_video_game
6UCD2xV7XDs,Strategy_video_game
6UCD2xV7XDs,Video_game_culture
6V7maNpJAu8,Action-adventure_game
6V7maNpJAu8,Action_game
6V7maNpJAu8,Video_game_culture
6WIsMhE58Ss,Action-adventure_game
6WIsMhE58Ss,Action_game
6WIsMhE58Ss,Role-playing_video_game
6WIsMhE58Ss,Video_game_culture
6XvnDrG3guY,Video_game_culture
6YOKxGNLf20,Action_game
6YOKxGNLf20,Video_game_culture
6YUQJhG3a9w,Action-adventure_game
6YUQJhG3a9w,Action_game
6YUQJhG3a9w,Video_game_culture
6Yr7_cELstU,Role-playing_video_game
6Yr7_cELstU,Video_game_culture
6ZhSeEO6XAw,Role-playing_video_game
6ZhSeEO6XAw,Strategy_video_game
6ZhSeEO6XAw,Video_game_culture
6_4HYVEmyC4,Video_game_culture
6_fmLoqwoNg,Association_football
6_fmLoqwoNg,Sport
6a7k4HoR0m0,Action_game
6a7k4HoR0m0,Strategy_video_game
6a7k4HoR0m0,Video_game_culture
6aNs3LGpRkM,Action_game
6aNs3LGpRkM,Role-playing_video_game
6aNs3LGpRkM,Video_game_culture
6aQx0DwvwwM,Video_game_culture
6aTruEDvAQ4,Action-adventure_game
6aTruEDvAQ4,Action_game
6aTruEDvAQ4,Video_game_culture
6cekeS-RCdA,Video_game_culture
6e8BPNql8A8,Action-adventure_game
6e8BPNql8A8,Action_game
6e8BPNql8A8,Role-playing_video_game
6e8BPNql8A8,Video_game_culture
6eIiN36F81s,Action-adventure_game
6eIiN36F81s,Casual_game
6eIiN36F81s,Role-playing_video_game
6eIiN36F81s,Video_game_culture
vp0bxKGZgX0,Sport
vp7uiBzQiNA,Action_game
vp7uiBzQiNA,Strategy_video_game
vp7uiBzQiNA,Video_game_culture
vrk-8MyOo38,Action-adventure_game
vrk-8MyOo38,Action_game
vrk-8MyOo38,Video_game_culture
vs4m_kcslls,Simulation_video_game
vs4m_kcslls,Video_game_culture
vscQoT8bzgo,Role-playing_video_game
vscQoT8bzgo,Video_game_culture
vtTpwTKwe6U,Association_football
vtTpwTKwe6U,Sport
vufz5eWVzGs,Action_game
vufz5eWVzGs,Video_game_culture
vwnR-XqCB14,Video_game_culture
vx65iKjBoDQ,Video_game_culture
vx7nMDRwO98,Action-adventure_game
vx7nMDRwO98,Action_game
vx7nMDRwO98,Video_game_culture
vxYQtcprYsM,Action_game
vxYQtcprYsM,Video_game_culture
vxcYWKiGems,Action-adventure_game
vxcYWKiGems,Action_game
vxcYWKiGems,Video_game_culture
vyAvXYclv-g,Action-adventure_game
vyAvXYclv-g,Casual_game
vyAvXYclv-g,Puzzle_video_game
vyAvXYclv-g,Role-playing_video_game
vyAvXYclv-g,Video_game_culture
vzOASJml2Zg,Simulation_video_game
vzOASJml2Zg,Video_game_culture
w-PN_drcr-Q,Video_game_culture
w-iPdaplzts,Role-playing_video_game
w-iPdaplzts,Strategy_video_game
w-iPdaplzts,Video_game_culture
w0DpEdg5Ues,Video_game_culture
w0aYdyN6B58,Action-adventure_game
w0aYdyN6B58,Action_game
w0aYdyN6B58,Video_game_culture
2bjT7a38R5Q,Action_game
2bjT7a38R5Q,Video_game_culture
2cPffOYsJTE,Action-adventure_game
2cPffOYsJTE,Role-playing_video_game
2cPffOYsJTE,Video_game_culture
2cQFRTJ7Abc,Action_game
2cQFRTJ7Abc,Role-playing_video_game
2cQFRTJ7Abc,Strategy_video_game
2cQFRTJ7Abc,Video_game_culture
2cbpwL7YJz8,Action_game
2cbpwL7YJz8,Video_game_culture
2dpeIFiYdfE,Action-adventure_game
2dpeIFiYdfE,Action_game
2dpeIFiYdfE,Role-playing_video_game
2dpeIFiYdfE,Strategy_video_game
2dpeIFiYdfE,Video_game_culture
2f2CI740VIo,Action-adventure_game
2f2CI740VIo,Action_game
2f2CI740VIo,Video_game_culture
2f3LfUHJGM4,Action_game
2f3LfUHJGM4,Role-playing_video_game
2f3LfUHJGM4,Video_game_culture
2gIMpujIG14,Action-adventure_game
2gIMpujIG14,Video_game_culture
2gQ6smyM8CQ,Action_game
2gQ6smyM8CQ,Video_game_culture
2hUxKBC1Jys,Action-adventure_game
2hUxKBC1Jys,Role-playing_video_game
2hUxKBC1Jys,Video_game_culture
2heFRYm8hy0,Action_game
2heFRYm8hy0,Role-playing_video_game
2heFRYm8hy0,Video_game_culture
2hqlLUcPKFU,Role-playing_video_game
2hqlLUcPKFU,Video_game_culture
2hs7U6Oh4Nw,Video_game_culture
2i1bWJ_zQZQ,Action-adventure_game
2i1bWJ_zQZQ,Video_game_culture
2iBPqRlrYyo,Association_football
2iBPqRlrYyo,Sport
2iq0DDRJDAs,Video_game_culture
2jAO3l9JvVo,Casual_game
2jAO3l9JvVo,Video_game_culture
2k7BklIS1ls,Action-adventure_game
2k7BklIS1ls,Action_game
2k7BklIS1ls,Casual_game
2k7BklIS1ls,Role-playing_video_game
2k7BklIS1ls,Video_game_culture
2lz8iKVzFlk,Sports_game
2lz8iKVzFlk,Video_game_culture
2mKHt8yKJII,Role-playing_video_game
2mKHt8yKJII,Video_game_culture
2mVj_uM3avs,Action_game
2mVj_uM3avs,Video_game_culture
2mvrN0qm0Ik,Action_game
2mvrN0qm0Ik,Strategy_video_game
2mvrN0qm0Ik,Video_game_culture
2o6KX2T6Fi4,Action_game
2o6KX2T6Fi4,Strategy_video_game
2o6KX2T6Fi4,Video_game_culture
2oMQnULxU8w,Role-playing_video_game
2oMQnULxU8w,Video_game_culture
2oPcVJ33xP0,Video_game_culture
uug_O-4yXO8,Action_game
uug_O-4yXO8,Role-playing_video_game
uug_O-4yXO8,Video_game_culture
uwFTpd4jCJU,Action-adventure_game
uwFTpd4jCJU,Action_game
uwFTpd4jCJU,Video_game_culture
uyLZkPbgrg4,Role-playing_video_game
uyLZkPbgrg4,Video_game_culture
uySDd6N_eqs,Role-playing_video_game
uySDd6N_eqs,Video_game_culture
uyiUtp7fTWE,Video_game_culture
uyq9vWP58tk,Music
uzdJoZhiXcc,Action_game
uzdJoZhiXcc,Video_game_culture
uzlmp4Qi39U,Role-playing_video_game
uzlmp4Qi39U,Video_game_culture
v-7QLJWI9_8,Association_football
v-7QLJWI9_8,Sport
v-B3rUjTuwc,Action-adventure_game
v-B3rUjTuwc,Action_game
v-B3rUjTuwc,Role-playing_video_game
v-B3rUjTuwc,Video_game_culture
v0cYKnAwYfo,Action-adventure_game
v0cYKnAwYfo,Role-playing_video_game
v0cYKnAwYfo,Video_game_culture
v1MX7sH46e0,Action_game
v1MX7sH46e0,Role-playing_video_game
v1MX7sH46e0,Strategy_video_game
v1MX7sH46e0,Video_game_culture
v2KOfCPYfhg,Action-adventure_game
v2KOfCPYfhg,Action_game
v2KOfCPYfhg,Role-playing_video_game
v2KOfCPYfhg,Video_game_culture
v2qVE-lRq3A,Role-playing_video_game
v2qVE-lRq3A,Video_game_culture
v4JvUU5uIJg,Action_game
v4JvUU5uIJg,Role-playing_video_game
v4JvUU5uIJg,Video_game_culture
v5cobJ8kMh8,Sports_game
v5cobJ8kMh8,Video_game_culture
v6E63ziN0lA,Action_game
v6E63ziN0lA,Role-playing_video_game
v6E63ziN0lA,Strategy_video_game
v6E63ziN0lA,Video_game_culture
v7c-NnV51Ko,Action_game
v7c-NnV51Ko,Video_game_culture
v8L_1klNyaM,Action_game
v8L_1klNyaM,Role-playing_video_game
v8L_1klNyaM,Sports_game
v8L_1klNyaM,Strategy_video_game
v8L_1klNyaM,Video_game_culture
v8iSUWZaKTc,Video_game_culture
v9HJq8hRWaY,Video_game_culture
v9pvWSjHJKg,Action_game
v9pvWSjHJKg,Strategy_video_game
v9pvWSjHJKg,Video_game_culture
lDVDjMMOSUg,Action_game
lDVDjMMOSUg,Strategy_video_game
lDVDjMMOSUg,Video_game_culture
lDYcvbcZ0ik,Role-playing_video_game
lDYcvbcZ0ik,Video_game_culture
lFdf9uIWzmo,Video_game_culture
lFwzyVfbBI4,Video_game_culture
lG31HKC5tT0,Video_game_culture
lG73voqu5nw,Video_game_culture
lHDaYERUYW0,Video_game_culture
lHerZTVzwyU,Action_game
lHerZTVzwyU,Role-playing_video_game
lHerZTVzwyU,Strategy_video_game
lHerZTVzwyU,Video_game_culture
lHq_oc6jp1s,Action_game
lHq_oc6jp1s,Video_game_culture
lJ9U4-UovWU,Action-adventure_game
lJ9U4-UovWU,Action_game
lJ9U4-UovWU,Video_game_culture
lJFCvRs_u5Q,Sports_game
lJFCvRs_u5Q,Video_game_culture
lJkS2hT2U3s,Action_game
lJkS2hT2U3s,Strategy_video_game
lJkS2hT2U3s,Video_game_culture
lK17DOjB2sU,Role-playing_video_game
lK17DOjB2sU,Video_game_culture
lK7kR2NJ-_4,Action_game
lK7kR2NJ-_4,Role-playing_video_game
lK7kR2NJ-_4,Strategy_video_game
lK7kR2NJ-_4,Video_game_culture
lKLySOim3uY,Sports_game
lKLySOim3uY,Video_game_culture
lL2jdPeHMCU,Music_video_game
lL2jdPeHMCU,Video_game_culture
lL4PZ0sxGmc,Action_game
lL4PZ0sxGmc,Role-playing_video_game
lL4PZ0sxGmc,Video_game_culture
lL6_71dquEg,Lifestyle_(sociology)
lLZ8Ww3kvK8,Entertainment
lLbbog-jGm0,Action-adventure_game
lLbbog-jGm0,Action_game
lLbbog-jGm0,Video_game_culture
lM9VPYREkyw,Association_football
lM9VPYREkyw,Sport
lOnjIarOQ9g,Action-adventure_game
lOnjIarOQ9g,Action_game
lOnjIarOQ9g,Role-playing_video_game
lOnjIarOQ9g,Video_game_culture
lOyGrS9l1M0,Sports_game
lOyGrS9l1M0,Video_game_culture
lQSGpfv9mgQ,Action_game
lQSGpfv9mgQ,Strategy_video_game
lQSGpfv9mgQ,Video_game_culture
lQbE5CfTrrU,Strategy_video_game
lQbE5CfTrrU,Video_game_culture
lRRIjUn1sGc,Role-playing_video_game
lRRIjUn1sGc,Video_game_culture
vO4ZSNkeWYs,Action_game
vO4ZSNkeWYs,Video_game_culture
vOKjr8dAwHQ,Action_game
vOKjr8dAwHQ,Video_game_culture
vOhCSnux-O0,Video_game_culture
vP-vBi4pJnI,Role-playing_video_game
vP-vBi4pJnI,Video_game_culture
vQEiToa6yPc,Sports_game
vQEiToa6yPc,Video_game_culture
vQf20Ny2Xz0,Simulation_video_game
vQf20Ny2Xz0,Video_game_culture
vQnRrVW9ELI,Sports_game
vQnRrVW9ELI,Video_game_culture
vQqSWOVCOm4,Action-adventure_game
vQqSWOVCOm4,Video_game_culture
vQvLDD80MSs,Video_game_culture
vRA0gSBXZ5M,Action_game
vRA0gSBXZ5M,Strategy_video_game
vRA0gSBXZ5M,Video_game_culture
vRtuLatnRYE,Action-adventure_game
vRtuLatnRYE,Video_game_culture
vS9Qz_gAnak,Action_game
vS9Qz_gAnak,Video_game_culture
vS_0iXpNNgo,Action_game
vS_0iXpNNgo,Video_game_culture
vTdqVidaxg4,Video_game_culture
vTokY4w3tHs,Association_football
vTokY4w3tHs,Sport
vUmE2Eyvkzo,Video_game_culture
vVAiZlrOGto,Action-adventure_game
vVAiZlrOGto,Video_game_culture
vXJPY2rnL_I,Video_game_culture
vXnUd7nuCRA,Action-adventure_game
vXnUd7nuCRA,Role-playing_video_game
vXnUd7nuCRA,Video_game_culture
vXrkm0X_IVo,Role-playing_video_game
vXrkm0X_IVo,Video_game_culture
vYjkL3JWPgw,Role-playing_video_game
vYjkL3JWPgw,Strategy_video_game
vYjkL3JWPgw,Video_game_culture
vZmBM3P4yqw,Video_game_culture
v_IbdrqTA6Q,Role-playing_video_game
v_IbdrqTA6Q,Strategy_video_game
v_IbdrqTA6Q,Video_game_culture
v_gUJOJC7lo,Action-adventure_game
v_gUJOJC7lo,Action_game
v_gUJOJC7lo,Role-playing_video_game
v_gUJOJC7lo,Video_game_culture
Jmm08M1QRF4,Action-adventure_game
Jmm08M1QRF4,Action_game
Jmm08M1QRF4,Video_game_culture
Jn02CmY0yt4,Action-adventure_game
Jn02CmY0yt4,Action_game
Jn02CmY0yt4,Casual_game
Jn02CmY0yt4,Puzzle_video_game
Jn02CmY0yt4,Role-playing_video_game
Jn02CmY0yt4,Video_game_culture
JnNyLOdE8qI,Action_game
JnNyLOdE8qI,Video_game_culture
JnoxbvxBFIk,Role-playing_video_game
JnoxbvxBFIk,Video_game_culture
JnsYEpBsUtI,Action_game
JnsYEpBsUtI,Video_game_culture
JnytBucYVSQ,Sports_game
JnytBucYVSQ,Video_game_culture
JpQSW_xJMwQ,Video_game_culture
JqEtf-c8DH4,Action_game
JqEtf-c8DH4,Role-playing_video_game
JqEtf-c8DH4,Video_game_culture
JqW2dEOwCak,Association_football
JqW2dEOwCak,Sport
JqXigazmP8M,Strategy_video_game
JqXigazmP8M,Video_game_culture
JrGqbYQxjDc,Sports_game
JrGqbYQxjDc,Video_game_culture
Jt3aLRmNC8M,Action_game
Jt3aLRmNC8M,Role-playing_video_game
Jt3aLRmNC8M,Strategy_video_game
Jt3aLRmNC8M,Video_game_culture
JtnRNeK-ElE,Video_game_culture
Jtwd14hKtnY,Entertainment
JuEWh41PSnk,Action_game
JuEWh41PSnk,Video_game_culture
JyaXh4W-Lmk,Action_game
JyaXh4W-Lmk,Role-playing_video_game
JyaXh4W-Lmk,Strategy_video_game
JyaXh4W-Lmk,Video_game_culture
JybOrHcZEoM,Strategy_video_game
JybOrHcZEoM,Video_game_culture
y4ivM5rogd8,Role-playing_video_game
y4ivM5rogd8,Video_game_culture
y5i8FkMGYeQ,Association_football
y5i8FkMGYeQ,Sport
y5urC-3kR24,Sports_game
y5urC-3kR24,Video_game_culture
y61ZElPMwEI,Action-adventure_game
y61ZElPMwEI,Role-playing_video_game
y61ZElPMwEI,Video_game_culture
y6GdgPxE-FU,Video_game_culture
y6JmSn1wlfM,Sports_game
y6JmSn1wlfM,Video_game_culture
y6W19f2hQL4,Action-adventure_game
y6W19f2hQL4,Action_game
y6W19f2hQL4,Video_game_culture
y7ScJWSTF2o,Action_game
y7ScJWSTF2o,Role-playing_video_game
y7ScJWSTF2o,Video_game_culture
y8xgEEIBCtA,Action-adventure_game
y8xgEEIBCtA,Video_game_culture
y9P6f20SZt4,Action-adventure_game
y9P6f20SZt4,Action_game
y9P6f20SZt4,Puzzle_video_game
y9P6f20SZt4,Video_game_culture
y9eSCFeZksA,Action_game
y9eSCFeZksA,Role-playing_video_game
y9eSCFeZksA,Strategy_video_game
y9eSCFeZksA,Video_game_culture
y9gtFxvH9t8,Sport
y9mcplgr370,Music_video_game
y9mcplgr370,Video_game_culture
yAdUCwv9Its,Action_game
yAdUCwv9Its,Video_game_culture
yAhN5zLBUBQ,Action_game
yAhN5zLBUBQ,Strategy_video_game
yAhN5zLBUBQ,Video_game_culture
yCjRvqdBfBw,Action_game
yCjRvqdBfBw,Strategy_video_game
yCjRvqdBfBw,Video_game_culture
yCqQb0RHtBQ,Association_football
yCqQb0RHtBQ,Sport
yCv8GFcEBbk,Action_game
yCv8GFcEBbk,Role-playing_video_game
yCv8GFcEBbk,Video_game_culture
yDBegigpLtE,Video_game_culture
yDYfcjGqQT0,Action_game
yDYfcjGqQT0,Strategy_video_game
yDYfcjGqQT0,Video_game_culture
yF-NUT6hDOc,Action-adventure_game
yF-NUT6hDOc,Action_game
yF-NUT6hDOc,Video_game_culture
yFLZn1d50DM,Action-adventure_game
yFLZn1d50DM,Action_game
yFLZn1d50DM,Role-playing_video_game
yFLZn1d50DM,Video_game_culture
yFxiFKJ2Oq8,Video_game_culture
yG5f06K1_SU,Role-playing_video_game
yG5f06K1_SU,Video_game_culture
yHQ3SUo54yU,Action_game
yHQ3SUo54yU,Role-playing_video_game
yHQ3SUo54yU,Video_game_culture
yHQeSOu9Cqk,Role-playing_video_game
yHQeSOu9Cqk,Video_game_culture
rjM0geJ0K-o,Action_game
rjM0geJ0K-o,Video_game_culture
rkEa_Dx9vKM,Video_game_culture
rkLb6MLx4y0,Video_game_culture
rkPgQ_i2mnw,Video_game_culture
rl4T2VYGF3Y,Video_game_culture
rl9U38NrCfU,Action_game
rl9U38NrCfU,Video_game_culture
rlbWnlNinP8,Action_game
rlbWnlNinP8,Role-playing_video_game
rlbWnlNinP8,Video_game_culture
rlgxcwNLHAA,Action_game
rlgxcwNLHAA,Video_game_culture
rmxWPlyJzHE,Action_game
rmxWPlyJzHE,Strategy_video_game
rmxWPlyJzHE,Video_game_culture
rnc2CTGiH7k,Action_game
rnc2CTGiH7k,Role-playing_video_game
rnc2CTGiH7k,Strategy_video_game
rnc2CTGiH7k,Video_game_culture
rnzIMm6Tl7k,Action-adventure_game
rnzIMm6Tl7k,Action_game
rnzIMm6Tl7k,Video_game_culture
rosMIM9hDxw,Action_game
rosMIM9hDxw,Video_game_culture
rpjfo3yPfzI,Sports_game
rpjfo3yPfzI,Video_game_culture
rq11-riuUtc,Role-playing_video_game
rq11-riuUtc,Video_game_culture
rrDsjXA9BLE,Action_game
rrDsjXA9BLE,Role-playing_video_game
rrDsjXA9BLE,Video_game_culture
rrVAV8nkq9I,Action_game
rrVAV8nkq9I,Video_game_culture
rsAFQfLY97o,Action_game
rsAFQfLY97o,Role-playing_video_game
rsAFQfLY97o,Strategy_video_game
rsAFQfLY97o,Video_game_culture
rsWbeBdoPLM,Action_game
rsWbeBdoPLM,Video_game_culture
ruPpRZBRI10,Action_game
ruPpRZBRI10,Video_game_culture
rvPUArbORH0,Video_game_culture
rvoUQrZkFSY,Action_game
rvoUQrZkFSY,Role-playing_video_game
rvoUQrZkFSY,Video_game_culture
rvqY0J7Tylw,Association_football
rvqY0J7Tylw,Sport
rwNxD6yVtzI,Action_game
rwNxD6yVtzI,Video_game_culture
rxudBMK5A5Y,Video_game_culture
fh8t75D4Xvw,Role-playing_video_game
fh8t75D4Xvw,Video_game_culture
fhal2NbmlHM,Video_game_culture
fheM13PLmwI,Role-playing_video_game
fheM13PLmwI,Video_game_culture
fheM13PLmwI,Action_game
fiQbewgIv8E,Action_game
fiQbewgIv8E,Video_game_culture
fj5mMrbqdNY,Action_game
fj5mMrbqdNY,Video_game_culture
fjKyi4uvfMo,Action-adventure_game
fjKyi4uvfMo,Video_game_culture
fjgwI40ikJA,Action_game
fjgwI40ikJA,Video_game_culture
fjzhfzWyHtg,Action_game
fjzhfzWyHtg,Video_game_culture
fkIsE6lbYD0,Action-adventure_game
fkIsE6lbYD0,Video_game_culture
flye_W66YZs,Video_game_culture
fm6Ewf30kNU,Action-adventure_game
fm6Ewf30kNU,Action_game
fm6Ewf30kNU,Video_game_culture
fmbhujBunqY,Action-adventure_game
fmbhujBunqY,Action_game
fmbhujBunqY,Video_game_culture
fmzQZ2gUw2g,Video_game_culture
fnCNp_-misk,Action_game
fnCNp_-misk,Video_game_culture
fo2zRGryXSU,Action_game
fo2zRGryXSU,Strategy_video_game
fo2zRGryXSU,Video_game_culture
fo4MLp6-j7E,Role-playing_video_game
fo4MLp6-j7E,Video_game_culture
fo9A3gQZmYY,Action_game
fo9A3gQZmYY,Video_game_culture
foa_6Wm7hRg,Casual_game
foa_6Wm7hRg,Video_game_culture
fohFJc9OhdA,Action_game
fohFJc9OhdA,Sports_game
fohFJc9OhdA,Strategy_video_game
fohFJc9OhdA,Video_game_culture
fpL4BDQTYXU,Action_game
fpL4BDQTYXU,Video_game_culture
fpLR4ZPxNWQ,Sports_game
fpLR4ZPxNWQ,Video_game_culture
fqHbiMiFir4,Action_game
fqHbiMiFir4,Sports_game
fqHbiMiFir4,Strategy_video_game
fqHbiMiFir4,Video_game_culture
fqX636uQ_cM,Video_game_culture
fqttuJ6pbAg,Role-playing_video_game
fqttuJ6pbAg,Video_game_culture
fr80eFqoSGQ,Action-adventure_game
fr80eFqoSGQ,Action_game
fr80eFqoSGQ,Video_game_culture
fsan8SaUCxs,Action-adventure_game
fsan8SaUCxs,Action_game
fsan8SaUCxs,Role-playing_video_game
fsan8SaUCxs,Video_game_culture
cMNAt8LG2pA,Action-adventure_game
cMNAt8LG2pA,Action_game
cMNAt8LG2pA,Video_game_culture
cNQ6y583qyo,Video_game_culture
cNcNe2ljApA,Action_game
cNcNe2ljApA,Strategy_video_game
cNcNe2ljApA,Video_game_culture
cP0UBiIZAtc,Action_game
cP0UBiIZAtc,Strategy_video_game
cP0UBiIZAtc,Video_game_culture
cQt0dELjyl4,Video_game_culture
cRWNpe2haDY,Action-adventure_game
cRWNpe2haDY,Action_game
cRWNpe2haDY,Video_game_culture
cRhiqckZg44,Casual_game
cRhiqckZg44,Video_game_culture
cRoW7J8PKP8,Role-playing_video_game
cRoW7J8PKP8,Video_game_culture
cSPu8YgTMyU,Sports_game
cSPu8YgTMyU,Video_game_culture
cSRgJ_jWCDo,Action-adventure_game
cSRgJ_jWCDo,Video_game_culture
cSXLKvVbpo4,Action_game
cSXLKvVbpo4,Video_game_culture
cStXdP31d_M,Action_game
cStXdP31d_M,Strategy_video_game
cStXdP31d_M,Video_game_culture
cSwcf3sPK7Q,Action_game
cSwcf3sPK7Q,Strategy_video_game
cSwcf3sPK7Q,Video_game_culture
cUCrRiZ8qzo,Action-adventure_game
cUCrRiZ8qzo,Action_game
cUCrRiZ8qzo,Video_game_culture
cUXx-73Dep0,Action_game
cUXx-73Dep0,Role-playing_video_game
cUXx-73Dep0,Strategy_video_game
cUXx-73Dep0,Video_game_culture
cUaEQ8yA1jY,Action-adventure_game
cUaEQ8yA1jY,Action_game
cUaEQ8yA1jY,Video_game_culture
cVKjzvtsGiU,Action-adventure_game
cVKjzvtsGiU,Action_game
cVKjzvtsGiU,Video_game_culture
cWPL2jKXCfU,Sports_game
cWPL2jKXCfU,Video_game_culture
cWS32T5AGuo,Association_football
cWS32T5AGuo,Sport
cWgEFnPPN8c,Action-adventure_game
cWgEFnPPN8c,Action_game
cWgEFnPPN8c,Video_game_culture
cWzA9u6UgwA,Action-adventure_game
cWzA9u6UgwA,Action_game
cWzA9u6UgwA,Role-playing_video_game
cWzA9u6UgwA,Video_game_culture
cXP7dRtT3bE,Action_game
cXP7dRtT3bE,Video_game_culture
cXXujO16Q-8,Action_game
cXXujO16Q-8,Video_game_culture
cY0-OZi7ORg,Action_game
cY0-OZi7ORg,Video_game_culture
cZGBM8IUKy4,Action_game
cZGBM8IUKy4,Video_game_culture
cZoe04MsXN4,Action_game
cZoe04MsXN4,Video_game_culture
cZqNM-ddbwg,Action_game
cZqNM-ddbwg,Video_game_culture
n2V2dqs2uOI,Action_game
n2V2dqs2uOI,Video_game_culture
n2Xuor9NjNI,Action_game
n2Xuor9NjNI,Strategy_video_game
n2Xuor9NjNI,Video_game_culture
n2ZK8lopylY,Action-adventure_game
n2ZK8lopylY,Role-playing_video_game
n2ZK8lopylY,Video_game_culture
n3PV-EEvgxw,Action_game
n3PV-EEvgxw,Puzzle_video_game
n3PV-EEvgxw,Role-playing_video_game
n3PV-EEvgxw,Video_game_culture
n3eY6ZUFNL4,Video_game_culture
n3wXZRb7sAk,Action-adventure_game
n3wXZRb7sAk,Video_game_culture
n4L_1ad1uxE,Action_game
n4L_1ad1uxE,Role-playing_video_game
n4L_1ad1uxE,Strategy_video_game
n4L_1ad1uxE,Video_game_culture
n5Fwg9EVKEA,Action_game
n5Fwg9EVKEA,Video_game_culture
n5Md6J_9EjY,Action_game
n5Md6J_9EjY,Sports_game
n5Md6J_9EjY,Strategy_video_game
n5Md6J_9EjY,Video_game_culture
n5_Xfvgzs7k,Action_game
n5_Xfvgzs7k,Role-playing_video_game
n5_Xfvgzs7k,Strategy_video_game
n5_Xfvgzs7k,Video_game_culture
n6UpTlcQeqw,Sports_game
n6UpTlcQeqw,Video_game_culture
n6nDYe8Qz9g,Action_game
n6nDYe8Qz9g,Video_game_culture
n6tOG7yxpMU,Action_game
n6tOG7yxpMU,Role-playing_video_game
n6tOG7yxpMU,Video_game_culture
n7c67sW8Jzk,Sports_game
n7c67sW8Jzk,Strategy_video_game
n7c67sW8Jzk,Video_game_culture
n8TK7dLaTIo,Action_game
n8TK7dLaTIo,Sports_game
n8TK7dLaTIo,Strategy_video_game
n8TK7dLaTIo,Video_game_culture
n9T8uA6qcqg,Action_game
n9T8uA6qcqg,Video_game_culture
n9ioGVwH8F4,Action-adventure_game
n9ioGVwH8F4,Action_game
n9ioGVwH8F4,Video_game_culture
n9xTJRYX8uw,Action_game
n9xTJRYX8uw,Video_game_culture
nAPIb9hE4Jc,Food
nBD7FuDxxw8,Casual_game
nBD7FuDxxw8,Video_game_culture
nCSNw7pzg-E,Action_game
nCSNw7pzg-E,Role-playing_video_game
nCSNw7pzg-E,Strategy_video_game
nCSNw7pzg-E,Video_game_culture
nCeYVdM_RhY,Video_game_culture
nCw2QKz59M4,Video_game_culture
nEIOgQCEMkE,Action-adventure_game
nEIOgQCEMkE,Role-playing_video_game
nEIOgQCEMkE,Video_game_culture
nErSdNQy_pk,Casual_game
nErSdNQy_pk,Video_game_culture
nEzO0dwvhko,Action_game
nEzO0dwvhko,Role-playing_video_game
nEzO0dwvhko,Video_game_culture
nFbJUjZWihI,Action-adventure_game
nFbJUjZWihI,Action_game
nFbJUjZWihI,Video_game_culture
nFlFIqO1dzk,Action_game
nFlFIqO1dzk,Video_game_culture
mBgmxsWyPQc,Action_game
mBgmxsWyPQc,Video_game_culture
mBmaCYZlzKU,Casual_game
mBmaCYZlzKU,Puzzle_video_game
mBmaCYZlzKU,Video_game_culture
mBsIKd9NZS0,Action-adventure_game
mBsIKd9NZS0,Action_game
mBsIKd9NZS0,Video_game_culture
mC0pe5DkqyQ,Video_game_culture
mCG2DPjyxpU,Sports_game
mCG2DPjyxpU,Video_game_culture
mCkLijNXWq0,Action_game
mCkLijNXWq0,Video_game_culture
mCogOO8v4tg,Action-adventure_game
mCogOO8v4tg,Action_game
mCogOO8v4tg,Video_game_culture
mE_XA6je4pg,Video_game_culture
mFOBo3syqcs,Action_game
mFOBo3syqcs,Video_game_culture
mFuj1sXWvoc,Action_game
mFuj1sXWvoc,Role-playing_video_game
mFuj1sXWvoc,Video_game_culture
mGXv7UfjBJc,Action_game
mGXv7UfjBJc,Role-playing_video_game
mGXv7UfjBJc,Strategy_video_game
mGXv7UfjBJc,Video_game_culture
mGY_-t1m530,Action_game
mGY_-t1m530,Video_game_culture
mHQwRMllEEw,Action_game
mHQwRMllEEw,Video_game_culture
mIaFdMbjdX0,Action_game
mIaFdMbjdX0,Video_game_culture
mIgi35GR7yM,Action_game
mIgi35GR7yM,Video_game_culture
mJg4jaoIUws,Video_game_culture
mK6TZttzUdg,Role-playing_video_game
mK6TZttzUdg,Video_game_culture
mKuGyIGjV2o,Action_game
mKuGyIGjV2o,Video_game_culture
mLxEJGGatj8,Role-playing_video_game
mLxEJGGatj8,Strategy_video_game
mLxEJGGatj8,Video_game_culture
mMHWMfgjcuQ,Action_game
mMHWMfgjcuQ,Strategy_video_game
mMHWMfgjcuQ,Video_game_culture
mMmymIIZvB4,Sports_game
mMmymIIZvB4,Video_game_culture
mMyqMpWQWEM,Action_game
mMyqMpWQWEM,Video_game_culture
mNsZmPhitCI,Action-adventure_game
mNsZmPhitCI,Action_game
mNsZmPhitCI,Role-playing_video_game
mNsZmPhitCI,Video_game_culture
mNz0gpn7eSU,Action_game
mNz0gpn7eSU,Role-playing_video_game
mNz0gpn7eSU,Video_game_culture
mOH69DcoUfo,Association_football
mOH69DcoUfo,Politics
mOH69DcoUfo,Sport
GMB-3IoxV2E,Action_game
GMB-3IoxV2E,Strategy_video_game
GMB-3IoxV2E,Video_game_culture
GO6W4LRjRtw,Action_game
GO6W4LRjRtw,Role-playing_video_game
GO6W4LRjRtw,Strategy_video_game
GO6W4LRjRtw,Video_game_culture
GPM92UxZSjE,Action-adventure_game
GPM92UxZSjE,Action_game
GPM92UxZSjE,Role-playing_video_game
GPM92UxZSjE,Video_game_culture
GP_jGD8zUHU,Action_game
GP_jGD8zUHU,Video_game_culture
GPnuM3__fuQ,Role-playing_video_game
GPnuM3__fuQ,Video_game_culture
GRq5e_hxO4U,Sports_game
GRq5e_hxO4U,Video_game_culture
GS6l2d5EdTc,Action-adventure_game
GS6l2d5EdTc,Action_game
GS6l2d5EdTc,Role-playing_video_game
GS6l2d5EdTc,Video_game_culture
GSuk2dino7E,Video_game_culture
GTedYas8H54,Action_game
GTedYas8H54,Role-playing_video_game
GTedYas8H54,Strategy_video_game
GTedYas8H54,Video_game_culture
GUi28v_W2GA,Action_game
GUi28v_W2GA,Role-playing_video_game
GUi28v_W2GA,Video_game_culture
GUm9XKEWYps,Sports_game
GUm9XKEWYps,Video_game_culture
GVVo68hnp1w,Action_game
GVVo68hnp1w,Video_game_culture
GWVgi1waEpc,Action_game
GWVgi1waEpc,Role-playing_video_game
GWVgi1waEpc,Strategy_video_game
GWVgi1waEpc,Video_game_culture
GYMbGXd09SU,Action_game
GYMbGXd09SU,Video_game_culture
GYqLksGLtGE,Video_game_culture
GYsM5j8nTNE,Action-adventure_game
GYsM5j8nTNE,Action_game
GYsM5j8nTNE,Video_game_culture
GZJ7SU9ZRxU,Sports_game
GZJ7SU9ZRxU,Video_game_culture
wf2dMx31W2s,Action_game
wf2dMx31W2s,Role-playing_video_game
wf2dMx31W2s,Video_game_culture
wfIjFZKo8r0,Role-playing_video_game
wfIjFZKo8r0,Strategy_video_game
wfIjFZKo8r0,Video_game_culture
wftL64NIfNQ,Role-playing_video_game
wftL64NIfNQ,Video_game_culture
wg95aIaJb3c,Action-adventure_game
wg95aIaJb3c,Action_game
wg95aIaJb3c,Video_game_culture
whGYKIbgNCM,Action_game
whGYKIbgNCM,Strategy_video_game
whGYKIbgNCM,Video_game_culture
whgihkv8DL8,Action-adventure_game
whgihkv8DL8,Action_game
whgihkv8DL8,Video_game_culture
wixEtfsxBr8,Sports_game
wixEtfsxBr8,Video_game_culture
wjB9VRdVPyw,Lifestyle_(sociology)
wjUFQ0_Wfas,Sports_game
wjUFQ0_Wfas,Video_game_culture
wju0uROCODg,Association_football
wju0uROCODg,Sport
wmRKH5Vzojs,Action-adventure_game
wmRKH5Vzojs,Action_game
wmRKH5Vzojs,Video_game_culture
wo_c34_BkBQ,Action_game
wo_c34_BkBQ,Strategy_video_game
wo_c34_BkBQ,Video_game_culture
woo1SM2GIjU,Association_football
woo1SM2GIjU,Sport
wqOjuZPNFGk,Action-adventure_game
wqOjuZPNFGk,Action_game
wqOjuZPNFGk,Video_game_culture
wqjGxvoaeUI,Action-adventure_game
wqjGxvoaeUI,Action_game
wqjGxvoaeUI,Video_game_culture
wt16iKmWwmY,Action_game
wt16iKmWwmY,Role-playing_video_game
wt16iKmWwmY,Strategy_video_game
wt16iKmWwmY,Video_game_culture
wvHGgvumnhs,Role-playing_video_game
wvHGgvumnhs,Video_game_culture
wvioDsMMorU,Action-adventure_game
wvioDsMMorU,Action_game
wvioDsMMorU,Role-playing_video_game
wvioDsMMorU,Video_game_culture
Tm34qcFxv7E,Role-playing_video_game
Tm34qcFxv7E,Strategy_video_game
Tm34qcFxv7E,Video_game_culture
TmSm3-RsEwM,Role-playing_video_game
TmSm3-RsEwM,Strategy_video_game
TmSm3-RsEwM,Video_game_culture
TnXd3ayS7S4,Action_game
TnXd3ayS7S4,Video_game_culture
Tnd9Nabmrng,Video_game_culture
ToWZ9aCBgKs,Action_game
ToWZ9aCBgKs,Video_game_culture
Toc1v7FpCiM,Lifestyle_(sociology)
Toc1v7FpCiM,Physical_fitness
Todl-fMFqyU,Action_game
Todl-fMFqyU,Role-playing_video_game
Todl-fMFqyU,Video_game_culture
TpjBlU1MP5w,Video_game_culture
TqJoSbXVAUk,Role-playing_video_game
TqJoSbXVAUk,Video_game_culture
TslM70TQx2w,Sports_game
TslM70TQx2w,Video_game_culture
TtfI7ZX-alk,Video_game_culture
Tu4u3VcUsR0,Action_game
Tu4u3VcUsR0,Video_game_culture
TuOhYeXjbnk,Role-playing_video_game
TuOhYeXjbnk,Video_game_culture
TvmhLUgMSFI,Role-playing_video_game
TvmhLUgMSFI,Video_game_culture
Tw8NRcNO97M,Action_game
Tw8NRcNO97M,Video_game_culture
TwC-jeeLQQk,Video_game_culture
TwkyK5eufYo,Action-adventure_game
TwkyK5eufYo,Action_game
TwkyK5eufYo,Role-playing_video_game
TwkyK5eufYo,Video_game_culture
TybO8VWrJC4,Entertainment
TzaEkKZmVQ0,Sports_game
TzaEkKZmVQ0,Video_game_culture
Tzu-y2X2xuc,Sports_game
Tzu-y2X2xuc,Video_game_culture
7lgh7_n71Xg,Role-playing_video_game
7lgh7_n71Xg,Video_game_culture
7m4fgs6tW3k,Action_game
7m4fgs6tW3k,Strategy_video_game
7m4fgs6tW3k,Video_game_culture
7mjd4tGrT5c,Action_game
7mjd4tGrT5c,Video_game_culture
7muUqd5Xns4,Action-adventure_game
7muUqd5Xns4,Action_game
7muUqd5Xns4,Role-playing_video_game
7muUqd5Xns4,Video_game_culture
7oUFAvxLbyc,Action-adventure_game
7oUFAvxLbyc,Action_game
7oUFAvxLbyc,Role-playing_video_game
7oUFAvxLbyc,Strategy_video_game
7oUFAvxLbyc,Video_game_culture
7on6-IBrIkE,Video_game_culture
7pld2nrI5Qg,Sports_game
7pld2nrI5Qg,Video_game_culture
7pv5ePTuM_Y,Sports_game
7pv5ePTuM_Y,Video_game_culture
7pxa0vEfLh8,Action_game
7pxa0vEfLh8,Role-playing_video_game
7pxa0vEfLh8,Strategy_video_game
7pxa0vEfLh8,Video_game_culture
7rH8YbwvCgU,Action_game
7rH8YbwvCgU,Role-playing_video_game
7rH8YbwvCgU,Video_game_culture
7sSZWQwxu0s,Action_game
7sSZWQwxu0s,Video_game_culture
7sZSjJ6x8qE,Action-adventure_game
7sZSjJ6x8qE,Action_game
7sZSjJ6x8qE,Video_game_culture
7u4Ei_maApY,Action_game
7u4Ei_maApY,Strategy_video_game
7u4Ei_maApY,Video_game_culture
7uAwMMLdWqI,Video_game_culture
7uPlFyvDZW4,Entertainment
7ufKrYUu1mA,Action_game
7ufKrYUu1mA,Video_game_culture
7vGJYoE7x4E,Action-adventure_game
7vGJYoE7x4E,Action_game
7vGJYoE7x4E,Role-playing_video_game
7vGJYoE7x4E,Strategy_video_game
7vGJYoE7x4E,Video_game_culture
7x8Olqm5TvA,Action_game
7x8Olqm5TvA,Video_game_culture
nG0hAEdtUhE,Action_game
nG0hAEdtUhE,Video_game_culture
nG5qaNCxJjE,Video_game_culture
nGTmv7c3Iw8,Video_game_culture
nIchGQ-jIkQ,Video_game_culture
nK5kAXavav8,Action_game
nK5kAXavav8,Role-playing_video_game
nK5kAXavav8,Video_game_culture
nKLEvfaiZck,Action-adventure_game
nKLEvfaiZck,Action_game
nKLEvfaiZck,Video_game_culture
nKUdtqAbndc,Action-adventure_game
nKUdtqAbndc,Action_game
nKUdtqAbndc,Role-playing_video_game
nKUdtqAbndc,Strategy_video_game
nKUdtqAbndc,Video_game_culture
nL7J41gFrHQ,Strategy_video_game
nL7J41gFrHQ,Video_game_culture
nLmu4rlOSoc,Role-playing_video_game
nLmu4rlOSoc,Video_game_culture
nM3aXKzifBE,Action_game
nM3aXKzifBE,Role-playing_video_game
nM3aXKzifBE,Strategy_video_game
nM3aXKzifBE,Video_game_culture
nMPC5_0ehQ8,Sports_game
nMPC5_0ehQ8,Video_game_culture
nNClAO2YfMA,Sports_game
nNClAO2YfMA,Video_game_culture
nNfaQ1XpjTc,Action_game
nNfaQ1XpjTc,Video_game_culture
nOBpYwVwA-Y,Sports_game
nOBpYwVwA-Y,Video_game_culture
nPFnH-54PiA,Sports_game
nPFnH-54PiA,Video_game_culture
nPqb6UH4j4c,Action-adventure_game
nPqb6UH4j4c,Role-playing_video_game
nPqb6UH4j4c,Video_game_culture
nQ5DFrLhQps,Action_game
nQ5DFrLhQps,Role-playing_video_game
nQ5DFrLhQps,Strategy_video_game
nQ5DFrLhQps,Video_game_culture
nQdFopFpJN4,Action_game
nQdFopFpJN4,Video_game_culture
nR0N2kPihFY,Action_game
nR0N2kPihFY,Role-playing_video_game
nR0N2kPihFY,Video_game_culture
nRSoD8u6LBg,Sports_game
nRSoD8u6LBg,Video_game_culture
nT9d516vZbA,Role-playing_video_game
nT9d516vZbA,Strategy_video_game
nT9d516vZbA,Video_game_culture
nTZjMEDduVc,Role-playing_video_game
nTZjMEDduVc,Video_game_culture
nU2DLhkp_ig,Association_football
nU2DLhkp_ig,Sport
nUfiKLldc70,Action_game
nUfiKLldc70,Role-playing_video_game
nUfiKLldc70,Strategy_video_game
nUfiKLldc70,Video_game_culture
nUkd-E5aZRo,Action_game
nUkd-E5aZRo,Video_game_culture
nVCOoqbYsU8,Action_game
nVCOoqbYsU8,Role-playing_video_game
nVCOoqbYsU8,Video_game_culture
nVF3sOK2xHc,Action-adventure_game
nVF3sOK2xHc,Action_game
nVF3sOK2xHc,Video_game_culture
nVUT9VBSFfQ,Music_video_game
nVUT9VBSFfQ,Video_game_culture
nVa4FPsywgw,Video_game_culture
nVa4FPsywgw,Action_game
nVa4FPsywgw,Strategy_video_game
nVjS7hBkUS0,Action_game
nVjS7hBkUS0,Role-playing_video_game
nVjS7hBkUS0,Video_game_culture
nVxlcvOHuSs,Role-playing_video_game
nVxlcvOHuSs,Video_game_culture
nWvPYwh6y6Y,Association_football
nWvPYwh6y6Y,Sport
nXg2a7tpuh8,Action-adventure_game
nXg2a7tpuh8,Role-playing_video_game
nXg2a7tpuh8,Video_game_culture
nXiaSNBR408,Action-adventure_game
nXiaSNBR408,Action_game
nXiaSNBR408,Role-playing_video_game
nXiaSNBR408,Video_game_culture
nXkwkMmN0Bc,Action_game
nXkwkMmN0Bc,Role-playing_video_game
nXkwkMmN0Bc,Strategy_video_game
nXkwkMmN0Bc,Video_game_culture
nY8WLF8k2qE,Action_game
nY8WLF8k2qE,Video_game_culture
nZ71duk_P_g,Video_game_culture
n_Bv24QsAy8,Action-adventure_game
n_Bv24QsAy8,Video_game_culture
n_Hd0U8Qvuw,Video_game_culture
n__qEA4WxIM,Role-playing_video_game
n__qEA4WxIM,Video_game_culture
nauVnAjWgtA,Action_game
nauVnAjWgtA,Video_game_culture
naxtGQYMddk,Video_game_culture
nc8vrcatY-E,Action_game
nc8vrcatY-E,Role-playing_video_game
nc8vrcatY-E,Strategy_video_game
nc8vrcatY-E,Video_game_culture
ncBXXt90Qg0,Action_game
ncBXXt90Qg0,Strategy_video_game
ncBXXt90Qg0,Video_game_culture
ncehnR1ygFE,Action_game
ncehnR1ygFE,Role-playing_video_game
ncehnR1ygFE,Video_game_culture
nd57Qr6C_ls,Action_game
nd57Qr6C_ls,Video_game_culture
ndCdAbSufDg,Action-adventure_game
ndCdAbSufDg,Action_game
ndCdAbSufDg,Video_game_culture
ndpk4GidnzA,Action_game
ndpk4GidnzA,Video_game_culture
neEYbF8eg1E,Video_game_culture
neIbJ6mVIYA,Role-playing_video_game
neIbJ6mVIYA,Video_game_culture
nePDImCnQ4k,Action_game
nePDImCnQ4k,Video_game_culture
IimOqI1nwoE,Action_game
IimOqI1nwoE,Role-playing_video_game
IimOqI1nwoE,Strategy_video_game
IimOqI1nwoE,Video_game_culture
IjCja0uwDzQ,Action_game
IjCja0uwDzQ,Video_game_culture
Ik7_b6h8hsQ,Action-adventure_game
Ik7_b6h8hsQ,Video_game_culture
IlFCRpvMivg,Action_game
IlFCRpvMivg,Role-playing_video_game
IlFCRpvMivg,Strategy_video_game
IlFCRpvMivg,Video_game_culture
IlMVxhgRt1o,Action_game
IlMVxhgRt1o,Role-playing_video_game
IlMVxhgRt1o,Video_game_culture
Imu8jmoCED8,Action_game
Imu8jmoCED8,Video_game_culture
ImugX3DDUvo,Action_game
ImugX3DDUvo,Role-playing_video_game
ImugX3DDUvo,Video_game_culture
ImyVmoTHXF8,Video_game_culture
InTjg-uRhqg,Action-adventure_game
InTjg-uRhqg,Role-playing_video_game
InTjg-uRhqg,Video_game_culture
InYjEUcueZM,Sports_game
InYjEUcueZM,Video_game_culture
IoeIayPhs84,Action_game
IoeIayPhs84,Video_game_culture
IpPvARY6nuo,Video_game_culture
Ipfn7LsfXrU,Action-adventure_game
Ipfn7LsfXrU,Video_game_culture
IqX3XEYZcpE,Music
IqX3XEYZcpE,Music_of_Latin_America
IqX3XEYZcpE,Pop_music
IqkexgF1_Mk,Action_game
IqkexgF1_Mk,Role-playing_video_game
IqkexgF1_Mk,Strategy_video_game
IqkexgF1_Mk,Video_game_culture
IrnyQck7vXM,Action_game
IrnyQck7vXM,Video_game_culture
Is84JZ0Tf2o,Action-adventure_game
Is84JZ0Tf2o,Video_game_culture
IsKASwvWcuM,Action_game
IsKASwvWcuM,Video_game_culture
Ises3hhwV2c,Sports_game
Ises3hhwV2c,Video_game_culture
Isugqr-x10I,Association_football
Isugqr-x10I,Sport
ItF4Uln1P58,Lifestyle_(sociology)
ItO1mPWZwIo,Action_game
ItO1mPWZwIo,Role-playing_video_game
ItO1mPWZwIo,Video_game_culture
IuaTuFVA2ek,Video_game_culture
Iv0Tv_Hne1g,Action-adventure_game
Iv0Tv_Hne1g,Action_game
Iv0Tv_Hne1g,Casual_game
Iv0Tv_Hne1g,Role-playing_video_game
Iv0Tv_Hne1g,Simulation_video_game
Iv0Tv_Hne1g,Video_game_culture
Ivk9Un8IIp0,Action_game
Ivk9Un8IIp0,Strategy_video_game
Ivk9Un8IIp0,Video_game_culture
0BkcK3lcBco,Action_game
0BkcK3lcBco,Video_game_culture
0BwbnnS7klI,Action_game
0BwbnnS7klI,Strategy_video_game
0BwbnnS7klI,Video_game_culture
0CeYab0KNG4,Action_game
0CeYab0KNG4,Video_game_culture
0D4RvbekNgU,Action-adventure_game
0D4RvbekNgU,Role-playing_video_game
0D4RvbekNgU,Video_game_culture
0DZpFf8ypCY,Role-playing_video_game
0DZpFf8ypCY,Video_game_culture
0ETTy276jaU,Action_game
0ETTy276jaU,Video_game_culture
0Fosc0GpQK0,Role-playing_video_game
0Fosc0GpQK0,Video_game_culture
0HN57AYVUDY,Action_game
0HN57AYVUDY,Video_game_culture
0H_k2n9efNs,Video_game_culture
0IXsvhlHs-g,Action_game
0IXsvhlHs-g,Sports_game
0IXsvhlHs-g,Strategy_video_game
0IXsvhlHs-g,Video_game_culture
0KBCteE3qc8,Action_game
0KBCteE3qc8,Role-playing_video_game
0KBCteE3qc8,Strategy_video_game
0KBCteE3qc8,Video_game_culture
0KN8_Hp4QgQ,Action_game
0KN8_Hp4QgQ,Strategy_video_game
0KN8_Hp4QgQ,Video_game_culture
0KNU-0tv2Pw,Video_game_culture
0LhRPHeKTsU,Video_game_culture
0MBntc-WRPo,Action_game
0MBntc-WRPo,Role-playing_video_game
0MBntc-WRPo,Strategy_video_game
0MBntc-WRPo,Video_game_culture
0MrAm8HoOQ0,Casual_game
0MrAm8HoOQ0,Role-playing_video_game
0MrAm8HoOQ0,Video_game_culture
0NxHx-f2bms,Role-playing_video_game
0NxHx-f2bms,Video_game_culture
0O_CNEiUbWs,Action_game
0O_CNEiUbWs,Video_game_culture
pJ10DpoF4Io,Action_game
pJ10DpoF4Io,Video_game_culture
pKPxpbn6evM,Action_game
pKPxpbn6evM,Strategy_video_game
pKPxpbn6evM,Video_game_culture
pLNwNRDzG4k,Video_game_culture
pLVAHh2oORA,Sports_game
pLVAHh2oORA,Video_game_culture
pM_RYDMxRW8,Association_football
pM_RYDMxRW8,Sport
pMlykAvsgn8,Sports_game
pMlykAvsgn8,Video_game_culture
pN7vrSFt5iE,Sports_game
pN7vrSFt5iE,Video_game_culture
pNGnA4VGGfw,Video_game_culture
pNMJ4clsY88,Action_game
pNMJ4clsY88,Role-playing_video_game
pNMJ4clsY88,Strategy_video_game
pNMJ4clsY88,Video_game_culture
pR-cJjMPBDo,Action_game
pR-cJjMPBDo,Role-playing_video_game
pR-cJjMPBDo,Strategy_video_game
pR-cJjMPBDo,Video_game_culture
pRAAyzDg-hY,Action_game
pRAAyzDg-hY,Strategy_video_game
pRAAyzDg-hY,Video_game_culture
pRBWCkQjCZ8,Action_game
pRBWCkQjCZ8,Role-playing_video_game
pRBWCkQjCZ8,Video_game_culture
pRECwLqlW5I,Sports_game
pRECwLqlW5I,Video_game_culture
pRIan4TmwGI,Video_game_culture
pR_SAeteA4k,Entertainment
pS-Q6mfP9x0,Action-adventure_game
pS-Q6mfP9x0,Action_game
pS-Q6mfP9x0,Video_game_culture
pUcUptBKkv0,Video_game_culture
pVS24THVEQI,Entertainment
pVS24THVEQI,Music_of_Asia
pVS24THVEQI,Performing_arts
pWhXy4PS9h8,Action_game
pWhXy4PS9h8,Role-playing_video_game
pWhXy4PS9h8,Video_game_culture
pXEDEzxY3CY,Action_game
pXEDEzxY3CY,Video_game_culture
pXLm_Bp_ArA,Action_game
pXLm_Bp_ArA,Video_game_culture
7z-2QAVbI3k,Action-adventure_game
7z-2QAVbI3k,Action_game
7z-2QAVbI3k,Puzzle_video_game
7z-2QAVbI3k,Role-playing_video_game
7z-2QAVbI3k,Strategy_video_game
7z-2QAVbI3k,Video_game_culture
7z3TfNV6Lls,Action_game
7z3TfNV6Lls,Video_game_culture
7zWVj9bVDvM,Video_game_culture
807qrgKlkf4,Action_game
807qrgKlkf4,Role-playing_video_game
807qrgKlkf4,Strategy_video_game
807qrgKlkf4,Video_game_culture
80PDMh5tzus,Video_game_culture
82OhtIHlUMI,Strategy_video_game
836uiuGwiss,Action_game
836uiuGwiss,Role-playing_video_game
836uiuGwiss,Video_game_culture
83AdxFhqJrk,Action_game
83AdxFhqJrk,Video_game_culture
83E6JetviEw,Action_game
83E6JetviEw,Video_game_culture
83yE0isz93s,Action-adventure_game
83yE0isz93s,Action_game
83yE0isz93s,Role-playing_video_game
83yE0isz93s,Video_game_culture
843S79Uv4lU,Video_game_culture
84AIu609CUQ,Action_game
84AIu609CUQ,Video_game_culture
84oOd3XW64M,Action_game
84oOd3XW64M,Role-playing_video_game
84oOd3XW64M,Video_game_culture
85Cfagiuw48,Action-adventure_game
85Cfagiuw48,Action_game
85Cfagiuw48,Role-playing_video_game
85Cfagiuw48,Strategy_video_game
85Cfagiuw48,Video_game_culture
86PAOt-Tulk,Video_game_culture
86Sj6aXj2wA,Video_game_culture
87qrinynVuI,Action-adventure_game
87qrinynVuI,Action_game
87qrinynVuI,Video_game_culture
884lT4xShMA,Sports_game
884lT4xShMA,Video_game_culture
88a0W-oOz5Q,Video_game_culture
88aPlJYc2mw,Video_game_culture
88jjZ8AFzdo,Action_game
88jjZ8AFzdo,Video_game_culture
8AOJxn64Cy0,Association_football
8AOJxn64Cy0,Sport
8AOr2tGs174,Sports_game
8AOr2tGs174,Video_game_culture
8AbLGlH5aDY,Role-playing_video_game
8AbLGlH5aDY,Video_game_culture
8Bra6y9EULo,Association_football
8Bra6y9EULo,Sport
8D3VkDeyYcA,Action_game
8D3VkDeyYcA,Role-playing_video_game
8D3VkDeyYcA,Strategy_video_game
8D3VkDeyYcA,Video_game_culture
8EyZQox_J3U,Role-playing_video_game
8EyZQox_J3U,Video_game_culture
8FMWmz2gAK8,Sports_game
8FMWmz2gAK8,Video_game_culture
8Fsc_NfUahA,Action_game
8Fsc_NfUahA,Strategy_video_game
8Fsc_NfUahA,Video_game_culture
8FsgB0Cf11Q,Role-playing_video_game
8FsgB0Cf11Q,Strategy_video_game
8FsgB0Cf11Q,Video_game_culture
8GB8Q5omL9s,Sports_game
8GB8Q5omL9s,Video_game_culture
8H00Bl505Mg,Action-adventure_game
8H00Bl505Mg,Video_game_culture
8IGSbHKQxHk,Role-playing_video_game
8IGSbHKQxHk,Video_game_culture
8Ib8R7Wm5Vw,Video_game_culture
8J2kUbrksFQ,Action_game
8J2kUbrksFQ,Role-playing_video_game
8J2kUbrksFQ,Strategy_video_game
8J2kUbrksFQ,Video_game_culture
8JOgMTU6lCc,Action_game
8JOgMTU6lCc,Video_game_culture
8Jg39yjNNrk,Role-playing_video_game
8Jg39yjNNrk,Video_game_culture
8M3-Swx6yfQ,Action_game
8M3-Swx6yfQ,Strategy_video_game
8M3-Swx6yfQ,Video_game_culture
Ho-y6cgraMA,Action_game
Ho-y6cgraMA,Role-playing_video_game
Ho-y6cgraMA,Strategy_video_game
Ho-y6cgraMA,Video_game_culture
Hoy8Vk6NKd4,Action-adventure_game
Hoy8Vk6NKd4,Action_game
Hoy8Vk6NKd4,Role-playing_video_game
Hoy8Vk6NKd4,Video_game_culture
Hq-ueyWtuLI,Sport
Hq_xTPraaQQ,Action_game
Hq_xTPraaQQ,Video_game_culture
Hr9r0V7UoRo,Sports_game
Hr9r0V7UoRo,Video_game_culture
HrOf7Q0XQ1k,Action_game
HrOf7Q0XQ1k,Role-playing_video_game
HrOf7Q0XQ1k,Video_game_culture
HsDH_uPS2uE,Video_game_culture
HskLpXmCSsc,Action-adventure_game
HskLpXmCSsc,Action_game
HskLpXmCSsc,Video_game_culture
HtYOPDyQm8M,Role-playing_video_game
HtYOPDyQm8M,Video_game_culture
HuSvbzLrrCw,Action_game
HuSvbzLrrCw,Role-playing_video_game
HuSvbzLrrCw,Strategy_video_game
HuSvbzLrrCw,Video_game_culture
HuVpbjBTCHQ,Action_game
HuVpbjBTCHQ,Video_game_culture
Hvt6AkGxByQ,Video_game_culture
HwsBZDiQ6F0,Action_game
HwsBZDiQ6F0,Video_game_culture
HxBVgcWw5wg,Action_game
HxBVgcWw5wg,Video_game_culture
HxyRDEUs2Xg,Action_game
HxyRDEUs2Xg,Role-playing_video_game
HxyRDEUs2Xg,Strategy_video_game
HxyRDEUs2Xg,Video_game_culture
HySZ6r-I7-4,Action_game
HySZ6r-I7-4,Video_game_culture
HzKBQ0s9KWU,Video_game_culture
I-iV3GaDQeg,Action-adventure_game
I-iV3GaDQeg,Role-playing_video_game
I-iV3GaDQeg,Video_game_culture
I0U5Wtdf9O8,Sports_game
I0U5Wtdf9O8,Video_game_culture
3YFC_RLr7Lk,Action_game
3YFC_RLr7Lk,Video_game_culture
3Yingh0QDf4,Action_game
3Yingh0QDf4,Music_video_game
3Yingh0QDf4,Video_game_culture
3ZIDTJZgB-g,Sports_game
3ZIDTJZgB-g,Video_game_culture
3_yQuSVQHkA,Action_game
3_yQuSVQHkA,Role-playing_video_game
3_yQuSVQHkA,Video_game_culture
3abMcnyRbtY,Action_game
3abMcnyRbtY,Strategy_video_game
3abMcnyRbtY,Video_game_culture
3bOt4B-7pfM,Action_game
3bOt4B-7pfM,Role-playing_video_game
3bOt4B-7pfM,Video_game_culture
3bwgeShpYWw,Action_game
3bwgeShpYWw,Strategy_video_game
3bwgeShpYWw,Video_game_culture
3cAWm_sfMKk,Video_game_culture
3eLi7A4mRP8,Action_game
3eLi7A4mRP8,Role-playing_video_game
3eLi7A4mRP8,Video_game_culture
3ffVnxCTLy4,Action_game
3ffVnxCTLy4,Role-playing_video_game
3ffVnxCTLy4,Video_game_culture
3gJKkKIROb8,Video_game_culture
3hWylo8pj_A,Action-adventure_game
3hWylo8pj_A,Video_game_culture
3hqp8P27nnc,Action_game
3hqp8P27nnc,Video_game_culture
3i7yNorGVTY,Action_game
3i7yNorGVTY,Role-playing_video_game
3i7yNorGVTY,Video_game_culture
3iFzzJdbAsQ,Action-adventure_game
3iFzzJdbAsQ,Action_game
3iFzzJdbAsQ,Video_game_culture
3iyrDWtCJEM,Video_game_culture
4UhK4pNhyIk,Role-playing_video_game
4UhK4pNhyIk,Strategy_video_game
4UhK4pNhyIk,Video_game_culture
4VtGr8O_6Gc,Action-adventure_game
4VtGr8O_6Gc,Action_game
4VtGr8O_6Gc,Role-playing_video_game
4VtGr8O_6Gc,Video_game_culture
4W2Bby3YKBU,Action-adventure_game
4W2Bby3YKBU,Action_game
4W2Bby3YKBU,Video_game_culture
4XcQIMg1CQY,Action_game
4XcQIMg1CQY,Video_game_culture
4Zuxyv0Ea0w,Action_game
4Zuxyv0Ea0w,Strategy_video_game
4Zuxyv0Ea0w,Video_game_culture
4_Gq6vpXui8,Action-adventure_game
4_Gq6vpXui8,Action_game
4_Gq6vpXui8,Role-playing_video_game
4_Gq6vpXui8,Video_game_culture
4bM20WuoLG4,Video_game_culture
4bd0qqaZ-8A,Sports_game
4bd0qqaZ-8A,Video_game_culture
4bx4amQfy1g,Sports_game
4bx4amQfy1g,Video_game_culture
4cs0SAqRF5U,Casual_game
4cs0SAqRF5U,Role-playing_video_game
4cs0SAqRF5U,Video_game_culture
4dqGMHchCjk,Action_game
4dqGMHchCjk,Video_game_culture
4fHwzqwBk6s,Action-adventure_game
4fHwzqwBk6s,Video_game_culture
4fsv7fw75aU,Action_game
4fsv7fw75aU,Role-playing_video_game
4fsv7fw75aU,Video_game_culture
4gNlj6P8FM0,Sports_game
4gNlj6P8FM0,Video_game_culture
4gzOXJw1cWc,Action-adventure_game
4gzOXJw1cWc,Action_game
4gzOXJw1cWc,Role-playing_video_game
4gzOXJw1cWc,Video_game_culture
w15zs4-AdeA,Video_game_culture
w1fjOiFkQck,Action-adventure_game
w1fjOiFkQck,Action_game
w1fjOiFkQck,Video_game_culture
w2EBA0w9TC0,Action_game
w2EBA0w9TC0,Role-playing_video_game
w2EBA0w9TC0,Video_game_culture
w3Pxe2b0h9w,Simulation_video_game
w3Pxe2b0h9w,Video_game_culture
w3i1C4RgHKM,Action_game
w3i1C4RgHKM,Role-playing_video_game
w3i1C4RgHKM,Video_game_culture
w4LFZE0awsY,Action_game
w4LFZE0awsY,Role-playing_video_game
w4LFZE0awsY,Video_game_culture
w53xU8IXny4,Role-playing_video_game
w53xU8IXny4,Strategy_video_game
w53xU8IXny4,Video_game_culture
w5Tpp_IfwyU,Action-adventure_game
w5Tpp_IfwyU,Action_game
w5Tpp_IfwyU,Role-playing_video_game
w5Tpp_IfwyU,Video_game_culture
w7XUuv9F1iw,Role-playing_video_game
w7XUuv9F1iw,Video_game_culture
w7osubt4qfQ,Action_game
w7osubt4qfQ,Role-playing_video_game
w7osubt4qfQ,Strategy_video_game
w7osubt4qfQ,Video_game_culture
w8T08N33nP4,Sports_game
w8T08N33nP4,Video_game_culture
wBB5qkLVnPU,Association_football
wBB5qkLVnPU,Sport
wBQqtTGlUQc,Action_game
wBQqtTGlUQc,Role-playing_video_game
wBQqtTGlUQc,Strategy_video_game
wBQqtTGlUQc,Video_game_culture
wBRmRUtypEU,Sports_game
wBRmRUtypEU,Video_game_culture
wBltLwGBpTc,Action-adventure_game
wBltLwGBpTc,Action_game
wBltLwGBpTc,Role-playing_video_game
wBltLwGBpTc,Video_game_culture
wBmRwe8rFIQ,Action-adventure_game
wBmRwe8rFIQ,Action_game
wBmRwe8rFIQ,Video_game_culture
wCW_pNRjYL0,Action-adventure_game
wCW_pNRjYL0,Action_game
wCW_pNRjYL0,Puzzle_video_game
wCW_pNRjYL0,Role-playing_video_game
wCW_pNRjYL0,Video_game_culture
wCzLVaKJJxs,Action_game
wCzLVaKJJxs,Video_game_culture
wE2140pHhkA,Video_game_culture
wEWUTCc57Vo,Sports_game
wEWUTCc57Vo,Video_game_culture
wEZ8SX8Xoa0,Video_game_culture
liX09Ym4U9s,Action_game
liX09Ym4U9s,Role-playing_video_game
liX09Ym4U9s,Strategy_video_game
liX09Ym4U9s,Video_game_culture
lihoNKXe8AI,Action_game
lihoNKXe8AI,Video_game_culture
lkhOQLiol0c,Action_game
lkhOQLiol0c,Strategy_video_game
lkhOQLiol0c,Video_game_culture
lkvzKA8eeVk,Action_game
lkvzKA8eeVk,Role-playing_video_game
lkvzKA8eeVk,Strategy_video_game
lkvzKA8eeVk,Video_game_culture
lo1F83nZl94,Role-playing_video_game
lo1F83nZl94,Video_game_culture
lp4IQSz8Bcc,Action_game
lp4IQSz8Bcc,Video_game_culture
lp7_gOmKSfU,Video_game_culture
lp8QOsyKDHo,Action-adventure_game
lp8QOsyKDHo,Role-playing_video_game
lp8QOsyKDHo,Video_game_culture
lpAtkOWQVrc,Action-adventure_game
lpAtkOWQVrc,Action_game
lpAtkOWQVrc,Role-playing_video_game
lpAtkOWQVrc,Video_game_culture
lqdlExm2u3U,Action-adventure_game
lqdlExm2u3U,Video_game_culture
lrLzoZme98A,Action_game
lrLzoZme98A,Role-playing_video_game
lrLzoZme98A,Video_game_culture
lrrsiLUYK-0,Association_football
lrrsiLUYK-0,Sport
ls3GiNOWr-o,Food
ls3GiNOWr-o,Lifestyle_(sociology)
ls6fJ7iLey4,Role-playing_video_game
ls6fJ7iLey4,Strategy_video_game
ls6fJ7iLey4,Video_game_culture
lsG3aPXjfik,Role-playing_video_game
lsG3aPXjfik,Video_game_culture
ltUPXIRwTuY,Action_game
ltUPXIRwTuY,Video_game_culture
lu3x7mU_kdU,Action-adventure_game
lu3x7mU_kdU,Action_game
lu3x7mU_kdU,Video_game_culture
luVE9jFgCQE,Action_game
luVE9jFgCQE,Video_game_culture
luVrD-nwpxE,Sports_game
luVrD-nwpxE,Video_game_culture
lvwcXAq569M,Action-adventure_game
lvwcXAq569M,Role-playing_video_game
lvwcXAq569M,Video_game_culture
MdPZRDW8vTo,Sports_game
MdPZRDW8vTo,Video_game_culture
Mene1K3cCaE,Action-adventure_game
Mene1K3cCaE,Action_game
Mene1K3cCaE,Role-playing_video_game
Mene1K3cCaE,Video_game_culture
MgECh2oHDTk,Action_game
MgECh2oHDTk,Video_game_culture
MivGrv1zO1s,Simulation_video_game
MivGrv1zO1s,Video_game_culture
MlSnJ3teeoI,Action_game
MlSnJ3teeoI,Video_game_culture
Mlmid38VatA,Role-playing_video_game
Mlmid38VatA,Strategy_video_game
Mlmid38VatA,Video_game_culture
MmgNcfPnwBw,Action-adventure_game
MmgNcfPnwBw,Action_game
MmgNcfPnwBw,Video_game_culture
Mn-OhAcyER4,Action_game
Mn-OhAcyER4,Role-playing_video_game
Mn-OhAcyER4,Strategy_video_game
Mn-OhAcyER4,Video_game_culture
Mn3gYJ565ZY,Video_game_culture
MnDJ9Pr77UY,Video_game_culture
Mna-rGwQbxY,Casual_game
Mna-rGwQbxY,Video_game_culture
Mnb5aWBSBms,Role-playing_video_game
Mnb5aWBSBms,Video_game_culture
MoVd5qxCxQw,Action_game
MoVd5qxCxQw,Role-playing_video_game
MoVd5qxCxQw,Video_game_culture
MpBVL870tHY,Action_game
MpBVL870tHY,Video_game_culture
MpIunZm6-fI,Action_game
MpIunZm6-fI,Strategy_video_game
MpIunZm6-fI,Video_game_culture
Mpca-H68eEs,Action_game
Mpca-H68eEs,Strategy_video_game
Mpca-H68eEs,Video_game_culture
MplwoSJX1Lw,Action-adventure_game
MplwoSJX1Lw,Action_game
MplwoSJX1Lw,Role-playing_video_game
MplwoSJX1Lw,Video_game_culture
MpoiVk8qdfk,Video_game_culture
MqKP9Kpd2f4,Action_game
MqKP9Kpd2f4,Strategy_video_game
MqKP9Kpd2f4,Video_game_culture
Mr3Sn9aBUHU,Action_game
Mr3Sn9aBUHU,Video_game_culture
Mr6CXqyTSMM,Action_game
Mr6CXqyTSMM,Role-playing_video_game
Mr6CXqyTSMM,Strategy_video_game
Mr6CXqyTSMM,Video_game_culture
MtZySindgow,Association_football
MtZySindgow,Sport
Mth6xZymFbk,Action_game
Mth6xZymFbk,Role-playing_video_game
Mth6xZymFbk,Strategy_video_game
Mth6xZymFbk,Video_game_culture
MvHsfR_Pnf8,Action_game
MvHsfR_Pnf8,Role-playing_video_game
MvHsfR_Pnf8,Strategy_video_game
MvHsfR_Pnf8,Video_game_culture
MvgER599gmU,Action_game
MvgER599gmU,Video_game_culture
Mw-JVCulu28,Action_game
Mw-JVCulu28,Role-playing_video_game
Mw-JVCulu28,Video_game_culture
Mwdmh6cekSY,Action_game
Mwdmh6cekSY,Strategy_video_game
Mwdmh6cekSY,Video_game_culture
Mz2UPXTFPos,Action-adventure_game
Mz2UPXTFPos,Action_game
Mz2UPXTFPos,Video_game_culture
Mz4wH_QGKBY,Action-adventure_game
Mz4wH_QGKBY,Role-playing_video_game
Mz4wH_QGKBY,Video_game_culture
rH9sQKkUeIc,Action_game
rH9sQKkUeIc,Role-playing_video_game
rH9sQKkUeIc,Strategy_video_game
rH9sQKkUeIc,Video_game_culture
rI-X5-i1WAQ,Association_football
rI-X5-i1WAQ,Sport
rIT8SkTOmS0,Action-adventure_game
rIT8SkTOmS0,Action_game
rIT8SkTOmS0,Role-playing_video_game
rIT8SkTOmS0,Strategy_video_game
rIT8SkTOmS0,Video_game_culture
rJNGc9TmYTY,Action_game
rJNGc9TmYTY,Role-playing_video_game
rJNGc9TmYTY,Video_game_culture
rKQfoHKcsQc,Sports_game
rKQfoHKcsQc,Video_game_culture
rKgptr0CuHw,Sports_game
rKgptr0CuHw,Video_game_culture
rLJgiavsJxc,Association_football
rLJgiavsJxc,Sport
rLMaVOv4hKE,Action-adventure_game
rLMaVOv4hKE,Role-playing_video_game
rLMaVOv4hKE,Video_game_culture
rM5Ge7ODMKQ,Action-adventure_game
rM5Ge7ODMKQ,Action_game
rM5Ge7ODMKQ,Role-playing_video_game
rM5Ge7ODMKQ,Strategy_video_game
rM5Ge7ODMKQ,Video_game_culture
rPNuzoX_ehU,Video_game_culture
rPVQLW94-WU,Action-adventure_game
rPVQLW94-WU,Action_game
rPVQLW94-WU,Role-playing_video_game
rPVQLW94-WU,Video_game_culture
rPcsuJC2lAo,Television_program
rQW3nJOMuZM,Puzzle_video_game
rQW3nJOMuZM,Role-playing_video_game
rQW3nJOMuZM,Video_game_culture
rQsiS_1cYTs,Action-adventure_game
rQsiS_1cYTs,Action_game
rQsiS_1cYTs,Video_game_culture
rSL1lhJU9KQ,Video_game_culture
rSMi47A1lkA,Action-adventure_game
rSMi47A1lkA,Action_game
rSMi47A1lkA,Role-playing_video_game
rSMi47A1lkA,Video_game_culture
rSfvfKxhXmY,Association_football
rSfvfKxhXmY,Sport
rSfvfKxhXmY,Sports_game
rTIbrfFioUk,Video_game_culture
rU7iMO1qGbk,Action_game
rU7iMO1qGbk,Role-playing_video_game
rU7iMO1qGbk,Strategy_video_game
rU7iMO1qGbk,Video_game_culture
rUU5OxkohuU,Action_game
rUU5OxkohuU,Video_game_culture
rUwimxS2rB4,Role-playing_video_game
rUwimxS2rB4,Strategy_video_game
rUwimxS2rB4,Video_game_culture
rVWHUkUbDU4,Action-adventure_game
rVWHUkUbDU4,Action_game
rVWHUkUbDU4,Video_game_culture
rWN1LYL-dEs,Action_game
rWN1LYL-dEs,Strategy_video_game
rWN1LYL-dEs,Video_game_culture
rWqlOeyorRs,Video_game_culture
SG92_EVSFxg,Action_game
SG92_EVSFxg,Video_game_culture
SGhOYgJ7VXE,Role-playing_video_game
SGhOYgJ7VXE,Video_game_culture
SGppSbPPoUo,Video_game_culture
SHuQrfV4U-0,Action_game
SHuQrfV4U-0,Video_game_culture
SIRfTWBAdmw,Video_game_culture
SJD3fHnj1bo,Action_game
SJD3fHnj1bo,Role-playing_video_game
SJD3fHnj1bo,Video_game_culture
SK9GgM6ZH70,Action_game
SK9GgM6ZH70,Role-playing_video_game
SK9GgM6ZH70,Strategy_video_game
SK9GgM6ZH70,Video_game_culture
SKQatWnhX34,Video_game_culture
SKXRuvSW4wE,Association_football
SKXRuvSW4wE,Sport
SKcIBn-z3nQ,Video_game_culture
SLNQyzVSN2U,Video_game_culture
SLlwjPHDOsk,Action_game
SLlwjPHDOsk,Video_game_culture
SOpo2YQakUg,Action_game
SOpo2YQakUg,Casual_game
SOpo2YQakUg,Video_game_culture
SQ8kjqCPSf4,Association_football
SQ8kjqCPSf4,Sport
SQIAdh6ywtI,Action_game
SQIAdh6ywtI,Video_game_culture
SQIVyKkLtVY,Video_game_culture
SQNiIzE2vkE,Sports_game
SQNiIzE2vkE,Video_game_culture
SQ_8v9tSr88,Action-adventure_game
SQ_8v9tSr88,Action_game
SQ_8v9tSr88,Role-playing_video_game
SQ_8v9tSr88,Video_game_culture
SQcM3Yi_T2k,Casual_game
SQcM3Yi_T2k,Puzzle_video_game
SQcM3Yi_T2k,Video_game_culture
SRDRq190M-Y,Association_football
SRDRq190M-Y,Sport
SS4gp7q9X7g,Action-adventure_game
SS4gp7q9X7g,Action_game
SS4gp7q9X7g,Video_game_culture
SSDrfQm30Eg,Video_game_culture
SSz4mtMjaHw,Action-adventure_game
SSz4mtMjaHw,Video_game_culture
jTNyxfOLZM0,Role-playing_video_game
jTNyxfOLZM0,Video_game_culture
jTbt1lYCt5s,Action_game
jTbt1lYCt5s,Video_game_culture
jTrSkaMake0,Video_game_culture
jTrSkaMake0,Action_game
jU_RxyFrEOg,Role-playing_video_game
jU_RxyFrEOg,Video_game_culture
jWMdPE4_lWg,Action-adventure_game
jWMdPE4_lWg,Video_game_culture
jXKVk8t8g7I,Action_game
jXKVk8t8g7I,Video_game_culture
jXpoYpbr1pU,Video_game_culture
jYpXBxITNlI,Action_game
jYpXBxITNlI,Video_game_culture
jYy_X8NWxHA,Video_game_culture
jYypyx-LojY,Action_game
jYypyx-LojY,Role-playing_video_game
jYypyx-LojY,Video_game_culture
j_3y5RG5VHw,Casual_game
j_3y5RG5VHw,Simulation_video_game
j_3y5RG5VHw,Video_game_culture
j_7J1ApWZik,Action_game
j_7J1ApWZik,Video_game_culture
jbAcCGf0bFA,Action_game
jbAcCGf0bFA,Video_game_culture
jbb6BBTNlSQ,Sports_game
jbb6BBTNlSQ,Video_game_culture
jcHyHidHlLE,Action_game
jcHyHidHlLE,Video_game_culture
jdLxvzngybw,Role-playing_video_game
jdLxvzngybw,Video_game_culture
je5wfS6DBmE,Casual_game
je5wfS6DBmE,Music_video_game
je5wfS6DBmE,Video_game_culture
je74nW8iwMk,Video_game_culture
jeIZns3PbJU,Action_game
jeIZns3PbJU,Video_game_culture
jfW9jvhP2tY,Video_game_culture
ji4P-BJfrGk,Food
ji4P-BJfrGk,Lifestyle_(sociology)
jizimbG39Cs,Action-adventure_game
jizimbG39Cs,Action_game
jizimbG39Cs,Video_game_culture
jjKbEyl-3V0,Action_game
jjKbEyl-3V0,Role-playing_video_game
jjKbEyl-3V0,Strategy_video_game
jjKbEyl-3V0,Video_game_culture
jj_HUB5UYV8,Action_game
jj_HUB5UYV8,Role-playing_video_game
jj_HUB5UYV8,Video_game_culture
jjw0WZ-Kv6A,Action-adventure_game
jjw0WZ-Kv6A,Action_game
jjw0WZ-Kv6A,Video_game_culture
jky7DdnNCEQ,Video_game_culture
jm7b0edo1cc,Action-adventure_game
jm7b0edo1cc,Action_game
jm7b0edo1cc,Puzzle_video_game
jm7b0edo1cc,Role-playing_video_game
jm7b0edo1cc,Video_game_culture
iM-Ns2POdHk,Video_game_culture
iNORAkcfUeE,Sports_game
iNORAkcfUeE,Video_game_culture
iNPowXazHmM,Association_football
iNPowXazHmM,Sport
iOKtbDIC1qU,Action-adventure_game
iOKtbDIC1qU,Action_game
iOKtbDIC1qU,Video_game_culture
iPX2LBC122Q,Video_game_culture
iPZR0gH4YI8,Lifestyle_(sociology)
iRNFxbukyWo,Video_game_culture
iRPd8HlEQAA,Action_game
iRPd8HlEQAA,Video_game_culture
iRUQui79kwg,Video_game_culture
iSdwecQAIkE,Action_game
iSdwecQAIkE,Video_game_culture
iStnhuMGUk0,Action_game
iStnhuMGUk0,Video_game_culture
iTeblIT_QQc,Action_game
iTeblIT_QQc,Video_game_culture
iUEaUTyXXlo,Video_game_culture
iUGqEPgYhNA,Action-adventure_game
iUGqEPgYhNA,Action_game
iUGqEPgYhNA,Video_game_culture
iVKgMpfmphA,Action_game
iVKgMpfmphA,Video_game_culture
iVWsekz5iYo,Action_game
iVWsekz5iYo,Strategy_video_game
iVWsekz5iYo,Video_game_culture
iWJicq15mDk,Action-adventure_game
iWJicq15mDk,Action_game
iWJicq15mDk,Video_game_culture
iWVtu0LyGrc,Action_game
iWVtu0LyGrc,Role-playing_video_game
iWVtu0LyGrc,Strategy_video_game
iWVtu0LyGrc,Video_game_culture
iWeS7-P6EX0,Association_football
iWeS7-P6EX0,Sport
iWeS7-P6EX0,Sports_game
iX48enFiua4,Action-adventure_game
iX48enFiua4,Entertainment
iX8UqLbHrss,Action_game
iX8UqLbHrss,Video_game_culture
iY9iNnEUsZw,Action_game
iY9iNnEUsZw,Strategy_video_game
iY9iNnEUsZw,Video_game_culture
iYOZyA76yg4,Video_game_culture
i_y5gi1L41I,Sports_game
i_y5gi1L41I,Video_game_culture
iaTwuA6Q7hA,Sports_game
iaTwuA6Q7hA,Video_game_culture
Woq2KZjpcwc,Action_game
Woq2KZjpcwc,Strategy_video_game
Woq2KZjpcwc,Video_game_culture
Wpvfm833tn0,Action_game
Wpvfm833tn0,Sports_game
Wpvfm833tn0,Strategy_video_game
Wpvfm833tn0,Video_game_culture
Wr8lLVsQkt0,Action_game
Wr8lLVsQkt0,Role-playing_video_game
Wr8lLVsQkt0,Strategy_video_game
Wr8lLVsQkt0,Video_game_culture
WtBIUOyYdX4,Action-adventure_game
WtBIUOyYdX4,Action_game
WtBIUOyYdX4,Video_game_culture
Wtg4y3VhQt4,Video_game_culture
Wtg4y3VhQt4,Action-adventure_game
Wtg4y3VhQt4,Action_game
Wu2vPIbbSVs,Action-adventure_game
Wu2vPIbbSVs,Action_game
Wu2vPIbbSVs,Video_game_culture
WvBr8jDq0bs,Action_game
WvBr8jDq0bs,Video_game_culture
Wvzk37d1kRY,Role-playing_video_game
Wvzk37d1kRY,Video_game_culture
Ww4BE8vBat4,Action_game
Ww4BE8vBat4,Role-playing_video_game
Ww4BE8vBat4,Strategy_video_game
Ww4BE8vBat4,Video_game_culture
WwBJqsbfx0A,Sports_game
WwBJqsbfx0A,Video_game_culture
WwM6I6xUCio,Action-adventure_game
WwM6I6xUCio,Role-playing_video_game
WwM6I6xUCio,Video_game_culture
WyJM1a4Dpq8,Video_game_culture
WyN5h9ZtFOQ,Association_football
WyN5h9ZtFOQ,Sport
WyN5h9ZtFOQ,Sports_game
WzpooVFcylU,Video_game_culture
X0XD1BlgAiQ,Action_game
X0XD1BlgAiQ,Video_game_culture
X2CrIkxR7iE,Action_game
X2CrIkxR7iE,Music_video_game
X2CrIkxR7iE,Video_game_culture
X4DXGVAXU3U,Action-adventure_game
X4DXGVAXU3U,Action_game
X4DXGVAXU3U,Video_game_culture
X5pG-ZPqgjQ,Action-adventure_game
X5pG-ZPqgjQ,Role-playing_video_game
X5pG-ZPqgjQ,Video_game_culture
X5rkgzB5xlA,Action_game
X5rkgzB5xlA,Video_game_culture
X7mLNYxEb0s,Action_game
X7mLNYxEb0s,Role-playing_video_game
X7mLNYxEb0s,Sports_game
X7mLNYxEb0s,Strategy_video_game
X7mLNYxEb0s,Video_game_culture
X7p48Z4uwTk,Action_game
X7p48Z4uwTk,Role-playing_video_game
X7p48Z4uwTk,Strategy_video_game
X7p48Z4uwTk,Video_game_culture
X7ty6CKU3hU,Action_game
X7ty6CKU3hU,Strategy_video_game
X7ty6CKU3hU,Video_game_culture
X7wkSXi8-v0,Sports_game
X7wkSXi8-v0,Video_game_culture
X8yVT_FlKlM,Action_game
X8yVT_FlKlM,Casual_game
X8yVT_FlKlM,Video_game_culture
drlS3dy3WSI,Casual_game
drlS3dy3WSI,Puzzle_video_game
drlS3dy3WSI,Video_game_culture
dt1Cm1Mn8bs,Video_game_culture
dtRmQz6VTVQ,Action-adventure_game
dtRmQz6VTVQ,Action_game
dtRmQz6VTVQ,Role-playing_video_game
dtRmQz6VTVQ,Video_game_culture
duEZblBmDS0,Action_game
duEZblBmDS0,Video_game_culture
dusPbaD4HZo,Action_game
dusPbaD4HZo,Video_game_culture
dv0ZIRcBXtw,Action-adventure_game
dv0ZIRcBXtw,Action_game
dv0ZIRcBXtw,Video_game_culture
dwGdzHXcxnA,Action-adventure_game
dwGdzHXcxnA,Action_game
dwGdzHXcxnA,Role-playing_video_game
dwGdzHXcxnA,Strategy_video_game
dwGdzHXcxnA,Video_game_culture
dx4Dq9aMYD8,Role-playing_video_game
dx4Dq9aMYD8,Video_game_culture
dxIylsv-AJE,Role-playing_video_game
dxIylsv-AJE,Video_game_culture
dxaZh4sLbYo,Action-adventure_game
dxaZh4sLbYo,Action_game
dxaZh4sLbYo,Video_game_culture
dxh4lq97FPM,Action_game
dxh4lq97FPM,Role-playing_video_game
dxh4lq97FPM,Strategy_video_game
dxh4lq97FPM,Video_game_culture
dxuRPml9PKY,Action_game
dxuRPml9PKY,Video_game_culture
dxvo50gc2tQ,Video_game_culture
dyOh6CCImSc,Action-adventure_game
dyOh6CCImSc,Video_game_culture
dyielprG9Z8,Role-playing_video_game
dyielprG9Z8,Video_game_culture
dzG4eZ-ERr4,Action-adventure_game
dzG4eZ-ERr4,Action_game
dzG4eZ-ERr4,Video_game_culture
dzeJl0R9CcM,Sports_game
dzeJl0R9CcM,Video_game_culture
e1MCUCu_vs0,Sports_game
e1MCUCu_vs0,Video_game_culture
e1NmOBc_XxI,Casual_game
e1NmOBc_XxI,Video_game_culture
e1nofle7XAQ,Action-adventure_game
e1nofle7XAQ,Video_game_culture
e58ds4eq4qo,Video_game_culture
e5fxGoS9_4E,Action_game
e5fxGoS9_4E,Video_game_culture
e5oDJa_BM3U,Action_game
e5oDJa_BM3U,Sports_game
e5oDJa_BM3U,Strategy_video_game
e5oDJa_BM3U,Video_game_culture
P309nRT1SSc,Action-adventure_game
P309nRT1SSc,Action_game
P309nRT1SSc,Role-playing_video_game
P309nRT1SSc,Simulation_video_game
P309nRT1SSc,Video_game_culture
P57XeAL2tBc,Video_game_culture
P5lPEbbb4K0,Action_game
P5lPEbbb4K0,Video_game_culture
P6DZ1s9yE5c,Action_game
P6DZ1s9yE5c,Strategy_video_game
P6DZ1s9yE5c,Video_game_culture
P6ha3AZFPDk,Video_game_culture
P6p_1tZ9Yxc,Action_game
P6p_1tZ9Yxc,Video_game_culture
P7VbtshWCjQ,Action_game
P7VbtshWCjQ,Strategy_video_game
P7VbtshWCjQ,Video_game_culture
P7Yw83xSJk4,Action_game
P7Yw83xSJk4,Strategy_video_game
P7Yw83xSJk4,Video_game_culture
P8eW6e7kJdY,Action_game
P8eW6e7kJdY,Role-playing_video_game
P8eW6e7kJdY,Strategy_video_game
P8eW6e7kJdY,Video_game_culture
P8yV8Tnd92o,Video_game_culture
P9snvZrbeXM,Action_game
P9snvZrbeXM,Strategy_video_game
P9snvZrbeXM,Video_game_culture
PAHi392VMew,Action-adventure_game
PAHi392VMew,Video_game_culture
PAaTBGpbTUk,Video_game_culture
PAarEm-oRDg,Action_game
PAarEm-oRDg,Video_game_culture
PAer7GKJ_ks,Association_football
PAer7GKJ_ks,Sport
PCPYYoZL88I,Action_game
PCPYYoZL88I,Role-playing_video_game
PCPYYoZL88I,Video_game_culture
PDJGCWqD4Xc,Sports_game
PDJGCWqD4Xc,Video_game_culture
PDhnNSYlUco,Action_game
PDhnNSYlUco,Video_game_culture
PDyn1n0rW7s,Video_game_culture
PE-5stf1aGc,Video_game_culture
PEawYYYcMfM,Action_game
PEawYYYcMfM,Video_game_culture
PFDjZWFM_-I,Action-adventure_game
PFDjZWFM_-I,Action_game
PFDjZWFM_-I,Role-playing_video_game
PFDjZWFM_-I,Video_game_culture
PFXMCBcyjsE,Action-adventure_game
PFXMCBcyjsE,Action_game
PFXMCBcyjsE,Role-playing_video_game
PFXMCBcyjsE,Video_game_culture
PFkA7yKOC_8,Action_game
PFkA7yKOC_8,Video_game_culture
PFkufqRLxZc,Action_game
PFkufqRLxZc,Video_game_culture
PGwaXwDA2Qw,Action-adventure_game
PGwaXwDA2Qw,Action_game
PGwaXwDA2Qw,Role-playing_video_game
PGwaXwDA2Qw,Strategy_video_game
PGwaXwDA2Qw,Video_game_culture
r-LsiwJKP3Q,Sports_game
r-LsiwJKP3Q,Video_game_culture
r0Lvv4TDuQs,Action_game
r0Lvv4TDuQs,Strategy_video_game
r0Lvv4TDuQs,Video_game_culture
r0mgsoET0ys,Sports_game
r0mgsoET0ys,Video_game_culture
r1mGd8vTbLQ,Action_game
r1mGd8vTbLQ,Video_game_culture
r2jHV9R3EJw,Action-adventure_game
r2jHV9R3EJw,Role-playing_video_game
r2jHV9R3EJw,Video_game_culture
r2rK26ksFIo,Action-adventure_game
r2rK26ksFIo,Action_game
r2rK26ksFIo,Video_game_culture
r31wSmGgLSs,Action_game
r31wSmGgLSs,Role-playing_video_game
r31wSmGgLSs,Strategy_video_game
r31wSmGgLSs,Video_game_culture
r3idAhBAti8,Action_game
r3idAhBAti8,Role-playing_video_game
r3idAhBAti8,Strategy_video_game
r3idAhBAti8,Video_game_culture
r3ok_qfpxWA,Role-playing_video_game
r3ok_qfpxWA,Video_game_culture
r48tq8Bdyxo,Casual_game
r48tq8Bdyxo,Music_video_game
r48tq8Bdyxo,Video_game_culture
r4zC7c2tiyI,Role-playing_video_game
r4zC7c2tiyI,Video_game_culture
r5zrAfE9XzA,Action_game
r5zrAfE9XzA,Role-playing_video_game
r5zrAfE9XzA,Strategy_video_game
r5zrAfE9XzA,Video_game_culture
r6YaP5R6Cj8,Action_game
r6YaP5R6Cj8,Role-playing_video_game
r6YaP5R6Cj8,Strategy_video_game
r6YaP5R6Cj8,Video_game_culture
r6dmm6rCRac,Action-adventure_game
r6dmm6rCRac,Action_game
r6dmm6rCRac,Role-playing_video_game
r6dmm6rCRac,Video_game_culture
r6q4MPklAIA,Action_game
r6q4MPklAIA,Role-playing_video_game
r6q4MPklAIA,Strategy_video_game
r6q4MPklAIA,Video_game_culture
r7HqCzhEycs,Action_game
r7HqCzhEycs,Video_game_culture
r7wOpk54Lck,Action-adventure_game
r7wOpk54Lck,Action_game
r7wOpk54Lck,Video_game_culture
r8yun0ANuxM,Action-adventure_game
r8yun0ANuxM,Action_game
r8yun0ANuxM,Video_game_culture
r9DJA8tMS8I,Action-adventure_game
r9DJA8tMS8I,Action_game
r9DJA8tMS8I,Role-playing_video_game
r9DJA8tMS8I,Video_game_culture
r9dJG8Celjc,Action-adventure_game
r9dJG8Celjc,Video_game_culture
rATJbpGRiaw,Action_game
rATJbpGRiaw,Role-playing_video_game
rATJbpGRiaw,Video_game_culture
rAXjp9wNNu4,Action_game
rAXjp9wNNu4,Role-playing_video_game
rAXjp9wNNu4,Strategy_video_game
rAXjp9wNNu4,Video_game_culture
rAgubDHgoeY,Action_game
rAgubDHgoeY,Video_game_culture
rBMLIuPL4LA,Action_game
rBMLIuPL4LA,Video_game_culture
rBVaqiCMdsA,Action_game
rBVaqiCMdsA,Video_game_culture
rCSDxh38s3s,Action_game
rCSDxh38s3s,Strategy_video_game
rCSDxh38s3s,Video_game_culture
rDbJJbbwiFc,Role-playing_video_game
rDbJJbbwiFc,Video_game_culture
rDfA2LH0jgU,Action_game
rDfA2LH0jgU,Role-playing_video_game
rDfA2LH0jgU,Video_game_culture
rEwrMmcZq7M,Action-adventure_game
rEwrMmcZq7M,Action_game
rEwrMmcZq7M,Role-playing_video_game
rEwrMmcZq7M,Video_game_culture
UL4Xz2dBlMs,Action-adventure_game
UL4Xz2dBlMs,Video_game_culture
ULF85KwRRxQ,Action-adventure_game
ULF85KwRRxQ,Action_game
ULF85KwRRxQ,Video_game_culture
ULGBewqhFXc,Sports_game
ULGBewqhFXc,Video_game_culture
ULUZ-dwnt4U,Action-adventure_game
ULUZ-dwnt4U,Video_game_culture
UMJHaCyxS0M,Video_game_culture
UMnLQ24gjao,Action_game
UMnLQ24gjao,Video_game_culture
UN34V1qkFyA,Role-playing_video_game
UN34V1qkFyA,Video_game_culture
UNqXp9mytew,Action_game
UNqXp9mytew,Role-playing_video_game
UNqXp9mytew,Strategy_video_game
UNqXp9mytew,Video_game_culture
UOK30PiEdaM,Action_game
UOK30PiEdaM,Role-playing_video_game
UOK30PiEdaM,Video_game_culture
UOU9lH72zwc,Video_game_culture
UOcfK_cncmU,Action_game
UOcfK_cncmU,Strategy_video_game
UOcfK_cncmU,Video_game_culture
UPd0ChVZ1AM,Action_game
UPd0ChVZ1AM,Strategy_video_game
UPd0ChVZ1AM,Video_game_culture
UPlGN3yqU10,Sports_game
UPlGN3yqU10,Video_game_culture
UQYilKWcsbA,Action-adventure_game
UQYilKWcsbA,Role-playing_video_game
UQYilKWcsbA,Video_game_culture
UQk8LVfMa_k,Action_game
UQk8LVfMa_k,Video_game_culture
URE98F9jbuw,Action_game
URE98F9jbuw,Video_game_culture
URV1DyjhzGE,Action_game
URV1DyjhzGE,Strategy_video_game
URV1DyjhzGE,Video_game_culture
UTCzo7oG4K8,Role-playing_video_game
UTCzo7oG4K8,Video_game_culture
UTxNtdEXHJs,Action-adventure_game
UTxNtdEXHJs,Action_game
UTxNtdEXHJs,Video_game_culture
UUo4K6ebZvU,Video_game_culture
UVEDfXDfST0,Action_game
UVEDfXDfST0,Role-playing_video_game
UVEDfXDfST0,Strategy_video_game
UVEDfXDfST0,Video_game_culture
UVeMzVRZsPw,Action_game
UVeMzVRZsPw,Video_game_culture
UVgn_DqUuwo,Role-playing_video_game
UVgn_DqUuwo,Video_game_culture
UWJOfXQwjVI,Role-playing_video_game
UWJOfXQwjVI,Video_game_culture
UXhFlIVFTGU,Simulation_video_game
UXhFlIVFTGU,Video_game_culture
UYVo4h7LH68,Action-adventure_game
UYVo4h7LH68,Video_game_culture
UZc9Ki_N9lc,Action_game
UZc9Ki_N9lc,Role-playing_video_game
UZc9Ki_N9lc,Strategy_video_game
UZc9Ki_N9lc,Video_game_culture
UZzFdIzlzQc,Action_game
UZzFdIzlzQc,Strategy_video_game
UZzFdIzlzQc,Video_game_culture
U_b8yJqStYs,Action_game
U_b8yJqStYs,Role-playing_video_game
U_b8yJqStYs,Strategy_video_game
U_b8yJqStYs,Video_game_culture
U_k056xAaRA,Action_game
U_k056xAaRA,Video_game_culture
UbUusofZYm0,Action_game
UbUusofZYm0,Role-playing_video_game
UbUusofZYm0,Video_game_culture
UbueztJoUHw,Role-playing_video_game
UbueztJoUHw,Strategy_video_game
UbueztJoUHw,Video_game_culture
Km2HTSj9cgk,Action_game
Km2HTSj9cgk,Video_game_culture
KmjKC0OKZR4,Sports_game
KmjKC0OKZR4,Video_game_culture
KnoEPJ2c-A4,Action-adventure_game
KnoEPJ2c-A4,Action_game
KnoEPJ2c-A4,Video_game_culture
KpxM4jw55FQ,Video_game_culture
KqqhbFLK7eA,Puzzle_video_game
KqqhbFLK7eA,Strategy_video_game
KqqhbFLK7eA,Video_game_culture
Ks7zLWIQqVE,Action_game
Ks7zLWIQqVE,Video_game_culture
KtL3e5vkMvE,Video_game_culture
Ku-7N4YvCeA,Action_game
Ku-7N4YvCeA,Video_game_culture
KuWeSewSQJU,Action_game
KuWeSewSQJU,Role-playing_video_game
KuWeSewSQJU,Strategy_video_game
KuWeSewSQJU,Video_game_culture
Kud5FCQ4Y28,Sports_game
Kud5FCQ4Y28,Video_game_culture
KvNvXc_b_xU,Action_game
KvNvXc_b_xU,Strategy_video_game
KvNvXc_b_xU,Video_game_culture
KvOtGYtHoMI,Action-adventure_game
KvOtGYtHoMI,Action_game
KvOtGYtHoMI,Video_game_culture
KvyXtGwHhng,Video_game_culture
Kw961NHF8R0,Action_game
Kw961NHF8R0,Video_game_culture
Ky81EOldcQ0,Video_game_culture
KyW3hunQpAM,Action_game
KyW3hunQpAM,Role-playing_video_game
KyW3hunQpAM,Video_game_culture
KyyoRNAJIdo,Simulation_video_game
KyyoRNAJIdo,Video_game_culture
hAfN0nW5Hm0,Video_game_culture
hBPKPgN-KZg,Action-adventure_game
hBPKPgN-KZg,Action_game
hBPKPgN-KZg,Video_game_culture
hBxKJ56RSGE,Role-playing_video_game
hBxKJ56RSGE,Video_game_culture
hCC99UZk2pI,Sports_game
hCC99UZk2pI,Video_game_culture
hCQkJ6viQaU,Action-adventure_game
hCQkJ6viQaU,Action_game
hCQkJ6viQaU,Role-playing_video_game
hCQkJ6viQaU,Video_game_culture
hCUnF2PnCOI,Action-adventure_game
hCUnF2PnCOI,Role-playing_video_game
hCUnF2PnCOI,Video_game_culture
hD07NOU5-54,Video_game_culture
hD37op5EiWc,Video_game_culture
hDAFRA15rO4,Action-adventure_game
hDAFRA15rO4,Video_game_culture
hEL5kMpLPg8,Video_game_culture
hFjCVhRBM3c,Action-adventure_game
hFjCVhRBM3c,Action_game
hFjCVhRBM3c,Video_game_culture
hGkUG7rYh_Y,Action_game
hGkUG7rYh_Y,Video_game_culture
hGo0MI1M_9w,Action_game
hGo0MI1M_9w,Strategy_video_game
hGo0MI1M_9w,Video_game_culture
hGyf1KUqYDc,Action-adventure_game
hGyf1KUqYDc,Action_game
hGyf1KUqYDc,Video_game_culture
hHhIEFJh8kU,Action_game
hHhIEFJh8kU,Role-playing_video_game
hHhIEFJh8kU,Video_game_culture
hHjdaJKUafQ,Sports_game
hHjdaJKUafQ,Video_game_culture
hI-SegUs26Q,Action-adventure_game
hI-SegUs26Q,Action_game
hI-SegUs26Q,Video_game_culture
hIA835FTOjs,Action_game
hIA835FTOjs,Role-playing_video_game
hIA835FTOjs,Video_game_culture
hJ0laO4n9DY,Action-adventure_game
hJ0laO4n9DY,Action_game
hJ0laO4n9DY,Video_game_culture
hJ1HwXTPQHI,Association_football
hJ1HwXTPQHI,Sport
hJhcBk0wGR0,Association_football
hJhcBk0wGR0,Sport
hJna6JWzSd0,Action-adventure_game
hJna6JWzSd0,Action_game
hJna6JWzSd0,Video_game_culture
hKtsS6rQF6s,Action-adventure_game
hKtsS6rQF6s,Action_game
hKtsS6rQF6s,Role-playing_video_game
hKtsS6rQF6s,Strategy_video_game
hKtsS6rQF6s,Video_game_culture
hMRz5ir3rUo,Video_game_culture
hMd2qlR2opQ,Video_game_culture
hMre_it4L8g,Action-adventure_game
hMre_it4L8g,Video_game_culture
hOUP0d2tK9Q,Action_game
hOUP0d2tK9Q,Role-playing_video_game
hOUP0d2tK9Q,Strategy_video_game
hOUP0d2tK9Q,Video_game_culture
hOkLG5Dgh9A,Video_game_culture
hP6HnCKZBlo,Action_game
hP6HnCKZBlo,Strategy_video_game
hP6HnCKZBlo,Video_game_culture
hPIs2YOJPrI,Video_game_culture
hPV5N4TMrYo,Action_game
hPV5N4TMrYo,Role-playing_video_game
hPV5N4TMrYo,Strategy_video_game
hPV5N4TMrYo,Video_game_culture
hPbgiTfwuS8,Action_game
hPbgiTfwuS8,Role-playing_video_game
hPbgiTfwuS8,Video_game_culture
hQ4Ms1bCXKk,Action_game
hQ4Ms1bCXKk,Video_game_culture
hQv-WeNdN60,Action_game
hQv-WeNdN60,Video_game_culture
6BsX8wmymRQ,Action_game
6BsX8wmymRQ,Video_game_culture
6CDRlT1DEPs,Lifestyle_(sociology)
6CDRlT1DEPs,Pop_music
6D0qIjQntS4,Sports_game
6D0qIjQntS4,Video_game_culture
6DTHoj1rLi8,Casual_game
6DTHoj1rLi8,Video_game_culture
6F8DxJPWvTw,Association_football
6F8DxJPWvTw,Sport
6FD1FDaySEM,Action-adventure_game
6FD1FDaySEM,Action_game
6FD1FDaySEM,Role-playing_video_game
6FD1FDaySEM,Video_game_culture
6Ful95p5tuo,Action-adventure_game
6Ful95p5tuo,Action_game
6Ful95p5tuo,Video_game_culture
6GGhR6042vY,Action-adventure_game
6GGhR6042vY,Action_game
6GGhR6042vY,Casual_game
6GGhR6042vY,Role-playing_video_game
6GGhR6042vY,Video_game_culture
6GXoc3ZyE4Q,Action_game
6GXoc3ZyE4Q,Strategy_video_game
6GXoc3ZyE4Q,Video_game_culture
6GoHW_T4fsU,Role-playing_video_game
6GoHW_T4fsU,Video_game_culture
6HaHNYjnghE,Association_football
6HaHNYjnghE,Sport
6Hl4CneN0Bw,Action-adventure_game
6Hl4CneN0Bw,Video_game_culture
6IMIxGscIXY,Casual_game
6IMIxGscIXY,Video_game_culture
6IOjqHrNEfI,Health
6IOjqHrNEfI,Lifestyle_(sociology)
6JbKP3vmKZw,Action_game
6JbKP3vmKZw,Strategy_video_game
6JbKP3vmKZw,Video_game_culture
6Jco0o72OTU,Action_game
6Jco0o72OTU,Video_game_culture
6KDpizfUfhM,Association_football
6KDpizfUfhM,Sport
6KDpizfUfhM,Sports_game
6L6pcovPJoM,Video_game_culture
6L9HOw_q11Q,Lifestyle_(sociology)
6OOw5u9v0yQ,Action_game
6OOw5u9v0yQ,Role-playing_video_game
6OOw5u9v0yQ,Video_game_culture
6PSK-MNjlNc,Sports_game
6PSK-MNjlNc,Video_game_culture
6QVfIYcVyQQ,Role-playing_video_game
6QVfIYcVyQQ,Video_game_culture
B3j-xb-KQfU,Video_game_culture
B4f5h41X_mM,Action_game
B4f5h41X_mM,Video_game_culture
B4jX4N8UF18,Action-adventure_game
B4jX4N8UF18,Action_game
B4jX4N8UF18,Role-playing_video_game
B4jX4N8UF18,Video_game_culture
B4lNb6KXSXk,Action-adventure_game
B4lNb6KXSXk,Action_game
B4lNb6KXSXk,Video_game_culture
B4sUAB-X42I,Action_game
B4sUAB-X42I,Video_game_culture
B5qkvJ07ssI,Video_game_culture
B5zf2NRAfOg,Video_game_culture
B6g444072zc,Entertainment
B7-i9Th-yIw,Sports_game
B7-i9Th-yIw,Video_game_culture
B7hIiaXBpco,Music
B9tAqs6xB68,Action-adventure_game
B9tAqs6xB68,Action_game
B9tAqs6xB68,Role-playing_video_game
B9tAqs6xB68,Video_game_culture
BAeSgLHGo-I,Action-adventure_game
BAeSgLHGo-I,Action_game
BAeSgLHGo-I,Role-playing_video_game
BAeSgLHGo-I,Video_game_culture
BBCIQ3eZ_EU,Action-adventure_game
BBCIQ3eZ_EU,Action_game
BBCIQ3eZ_EU,Video_game_culture
BBXenFkWuRM,Action_game
BBXenFkWuRM,Strategy_video_game
BBXenFkWuRM,Video_game_culture
BBgnJUWWGOs,Action_game
BBgnJUWWGOs,Role-playing_video_game
BBgnJUWWGOs,Video_game_culture
BCrfoQaAWYI,Sports_game
BCrfoQaAWYI,Video_game_culture
BE4SYQEAf00,Action_game
BE4SYQEAf00,Role-playing_video_game
BE4SYQEAf00,Video_game_culture
BEyaoghwmuI,Sports_game
BEyaoghwmuI,Strategy_video_game
BEyaoghwmuI,Video_game_culture
BFCawIlw-Ro,Action_game
BFCawIlw-Ro,Video_game_culture
BFK-gM1xuxY,Action-adventure_game
BFK-gM1xuxY,Action_game
BFK-gM1xuxY,Simulation_video_game
BFK-gM1xuxY,Video_game_culture
BFlneJ4x2tg,Action-adventure_game
BFlneJ4x2tg,Action_game
BFlneJ4x2tg,Role-playing_video_game
BFlneJ4x2tg,Video_game_culture
BG8veWquCE4,Video_game_culture
BGcjaPujmvE,Action_game
BGcjaPujmvE,Role-playing_video_game
BGcjaPujmvE,Video_game_culture
BGqapV6lgT8,Action_game
BGqapV6lgT8,Video_game_culture
BHQ5CfBslq0,Action_game
BHQ5CfBslq0,Role-playing_video_game
BHQ5CfBslq0,Video_game_culture
BHm-rbEOeoM,Role-playing_video_game
BHm-rbEOeoM,Video_game_culture
BIDij4ExEQg,Action_game
BIDij4ExEQg,Strategy_video_game
BIDij4ExEQg,Video_game_culture
BIshY9qXyZA,Video_game_culture
BJCdZPeWT10,Role-playing_video_game
BJCdZPeWT10,Video_game_culture
BJMWb1nl-FY,Action-adventure_game
BJMWb1nl-FY,Action_game
BJMWb1nl-FY,Video_game_culture
BJNvo-BwbL8,Video_game_culture
BKGRBJk1xko,Action-adventure_game
BKGRBJk1xko,Action_game
BKGRBJk1xko,Role-playing_video_game
BKGRBJk1xko,Strategy_video_game
BKGRBJk1xko,Video_game_culture
BKUVWdMlu8k,Puzzle_video_game
BKUVWdMlu8k,Video_game_culture
BL6fQpt-MbE,Action_game
BL6fQpt-MbE,Video_game_culture
BLTshrPaesE,Association_football
BLTshrPaesE,Sport
BLgwgtEnVZU,Action_game
BLgwgtEnVZU,Video_game_culture
BMYCMah44Uk,Action_game
BMYCMah44Uk,Role-playing_video_game
BMYCMah44Uk,Strategy_video_game
BMYCMah44Uk,Video_game_culture
JC8e7IZnUd8,Action-adventure_game
JC8e7IZnUd8,Action_game
JC8e7IZnUd8,Role-playing_video_game
JC8e7IZnUd8,Video_game_culture
JDR1WQt88t8,Action_game
JDR1WQt88t8,Role-playing_video_game
JDR1WQt88t8,Strategy_video_game
JDR1WQt88t8,Video_game_culture
JIF8M976Q6s,Role-playing_video_game
JIF8M976Q6s,Video_game_culture
JIkI42DnPbg,Sports_game
JIkI42DnPbg,Video_game_culture
JJ6H-368Qy8,Action_game
JJ6H-368Qy8,Video_game_culture
JKS141EM-Wg,Action_game
JKS141EM-Wg,Strategy_video_game
JKS141EM-Wg,Video_game_culture
JMDGPR1K7ac,Action_game
JMDGPR1K7ac,Video_game_culture
JMXsj2k3Qeg,Sports_game
JMXsj2k3Qeg,Video_game_culture
JMchcFfzeSg,Role-playing_video_game
JMchcFfzeSg,Video_game_culture
JMcwdIMV16Q,Action_game
JMcwdIMV16Q,Role-playing_video_game
JMcwdIMV16Q,Strategy_video_game
JMcwdIMV16Q,Video_game_culture
JN9R6mS9R6M,Sports_game
JN9R6mS9R6M,Video_game_culture
JNdEGvFO-ss,Role-playing_video_game
JNdEGvFO-ss,Video_game_culture
JPyrUPOPMxA,Action_game
JPyrUPOPMxA,Video_game_culture
JS0KTDoV7OQ,Video_game_culture
JTU8Io8cvJo,Action-adventure_game
JTU8Io8cvJo,Action_game
JTU8Io8cvJo,Video_game_culture
JUKmP8QnVxM,Action-adventure_game
JUKmP8QnVxM,Action_game
JUKmP8QnVxM,Role-playing_video_game
JUKmP8QnVxM,Video_game_culture
JUMc1188dgE,Sports_game
JUMc1188dgE,Video_game_culture
a40Pnf_CJxw,Action-adventure_game
a40Pnf_CJxw,Video_game_culture
a59KAwHIHeQ,Action-adventure_game
a59KAwHIHeQ,Action_game
a59KAwHIHeQ,Role-playing_video_game
a59KAwHIHeQ,Video_game_culture
a5BJTUt1wZk,Action-adventure_game
a5BJTUt1wZk,Action_game
a5BJTUt1wZk,Video_game_culture
a5vSY6qg_e0,Strategy_video_game
a5vSY6qg_e0,Video_game_culture
a7keDeIyt6I,Action_game
a7keDeIyt6I,Video_game_culture
a84rY2j3JiI,Action_game
a84rY2j3JiI,Video_game_culture
a8MCGfHpjGQ,Sports_game
a8MCGfHpjGQ,Video_game_culture
a8mGrkdazDg,Action-adventure_game
a8mGrkdazDg,Simulation_video_game
a8mGrkdazDg,Video_game_culture
a9I1pVfdl4U,Action-adventure_game
a9I1pVfdl4U,Video_game_culture
a9jQvMrIxX0,Video_game_culture
a9lGrcVtrqg,Action_game
a9lGrcVtrqg,Role-playing_video_game
a9lGrcVtrqg,Video_game_culture
aBYnA6fSFBU,Video_game_culture
aDOKAoLcPok,Puzzle_video_game
aDOKAoLcPok,Strategy_video_game
aDOKAoLcPok,Video_game_culture
aDblh3u6wFU,Action_game
aDblh3u6wFU,Video_game_culture
aEV1Nzopd5g,Action-adventure_game
aEV1Nzopd5g,Action_game
aEV1Nzopd5g,Video_game_culture
aEi6SszLPEM,Role-playing_video_game
aEi6SszLPEM,Video_game_culture
aEndO62hiwA,Puzzle_video_game
aEndO62hiwA,Video_game_culture
aGRaogdEjUQ,Role-playing_video_game
aGRaogdEjUQ,Video_game_culture
aHH5MbkDb4k,Video_game_culture
aISeN-ChB-o,Action_game
aISeN-ChB-o,Role-playing_video_game
aISeN-ChB-o,Strategy_video_game
aISeN-ChB-o,Video_game_culture
aJbun77QgU8,Action_game
aJbun77QgU8,Video_game_culture
aJg4Feqk1dw,Action-adventure_game
aJg4Feqk1dw,Action_game
aJg4Feqk1dw,Role-playing_video_game
aJg4Feqk1dw,Video_game_culture
aK5wqLPg8aE,Action_game
aK5wqLPg8aE,Video_game_culture
aKCGXu24L14,Action_game
aKCGXu24L14,Video_game_culture
aKbW7C3a5og,Action_game
aKbW7C3a5og,Video_game_culture
aLkRGi7v9KE,Video_game_culture
aM89L8XH3cM,Action_game
aM89L8XH3cM,Video_game_culture
aMeLoOn4-mQ,Action-adventure_game
aMeLoOn4-mQ,Action_game
aMeLoOn4-mQ,Role-playing_video_game
aMeLoOn4-mQ,Strategy_video_game
aMeLoOn4-mQ,Video_game_culture
aNjfJOLjsl4,Casual_game
aNjfJOLjsl4,Role-playing_video_game
aNjfJOLjsl4,Video_game_culture
yZbnkrKOuFA,Action_game
yZbnkrKOuFA,Video_game_culture
yapOKuFBprw,Action_game
yapOKuFBprw,Video_game_culture
ybGePX1Z02w,Video_game_culture
yboYhcbQEbY,Video_game_culture
ycLrVi0Dgxw,Action_game
ycLrVi0Dgxw,Casual_game
ycLrVi0Dgxw,Video_game_culture
ycfSmpNd7FI,Action_game
ycfSmpNd7FI,Role-playing_video_game
ycfSmpNd7FI,Strategy_video_game
ycfSmpNd7FI,Video_game_culture
ycuVynBy7i0,Video_game_culture
ydKZ_sXRYGI,Action_game
ydKZ_sXRYGI,Role-playing_video_game
ydKZ_sXRYGI,Strategy_video_game
ydKZ_sXRYGI,Video_game_culture
yhNmbkTDknY,Action-adventure_game
yhNmbkTDknY,Action_game
yhNmbkTDknY,Video_game_culture
yhT6b5b48SA,Action_game
yhT6b5b48SA,Role-playing_video_game
yhT6b5b48SA,Video_game_culture
yha7IjMOeIU,Action-adventure_game
yha7IjMOeIU,Video_game_culture
yiW8iyeGwSA,Action_game
yiW8iyeGwSA,Casual_game
yiW8iyeGwSA,Role-playing_video_game
yiW8iyeGwSA,Video_game_culture
yiqgdDBMisI,Action-adventure_game
yiqgdDBMisI,Action_game
yiqgdDBMisI,Role-playing_video_game
yiqgdDBMisI,Video_game_culture
yjAPFg9HgT8,Action_game
yjAPFg9HgT8,Role-playing_video_game
yjAPFg9HgT8,Video_game_culture
yjQg9-k0ps4,Action-adventure_game
yjQg9-k0ps4,Action_game
yjQg9-k0ps4,Video_game_culture
ylNrUHn2X94,Sports_game
ylNrUHn2X94,Video_game_culture
ylTsrHI6H6w,Action-adventure_game
ylTsrHI6H6w,Video_game_culture
ymMF13-7lgY,Video_game_culture
ymmfuISiESg,Action-adventure_game
ymmfuISiESg,Action_game
ymmfuISiESg,Role-playing_video_game
ymmfuISiESg,Strategy_video_game
ymmfuISiESg,Video_game_culture
yn6nnK1DYsc,Action-adventure_game
yn6nnK1DYsc,Action_game
yn6nnK1DYsc,Strategy_video_game
yn6nnK1DYsc,Video_game_culture
yngne7i0XAo,Association_football
yngne7i0XAo,Sport
yoT-JaidFEs,Action_game
yoT-JaidFEs,Strategy_video_game
yoT-JaidFEs,Video_game_culture
yoltXmXmUJo,Sports_game
yoltXmXmUJo,Video_game_culture
yoncS1KFIPc,Video_game_culture
ypKWnRYYvVw,Action_game
ypKWnRYYvVw,Video_game_culture
hkI7e5E1IMo,Action_game
hkI7e5E1IMo,Video_game_culture
hl4XJuiY24A,Video_game_culture
hlFvvQ5yh9c,Action-adventure_game
hlFvvQ5yh9c,Action_game
hlFvvQ5yh9c,Video_game_culture
hllpjHcKfbU,Casual_game
hllpjHcKfbU,Video_game_culture
hlngnMNBb6U,Action_game
hlngnMNBb6U,Role-playing_video_game
hlngnMNBb6U,Video_game_culture
hmfcSE6hMYo,Food
hmfcSE6hMYo,Lifestyle_(sociology)
hnHvAvK-JGU,Action_game
hnHvAvK-JGU,Role-playing_video_game
hnHvAvK-JGU,Strategy_video_game
hnHvAvK-JGU,Video_game_culture
hnSFVK1w8Ho,Strategy_video_game
hnSFVK1w8Ho,Video_game_culture
hnWuen4wpos,Action-adventure_game
hnWuen4wpos,Action_game
hnWuen4wpos,Casual_game
hnWuen4wpos,Video_game_culture
hnnazdwM0Ms,Action-adventure_game
hnnazdwM0Ms,Action_game
hnnazdwM0Ms,Role-playing_video_game
hnnazdwM0Ms,Video_game_culture
hnwWCOPelms,Action-adventure_game
hnwWCOPelms,Action_game
hnwWCOPelms,Casual_game
hnwWCOPelms,Puzzle_video_game
hnwWCOPelms,Role-playing_video_game
hnwWCOPelms,Strategy_video_game
hnwWCOPelms,Video_game_culture
hoI55J0iQDQ,Video_game_culture
hozChVvB7gk,Video_game_culture
hqdvaZkReXo,Action_game
hqdvaZkReXo,Strategy_video_game
hqdvaZkReXo,Video_game_culture
hr8Gt_DEFpM,Action-adventure_game
hr8Gt_DEFpM,Action_game
hr8Gt_DEFpM,Video_game_culture
hrE1LysJikU,Sports_game
hrE1LysJikU,Video_game_culture
hrtyoJLthzU,Action_game
hrtyoJLthzU,Strategy_video_game
hrtyoJLthzU,Video_game_culture
hs2IauY6kpY,Action_game
hs2IauY6kpY,Video_game_culture
hu8fCICg_DQ,Action-adventure_game
hu8fCICg_DQ,Action_game
hu8fCICg_DQ,Role-playing_video_game
hu8fCICg_DQ,Video_game_culture
hug1VBZOMSw,Video_game_culture
huhSUIk-z84,Action-adventure_game
huhSUIk-z84,Action_game
huhSUIk-z84,Role-playing_video_game
huhSUIk-z84,Video_game_culture
hulW0OQuu_M,Action_game
hulW0OQuu_M,Video_game_culture
hvz8eR1ijzE,Action_game
hvz8eR1ijzE,Role-playing_video_game
hvz8eR1ijzE,Strategy_video_game
hvz8eR1ijzE,Video_game_culture
hwxVowJxJtk,Action-adventure_game
hwxVowJxJtk,Action_game
hwxVowJxJtk,Video_game_culture
hyz6Fbzk1HY,Action_game
hyz6Fbzk1HY,Role-playing_video_game
hyz6Fbzk1HY,Video_game_culture
hzeXkVCRsJQ,Action-adventure_game
hzeXkVCRsJQ,Action_game
hzeXkVCRsJQ,Role-playing_video_game
hzeXkVCRsJQ,Video_game_culture
hzqkmrJ2ziE,Association_football
hzqkmrJ2ziE,Sport
i-b1B9DJsyQ,Sports_game
i-b1B9DJsyQ,Video_game_culture
i0BuyG0ZSSQ,Action_game
i0BuyG0ZSSQ,Strategy_video_game
i0BuyG0ZSSQ,Video_game_culture
i0tnTA_7k1g,Action_game
i0tnTA_7k1g,Video_game_culture
i1nv4lmhotA,Sports_game
i1nv4lmhotA,Video_game_culture
i2DnGU0SgNM,Video_game_culture
i2e6Rvkha0g,Role-playing_video_game
i2e6Rvkha0g,Video_game_culture
tp6KAd2ZTUw,Role-playing_video_game
tp6KAd2ZTUw,Strategy_video_game
tp6KAd2ZTUw,Video_game_culture
tp6djgq7O-4,Action_game
tp6djgq7O-4,Video_game_culture
tpV1JKXTzOI,Action_game
tpV1JKXTzOI,Video_game_culture
tq4McTeM0vs,Action_game
tq4McTeM0vs,Video_game_culture
tqEIn6qARcs,Action-adventure_game
tqEIn6qARcs,Action_game
tqEIn6qARcs,Video_game_culture
trjr4qAiBiU,Action_game
trjr4qAiBiU,Video_game_culture
tryvBULw5PY,Action_game
tryvBULw5PY,Video_game_culture
ttPxLrR9QHI,Action_game
ttPxLrR9QHI,Video_game_culture
ttjrUoROha8,Action-adventure_game
ttjrUoROha8,Action_game
ttjrUoROha8,Role-playing_video_game
ttjrUoROha8,Video_game_culture
tu8_rJ62c0s,Action-adventure_game
tu8_rJ62c0s,Action_game
tu8_rJ62c0s,Video_game_culture
tudlS-nY21k,Action_game
tudlS-nY21k,Strategy_video_game
tudlS-nY21k,Video_game_culture
tvIAAorL-58,Action-adventure_game
tvIAAorL-58,Action_game
tvIAAorL-58,Video_game_culture
tvV5vV9nwGY,Action_game
tvV5vV9nwGY,Role-playing_video_game
tvV5vV9nwGY,Strategy_video_game
tvV5vV9nwGY,Video_game_culture
tvnjVzWFI00,Action_game
tvnjVzWFI00,Video_game_culture
twf4EkXxvgI,Action-adventure_game
twf4EkXxvgI,Action_game
twf4EkXxvgI,Video_game_culture
tyTWQly94SQ,Video_game_culture
tycZS4X_2rk,Action_game
tycZS4X_2rk,Video_game_culture
tzuxVvy3GfE,Action_game
tzuxVvy3GfE,Video_game_culture
u-1SsJEDjT0,Action_game
u-1SsJEDjT0,Video_game_culture
u0zt1T1Q3uQ,Action_game
u0zt1T1Q3uQ,Video_game_culture
u2-DIibuoco,Role-playing_video_game
u2-DIibuoco,Video_game_culture
u2PTsS_5_iI,Video_game_culture
u2ROo_yAAF8,Video_game_culture
u2kp8Q8lxu8,Action_game
u2kp8Q8lxu8,Video_game_culture
u3PbOkkpS7s,Action_game
u3PbOkkpS7s,Video_game_culture
u4uaFpjhIz8,Video_game_culture
Y7MENI5ZuCc,Action_game
Y7MENI5ZuCc,Role-playing_video_game
Y7MENI5ZuCc,Strategy_video_game
Y7MENI5ZuCc,Video_game_culture
Y8fIOWmrixE,Association_football
Y8fIOWmrixE,Sport
Y9d1WhqXeBk,Action-adventure_game
Y9d1WhqXeBk,Role-playing_video_game
Y9d1WhqXeBk,Video_game_culture
Y9gUjDf8iRM,Action_game
Y9gUjDf8iRM,Strategy_video_game
Y9gUjDf8iRM,Video_game_culture
Y9gm-namF-0,Action_game
Y9gm-namF-0,Role-playing_video_game
Y9gm-namF-0,Strategy_video_game
Y9gm-namF-0,Video_game_culture
Y9jVnvLg8lQ,Simulation_video_game
Y9jVnvLg8lQ,Video_game_culture
Y9oPN5UFkJY,Action-adventure_game
Y9oPN5UFkJY,Action_game
Y9oPN5UFkJY,Role-playing_video_game
Y9oPN5UFkJY,Video_game_culture
YAfC3rQZ5dc,Video_game_culture
YAxNyrzhe-E,Role-playing_video_game
YAxNyrzhe-E,Video_game_culture
YBG31TKrhT0,Action_game
YBG31TKrhT0,Role-playing_video_game
YBG31TKrhT0,Strategy_video_game
YBG31TKrhT0,Video_game_culture
YBs6SXuf-KI,Action-adventure_game
YBs6SXuf-KI,Action_game
YBs6SXuf-KI,Role-playing_video_game
YBs6SXuf-KI,Video_game_culture
YCxg3W7s7Hw,Action_game
YCxg3W7s7Hw,Strategy_video_game
YCxg3W7s7Hw,Video_game_culture
YDHqMr2YeVw,Sports_game
YDHqMr2YeVw,Video_game_culture
YDMUdg-qA2k,Action_game
YDMUdg-qA2k,Video_game_culture
YDjVfiAC3mg,Action_game
YDjVfiAC3mg,Role-playing_video_game
YDjVfiAC3mg,Video_game_culture
YDuttgAgZTI,Action_game
YDuttgAgZTI,Role-playing_video_game
YDuttgAgZTI,Strategy_video_game
YDuttgAgZTI,Video_game_culture
YE4bi1k0dMw,Action-adventure_game
YE4bi1k0dMw,Role-playing_video_game
YE4bi1k0dMw,Video_game_culture
YGB6coUv2Zw,Sports_game
YGB6coUv2Zw,Video_game_culture
YGM9mh72zjk,Action-adventure_game
YGM9mh72zjk,Video_game_culture
YGeZIPr5BqM,Action-adventure_game
YGeZIPr5BqM,Action_game
YGeZIPr5BqM,Role-playing_video_game
YGeZIPr5BqM,Strategy_video_game
YGeZIPr5BqM,Video_game_culture
YGihEaI62Wo,Sports_game
YGihEaI62Wo,Video_game_culture
YJgoSdumpY4,Association_football
YJgoSdumpY4,Sport
YJgoSdumpY4,Television_program
YJw5YtnYIU0,Association_football
YJw5YtnYIU0,Sport
YKXvoyIHFeU,Sports_game
YKXvoyIHFeU,Video_game_culture
YKjM2awjpvI,Puzzle_video_game
YKjM2awjpvI,Video_game_culture
YMEsgT6NKnc,Action_game
YMEsgT6NKnc,Role-playing_video_game
YMEsgT6NKnc,Strategy_video_game
YMEsgT6NKnc,Video_game_culture
YMdGP2XLaOg,Action_game
YMdGP2XLaOg,Video_game_culture
YMxxO__73cA,Role-playing_video_game
YMxxO__73cA,Video_game_culture
YN5C_dRCuLs,Casual_game
YN5C_dRCuLs,Video_game_culture
YO09qHkvJvQ,Role-playing_video_game
YO09qHkvJvQ,Video_game_culture
YPbceUmhs_0,Role-playing_video_game
YPbceUmhs_0,Video_game_culture
SmOAiXGdEXU,Music_video_game
SmOAiXGdEXU,Video_game_culture
SnRvPkzWzhg,Action-adventure_game
SnRvPkzWzhg,Action_game
SnRvPkzWzhg,Role-playing_video_game
SnRvPkzWzhg,Video_game_culture
SnqoW4MudGc,Action-adventure_game
SnqoW4MudGc,Action_game
SnqoW4MudGc,Video_game_culture
SoID8zRRdYk,Action_game
SoID8zRRdYk,Video_game_culture
SqDW_RkaYcQ,Action_game
SqDW_RkaYcQ,Role-playing_video_game
SqDW_RkaYcQ,Video_game_culture
SrPk72gFaro,Action_game
SrPk72gFaro,Video_game_culture
SsTzay81euc,Sports_game
SsTzay81euc,Video_game_culture
StwNitIcNLo,Action_game
StwNitIcNLo,Video_game_culture
SuQcSaQ17T8,Casual_game
SuQcSaQ17T8,Video_game_culture
Svh-NUZtrMA,Action-adventure_game
Svh-NUZtrMA,Action_game
Svh-NUZtrMA,Video_game_culture
Swwas7_svPM,Action_game
Swwas7_svPM,Video_game_culture
SxCHWUV8YeY,Action_game
SxCHWUV8YeY,Video_game_culture
SxNkx8RCOvM,Video_game_culture
SxVNm5k0854,Action_game
SxVNm5k0854,Video_game_culture
SxWmic1lRl4,Action_game
SxWmic1lRl4,Video_game_culture
SyA3rYiCH1c,Action-adventure_game
SyA3rYiCH1c,Action_game
SyA3rYiCH1c,Video_game_culture
T-6q7HZgEOE,Action_game
T-6q7HZgEOE,Strategy_video_game
T-6q7HZgEOE,Video_game_culture
T-JHUMMwQ-k,Action_game
T-JHUMMwQ-k,Video_game_culture
T08TwX5zMnA,Action_game
T08TwX5zMnA,Role-playing_video_game
T08TwX5zMnA,Strategy_video_game
T08TwX5zMnA,Video_game_culture
T0EHl8qiGz8,Casual_game
T0EHl8qiGz8,Music_video_game
T0EHl8qiGz8,Video_game_culture
T0faS2ina0c,Action-adventure_game
T0faS2ina0c,Action_game
T0faS2ina0c,Role-playing_video_game
T0faS2ina0c,Video_game_culture
T177ngqigy4,Action-adventure_game
T177ngqigy4,Role-playing_video_game
T177ngqigy4,Video_game_culture
T1XJG4gBC0k,Role-playing_video_game
T1XJG4gBC0k,Video_game_culture
T1hwDVI-BBc,Action-adventure_game
T1hwDVI-BBc,Action_game
T1hwDVI-BBc,Role-playing_video_game
T1hwDVI-BBc,Video_game_culture
T2Qfy5b8JEM,Sports_game
T2Qfy5b8JEM,Video_game_culture
-F384KRva3s,Action_game
-F384KRva3s,Video_game_culture
-GExqI2lqpk,Action_game
-GExqI2lqpk,Role-playing_video_game
-GExqI2lqpk,Video_game_culture
-GYxIaTdgvY,Video_game_culture
-GxTvzyjSyU,Action_game
-GxTvzyjSyU,Strategy_video_game
-GxTvzyjSyU,Video_game_culture
-GyEpspy7Es,Action_game
-GyEpspy7Es,Role-playing_video_game
-GyEpspy7Es,Video_game_culture
-IpErmLKxNc,Action_game
-IpErmLKxNc,Video_game_culture
-JLw4or2Euw,Sports_game
-JLw4or2Euw,Video_game_culture
-JQLuAFndSs,Action_game
-JQLuAFndSs,Video_game_culture
-K2R__eeNso,Action_game
-K2R__eeNso,Role-playing_video_game
-K2R__eeNso,Strategy_video_game
-K2R__eeNso,Video_game_culture
-K_0e9NOBz0,Sports_game
-K_0e9NOBz0,Video_game_culture
-Kvbxbt_wvs,Video_game_culture
-LJ_wn5wH5c,Action_game
-LJ_wn5wH5c,Video_game_culture
-MRSxJjmdME,Action-adventure_game
-MRSxJjmdME,Action_game
-MRSxJjmdME,Role-playing_video_game
-MRSxJjmdME,Video_game_culture
-NBj50d_RBU,Action-adventure_game
-NBj50d_RBU,Action_game
-NBj50d_RBU,Role-playing_video_game
-NBj50d_RBU,Video_game_culture
-NGVM0hgDQ8,Role-playing_video_game
-NGVM0hgDQ8,Video_game_culture
-NZ5YbpjVFI,Video_game_culture
-NZR_QZGDOo,Casual_game
-NZR_QZGDOo,Puzzle_video_game
-NZR_QZGDOo,Role-playing_video_game
-NZR_QZGDOo,Video_game_culture
-NfHRIlhQ4Y,Electronic_music
-NfHRIlhQ4Y,Music
-NfHRIlhQ4Y,Pop_music
-O8vmnk2gpY,Action_game
-O8vmnk2gpY,Video_game_culture
-OOSFHfxIzs,Sports_game
-OOSFHfxIzs,Video_game_culture
-OspBbwsD7M,Sports_game
-OspBbwsD7M,Video_game_culture
-P1y0Rfo1_0,Action-adventure_game
-P1y0Rfo1_0,Action_game
-P1y0Rfo1_0,Video_game_culture
-QaNv9a9CmA,Action-adventure_game
-QaNv9a9CmA,Action_game
-QaNv9a9CmA,Puzzle_video_game
-QaNv9a9CmA,Role-playing_video_game
-QaNv9a9CmA,Video_game_culture
-QoxFaxi_QY,Action-adventure_game
-QoxFaxi_QY,Action_game
-QoxFaxi_QY,Casual_game
-QoxFaxi_QY,Video_game_culture
-SQAmUawMh4,Action-adventure_game
-SQAmUawMh4,Action_game
-SQAmUawMh4,Role-playing_video_game
-SQAmUawMh4,Video_game_culture
-T5Y7haZIX8,Strategy_video_game
-T5Y7haZIX8,Video_game_culture
-TZ4CNUhjes,Video_game_culture
-Tp1akeRGew,Action_game
-Tp1akeRGew,Strategy_video_game
-Tp1akeRGew,Video_game_culture
-UDL9yY1qcw,Action-adventure_game
-UDL9yY1qcw,Action_game
-UDL9yY1qcw,Role-playing_video_game
-UDL9yY1qcw,Video_game_culture
-UnHvrQY_b0,Action-adventure_game
-UnHvrQY_b0,Action_game
-UnHvrQY_b0,Video_game_culture
-V5sE0heLH4,Action-adventure_game
-V5sE0heLH4,Action_game
-V5sE0heLH4,Role-playing_video_game
-V5sE0heLH4,Video_game_culture
-V8LUihV-y0,Action-adventure_game
-V8LUihV-y0,Action_game
-V8LUihV-y0,Video_game_culture
HKOJALffcCo,Action-adventure_game
HKOJALffcCo,Action_game
HKOJALffcCo,Video_game_culture
HKT4oOGSU0Q,Casual_game
HKT4oOGSU0Q,Video_game_culture
HMQeTNbEeWs,Action_game
HMQeTNbEeWs,Video_game_culture
HOgAt3kT1aw,Sports_game
HOgAt3kT1aw,Video_game_culture
HQ70-oEC2As,Action_game
HQ70-oEC2As,Video_game_culture
HQQajJiivoo,Action_game
HQQajJiivoo,Video_game_culture
HQsFifugulE,Action-adventure_game
HQsFifugulE,Action_game
HQsFifugulE,Role-playing_video_game
HQsFifugulE,Video_game_culture
HQsld00VvH0,Sports_game
HQsld00VvH0,Video_game_culture
HR062zA-m38,Role-playing_video_game
HR062zA-m38,Video_game_culture
HS6RifoYMZc,Action_game
HS6RifoYMZc,Video_game_culture
HStivJQkbgQ,Video_game_culture
HTwUry6g9ro,Video_game_culture
HUDmsJO9NkE,Action_game
HUDmsJO9NkE,Role-playing_video_game
HUDmsJO9NkE,Video_game_culture
HUE5v5la1BM,Action_game
HUE5v5la1BM,Video_game_culture
HUbd4j3Jo4M,Action-adventure_game
HUbd4j3Jo4M,Video_game_culture
HUqGcxnnVrA,Action_game
HUqGcxnnVrA,Video_game_culture
HWCev9QDyHg,Action-adventure_game
HWCev9QDyHg,Action_game
HWCev9QDyHg,Video_game_culture
HWMMpKmq5To,Action-adventure_game
HWMMpKmq5To,Action_game
HWMMpKmq5To,Video_game_culture
HXBwRb4aIgQ,Role-playing_video_game
HXBwRb4aIgQ,Video_game_culture
HYSXMVSJfms,Sports_game
HYSXMVSJfms,Video_game_culture
LLsAAJcssmE,Action_game
LLsAAJcssmE,Role-playing_video_game
LLsAAJcssmE,Strategy_video_game
LLsAAJcssmE,Video_game_culture
LNjdBa-UIBM,Action-adventure_game
LNjdBa-UIBM,Action_game
LNjdBa-UIBM,Role-playing_video_game
LNjdBa-UIBM,Strategy_video_game
LNjdBa-UIBM,Video_game_culture
LQTcUMD0X_I,Action_game
LQTcUMD0X_I,Video_game_culture
LRQ3MK6kOQ4,Action_game
LRQ3MK6kOQ4,Video_game_culture
LRsNoFTZXCI,Sports_game
LRsNoFTZXCI,Video_game_culture
LSSZow5YkAw,Action_game
LSSZow5YkAw,Role-playing_video_game
LSSZow5YkAw,Video_game_culture
LTAxhYa_vHo,Action_game
LTAxhYa_vHo,Role-playing_video_game
LTAxhYa_vHo,Strategy_video_game
LTAxhYa_vHo,Video_game_culture
LTMjXFQ8BJE,Action_game
LTMjXFQ8BJE,Video_game_culture
LUEbkoWbuoA,Action_game
LUEbkoWbuoA,Role-playing_video_game
LUEbkoWbuoA,Strategy_video_game
LUEbkoWbuoA,Video_game_culture
LWDqvf0gVto,Sports_game
LWP8q-bDH6E,Video_game_culture
LWZtcsGI59c,Action_game
LWZtcsGI59c,Role-playing_video_game
LWZtcsGI59c,Strategy_video_game
LWZtcsGI59c,Video_game_culture
LYaw36LFI4o,Action_game
LYaw36LFI4o,Video_game_culture
LZPLGTW2zu0,Video_game_culture
LZopn5pYm8Y,Action_game
LZopn5pYm8Y,Video_game_culture
L_Cb7kDqNnM,Action_game
L_Cb7kDqNnM,Video_game_culture
L_DphJkf0_c,Action_game
L_DphJkf0_c,Video_game_culture
L_Nex4IinxE,Action-adventure_game
L_Nex4IinxE,Action_game
L_Nex4IinxE,Video_game_culture
L_ijhgjG0gI,Role-playing_video_game
L_ijhgjG0gI,Video_game_culture
Laj6Re-ZT0k,Video_game_culture
Lb3FhQ2KZyw,Action-adventure_game
Lb3FhQ2KZyw,Action_game
Lb3FhQ2KZyw,Video_game_culture
Lc0ghHXaMUI,Action_game
Lc0ghHXaMUI,Role-playing_video_game
Lc0ghHXaMUI,Video_game_culture
Lc1DWGvBa98,Action-adventure_game
Lc1DWGvBa98,Action_game
Lc1DWGvBa98,Role-playing_video_game
Lc1DWGvBa98,Video_game_culture
LcAL6t8A_f0,Action-adventure_game
LcAL6t8A_f0,Role-playing_video_game
LcAL6t8A_f0,Video_game_culture
LcNmyl7PtXw,Sports_game
LcNmyl7PtXw,Video_game_culture
oS33pRkJfDI,Action-adventure_game
oS33pRkJfDI,Action_game
oS33pRkJfDI,Video_game_culture
oSmUYFhMSBc,Action_game
oSmUYFhMSBc,Role-playing_video_game
oSmUYFhMSBc,Video_game_culture
oTdxQM8Epww,Food
oTdxQM8Epww,Lifestyle_(sociology)
oThnZsKx1Ds,Video_game_culture
oUQ9UozlITY,Action-adventure_game
oUQ9UozlITY,Action_game
oUQ9UozlITY,Role-playing_video_game
oUQ9UozlITY,Video_game_culture
oUo5Bc2UahY,Action_game
oUo5Bc2UahY,Video_game_culture
oV6hC_yuCn8,Action_game
oV6hC_yuCn8,Strategy_video_game
oV6hC_yuCn8,Video_game_culture
oWjwus0j4Cc,Action_game
oWjwus0j4Cc,Role-playing_video_game
oWjwus0j4Cc,Video_game_culture
oY9nyOqOOdU,Association_football
oY9nyOqOOdU,Sport
oYNzb7qgHlw,Action_game
oYNzb7qgHlw,Video_game_culture
o_ZotXq6mUk,Action_game
o_ZotXq6mUk,Video_game_culture
o_cy0czNk_w,Casual_game
o_cy0czNk_w,Video_game_culture
oa0oqouuZHw,Role-playing_video_game
oa0oqouuZHw,Strategy_video_game
oa0oqouuZHw,Video_game_culture
oaB1_t7rfo8,Video_game_culture
oaj8CBI0xOI,Video_game_culture
odmVXi3xRfs,Sports_game
odmVXi3xRfs,Video_game_culture
oe2W1TXlNsM,Action_game
oe2W1TXlNsM,Video_game_culture
oeArNJLriUE,Video_game_culture
of0B2Ixvtns,Role-playing_video_game
of0B2Ixvtns,Video_game_culture
ofuJ1b0x8mw,Action_game
ofuJ1b0x8mw,Video_game_culture
zcFPkNPJ590,Action-adventure_game
zcFPkNPJ590,Action_game
zcFPkNPJ590,Casual_game
zcFPkNPJ590,Role-playing_video_game
zcFPkNPJ590,Video_game_culture
zd6Ufq1IOfc,Action-adventure_game
zd6Ufq1IOfc,Video_game_culture
zedbHQnjwb8,Role-playing_video_game
zedbHQnjwb8,Video_game_culture
zfch89nR5Vc,Action-adventure_game
zfch89nR5Vc,Action_game
zfch89nR5Vc,Video_game_culture
zg-5L4foH2c,Sports_game
zg-5L4foH2c,Video_game_culture
zgqGKrGcIR8,Action_game
zgqGKrGcIR8,Video_game_culture
zhUnHfQvYVc,Action_game
zhUnHfQvYVc,Video_game_culture
zi3HZ6PiDiw,Sports_game
zi3HZ6PiDiw,Video_game_culture
ziPwlz8mILI,Role-playing_video_game
ziPwlz8mILI,Video_game_culture
ziej7dzNJjw,Role-playing_video_game
ziej7dzNJjw,Video_game_culture
zj7RjlRBApQ,Video_game_culture
zjA-FR-f5Kc,Music
zjIdSZ1tMlc,Action_game
zjIdSZ1tMlc,Role-playing_video_game
zjIdSZ1tMlc,Strategy_video_game
zjIdSZ1tMlc,Video_game_culture
zjZKcYbdETI,Action_game
zjZKcYbdETI,Strategy_video_game
zjZKcYbdETI,Video_game_culture
zk2vg5kpvkg,Action_game
zk2vg5kpvkg,Role-playing_video_game
zk2vg5kpvkg,Video_game_culture
zk9imjaMSWw,Action-adventure_game
zk9imjaMSWw,Video_game_culture
zkJcgq1uSWQ,Action_game
zkJcgq1uSWQ,Video_game_culture
zkYheIKRKQQ,Action_game
zkYheIKRKQQ,Role-playing_video_game
zkYheIKRKQQ,Video_game_culture
zl0TD3bKDoI,Action_game
zl0TD3bKDoI,Sports_game
zl0TD3bKDoI,Video_game_culture
zlzRnO3_OVE,Action-adventure_game
zlzRnO3_OVE,Action_game
zlzRnO3_OVE,Role-playing_video_game
zlzRnO3_OVE,Strategy_video_game
zlzRnO3_OVE,Video_game_culture
znU0YMfVLSg,Sports_game
znU0YMfVLSg,Video_game_culture
znYDzJvqRrc,Action-adventure_game
znYDzJvqRrc,Action_game
znYDzJvqRrc,Role-playing_video_game
znYDzJvqRrc,Video_game_culture
znljXh47_2I,Video_game_culture
zoPb90BbkyU,Action-adventure_game
zoPb90BbkyU,Action_game
zoPb90BbkyU,Video_game_culture
zoyJZYm3-9g,Video_game_culture
zpd-SS6J0KI,Sports_game
zpd-SS6J0KI,Video_game_culture
zpm6Dx3rBxQ,Video_game_culture
zsItk78esys,Video_game_culture
ztHIkAnn0Mk,Video_game_culture
ztq6yN-0Mxs,Action-adventure_game
ztq6yN-0Mxs,Action_game
ztq6yN-0Mxs,Role-playing_video_game
ztq6yN-0Mxs,Video_game_culture
ztwKVPFRGlQ,Strategy_video_game
ztwKVPFRGlQ,Video_game_culture
zuY3AzM2ChY,Video_game_culture
zurtZ02lwAc,Action_game
zurtZ02lwAc,Role-playing_video_game
zurtZ02lwAc,Strategy_video_game
zurtZ02lwAc,Video_game_culture
zvjmfDkg5_g,Role-playing_video_game
zvjmfDkg5_g,Strategy_video_game
zvjmfDkg5_g,Video_game_culture
zvkiZeBP7zo,Video_game_culture
zvqfQ6FgJ3o,Action_game
zvqfQ6FgJ3o,Video_game_culture
zw8QZVPmNhg,Action_game
zw8QZVPmNhg,Role-playing_video_game
zw8QZVPmNhg,Strategy_video_game
zw8QZVPmNhg,Video_game_culture
zybQnviH6mE,Association_football
zybQnviH6mE,Sport
zyfmOH7AltA,Video_game_culture
zyzJbd0kVO0,Video_game_culture
zzScfzjVy9w,Action_game
zzScfzjVy9w,Role-playing_video_game
zzScfzjVy9w,Video_game_culture
zzulLbG4IBY,Action_game
zzulLbG4IBY,Strategy_video_game
zzulLbG4IBY,Video_game_culture
QcQ3HbBRzJc,Action-adventure_game
QcQ3HbBRzJc,Action_game
QcQ3HbBRzJc,Role-playing_video_game
QcQ3HbBRzJc,Strategy_video_game
QcQ3HbBRzJc,Video_game_culture
QcpMIcIj1LM,Action_game
QcpMIcIj1LM,Role-playing_video_game
QcpMIcIj1LM,Video_game_culture
QdCUAVU-qkk,Video_game_culture
QdKU1sS6crs,Action-adventure_game
QdKU1sS6crs,Video_game_culture
QeTwLIPVAi4,Video_game_culture
Qe_esm8PKEY,Action_game
Qe_esm8PKEY,Video_game_culture
Qece8Px4rVo,Action_game
Qece8Px4rVo,Role-playing_video_game
Qece8Px4rVo,Strategy_video_game
Qece8Px4rVo,Video_game_culture
Qf8UBsI1hiU,Action_game
Qf8UBsI1hiU,Video_game_culture
QfC1hASv5KI,Action_game
QfC1hASv5KI,Role-playing_video_game
QfC1hASv5KI,Video_game_culture
QhVzqGKuci0,Action_game
QhVzqGKuci0,Role-playing_video_game
QhVzqGKuci0,Strategy_video_game
QhVzqGKuci0,Video_game_culture
QiKaHQJfUzk,Association_football
QiKaHQJfUzk,Sport
Qn4762_YrNI,Action_game
Qn4762_YrNI,Role-playing_video_game
Qn4762_YrNI,Video_game_culture
QofnylkzLcc,Strategy_video_game
QofnylkzLcc,Video_game_culture
Qoo5gcBM6bk,Action-adventure_game
Qoo5gcBM6bk,Action_game
Qoo5gcBM6bk,Video_game_culture
Qp9wf6aC52A,Video_game_culture
QqS8U27Fcs0,Action_game
QqS8U27Fcs0,Video_game_culture
QqXRetEXgLE,Action_game
QqXRetEXgLE,Role-playing_video_game
QqXRetEXgLE,Video_game_culture
Qr91SYAPUnY,Action_game
Qr91SYAPUnY,Strategy_video_game
Qr91SYAPUnY,Video_game_culture
QrIGPkSx1_k,Action-adventure_game
QrIGPkSx1_k,Action_game
QrIGPkSx1_k,Role-playing_video_game
QrIGPkSx1_k,Video_game_culture
QrQZd0s8KaQ,Action-adventure_game
QrQZd0s8KaQ,Action_game
QrQZd0s8KaQ,Video_game_culture
Qrv-SRcyr74,Sports_game
Qrv-SRcyr74,Video_game_culture
OQjaM1uV2b4,Action_game
OQjaM1uV2b4,Video_game_culture
ORPZQf5gelg,Action_game
ORPZQf5gelg,Video_game_culture
ORaAx0m020g,Action_game
ORaAx0m020g,Video_game_culture
ORyubsJwho8,Action_game
ORyubsJwho8,Video_game_culture
OSNI38J-3fI,Action-adventure_game
OSNI38J-3fI,Action_game
OSNI38J-3fI,Video_game_culture
OTFmlXRRKJw,Action_game
OTFmlXRRKJw,Role-playing_video_game
OTFmlXRRKJw,Video_game_culture
OTghyhe-wKk,Role-playing_video_game
OTghyhe-wKk,Video_game_culture
OTi4qH-t2hM,Association_football
OTi4qH-t2hM,Sport
OTtPd7xg8LA,Role-playing_video_game
OTtPd7xg8LA,Video_game_culture
OURlNn80_LA,Casual_game
OURlNn80_LA,Puzzle_video_game
OURlNn80_LA,Simulation_video_game
OURlNn80_LA,Video_game_culture
OUWNXmk5Cks,Video_game_culture
OUZkTDwMmjg,Strategy_video_game
OUZkTDwMmjg,Video_game_culture
OW5f0NNH2ho,Action_game
OW5f0NNH2ho,Video_game_culture
OW6UBJWH-Es,Casual_game
OW6UBJWH-Es,Video_game_culture
OX44dA23Rqk,Action_game
OX44dA23Rqk,Video_game_culture
OYHu0ly_EK0,Action-adventure_game
OYHu0ly_EK0,Action_game
OYHu0ly_EK0,Role-playing_video_game
OYHu0ly_EK0,Video_game_culture
OYaqZWKv1EU,Video_game_culture
OYwpKnh82RA,Video_game_culture
OZraZsB8Tp8,Action_game
OZraZsB8Tp8,Video_game_culture
O_JnpM5eFEY,Strategy_video_game
O_JnpM5eFEY,Video_game_culture
O_w9C9ZVCKk,Action_game
O_w9C9ZVCKk,Video_game_culture
OaL8X2KcJh0,Action_game
OaL8X2KcJh0,Video_game_culture
OaPiZpZEddw,Strategy_video_game
OaPiZpZEddw,Video_game_culture
Ob_75Xr_Z_s,Sports_game
Ob_75Xr_Z_s,Video_game_culture
OcKXzRZZtIs,Video_game_culture
Ods9HdZwI48,Role-playing_video_game
Ods9HdZwI48,Video_game_culture
Oe7LkVsUlyc,Action_game
Oe7LkVsUlyc,Video_game_culture
Oe9MJ1VuvuQ,Action_game
Oe9MJ1VuvuQ,Role-playing_video_game
Oe9MJ1VuvuQ,Strategy_video_game
Oe9MJ1VuvuQ,Video_game_culture
OeVFSVDHlBU,Association_football
OeVFSVDHlBU,Sport
OfFVS8S5vo4,Action_game
OfFVS8S5vo4,Video_game_culture
OfJ3MdPPRT0,Action_game
OfJ3MdPPRT0,Video_game_culture
gY1cyC-8dT0,Action-adventure_game
gY1cyC-8dT0,Action_game
gY1cyC-8dT0,Video_game_culture
gZ_NnEtxNWc,Video_game_culture
g_dEB4qhGcU,Action_game
g_dEB4qhGcU,Role-playing_video_game
g_dEB4qhGcU,Strategy_video_game
g_dEB4qhGcU,Video_game_culture
gbQI6S9J2P4,Action-adventure_game
gbQI6S9J2P4,Action_game
gbQI6S9J2P4,Video_game_culture
gc0910-4JKg,Action_game
gc0910-4JKg,Strategy_video_game
gc0910-4JKg,Video_game_culture
gcMINu22328,Sports_game
gcMINu22328,Video_game_culture
gcvXrStbjSU,Association_football
gcvXrStbjSU,Sport
geeCrwGfhVs,Casual_game
geeCrwGfhVs,Role-playing_video_game
geeCrwGfhVs,Video_game_culture
gekdFP--3s0,Action-adventure_game
gekdFP--3s0,Action_game
gekdFP--3s0,Video_game_culture
gf5a4Y-PGKc,Action_game
gf5a4Y-PGKc,Role-playing_video_game
gf5a4Y-PGKc,Strategy_video_game
gf5a4Y-PGKc,Video_game_culture
gfF_TdlFXUs,Action_game
gfF_TdlFXUs,Video_game_culture
ggstSjjZB-4,Sports_game
ggstSjjZB-4,Video_game_culture
ggtkmRaEyf0,Sports_game
ggtkmRaEyf0,Video_game_culture
ghG_aQfuFqo,Video_game_culture
gi4btI06F8c,Action_game
gi4btI06F8c,Video_game_culture
giTAWuudfv4,Video_game_culture
gid710Xorok,Action_game
gid710Xorok,Role-playing_video_game
gid710Xorok,Video_game_culture
gj2kYdNMag8,Action_game
gj2kYdNMag8,Role-playing_video_game
gj2kYdNMag8,Video_game_culture
gjWuaUT_RaQ,Action-adventure_game
gjWuaUT_RaQ,Action_game
gjWuaUT_RaQ,Role-playing_video_game
gjWuaUT_RaQ,Strategy_video_game
gjWuaUT_RaQ,Video_game_culture
gm2UNKuGsNI,Action-adventure_game
gm2UNKuGsNI,Video_game_culture
gmMPQAwAI6Y,Action-adventure_game
gmMPQAwAI6Y,Action_game
gmMPQAwAI6Y,Video_game_culture
gmfhywJlBmo,Video_game_culture
gnJY52jXMgA,Video_game_culture
gnSQ37bUsW8,Action-adventure_game
gnSQ37bUsW8,Action_game
gnSQ37bUsW8,Video_game_culture
gnrATHqroPg,Action_game
gnrATHqroPg,Video_game_culture
VYizXYcEZC0,Action_game
VYizXYcEZC0,Role-playing_video_game
VYizXYcEZC0,Video_game_culture
VZ7vRr7VhcY,Action-adventure_game
VZ7vRr7VhcY,Video_game_culture
VZpNlA1EsMc,Action-adventure_game
VZpNlA1EsMc,Action_game
VZpNlA1EsMc,Video_game_culture
Vbctz1gfg5E,Association_football
Vbctz1gfg5E,Sport
Vbg43JGVZik,Role-playing_video_game
Vbg43JGVZik,Video_game_culture
VcqWRleNH4Q,Action_game
VcqWRleNH4Q,Strategy_video_game
VcqWRleNH4Q,Video_game_culture
VeTowMXt3Lo,Video_game_culture
VgXUGKsemJM,Action_game
VgXUGKsemJM,Video_game_culture
Vg_HVLRDH9E,Video_game_culture
Vgbo5iyFYJw,Action_game
Vgbo5iyFYJw,Strategy_video_game
Vgbo5iyFYJw,Video_game_culture
Vh2N8X2gW5g,Action_game
Vh2N8X2gW5g,Puzzle_video_game
Vh2N8X2gW5g,Video_game_culture
Vh94-1RrOMk,Sports_game
Vh94-1RrOMk,Video_game_culture
Vho7HH9zqU8,Action_game
Vho7HH9zqU8,Video_game_culture
VjY9gZcg8e8,Action_game
VjY9gZcg8e8,Video_game_culture
VkOH-mYkowQ,Action-adventure_game
VkOH-mYkowQ,Action_game
VkOH-mYkowQ,Role-playing_video_game
VkOH-mYkowQ,Video_game_culture
VlBijDVvlbc,Action_game
VlBijDVvlbc,Strategy_video_game
VlBijDVvlbc,Video_game_culture
VmCQmrZ-las,Sports_game
VmCQmrZ-las,Video_game_culture
VmhMFtpJefo,Action-adventure_game
VmhMFtpJefo,Video_game_culture
VpPmUerB1Vs,Action-adventure_game
VpPmUerB1Vs,Video_game_culture
ag1dCNAw70E,Action_game
ag1dCNAw70E,Role-playing_video_game
ag1dCNAw70E,Video_game_culture
agr9fWV70gw,Action_game
agr9fWV70gw,Role-playing_video_game
agr9fWV70gw,Video_game_culture
ahUaiCFBvDw,Action-adventure_game
ahUaiCFBvDw,Video_game_culture
aibDJtSqso0,Action_game
aibDJtSqso0,Strategy_video_game
aibDJtSqso0,Video_game_culture
ajiET-Ha70o,Action_game
ajiET-Ha70o,Video_game_culture
akgoB21G9FI,Action-adventure_game
akgoB21G9FI,Action_game
akgoB21G9FI,Video_game_culture
alkcmcOfkdQ,Video_game_culture
amdl2wMDmcY,Role-playing_video_game
amdl2wMDmcY,Strategy_video_game
amdl2wMDmcY,Video_game_culture
ampRfeif-SI,Action-adventure_game
ampRfeif-SI,Action_game
ampRfeif-SI,Role-playing_video_game
ampRfeif-SI,Video_game_culture
amzaRC-zVaE,Action-adventure_game
amzaRC-zVaE,Action_game
amzaRC-zVaE,Role-playing_video_game
amzaRC-zVaE,Strategy_video_game
amzaRC-zVaE,Video_game_culture
amzpkczlm-w,Sports_game
amzpkczlm-w,Video_game_culture
aoHKH3GD33c,Video_game_culture
aoJEVuS0XfI,Action-adventure_game
aoJEVuS0XfI,Action_game
aoJEVuS0XfI,Role-playing_video_game
aoJEVuS0XfI,Strategy_video_game
aoJEVuS0XfI,Video_game_culture
aozmQu_aSlM,Action-adventure_game
aozmQu_aSlM,Action_game
aozmQu_aSlM,Puzzle_video_game
aozmQu_aSlM,Video_game_culture
ap3khwuoXCY,Casual_game
ap3khwuoXCY,Role-playing_video_game
ap3khwuoXCY,Simulation_video_game
ap3khwuoXCY,Video_game_culture
ap7v_5my06o,Action_game
ap7v_5my06o,Video_game_culture
apO5e4uph4o,Video_game_culture
ap_sVWX9xEI,Action-adventure_game
ap_sVWX9xEI,Video_game_culture
apfT0yT7VUc,Food
apfT0yT7VUc,Lifestyle_(sociology)
apl1lp7ZKxA,Action-adventure_game
apl1lp7ZKxA,Action_game
apl1lp7ZKxA,Video_game_culture
aqVDsE90esE,Action_game
aqVDsE90esE,Role-playing_video_game
aqVDsE90esE,Video_game_culture
aqzZGl1MG8c,Action_game
aqzZGl1MG8c,Video_game_culture
arTQvX2Zp0s,Action_game
arTQvX2Zp0s,Video_game_culture
as9s5MJQBP4,Role-playing_video_game
as9s5MJQBP4,Video_game_culture
at3YGuycZ-o,Action_game
at3YGuycZ-o,Video_game_culture
atbk-oweurg,Action-adventure_game
atbk-oweurg,Video_game_culture
atuIZ1aDGQ0,Sports_game
atuIZ1aDGQ0,Video_game_culture
au-9UPFtODk,Action-adventure_game
au-9UPFtODk,Action_game
au-9UPFtODk,Video_game_culture
au7IGeczBdk,Role-playing_video_game
au7IGeczBdk,Strategy_video_game
au7IGeczBdk,Video_game_culture
auVf63JC6GM,Action-adventure_game
auVf63JC6GM,Action_game
auVf63JC6GM,Role-playing_video_game
auVf63JC6GM,Video_game_culture
avX7i9O7Z5A,Music
aw3mcLdMtpc,Action_game
aw3mcLdMtpc,Video_game_culture
axp7eJn1ypQ,Sports_game
axp7eJn1ypQ,Video_game_culture
axyEn0Q4iz4,Action_game
axyEn0Q4iz4,Role-playing_video_game
axyEn0Q4iz4,Strategy_video_game
axyEn0Q4iz4,Video_game_culture
Rj5E7-8kcIs,Casual_game
Rj5E7-8kcIs,Role-playing_video_game
Rj5E7-8kcIs,Video_game_culture
RjIZR4LpgQM,Sports_game
RjIZR4LpgQM,Video_game_culture
Rjc9m_-s3jc,Action_game
Rjc9m_-s3jc,Role-playing_video_game
Rjc9m_-s3jc,Video_game_culture
RjqmMpwfuvI,Association_football
RjqmMpwfuvI,Sport
Rk7zk1Pini8,Action_game
Rk7zk1Pini8,Video_game_culture
RlpEEMTQW9s,Action-adventure_game
RlpEEMTQW9s,Action_game
RlpEEMTQW9s,Video_game_culture
RpIwh05uqfQ,Video_game_culture
RpJAVOiyqBg,Action-adventure_game
RpJAVOiyqBg,Simulation_video_game
RpJAVOiyqBg,Video_game_culture
RpMF-cSUy4w,Sports_game
RpMF-cSUy4w,Video_game_culture
RpVkUd9sd2U,Action_game
RpVkUd9sd2U,Role-playing_video_game
RpVkUd9sd2U,Strategy_video_game
RpVkUd9sd2U,Video_game_culture
Rr3Qqn9oYCQ,Action-adventure_game
Rr3Qqn9oYCQ,Action_game
Rr3Qqn9oYCQ,Video_game_culture
RrlwhA0oyYM,Action_game
RrlwhA0oyYM,Video_game_culture
Rro1KLcYDqQ,Sports_game
Rro1KLcYDqQ,Video_game_culture
Rro3jz_o9yU,Video_game_culture
Rt1hag4wZ4U,Action-adventure_game
Rt1hag4wZ4U,Video_game_culture
Rua7M7WOH1E,Action-adventure_game
Rua7M7WOH1E,Action_game
Rua7M7WOH1E,Video_game_culture
RuyWUr6IoiM,Role-playing_video_game
RuyWUr6IoiM,Video_game_culture
RuzegNG6yaE,Association_football
RuzegNG6yaE,Sport
RuzegNG6yaE,Television_program
RvOeVZXw4NY,Action-adventure_game
RvOeVZXw4NY,Action_game
RvOeVZXw4NY,Role-playing_video_game
RvOeVZXw4NY,Video_game_culture
Rw-tDWvTQE8,Action_game
Rw-tDWvTQE8,Role-playing_video_game
Rw-tDWvTQE8,Video_game_culture
RwXfRidaCoo,Association_football
RwXfRidaCoo,Sport
Rwkijlq5N90,Action_game
Rwkijlq5N90,Role-playing_video_game
Rwkijlq5N90,Strategy_video_game
Rwkijlq5N90,Video_game_culture
RxTyedGYdR4,Action-adventure_game
RxTyedGYdR4,Action_game
RxTyedGYdR4,Role-playing_video_game
RxTyedGYdR4,Video_game_culture
RyDCY_clPRs,Action-adventure_game
RyDCY_clPRs,Action_game
RyDCY_clPRs,Video_game_culture
RyhifuyYJMs,Action-adventure_game
RyhifuyYJMs,Action_game
RyhifuyYJMs,Video_game_culture
RzI5L_72SK0,Action_game
RzI5L_72SK0,Role-playing_video_game
RzI5L_72SK0,Video_game_culture
RzdTXPymfdU,Role-playing_video_game
RzdTXPymfdU,Strategy_video_game
RzdTXPymfdU,Video_game_culture
RzfyBqUthXk,Video_game_culture
_RsZP6nz61g,Action_game
_RsZP6nz61g,Video_game_culture
_SVBVOJNPoI,Action_game
_SVBVOJNPoI,Role-playing_video_game
_SVBVOJNPoI,Strategy_video_game
_SVBVOJNPoI,Video_game_culture
_SfeFLe2NSo,Video_game_culture
_V2RLIOEQ7Q,Action_game
_V2RLIOEQ7Q,Role-playing_video_game
_V2RLIOEQ7Q,Video_game_culture
_WBxkRR6yNw,Role-playing_video_game
_WBxkRR6yNw,Video_game_culture
_WVSUc5th2A,Video_game_culture
_WiA8y9Ye80,Video_game_culture
_XveDOZ0M5M,Food
_XveDOZ0M5M,Lifestyle_(sociology)
_YQ_6JhQWBU,Action_game
_YQ_6JhQWBU,Video_game_culture
_YnDuNDpiWA,Entertainment
_Z6nuTLKS2U,Action-adventure_game
_Z6nuTLKS2U,Action_game
_Z6nuTLKS2U,Video_game_culture
_ZD7itZCToA,Role-playing_video_game
_ZD7itZCToA,Video_game_culture
__edo5IZiHo,Action-adventure_game
__edo5IZiHo,Action_game
__edo5IZiHo,Video_game_culture
__mNUXWzagE,Sports_game
__mNUXWzagE,Video_game_culture
_a_skOlZ6m8,Entertainment
_bLvzKCNX_U,Action_game
_bLvzKCNX_U,Video_game_culture
_cV8QcKp3GU,Association_football
_cV8QcKp3GU,Sport
_dqbP-rJYKY,Action-adventure_game
_dqbP-rJYKY,Action_game
_dqbP-rJYKY,Role-playing_video_game
_dqbP-rJYKY,Strategy_video_game
_dqbP-rJYKY,Video_game_culture
_eIjv3stW34,Action-adventure_game
_eIjv3stW34,Action_game
_eIjv3stW34,Role-playing_video_game
_eIjv3stW34,Video_game_culture
_ekjKz3aRZY,Video_game_culture
_fkIKeVMRko,Video_game_culture
_frbWrxDS0w,Sports_game
_frbWrxDS0w,Video_game_culture
_hQJD_l_Igo,Action_game
_hQJD_l_Igo,Role-playing_video_game
_hQJD_l_Igo,Strategy_video_game
_hQJD_l_Igo,Video_game_culture
_hZ2ol2Ieis,Casual_game
_hZ2ol2Ieis,Video_game_culture
_kOiEmZbQmM,Action-adventure_game
_kOiEmZbQmM,Action_game
_kOiEmZbQmM,Video_game_culture
_km-yH8Ru-0,Action_game
_km-yH8Ru-0,Video_game_culture
_m5L8odhVjg,Action-adventure_game
_m5L8odhVjg,Action_game
_m5L8odhVjg,Role-playing_video_game
_m5L8odhVjg,Video_game_culture
enlwnkly3HI,Technology
enlwnkly3HI,Video_game_culture
eoV_AZlZW7o,Action_game
eoV_AZlZW7o,Role-playing_video_game
eoV_AZlZW7o,Video_game_culture
eotfWIyJQ_Y,Role-playing_video_game
eotfWIyJQ_Y,Strategy_video_game
eotfWIyJQ_Y,Video_game_culture
eprGFaaoSe0,Action_game
eprGFaaoSe0,Role-playing_video_game
eprGFaaoSe0,Video_game_culture
eqS21N4CwkQ,Role-playing_video_game
eqS21N4CwkQ,Video_game_culture
eqtcUt0IfnU,Action_game
eqtcUt0IfnU,Strategy_video_game
eqtcUt0IfnU,Video_game_culture
er07pC8FiWU,Action_game
er07pC8FiWU,Video_game_culture
er4t52AhYVI,Action-adventure_game
er4t52AhYVI,Action_game
er4t52AhYVI,Role-playing_video_game
er4t52AhYVI,Video_game_culture
erAWmLMWYfI,Action_game
erAWmLMWYfI,Role-playing_video_game
erAWmLMWYfI,Video_game_culture
et3yFWSBqkI,Strategy_video_game
et3yFWSBqkI,Video_game_culture
etFliLu5HRo,Action_game
etFliLu5HRo,Video_game_culture
etoxPiDm-_4,Sports_game
etoxPiDm-_4,Video_game_culture
etxSyLmZuNQ,Action_game
etxSyLmZuNQ,Role-playing_video_game
etxSyLmZuNQ,Video_game_culture
euIacUPL2Cs,Action_game
euIacUPL2Cs,Role-playing_video_game
euIacUPL2Cs,Video_game_culture
euf2HxwAjhQ,Action_game
euf2HxwAjhQ,Video_game_culture
evKDkP4xR5c,Video_game_culture
evpAvq4_GYU,Action-adventure_game
evpAvq4_GYU,Action_game
evpAvq4_GYU,Role-playing_video_game
evpAvq4_GYU,Strategy_video_game
evpAvq4_GYU,Video_game_culture
ew40Cpoy5Po,Action-adventure_game
ew40Cpoy5Po,Action_game
ew40Cpoy5Po,Role-playing_video_game
ew40Cpoy5Po,Video_game_culture
ew6ZRLSkE8U,Video_game_culture
ewWJYwMKUG0,Hobby
ewWJYwMKUG0,Lifestyle_(sociology)
exHUilcJdUs,Association_football
exHUilcJdUs,Sport
eyUEV5BQf8Y,Video_game_culture
eyil6GDP0U0,Action-adventure_game
eyil6GDP0U0,Action_game
eyil6GDP0U0,Role-playing_video_game
eyil6GDP0U0,Strategy_video_game
eyil6GDP0U0,Video_game_culture
eys-Jm6iDwg,Action_game
eys-Jm6iDwg,Strategy_video_game
eys-Jm6iDwg,Video_game_culture
ez23kc7EQuQ,Action_game
ez23kc7EQuQ,Video_game_culture
ezUGxgyU9LI,Sports_game
ezUGxgyU9LI,Video_game_culture
f0Aidt_pc2M,Religion
f0RCCLI_eGc,Action-adventure_game
f0RCCLI_eGc,Action_game
f0RCCLI_eGc,Video_game_culture
f13XVayA0SM,Action-adventure_game
f13XVayA0SM,Video_game_culture
f1E16L1do7A,Video_game_culture
NrIc_r-YeXs,Video_game_culture
Nrxj0LT3YGw,Action-adventure_game
Nrxj0LT3YGw,Action_game
Nrxj0LT3YGw,Role-playing_video_game
Nrxj0LT3YGw,Video_game_culture
NsNK4R76mz4,Video_game_culture
NsfNfnyKfmU,Action_game
NsfNfnyKfmU,Strategy_video_game
NsfNfnyKfmU,Video_game_culture
NsxXSSMoGkU,Sports_game
NsxXSSMoGkU,Video_game_culture
Nu9k_NH5cMA,Action_game
Nu9k_NH5cMA,Video_game_culture
NuG6toVGTFY,Action_game
NuG6toVGTFY,Video_game_culture
NuYJ_4dx9SY,Action-adventure_game
NuYJ_4dx9SY,Action_game
NuYJ_4dx9SY,Video_game_culture
NvCgJjQgWvw,Action-adventure_game
NvCgJjQgWvw,Action_game
NvCgJjQgWvw,Role-playing_video_game
NvCgJjQgWvw,Video_game_culture
NvlKmxZ9J1g,Action-adventure_game
NvlKmxZ9J1g,Video_game_culture
NxWbAz1UE2w,Action-adventure_game
NxWbAz1UE2w,Action_game
NxWbAz1UE2w,Video_game_culture
NyBgzlD3sUs,Video_game_culture
NyOz_u-hAMY,Action_game
NyOz_u-hAMY,Video_game_culture
NyXehZBrZoI,Action-adventure_game
NyXehZBrZoI,Video_game_culture
NzRQwE1c2-c,Action_game
NzRQwE1c2-c,Video_game_culture
NzUxWNxdMn4,Action_game
NzUxWNxdMn4,Strategy_video_game
NzUxWNxdMn4,Video_game_culture
O07QWjFnDo4,Puzzle_video_game
O07QWjFnDo4,Video_game_culture
O0bTzI0DrO4,Action_game
O0bTzI0DrO4,Role-playing_video_game
O0bTzI0DrO4,Strategy_video_game
O0bTzI0DrO4,Video_game_culture
O3hQ_hvwlBY,Lifestyle_(sociology)
O3tkssUhl2E,Action_game
O3tkssUhl2E,Video_game_culture
O4unnjqga7U,Action_game
O4unnjqga7U,Role-playing_video_game
O4unnjqga7U,Strategy_video_game
O4unnjqga7U,Video_game_culture
O5i7L88MByA,Video_game_culture
iu-ld4zdCv0,Action_game
iu-ld4zdCv0,Role-playing_video_game
iu-ld4zdCv0,Video_game_culture
ivdkcaxPwGk,Action-adventure_game
ivdkcaxPwGk,Action_game
ivdkcaxPwGk,Video_game_culture
ivs5QjNNwAM,Action-adventure_game
ivs5QjNNwAM,Action_game
ivs5QjNNwAM,Role-playing_video_game
ivs5QjNNwAM,Video_game_culture
ivz22QtOT8c,Action-adventure_game
ivz22QtOT8c,Action_game
ivz22QtOT8c,Video_game_culture
iwpnzNxk_Ok,Action_game
iwpnzNxk_Ok,Video_game_culture
ixxFK-M6mvo,Role-playing_video_game
ixxFK-M6mvo,Video_game_culture
iybkUCLEZL8,Action_game
iybkUCLEZL8,Role-playing_video_game
iybkUCLEZL8,Strategy_video_game
iybkUCLEZL8,Video_game_culture
izOmcDmuz60,Sports_game
izOmcDmuz60,Video_game_culture
izrbVg5WF-k,Role-playing_video_game
izrbVg5WF-k,Video_game_culture
j-A7a6wbC8Y,Action_game
j-A7a6wbC8Y,Sports_game
j-A7a6wbC8Y,Strategy_video_game
j-A7a6wbC8Y,Video_game_culture
j-aKRroqbf8,Action_game
j-aKRroqbf8,Role-playing_video_game
j-aKRroqbf8,Strategy_video_game
j-aKRroqbf8,Video_game_culture
j-rKuTfwl9E,Action_game
j-rKuTfwl9E,Role-playing_video_game
j-rKuTfwl9E,Strategy_video_game
j-rKuTfwl9E,Video_game_culture
j0McQTRJy2U,Action_game
j0McQTRJy2U,Video_game_culture
j0XKMxDueik,Action_game
j0XKMxDueik,Video_game_culture
j2c2O2yCXFc,Video_game_culture
j2tMyHf4D9c,Action_game
j2tMyHf4D9c,Video_game_culture
j3IJwt2cQ_M,Video_game_culture
j4U6KdB4cI0,Association_football
j4U6KdB4cI0,Sport
j50fv9vskdQ,Video_game_culture
j5VKM9lBQbs,Action_game
j5VKM9lBQbs,Video_game_culture
j6TAv54u4fo,Action_game
j6TAv54u4fo,Role-playing_video_game
j6TAv54u4fo,Strategy_video_game
j6TAv54u4fo,Video_game_culture
j7VWpmvw7nc,Hobby
j7VWpmvw7nc,Lifestyle_(sociology)
j7_1VqCM9EM,Action-adventure_game
j7_1VqCM9EM,Action_game
j7_1VqCM9EM,Video_game_culture
j8NG7tClSe0,Action_game
j8NG7tClSe0,Video_game_culture
j8g-1qV2Iog,Association_football
j8g-1qV2Iog,Sport
j8g-1qV2Iog,Sports_game
LzKlsJx7_u8,Action_game
LzKlsJx7_u8,Video_game_culture
LzNKLIqt52g,Role-playing_video_game
LzNKLIqt52g,Strategy_video_game
LzNKLIqt52g,Video_game_culture
Lzgfs_G-Mpk,Action_game
Lzgfs_G-Mpk,Role-playing_video_game
Lzgfs_G-Mpk,Video_game_culture
M-q2IBi1nNo,Action-adventure_game
M-q2IBi1nNo,Action_game
M-q2IBi1nNo,Video_game_culture
M16OYV_xTnk,Entertainment
M16OYV_xTnk,Film
M1KbjeBAOXw,Sports_game
M1KbjeBAOXw,Video_game_culture
M3LslEk05oU,Action_game
M3LslEk05oU,Video_game_culture
M3aIw_vbcyQ,Role-playing_video_game
M3aIw_vbcyQ,Video_game_culture
M3wZv0f4Btw,Video_game_culture
M464WPW_gek,Action_game
M464WPW_gek,Role-playing_video_game
M464WPW_gek,Video_game_culture
M4c45kxWRoE,Action_game
M4c45kxWRoE,Role-playing_video_game
M4c45kxWRoE,Strategy_video_game
M4c45kxWRoE,Video_game_culture
M7NBLLfqPBs,Role-playing_video_game
M7NBLLfqPBs,Video_game_culture
M9fwJikWXFE,Action_game
M9fwJikWXFE,Video_game_culture
MB9sGII-hpM,Association_football
MB9sGII-hpM,Sport
MC5j6nmnnqM,Action_game
MC5j6nmnnqM,Video_game_culture
MCF0SDHc5fA,Action_game
MCF0SDHc5fA,Role-playing_video_game
MCF0SDHc5fA,Strategy_video_game
MCF0SDHc5fA,Video_game_culture
MCJQUsW81X0,Puzzle_video_game
MCJQUsW81X0,Video_game_culture
MCabx9Ik-2w,Video_game_culture
MDEAaHYJQzw,Video_game_culture
MEjMF-8Drf0,Role-playing_video_game
MEjMF-8Drf0,Video_game_culture
MEyN_1TXVOk,Video_game_culture
MEyN_1TXVOk,Action-adventure_game
MEyN_1TXVOk,Action_game
MEyN_1TXVOk,Role-playing_video_game
MFpHE9NgMfg,Action_game
MFpHE9NgMfg,Video_game_culture
MGklsCb0m8A,Action_game
MGklsCb0m8A,Video_game_culture
MGoIDByB1wo,Action_game
MGoIDByB1wo,Video_game_culture
MHXTCTHBtUY,Action_game
MHXTCTHBtUY,Video_game_culture
MHZ_o-LLxkE,Lifestyle_(sociology)
ftAAVPPSjFo,Role-playing_video_game
ftAAVPPSjFo,Strategy_video_game
ftAAVPPSjFo,Video_game_culture
ftVrIL_NlrA,Action-adventure_game
ftVrIL_NlrA,Action_game
ftVrIL_NlrA,Video_game_culture
fv4p7hmoNXI,Action_game
fv4p7hmoNXI,Video_game_culture
fvW8jpo9ZLA,Role-playing_video_game
fvW8jpo9ZLA,Video_game_culture
fvc1Z8qaR-I,Action-adventure_game
fvc1Z8qaR-I,Action_game
fvc1Z8qaR-I,Role-playing_video_game
fvc1Z8qaR-I,Video_game_culture
fwirhkeac18,Action-adventure_game
fwirhkeac18,Action_game
fwirhkeac18,Video_game_culture
fwu5TTGXiro,Action_game
fwu5TTGXiro,Role-playing_video_game
fwu5TTGXiro,Video_game_culture
fxMxqi7OFh8,Video_game_culture
fxZYKf93A_k,Action_game
fxZYKf93A_k,Video_game_culture
fyOxJwS_MPE,Action-adventure_game
fyOxJwS_MPE,Action_game
fyOxJwS_MPE,Video_game_culture
fyRAnpbOWPI,Action_game
fyRAnpbOWPI,Video_game_culture
fz0o_Pi_rGA,Lifestyle_(sociology)
fzpAXlt9raM,Video_game_culture
fzsz5hN-B7g,Video_game_culture
g-w-9OZAeMQ,Role-playing_video_game
g-w-9OZAeMQ,Strategy_video_game
g-w-9OZAeMQ,Video_game_culture
g0gYY7zMRr4,Role-playing_video_game
g0gYY7zMRr4,Video_game_culture
g0rjuf0vTsQ,Association_football
g0rjuf0vTsQ,Sport
g0wbPXKlfLw,Action_game
g0wbPXKlfLw,Video_game_culture
g16WIhMYRWA,Action-adventure_game
g16WIhMYRWA,Action_game
g16WIhMYRWA,Video_game_culture
g1UK52wzWRY,Action-adventure_game
g1UK52wzWRY,Action_game
g1UK52wzWRY,Video_game_culture
g1ZVDWBH42c,Action-adventure_game
g1ZVDWBH42c,Casual_game
g1ZVDWBH42c,Video_game_culture
g1s64U1z1Lo,Music_of_Asia
g1s64U1z1Lo,Pop_music
g26T-ULesPc,Action_game
g26T-ULesPc,Strategy_video_game
g26T-ULesPc,Video_game_culture
g2zRKm4kBJw,Action_game
g2zRKm4kBJw,Role-playing_video_game
g2zRKm4kBJw,Strategy_video_game
g2zRKm4kBJw,Video_game_culture
WAW1DVVVO38,Action_game
WAW1DVVVO38,Video_game_culture
WAzopPDt66o,Action_game
WAzopPDt66o,Video_game_culture
WBNWX9hotok,Action-adventure_game
WBNWX9hotok,Action_game
WBNWX9hotok,Video_game_culture
WELqH0KGlzI,Action_game
WELqH0KGlzI,Role-playing_video_game
WELqH0KGlzI,Strategy_video_game
WELqH0KGlzI,Video_game_culture
WEgUDgoYXGw,Action_game
WEgUDgoYXGw,Video_game_culture
WEtS9EwQI_c,Video_game_culture
WFWD5xpU9rc,Action_game
WFWD5xpU9rc,Video_game_culture
WF_IKVKM64g,Action-adventure_game
WF_IKVKM64g,Action_game
WF_IKVKM64g,Puzzle_video_game
WF_IKVKM64g,Role-playing_video_game
WF_IKVKM64g,Strategy_video_game
WF_IKVKM64g,Video_game_culture
WFkrxvBo1Ec,Video_game_culture
WGCVwvYxePE,Action-adventure_game
WGCVwvYxePE,Video_game_culture
WGPw2pw58z4,Action-adventure_game
WGPw2pw58z4,Action_game
WGPw2pw58z4,Role-playing_video_game
WGPw2pw58z4,Video_game_culture
WHwVxPo09cc,Action_game
WHwVxPo09cc,Video_game_culture
WI-EeU3Re90,Video_game_culture
WI5k-7B5Mq0,Action-adventure_game
WI5k-7B5Mq0,Action_game
WI5k-7B5Mq0,Video_game_culture
WLHmDk7J58I,Sports_game
WLHmDk7J58I,Video_game_culture
WMLqsFC8GS0,Action_game
WMLqsFC8GS0,Video_game_culture
WMhV09cLWF0,Action-adventure_game
WMhV09cLWF0,Technology
WMhV09cLWF0,Video_game_culture
WNN8Hc-73Rg,Action_game
WNN8Hc-73Rg,Role-playing_video_game
WNN8Hc-73Rg,Strategy_video_game
WNN8Hc-73Rg,Video_game_culture
WNps11PHT8o,Action_game
WNps11PHT8o,Video_game_culture
WOo16nBaTWI,Action_game
WOo16nBaTWI,Video_game_culture
WPaTORd7iEc,Video_game_culture
WPfcFnkMqUE,Association_football
WPfcFnkMqUE,Sport
WPnvRIXtrzA,Association_football
WPnvRIXtrzA,Sport
WPnvRIXtrzA,Sports_game
WQOgbSsIY58,Sports_game
WQOgbSsIY58,Video_game_culture
WQcYG2KPchY,Action_game
WQcYG2KPchY,Video_game_culture
WQjHASAxtnw,Role-playing_video_game
WQjHASAxtnw,Video_game_culture
WRCEH1f1U2E,Video_game_culture
WRLQPrlqoGE,Sports_game
WRLQPrlqoGE,Video_game_culture
WRa-zX-r1vg,Action_game
WRa-zX-r1vg,Video_game_culture
WRgdQCm76nY,Action_game
WRgdQCm76nY,Video_game_culture
ITkFw8LLfac,Association_football
ITkFw8LLfac,Sport
IUz3vAEizZE,Video_game_culture
IVdMmFoynpw,Action-adventure_game
IVdMmFoynpw,Action_game
IVdMmFoynpw,Role-playing_video_game
IVdMmFoynpw,Strategy_video_game
IVdMmFoynpw,Video_game_culture
IVpw_6SIzic,Strategy_video_game
IVpw_6SIzic,Video_game_culture
IW5o-rfDKD0,Lifestyle_(sociology)
IWmbjVKrEIA,Video_game_culture
IX6eN3YW9ho,Role-playing_video_game
IX6eN3YW9ho,Video_game_culture
IXnunJmIVFk,Strategy_video_game
IXnunJmIVFk,Video_game_culture
IYlzfFCBhrM,Action-adventure_game
IYlzfFCBhrM,Video_game_culture
IZDMoymWUOI,Action_game
IZDMoymWUOI,Video_game_culture
I_Iy5oLj12w,Action-adventure_game
I_Iy5oLj12w,Action_game
I_Iy5oLj12w,Role-playing_video_game
I_Iy5oLj12w,Video_game_culture
I_TXvPutJw8,Action-adventure_game
I_TXvPutJw8,Action_game
I_TXvPutJw8,Video_game_culture
I_fVNIDway8,Video_game_culture
IbLTtKBNT68,Action_game
IbLTtKBNT68,Role-playing_video_game
IbLTtKBNT68,Strategy_video_game
IbLTtKBNT68,Video_game_culture
IcUk9HoSp3E,Action-adventure_game
IcUk9HoSp3E,Action_game
IcUk9HoSp3E,Video_game_culture
IdWJEl7OhVc,Action_game
IdWJEl7OhVc,Video_game_culture
Ie8Ekdmjv6M,Action_game
Ie8Ekdmjv6M,Video_game_culture
IgAl2cBXMOU,Video_game_culture
IgWnO_QUiV4,Action-adventure_game
IgWnO_QUiV4,Action_game
IgWnO_QUiV4,Video_game_culture
IghmJut2jKw,Role-playing_video_game
IghmJut2jKw,Video_game_culture
Ih6-3oVXvws,Action-adventure_game
Ih6-3oVXvws,Action_game
Ih6-3oVXvws,Video_game_culture
IhFBLtkJ6yU,Video_game_culture
IhQe85P86WY,Role-playing_video_game
IhQe85P86WY,Video_game_culture
IhylNsdRsmg,Action-adventure_game
IhylNsdRsmg,Action_game
IhylNsdRsmg,Video_game_culture
sm3SBw7HUkw,Action-adventure_game
sm3SBw7HUkw,Action_game
sm3SBw7HUkw,Role-playing_video_game
sm3SBw7HUkw,Strategy_video_game
sm3SBw7HUkw,Video_game_culture
snLVT__0Zio,Video_game_culture
snRe9DKYKB4,Action_game
snRe9DKYKB4,Role-playing_video_game
snRe9DKYKB4,Strategy_video_game
snRe9DKYKB4,Video_game_culture
soK401VpBUQ,Action_game
soK401VpBUQ,Role-playing_video_game
soK401VpBUQ,Video_game_culture
sp14lRenZ-w,Action-adventure_game
sp14lRenZ-w,Action_game
sp14lRenZ-w,Role-playing_video_game
sp14lRenZ-w,Video_game_culture
sphunCN99hs,Role-playing_video_game
sphunCN99hs,Video_game_culture
sqXPlcwphGw,Video_game_culture
stLrIAYH-fs,Entertainment
stdZ2G4fZX8,Action_game
stdZ2G4fZX8,Sports_game
stdZ2G4fZX8,Strategy_video_game
stdZ2G4fZX8,Video_game_culture
suVJ3zDrT4s,Sports_game
suVJ3zDrT4s,Video_game_culture
suVdIbZacqc,Video_game_culture
suxq49gtYKg,Action_game
suxq49gtYKg,Role-playing_video_game
suxq49gtYKg,Video_game_culture
svqYaJCS_Og,Puzzle_video_game
svqYaJCS_Og,Strategy_video_game
svqYaJCS_Og,Video_game_culture
swwMxBdPXJo,Video_game_culture
sx5b0UwDfxg,Action-adventure_game
sx5b0UwDfxg,Video_game_culture
sxyEOY38U1o,Action_game
sxyEOY38U1o,Video_game_culture
syQGk1-rG6g,Video_game_culture
szqGybC_hpE,Action_game
szqGybC_hpE,Video_game_culture
szz0NqzBiO8,Role-playing_video_game
szz0NqzBiO8,Video_game_culture
t-5o6HyyDjI,Video_game_culture
t-7fbb-hLm8,Action_game
t-7fbb-hLm8,Video_game_culture
t-F5jZr4JMs,Action-adventure_game
t-F5jZr4JMs,Action_game
t-F5jZr4JMs,Role-playing_video_game
t-F5jZr4JMs,Video_game_culture
GbEJZmFEPBw,Action_game
GbEJZmFEPBw,Video_game_culture
Gc6-qZfuz4I,Action_game
Gc6-qZfuz4I,Video_game_culture
GcHVP29DBf8,Action_game
GcHVP29DBf8,Video_game_culture
GcHxlw_zx_E,Video_game_culture
GcNQph6FN-g,Action_game
GcNQph6FN-g,Video_game_culture
GclyG88mldU,Action_game
GclyG88mldU,Role-playing_video_game
GclyG88mldU,Video_game_culture
Gcqqm11xTfQ,Action_game
Gcqqm11xTfQ,Video_game_culture
GcrRgSi5-IM,Action-adventure_game
GcrRgSi5-IM,Action_game
GcrRgSi5-IM,Strategy_video_game
GcrRgSi5-IM,Video_game_culture
Gcub8Yy54H4,Action_game
Gcub8Yy54H4,Role-playing_video_game
Gcub8Yy54H4,Video_game_culture
GcwttNmIkF8,Action-adventure_game
GcwttNmIkF8,Action_game
GcwttNmIkF8,Technology
GcwttNmIkF8,Video_game_culture
Gd20JpIAgU0,Action_game
Gd20JpIAgU0,Role-playing_video_game
Gd20JpIAgU0,Video_game_culture
GdK4411IiUY,Association_football
GdK4411IiUY,Sport
GeQPbtb6PTs,Action_game
GeQPbtb6PTs,Video_game_culture
GfnlwhR60as,Action-adventure_game
GfnlwhR60as,Video_game_culture
GfsnwXaNXek,Action-adventure_game
GfsnwXaNXek,Action_game
GfsnwXaNXek,Video_game_culture
GgEC-fZgM5k,Role-playing_video_game
GgEC-fZgM5k,Video_game_culture
GgtA-8yBZTM,Role-playing_video_game
GgtA-8yBZTM,Video_game_culture
GiDG1URAK4c,Action-adventure_game
GiDG1URAK4c,Action_game
GiDG1URAK4c,Role-playing_video_game
GiDG1URAK4c,Strategy_video_game
GiDG1URAK4c,Video_game_culture
GjmGLoxH-PE,Role-playing_video_game
GjmGLoxH-PE,Video_game_culture
Gjpw5dQ7_So,Action-adventure_game
Gjpw5dQ7_So,Action_game
Gjpw5dQ7_So,Role-playing_video_game
Gjpw5dQ7_So,Video_game_culture
GlJIgztHI2I,Action-adventure_game
GlJIgztHI2I,Action_game
GlJIgztHI2I,Role-playing_video_game
GlJIgztHI2I,Video_game_culture
ZHx8Lqz8AeM,Casual_game
ZHx8Lqz8AeM,Video_game_culture
ZIJBS0WrqJM,Video_game_culture
ZJJurAqaYcY,Action_game
ZJJurAqaYcY,Video_game_culture
ZJPwuE8v5tE,Video_game_culture
ZJy7Ri-bork,Sports_game
ZJy7Ri-bork,Video_game_culture
ZKEfKHzVjlc,Action_game
ZKEfKHzVjlc,Video_game_culture
ZKcDPY87sD4,Video_game_culture
ZKvgMRDfBZM,Role-playing_video_game
ZKvgMRDfBZM,Strategy_video_game
ZKvgMRDfBZM,Video_game_culture
ZL1VyQwwzFU,Action_game
ZL1VyQwwzFU,Video_game_culture
ZMJ9Ka_fHGY,Action_game
ZMJ9Ka_fHGY,Video_game_culture
ZML3sdoIbn4,Action_game
ZML3sdoIbn4,Role-playing_video_game
ZML3sdoIbn4,Video_game_culture
ZMz1nMo1v0I,Action-adventure_game
ZMz1nMo1v0I,Action_game
ZMz1nMo1v0I,Role-playing_video_game
ZMz1nMo1v0I,Video_game_culture
ZOmHmRgD3Vw,Action_game
ZOmHmRgD3Vw,Video_game_culture
ZSIVrQh5tIY,Action-adventure_game
ZSIVrQh5tIY,Action_game
ZSIVrQh5tIY,Video_game_culture
ZTQFUngqXwE,Action_game
ZTQFUngqXwE,Role-playing_video_game
ZTQFUngqXwE,Video_game_culture
ZTs9XlHT8Jc,Action_game
ZTs9XlHT8Jc,Video_game_culture
ZVQsi9towi4,Action_game
ZVQsi9towi4,Video_game_culture
ZWzfGHl7V1Y,Action_game
ZWzfGHl7V1Y,Role-playing_video_game
ZWzfGHl7V1Y,Video_game_culture
ZYXfERL2SXQ,Action_game
ZYXfERL2SXQ,Video_game_culture
ZYoeZ0VJIsg,Sports_game
ZYoeZ0VJIsg,Video_game_culture
Z_pbj3t-WfA,Video_game_culture
4ExPVqt6ZFM,Action-adventure_game
4ExPVqt6ZFM,Video_game_culture
4FeAIN7u0fY,Action-adventure_game
4FeAIN7u0fY,Action_game
4FeAIN7u0fY,Video_game_culture
4G2HnPD1YAI,Sports_game
4G2HnPD1YAI,Video_game_culture
4GrzSkb3S3Q,Action_game
4GrzSkb3S3Q,Role-playing_video_game
4GrzSkb3S3Q,Video_game_culture
4HvwcI3sAhQ,Video_game_culture
4IGgz3bxvcA,Action_game
4IGgz3bxvcA,Video_game_culture
4J4XCcoGPjE,Action-adventure_game
4J4XCcoGPjE,Action_game
4J4XCcoGPjE,Video_game_culture
4LEFx-ngR4k,Action_game
4LEFx-ngR4k,Video_game_culture
4LwCKxoMyhY,Action_game
4LwCKxoMyhY,Strategy_video_game
4LwCKxoMyhY,Video_game_culture
4MbhuUV3GUw,Video_game_culture
4O9jpKrrfSI,Action-adventure_game
4O9jpKrrfSI,Casual_game
4O9jpKrrfSI,Role-playing_video_game
4O9jpKrrfSI,Simulation_video_game
4O9jpKrrfSI,Strategy_video_game
4O9jpKrrfSI,Video_game_culture
4OXbX1OrxNI,Action_game
4OXbX1OrxNI,Role-playing_video_game
4OXbX1OrxNI,Strategy_video_game
4OXbX1OrxNI,Video_game_culture
4P3YS8xPwjY,Action_game
4P3YS8xPwjY,Role-playing_video_game
4P3YS8xPwjY,Strategy_video_game
4P3YS8xPwjY,Video_game_culture
4QFCHcRx13k,Action-adventure_game
4QFCHcRx13k,Video_game_culture
4Ra4a5oyHn0,Action_game
4Ra4a5oyHn0,Video_game_culture
4RzIjEv4qbc,Action_game
4RzIjEv4qbc,Video_game_culture
4SDvow2ioDw,Association_football
4SDvow2ioDw,Sport
4SYnMxBoeaw,Action-adventure_game
4SYnMxBoeaw,Action_game
4SYnMxBoeaw,Video_game_culture
4Tl4GHXcP5k,Video_game_culture
4TmWvhQx7-E,Video_game_culture
uOA8GZisG9Y,Action-adventure_game
uOA8GZisG9Y,Action_game
uOA8GZisG9Y,Video_game_culture
uOt-SKWxhbY,Action_game
uOt-SKWxhbY,Video_game_culture
uPhHizkOGNY,Action_game
uPhHizkOGNY,Role-playing_video_game
uPhHizkOGNY,Video_game_culture
uQbKX9i_Smk,Action_game
uQbKX9i_Smk,Strategy_video_game
uQbKX9i_Smk,Video_game_culture
uQnK6lHd4wg,Action-adventure_game
uQnK6lHd4wg,Action_game
uQnK6lHd4wg,Role-playing_video_game
uQnK6lHd4wg,Strategy_video_game
uQnK6lHd4wg,Video_game_culture
uQq6wi4IsUY,Action_game
uQq6wi4IsUY,Role-playing_video_game
uQq6wi4IsUY,Video_game_culture
uRy8FtEauCo,Action_game
uRy8FtEauCo,Video_game_culture
uTMcVduzf2g,Role-playing_video_game
uTMcVduzf2g,Video_game_culture
uTQlVGmdtYs,Video_game_culture
uVceJa9EGHo,Action_game
uVceJa9EGHo,Role-playing_video_game
uVceJa9EGHo,Strategy_video_game
uVceJa9EGHo,Video_game_culture
uVdBMqBiFKg,Association_football
uVdBMqBiFKg,Sport
uVgqrsCfuFA,Action_game
uVgqrsCfuFA,Video_game_culture
uWbalUUVmGk,Sports_game
uWbalUUVmGk,Video_game_culture
uWr5T9ceNaY,Action_game
uWr5T9ceNaY,Role-playing_video_game
uWr5T9ceNaY,Video_game_culture
uXcl9PLBse0,Action-adventure_game
uXcl9PLBse0,Action_game
uXcl9PLBse0,Casual_game
uXcl9PLBse0,Role-playing_video_game
uXcl9PLBse0,Video_game_culture
uYIfWoAus5I,Action_game
uYIfWoAus5I,Video_game_culture
uYrpGyuYE3s,Action-adventure_game
uYrpGyuYE3s,Action_game
uYrpGyuYE3s,Role-playing_video_game
uYrpGyuYE3s,Video_game_culture
uZgtoqlP03g,Action_game
uZgtoqlP03g,Strategy_video_game
uZgtoqlP03g,Video_game_culture
ubN2R_da-OA,Action-adventure_game
ubN2R_da-OA,Action_game
ubN2R_da-OA,Role-playing_video_game
ubN2R_da-OA,Video_game_culture
ucG7dIkXv3g,Action_game
ucG7dIkXv3g,Role-playing_video_game
ucG7dIkXv3g,Video_game_culture
ud8u8qfgrBQ,Action-adventure_game
ud8u8qfgrBQ,Video_game_culture
udDiWRE00BA,Action_game
udDiWRE00BA,Video_game_culture
uduG9biFdxI,Action_game
uduG9biFdxI,Video_game_culture
uftny3Xq3do,Action_game
uftny3Xq3do,Video_game_culture
k5-puWcQyo8,Action_game
k5-puWcQyo8,Strategy_video_game
k5-puWcQyo8,Video_game_culture
k5Vrl3i7GAU,Sports_game
k5Vrl3i7GAU,Video_game_culture
k79JzJvinig,Action_game
k79JzJvinig,Video_game_culture
k7f9cuT4Xz0,Action_game
k7f9cuT4Xz0,Strategy_video_game
k7f9cuT4Xz0,Video_game_culture
k9hx0QUryPY,Action_game
k9hx0QUryPY,Video_game_culture
k9zTi06zWpg,Association_football
k9zTi06zWpg,Sport
k9zTi06zWpg,Sports_game
kAyzRdoDOuE,Action_game
kAyzRdoDOuE,Strategy_video_game
kAyzRdoDOuE,Video_game_culture
kBlC5LH00sI,Strategy_video_game
kBlC5LH00sI,Video_game_culture
kBmJofMIjAc,Sports_game
kBmJofMIjAc,Video_game_culture
kC7jDfncbZ4,Role-playing_video_game
kC7jDfncbZ4,Video_game_culture
kDQ951lIl6Y,Sports_game
kDQ951lIl6Y,Video_game_culture
kEBkVaXrjz8,Action_game
kEBkVaXrjz8,Role-playing_video_game
kEBkVaXrjz8,Strategy_video_game
kEBkVaXrjz8,Video_game_culture
kEF-sKEIPwM,Role-playing_video_game
kEF-sKEIPwM,Video_game_culture
kFv0SbzBB3M,Sports_game
kFv0SbzBB3M,Video_game_culture
kGjZL9rtUHQ,Action-adventure_game
kGjZL9rtUHQ,Action_game
kGjZL9rtUHQ,Role-playing_video_game
kGjZL9rtUHQ,Video_game_culture
kGlpGzzjde0,Sports_game
kGlpGzzjde0,Video_game_culture
kH9LxQ9OcM8,Role-playing_video_game
kH9LxQ9OcM8,Video_game_culture
kHSh80BjXqQ,Puzzle_video_game
kHSh80BjXqQ,Video_game_culture
kIAaXL5BnFs,Role-playing_video_game
kIAaXL5BnFs,Video_game_culture
kIOyU0YssWw,Action_game
kIOyU0YssWw,Role-playing_video_game
kIOyU0YssWw,Strategy_video_game
kIOyU0YssWw,Video_game_culture
kIapoEuPXLM,Action-adventure_game
kIapoEuPXLM,Action_game
kIapoEuPXLM,Video_game_culture
kIdg3Nz-D_Q,Action_game
kIdg3Nz-D_Q,Role-playing_video_game
kIdg3Nz-D_Q,Video_game_culture
kJR8vHiJUS4,Association_football
kJR8vHiJUS4,Sport
kKvyhvW4VfM,Role-playing_video_game
kKvyhvW4VfM,Video_game_culture
kLBAdgKfT_w,Role-playing_video_game
kLBAdgKfT_w,Video_game_culture
kNU54CfEHd0,Action-adventure_game
kNU54CfEHd0,Video_game_culture
kNkii_tve1Y,Video_game_culture
kO-H56ePi1E,Action_game
kO-H56ePi1E,Sports_game
kO-H56ePi1E,Video_game_culture
51CaAKXurqA,Action_game
51CaAKXurqA,Video_game_culture
51KRNJ9OTH4,Video_game_culture
52_DDIYy5Pk,Video_game_culture
534ImdA5KFw,Association_football
534ImdA5KFw,Sport
53MwD9Dhok8,Sports_game
53MwD9Dhok8,Video_game_culture
53quJ7lOj1g,Action-adventure_game
53quJ7lOj1g,Role-playing_video_game
53quJ7lOj1g,Video_game_culture
54Ya2WFTUk4,Action_game
54Ya2WFTUk4,Video_game_culture
54_OklXABfI,Action_game
54_OklXABfI,Strategy_video_game
54_OklXABfI,Video_game_culture
54bWJYpFiGs,Music_video_game
54bWJYpFiGs,Video_game_culture
54fIGDsSj7g,Action_game
54fIGDsSj7g,Video_game_culture
55lPtUJ247o,Action_game
55lPtUJ247o,Video_game_culture
55ugymAFu0Q,Action-adventure_game
55ugymAFu0Q,Video_game_culture
56-eIB51ihc,Video_game_culture
58Quf3M69Xw,Action-adventure_game
58Quf3M69Xw,Action_game
58Quf3M69Xw,Role-playing_video_game
58Quf3M69Xw,Video_game_culture
59-CAgEbir4,Action-adventure_game
59-CAgEbir4,Video_game_culture
5925sak43sM,Video_game_culture
59YjcOdYlqQ,Puzzle_video_game
59YjcOdYlqQ,Video_game_culture
5AU-ESIZ2oA,Action-adventure_game
5AU-ESIZ2oA,Action_game
5AU-ESIZ2oA,Puzzle_video_game
5AU-ESIZ2oA,Role-playing_video_game
5AU-ESIZ2oA,Video_game_culture
5AUxTvUAuMc,Action_game
5AUxTvUAuMc,Video_game_culture
5Bk0QpB9IcY,Action_game
5Bk0QpB9IcY,Role-playing_video_game
5Bk0QpB9IcY,Video_game_culture
5CIbXKfZmLE,Action_game
5CIbXKfZmLE,Role-playing_video_game
5CIbXKfZmLE,Strategy_video_game
5CIbXKfZmLE,Video_game_culture
5CLhe6XUTLs,Action-adventure_game
5CLhe6XUTLs,Action_game
5CLhe6XUTLs,Video_game_culture
5Cy1WJjdeIE,Role-playing_video_game
5Cy1WJjdeIE,Video_game_culture
8qIg2iH7Db8,Video_game_culture
8qPLMnfclzA,Sports_game
8qPLMnfclzA,Video_game_culture
8rGtWuXt2lU,Casual_game
8rGtWuXt2lU,Video_game_culture
8rg5EShCRjg,Action-adventure_game
8rg5EShCRjg,Action_game
8rg5EShCRjg,Video_game_culture
8tEq2-xAmi4,Action_game
8tEq2-xAmi4,Video_game_culture
8uDBtWzuhO8,Role-playing_video_game
8uDBtWzuhO8,Video_game_culture
8uailnkqSCk,Action_game
8uailnkqSCk,Role-playing_video_game
8uailnkqSCk,Strategy_video_game
8uailnkqSCk,Video_game_culture
8ubqKNs6HoE,Puzzle_video_game
8ubqKNs6HoE,Video_game_culture
8vNdCY502EI,Association_football
8vNdCY502EI,Sport
8wOH9mpFfTk,Video_game_culture
8y91aeeBRRA,Action-adventure_game
8y91aeeBRRA,Action_game
8y91aeeBRRA,Role-playing_video_game
8y91aeeBRRA,Video_game_culture
8ycOt-o1BXI,Action_game
8ycOt-o1BXI,Role-playing_video_game
8ycOt-o1BXI,Strategy_video_game
8ycOt-o1BXI,Video_game_culture
8yh84vb0768,Action_game
8yh84vb0768,Strategy_video_game
8yh84vb0768,Video_game_culture
8zNvahD-QS4,Association_football
8zNvahD-QS4,Sport
9-pbxT5xiAk,Role-playing_video_game
9-pbxT5xiAk,Video_game_culture
906cAoluDkU,Action_game
906cAoluDkU,Role-playing_video_game
906cAoluDkU,Strategy_video_game
906cAoluDkU,Video_game_culture
908hVzOpc7A,Action-adventure_game
908hVzOpc7A,Video_game_culture
91K9OnptdUI,Action-adventure_game
91K9OnptdUI,Action_game
91K9OnptdUI,Role-playing_video_game
91K9OnptdUI,Video_game_culture
91o8Gfbs1i4,Sports_game
91o8Gfbs1i4,Video_game_culture
FL10QD3_ALU,Action_game
FL10QD3_ALU,Video_game_culture
FMmUKVat35g,Action_game
FMmUKVat35g,Strategy_video_game
FMmUKVat35g,Video_game_culture
FNEPRpqM4eg,Action_game
FNEPRpqM4eg,Video_game_culture
FNM1UwVc_40,Video_game_culture
FNSCfCVgYrw,Sports_game
FNSCfCVgYrw,Video_game_culture
FNwHi0WKqgw,Action-adventure_game
FNwHi0WKqgw,Action_game
FNwHi0WKqgw,Video_game_culture
FNwXjF9H-qM,Action_game
FNwXjF9H-qM,Role-playing_video_game
FNwXjF9H-qM,Strategy_video_game
FNwXjF9H-qM,Video_game_culture
FPx3uDvsTK4,Action_game
FPx3uDvsTK4,Casual_game
FPx3uDvsTK4,Role-playing_video_game
FPx3uDvsTK4,Video_game_culture
FPx9nHDpOho,Action_game
FPx9nHDpOho,Strategy_video_game
FPx9nHDpOho,Video_game_culture
FS17f5UmmtU,Sports_game
FS17f5UmmtU,Video_game_culture
FSIEbHqZwIY,Sports_game
FSIEbHqZwIY,Video_game_culture
FTWq_TjahEs,Sports_game
FTWq_TjahEs,Video_game_culture
FTYgs1Gjokc,Role-playing_video_game
FTYgs1Gjokc,Video_game_culture
FUsQEPwgy00,Role-playing_video_game
FUsQEPwgy00,Video_game_culture
FVC3-GFk89k,Action_game
FVC3-GFk89k,Role-playing_video_game
FVC3-GFk89k,Strategy_video_game
FVC3-GFk89k,Video_game_culture
FWb9BTBobKs,Video_game_culture
FX6U44FG1Ho,Association_football
FX6U44FG1Ho,Sport
FXubt0mM7wc,Action-adventure_game
FXubt0mM7wc,Video_game_culture
FYAnGUSIiVg,Action_game
FYAnGUSIiVg,Role-playing_video_game
FYAnGUSIiVg,Strategy_video_game
FYAnGUSIiVg,Video_game_culture
FZ9jtPIT1j0,Action_game
FZ9jtPIT1j0,Strategy_video_game
FZ9jtPIT1j0,Video_game_culture
FZ9n1tPVQBk,Action-adventure_game
FZ9n1tPVQBk,Action_game
FZ9n1tPVQBk,Role-playing_video_game
FZ9n1tPVQBk,Video_game_culture
F_R_sKmDtvI,Action_game
F_R_sKmDtvI,Role-playing_video_game
F_R_sKmDtvI,Strategy_video_game
F_R_sKmDtvI,Video_game_culture
bKfAYMFeOnM,Casual_game
bKfAYMFeOnM,Role-playing_video_game
bKfAYMFeOnM,Video_game_culture
bLTKtm_Je4k,Action_game
bLTKtm_Je4k,Video_game_culture
bMRONz4UPDw,Action-adventure_game
bMRONz4UPDw,Video_game_culture
bMXM_rEWxEY,Technology
bMXM_rEWxEY,Video_game_culture
bMdGWlIm194,Video_game_culture
bO-xCeYQc5Q,Association_football
bO-xCeYQc5Q,Sport
bO7PMo3tNK4,Action_game
bO7PMo3tNK4,Video_game_culture
bPS7o4M_cp0,Action_game
bPS7o4M_cp0,Strategy_video_game
bPS7o4M_cp0,Video_game_culture
bPuzNnpcyxw,Role-playing_video_game
bPuzNnpcyxw,Video_game_culture
bQASkzJgYFk,Health
bQASkzJgYFk,Lifestyle_(sociology)
bQASkzJgYFk,Physical_fitness
bQIhyXQhEv0,Action-adventure_game
bQIhyXQhEv0,Action_game
bQIhyXQhEv0,Video_game_culture
bV1v-CuYKvM,Action_game
bV1v-CuYKvM,Strategy_video_game
bV1v-CuYKvM,Video_game_culture
bVA8nxLrgec,Role-playing_video_game
bVA8nxLrgec,Video_game_culture
bVAS9fcxd2M,Sports_game
bVAS9fcxd2M,Video_game_culture
bVzYZY47yOs,Role-playing_video_game
bVzYZY47yOs,Video_game_culture
bWXi55I3ixE,Action-adventure_game
bWXi55I3ixE,Video_game_culture
bWZvJObGv2A,Action_game
bWZvJObGv2A,Strategy_video_game
bWZvJObGv2A,Video_game_culture
bWt3Ir4gkwc,Video_game_culture
bY1T2rjafis,Action_game
bY1T2rjafis,Video_game_culture
bYCvECuF_yk,Action-adventure_game
bYCvECuF_yk,Action_game
bYCvECuF_yk,Role-playing_video_game
bYCvECuF_yk,Video_game_culture
bZAjf6d-FFA,Sports_game
bZAjf6d-FFA,Video_game_culture
b_iK84rKeVY,Video_game_culture
b_kr95Hhgcw,Video_game_culture
ba8_Oi7kvho,Action_game
ba8_Oi7kvho,Video_game_culture
baah-23hj64,Action_game
baah-23hj64,Role-playing_video_game
baah-23hj64,Strategy_video_game
baah-23hj64,Video_game_culture
baj7g2xuK98,Video_game_culture
Zp5LcdTQGws,Action_game
Zp5LcdTQGws,Role-playing_video_game
Zp5LcdTQGws,Video_game_culture
ZpPGNCfl3Sg,Action_game
ZpPGNCfl3Sg,Strategy_video_game
ZpPGNCfl3Sg,Video_game_culture
ZpshpS0ck4I,Action_game
ZpshpS0ck4I,Video_game_culture
ZqvniThk3M0,Video_game_culture
ZrJA4OctQoU,Action-adventure_game
ZrJA4OctQoU,Action_game
ZrJA4OctQoU,Video_game_culture
ZrUXTlKzLbE,Role-playing_video_game
ZrUXTlKzLbE,Strategy_video_game
ZrUXTlKzLbE,Video_game_culture
Zrb_NwtwslM,Sports_game
Zrb_NwtwslM,Video_game_culture
Zszp5aFh0mM,Casual_game
Zszp5aFh0mM,Role-playing_video_game
Zszp5aFh0mM,Video_game_culture
ZtFhYUdbp9k,Sports_game
ZtFhYUdbp9k,Video_game_culture
Ztaq3aHrTOg,Action_game
Ztaq3aHrTOg,Role-playing_video_game
Ztaq3aHrTOg,Video_game_culture
ZuTdLxjpEgs,Action_game
ZuTdLxjpEgs,Role-playing_video_game
ZuTdLxjpEgs,Video_game_culture
ZuxgPY5Unf0,Sports_game
ZuxgPY5Unf0,Video_game_culture
ZvLn5LatGz8,Action_game
ZvLn5LatGz8,Role-playing_video_game
ZvLn5LatGz8,Video_game_culture
Zvfl96fMX2Y,Video_game_culture
ZxLTcT88Efc,Action-adventure_game
ZxLTcT88Efc,Action_game
ZxLTcT88Efc,Role-playing_video_game
ZxLTcT88Efc,Video_game_culture
ZxkWx1aDOU8,Action_game
ZxkWx1aDOU8,Video_game_culture
Zy1jmUdTVG8,Sports_game
Zy1jmUdTVG8,Video_game_culture
ZytcixFDgJE,Action-adventure_game
ZytcixFDgJE,Action_game
ZytcixFDgJE,Role-playing_video_game
ZytcixFDgJE,Video_game_culture
ZytnldXmX6g,Video_game_culture
ZznaWH6T5E0,Action_game
ZznaWH6T5E0,Video_game_culture
_-4-tKB8Y2o,Action_game
_-4-tKB8Y2o,Video_game_culture
_-BHiYq0GGE,Sports_game
_-BHiYq0GGE,Video_game_culture
_-CsMBt30uw,Action-adventure_game
_-CsMBt30uw,Role-playing_video_game
_-CsMBt30uw,Strategy_video_game
_-CsMBt30uw,Video_game_culture
_-gLTq9CdMI,Action-adventure_game
_-gLTq9CdMI,Action_game
_-gLTq9CdMI,Video_game_culture
_-hScUNXClg,Video_game_culture
_0ieh5z6yyw,Action_game
_0ieh5z6yyw,Video_game_culture
_1-a3Un_Ezo,Action_game
_1-a3Un_Ezo,Role-playing_video_game
_1-a3Un_Ezo,Video_game_culture
_1beNTDC7xQ,Sports_game
_1beNTDC7xQ,Video_game_culture
_1upWmeL8jY,Video_game_culture
_3XQDfYRiS0,Action-adventure_game
_3XQDfYRiS0,Video_game_culture
_3Y2T-JRAfw,Action-adventure_game
_3Y2T-JRAfw,Action_game
_3Y2T-JRAfw,Role-playing_video_game
_3Y2T-JRAfw,Video_game_culture
_43THfMk2fE,Action-adventure_game
_43THfMk2fE,Video_game_culture
_4EY4ycdi1s,Video_game_culture
_4N_v6M6HIQ,Action_game
_4N_v6M6HIQ,Role-playing_video_game
_4N_v6M6HIQ,Video_game_culture
_4fn7ZEDwrA,Sports_game
_4fn7ZEDwrA,Video_game_culture
_4qjCon1HWc,Technology
_4qjCon1HWc,Video_game_culture
mPh97cmDHVA,Association_football
mPh97cmDHVA,Sport
mPkTQyi0QUs,Action_game
mPkTQyi0QUs,Strategy_video_game
mPkTQyi0QUs,Video_game_culture
mQHANzbWDjw,Action_game
mQHANzbWDjw,Role-playing_video_game
mQHANzbWDjw,Strategy_video_game
mQHANzbWDjw,Video_game_culture
mR2iVPJYUWg,Action_game
mR2iVPJYUWg,Video_game_culture
mRwdevePzOA,Action_game
mRwdevePzOA,Video_game_culture
mSBU960XSL8,Sport
mT8ECQ6ktBU,Action-adventure_game
mT8ECQ6ktBU,Action_game
mT8ECQ6ktBU,Video_game_culture
mTiYJRViSPw,Action_game
mTiYJRViSPw,Video_game_culture
mUzYyG_Xz-U,Action-adventure_game
mUzYyG_Xz-U,Casual_game
mUzYyG_Xz-U,Role-playing_video_game
mUzYyG_Xz-U,Video_game_culture
mV46KaLy9FA,Action_game
mV46KaLy9FA,Role-playing_video_game
mV46KaLy9FA,Video_game_culture
mVGNEWbpw_4,Action_game
mVGNEWbpw_4,Video_game_culture
mWRdP149glY,Action_game
mWRdP149glY,Strategy_video_game
mWRdP149glY,Video_game_culture
mWkHPKsYd3w,Strategy_video_game
mWkHPKsYd3w,Video_game_culture
mXlCvTdDhVg,Action-adventure_game
mXlCvTdDhVg,Video_game_culture
mXyDS7w7-qM,Action_game
mXyDS7w7-qM,Strategy_video_game
mXyDS7w7-qM,Video_game_culture
mY32-qMkHA4,Action-adventure_game
mY32-qMkHA4,Action_game
mY32-qMkHA4,Role-playing_video_game
mY32-qMkHA4,Strategy_video_game
mY32-qMkHA4,Video_game_culture
mYsTK5P7Opg,Action_game
mYsTK5P7Opg,Video_game_culture
mZMsZl4tLuU,Action_game
mZMsZl4tLuU,Video_game_culture
m_QwqxX9G0I,Action-adventure_game
m_QwqxX9G0I,Action_game
m_QwqxX9G0I,Video_game_culture
m_SU0ClDIY4,Entertainment
m_SU0ClDIY4,Television_program
m_mYrq3tUbI,Action-adventure_game
m_mYrq3tUbI,Action_game
m_mYrq3tUbI,Casual_game
m_mYrq3tUbI,Video_game_culture
maVozxizwpQ,Action_game
maVozxizwpQ,Role-playing_video_game
maVozxizwpQ,Video_game_culture
NGlNyBGkxaA,Action-adventure_game
NGlNyBGkxaA,Role-playing_video_game
NGlNyBGkxaA,Video_game_culture
NH2YaZI8zRc,Video_game_culture
NIc3-huKbqY,Action-adventure_game
NIc3-huKbqY,Role-playing_video_game
NIc3-huKbqY,Video_game_culture
NIoZITFuumY,Action-adventure_game
NIoZITFuumY,Action_game
NIoZITFuumY,Video_game_culture
NJ3Tt55DuRE,Video_game_culture
NKcjTnhiDng,Role-playing_video_game
NKcjTnhiDng,Strategy_video_game
NKcjTnhiDng,Video_game_culture
NLTO9hnEzaw,Puzzle_video_game
NLTO9hnEzaw,Video_game_culture
NMfXqcqKIJo,Video_game_culture
NMjZM_Gj2FM,Action-adventure_game
NMjZM_Gj2FM,Action_game
NMjZM_Gj2FM,Video_game_culture
NNwwvaojj9A,Sports_game
NNwwvaojj9A,Video_game_culture
NOcoASLKXLc,Action-adventure_game
NOcoASLKXLc,Action_game
NOcoASLKXLc,Video_game_culture
NPoKG-Y2AXM,Role-playing_video_game
NPoKG-Y2AXM,Video_game_culture
NQ0avLwRBW8,Association_football
NQ0avLwRBW8,Sport
NQ9Fos0UJh8,Action-adventure_game
NQ9Fos0UJh8,Action_game
NQ9Fos0UJh8,Video_game_culture
NR5ErLxVnpY,Sports_game
NR5ErLxVnpY,Video_game_culture
NSGp-yRPAHc,Action-adventure_game
NSGp-yRPAHc,Action_game
NSGp-yRPAHc,Role-playing_video_game
NSGp-yRPAHc,Video_game_culture
NTAWaQ8b0yw,Action_game
NTAWaQ8b0yw,Video_game_culture
NTzB8Z3jOCc,Action_game
NTzB8Z3jOCc,Video_game_culture
NV5DFTHH4dM,Strategy_video_game
NV5DFTHH4dM,Video_game_culture
NVfbqTCUGh0,Sports_game
NVfbqTCUGh0,Video_game_culture
NVqSJU0hWTo,Action_game
NVqSJU0hWTo,Role-playing_video_game
NVqSJU0hWTo,Strategy_video_game
NVqSJU0hWTo,Video_game_culture
btDzA5vPbuc,Video_game_culture
btGzgbRCL1o,Action_game
btGzgbRCL1o,Strategy_video_game
btGzgbRCL1o,Video_game_culture
bu6XYInYAMU,Action-adventure_game
bu6XYInYAMU,Action_game
bu6XYInYAMU,Role-playing_video_game
bu6XYInYAMU,Video_game_culture
buf0zjAow6Y,Association_football
buf0zjAow6Y,Sport
bupn9ajxtF8,Action_game
bupn9ajxtF8,Role-playing_video_game
bupn9ajxtF8,Strategy_video_game
bupn9ajxtF8,Video_game_culture
bxK3nvK6KOY,Action_game
bxK3nvK6KOY,Video_game_culture
byrVGP9yAX8,Action-adventure_game
byrVGP9yAX8,Action_game
byrVGP9yAX8,Role-playing_video_game
byrVGP9yAX8,Video_game_culture
bzBuA7W5Nro,Sports_game
bzBuA7W5Nro,Video_game_culture
bzKntKp8lDM,Action-adventure_game
bzKntKp8lDM,Video_game_culture
bzcwd7P8UGc,Action-adventure_game
bzcwd7P8UGc,Action_game
bzcwd7P8UGc,Video_game_culture
c-BgKiC6p4k,Action-adventure_game
c-BgKiC6p4k,Action_game
c-BgKiC6p4k,Role-playing_video_game
c-BgKiC6p4k,Strategy_video_game
c-BgKiC6p4k,Video_game_culture
c-NA27E1elY,Role-playing_video_game
c-NA27E1elY,Video_game_culture
c-TAvWA2cLQ,Action-adventure_game
c-TAvWA2cLQ,Role-playing_video_game
c-TAvWA2cLQ,Video_game_culture
c2YH-y8Kr7g,Sports_game
c2YH-y8Kr7g,Video_game_culture
c2tDbzxhNc0,Strategy_video_game
c2tDbzxhNc0,Video_game_culture
c3AHf5gSyiA,Association_football
c3AHf5gSyiA,Sport
c3c0le7zr3U,Video_game_culture
c46jYRXJJwA,Action_game
c46jYRXJJwA,Role-playing_video_game
c46jYRXJJwA,Video_game_culture
c4HwebnYsP4,Action_game
c4HwebnYsP4,Video_game_culture
c4JWr0EU7H4,Sports_game
c4JWr0EU7H4,Video_game_culture
c4vWFUbKouY,Action_game
c4vWFUbKouY,Strategy_video_game
c4vWFUbKouY,Video_game_culture
c5JjZ3h5bww,Action-adventure_game
c5JjZ3h5bww,Action_game
c5JjZ3h5bww,Role-playing_video_game
c5JjZ3h5bww,Video_game_culture
RBKBnS2Fnsw,Action_game
RBKBnS2Fnsw,Role-playing_video_game
RBKBnS2Fnsw,Strategy_video_game
RBKBnS2Fnsw,Video_game_culture
RC-TIzmrH8E,Action_game
RC-TIzmrH8E,Strategy_video_game
RC-TIzmrH8E,Video_game_culture
RD2B2806ds0,Action-adventure_game
RD2B2806ds0,Role-playing_video_game
RD2B2806ds0,Video_game_culture
RDAS0H4Lm9o,Action-adventure_game
RDAS0H4Lm9o,Action_game
RDAS0H4Lm9o,Video_game_culture
RE3qSrURc94,Video_game_culture
REzzcHJ4Qws,Action-adventure_game
REzzcHJ4Qws,Action_game
REzzcHJ4Qws,Role-playing_video_game
REzzcHJ4Qws,Video_game_culture
RF98JyqNKYs,Sports_game
RF98JyqNKYs,Video_game_culture
RFr8LcT1ylY,Video_game_culture
RGdhnfUBc8E,Video_game_culture
RHi4lxCGyBI,Action_game
RHi4lxCGyBI,Role-playing_video_game
RHi4lxCGyBI,Video_game_culture
RJZkJcBBfG0,Action-adventure_game
RJZkJcBBfG0,Action_game
RJZkJcBBfG0,Role-playing_video_game
RJZkJcBBfG0,Video_game_culture
RJf7f7LXJPA,Action-adventure_game
RJf7f7LXJPA,Action_game
RJf7f7LXJPA,Role-playing_video_game
RJf7f7LXJPA,Strategy_video_game
RJf7f7LXJPA,Video_game_culture
RKmVVCBrS4A,Association_football
RKmVVCBrS4A,Sport
RLWjHJtei0E,Action_game
RLWjHJtei0E,Video_game_culture
RMHCrLM6i20,Action_game
RMHCrLM6i20,Video_game_culture
RMhaw9gWTnY,Action-adventure_game
RMhaw9gWTnY,Action_game
RMhaw9gWTnY,Video_game_culture
RO8EbZY6KZY,Action_game
RO8EbZY6KZY,Role-playing_video_game
RO8EbZY6KZY,Strategy_video_game
RO8EbZY6KZY,Video_game_culture
ROcBrCEZaS4,Action-adventure_game
ROcBrCEZaS4,Action_game
ROcBrCEZaS4,Role-playing_video_game
ROcBrCEZaS4,Video_game_culture
ROm0YB_MQAQ,Action_game
ROm0YB_MQAQ,Role-playing_video_game
ROm0YB_MQAQ,Strategy_video_game
ROm0YB_MQAQ,Video_game_culture
RPc-v4ZN8s0,Strategy_video_game
RPc-v4ZN8s0,Video_game_culture
RPmtC9itE08,Sports_game
RPmtC9itE08,Video_game_culture
vABi2Dz9yzE,Action_game
vABi2Dz9yzE,Role-playing_video_game
vABi2Dz9yzE,Video_game_culture
vAsI-gp2NQM,Sports_game
vAsI-gp2NQM,Video_game_culture
vBpZZSU_AVo,Sports_game
vBpZZSU_AVo,Video_game_culture
vCe74pq4r2I,Action_game
vCe74pq4r2I,Video_game_culture
vDyU_JJ7FK4,Sports_game
vDyU_JJ7FK4,Video_game_culture
vFH5tl-N9FI,Action_game
vFH5tl-N9FI,Video_game_culture
vFQuUHuRFQ8,Action-adventure_game
vFQuUHuRFQ8,Action_game
vFQuUHuRFQ8,Video_game_culture
vFV0VINb-Rg,Action-adventure_game
vFV0VINb-Rg,Action_game
vFV0VINb-Rg,Role-playing_video_game
vFV0VINb-Rg,Strategy_video_game
vFV0VINb-Rg,Video_game_culture
vGVlXSzSJYM,Action_game
vGVlXSzSJYM,Video_game_culture
vGlAho10U30,Video_game_culture
vGoFI-I7rJM,Sports_game
vGoFI-I7rJM,Video_game_culture
vH6jY6AiSyg,Role-playing_video_game
vH6jY6AiSyg,Strategy_video_game
vH6jY6AiSyg,Video_game_culture
vHIS_VTujkA,Action_game
vHIS_VTujkA,Role-playing_video_game
vHIS_VTujkA,Strategy_video_game
vHIS_VTujkA,Video_game_culture
vHNnd9C_Ets,Action_game
vHNnd9C_Ets,Video_game_culture
vHUEeNA_7yo,Action_game
vHUEeNA_7yo,Role-playing_video_game
vHUEeNA_7yo,Strategy_video_game
vHUEeNA_7yo,Video_game_culture
vIKINjpkws8,Role-playing_video_game
vIKINjpkws8,Video_game_culture
vJ3QiP5uQV0,Action_game
vJ3QiP5uQV0,Video_game_culture
vJIDRMMzxew,Action-adventure_game
vJIDRMMzxew,Action_game
vJIDRMMzxew,Video_game_culture
vKG6SlMRVT4,Video_game_culture
vKtKKwEyRPo,Action_game
vKtKKwEyRPo,Role-playing_video_game
vKtKKwEyRPo,Strategy_video_game
vKtKKwEyRPo,Video_game_culture
vLLkQDN7Sks,Action_game
vLLkQDN7Sks,Video_game_culture
vLipc6D2gGw,Action_game
vLipc6D2gGw,Role-playing_video_game
vLipc6D2gGw,Video_game_culture
vMZOiXY1Q-w,Action-adventure_game
vMZOiXY1Q-w,Role-playing_video_game
vMZOiXY1Q-w,Video_game_culture
vMgUNbEF5v8,Action-adventure_game
vMgUNbEF5v8,Action_game
vMgUNbEF5v8,Role-playing_video_game
vMgUNbEF5v8,Video_game_culture
cqGFfip0bCI,Association_football
cqGFfip0bCI,Sport
cqNg1MujGDA,Video_game_culture
cs8r5NKjOSo,Video_game_culture
csMfuWTyuZ4,Role-playing_video_game
csMfuWTyuZ4,Video_game_culture
csMyDVHlWrU,Action_game
csMyDVHlWrU,Strategy_video_game
csMyDVHlWrU,Video_game_culture
csXBIFXMEF4,Video_game_culture
cs_uiRDE0WY,Association_football
cs_uiRDE0WY,Sport
ctDNqRrt5fk,Action-adventure_game
ctDNqRrt5fk,Video_game_culture
ctXdVN-7syo,Video_game_culture
cuubxKdzlU0,Action_game
cuubxKdzlU0,Video_game_culture
cv61humkhc8,Sports_game
cv61humkhc8,Video_game_culture
cvEIhc2sAzA,Action_game
cvEIhc2sAzA,Role-playing_video_game
cvEIhc2sAzA,Video_game_culture
cvsQjGgbwOk,Action_game
cvsQjGgbwOk,Video_game_culture
cx9ctcREXrQ,Action_game
cx9ctcREXrQ,Strategy_video_game
cx9ctcREXrQ,Video_game_culture
cyiliskKZF4,Role-playing_video_game
cyiliskKZF4,Video_game_culture
czQ0HpFQuQw,Action-adventure_game
czQ0HpFQuQw,Action_game
czQ0HpFQuQw,Video_game_culture
czWxPAmL5Mg,Action_game
czWxPAmL5Mg,Video_game_culture
cztndfp5wfI,Action_game
cztndfp5wfI,Video_game_culture
d-9DGWxvWh8,Role-playing_video_game
d-9DGWxvWh8,Video_game_culture
d-u1p1fsmFM,Video_game_culture
d0MjwQyfBJE,Sports_game
d0MjwQyfBJE,Video_game_culture
d1XKZmBZwvc,Action_game
d1XKZmBZwvc,Role-playing_video_game
d1XKZmBZwvc,Strategy_video_game
d1XKZmBZwvc,Video_game_culture
d1_SrvgdM9U,Sports_game
d1_SrvgdM9U,Video_game_culture
d1eKKqsUQAU,Action-adventure_game
d1eKKqsUQAU,Action_game
d1eKKqsUQAU,Role-playing_video_game
d1eKKqsUQAU,Video_game_culture
d1eu9CfoNEs,Action_game
d1eu9CfoNEs,Video_game_culture
d2QDXFxLghs,Action-adventure_game
d2QDXFxLghs,Action_game
d2QDXFxLghs,Video_game_culture
d2ixOwt2-eU,Video_game_culture
d2tAF6wiSTo,Action-adventure_game
d2tAF6wiSTo,Action_game
d2tAF6wiSTo,Video_game_culture
d4CaIMaUyys,Sports_game
d4CaIMaUyys,Video_game_culture
d5WnVayY5PY,Action_game
d5WnVayY5PY,Video_game_culture
77hSHczgstI,Action-adventure_game
77hSHczgstI,Action_game
77hSHczgstI,Casual_game
77hSHczgstI,Puzzle_video_game
77hSHczgstI,Role-playing_video_game
77hSHczgstI,Video_game_culture
77q7eDGnYEc,Sports_game
77q7eDGnYEc,Video_game_culture
77ux8qGOQNU,Role-playing_video_game
77ux8qGOQNU,Video_game_culture
78No8YzQVG8,Action_game
78No8YzQVG8,Video_game_culture
78NsqEtNLfw,Lifestyle_(sociology)
79tgxXC-tyM,Action_game
79tgxXC-tyM,Role-playing_video_game
79tgxXC-tyM,Video_game_culture
7AragB57BeU,Action_game
7AragB57BeU,Role-playing_video_game
7AragB57BeU,Video_game_culture
7CPvD3nMHTc,Action_game
7CPvD3nMHTc,Video_game_culture
7D-lHxjxg-E,Action_game
7D-lHxjxg-E,Video_game_culture
7E32340dDyo,Action-adventure_game
7E32340dDyo,Action_game
7E32340dDyo,Role-playing_video_game
7E32340dDyo,Video_game_culture
7FuwOpDrsAo,Action-adventure_game
7FuwOpDrsAo,Action_game
7FuwOpDrsAo,Video_game_culture
7GcwcDgdi0o,Action-adventure_game
7GcwcDgdi0o,Action_game
7GcwcDgdi0o,Video_game_culture
7HRCQUHu66A,Action_game
7HRCQUHu66A,Strategy_video_game
7HRCQUHu66A,Video_game_culture
7HYyFdFWEAs,Video_game_culture
7H_L97sca6w,Strategy_video_game
7H_L97sca6w,Video_game_culture
7HcKKqHwC1Y,Action_game
7HcKKqHwC1Y,Role-playing_video_game
7HcKKqHwC1Y,Video_game_culture
7HrEmeWkU5w,Sports_game
7HrEmeWkU5w,Video_game_culture
7I56mXERiYA,Action-adventure_game
7I56mXERiYA,Video_game_culture
7Ie_dA5XSJI,Action_game
7Ie_dA5XSJI,Role-playing_video_game
7Ie_dA5XSJI,Video_game_culture
7JIvCuVsejk,Action_game
7JIvCuVsejk,Role-playing_video_game
7JIvCuVsejk,Video_game_culture
7JoRG3pLkQ0,Action_game
7JoRG3pLkQ0,Role-playing_video_game
7JoRG3pLkQ0,Video_game_culture
7KdIQo4a7ag,Action-adventure_game
7KdIQo4a7ag,Action_game
7KdIQo4a7ag,Video_game_culture
7Kh0aBNtbzQ,Action_game
7Kh0aBNtbzQ,Video_game_culture
7KnkZDbL98w,Action_game
7KnkZDbL98w,Video_game_culture
7L3w95pXrcw,Action_game
7L3w95pXrcw,Role-playing_video_game
7L3w95pXrcw,Strategy_video_game
7L3w95pXrcw,Video_game_culture
7LbRm5-sOqY,Role-playing_video_game
7LbRm5-sOqY,Video_game_culture
7LlBmjLrWzc,Sports_game
7LlBmjLrWzc,Video_game_culture
Yjk7hwYcbss,Action-adventure_game
Yjk7hwYcbss,Action_game
Yjk7hwYcbss,Video_game_culture
Ym99HZSRvIU,Action_game
Ym99HZSRvIU,Video_game_culture
YmDgY_-jQbA,Association_football
YmDgY_-jQbA,Sport
YmgrRfdgbUI,Video_game_culture
YnWirlvjq8M,Action-adventure_game
YnWirlvjq8M,Video_game_culture
Yo2k1ELeu8U,Role-playing_video_game
Yo2k1ELeu8U,Video_game_culture
YoFN2mVGDyI,Action-adventure_game
YoFN2mVGDyI,Action_game
YoFN2mVGDyI,Role-playing_video_game
YoFN2mVGDyI,Video_game_culture
YoSreAsebiQ,Action_game
YoSreAsebiQ,Video_game_culture
YoaOecezZE8,Video_game_culture
Yomnm2bSz6w,Action_game
Yomnm2bSz6w,Video_game_culture
YoqllCG7lmY,Role-playing_video_game
YoqllCG7lmY,Video_game_culture
Ypx5ahtBpfU,Music_video_game
Ypx5ahtBpfU,Video_game_culture
YqgIs47H5eE,Video_game_culture
Yqzsa-03k8Y,Video_game_culture
Yr_Jop8PahM,Action-adventure_game
Yr_Jop8PahM,Action_game
Yr_Jop8PahM,Video_game_culture
Yr__1jfP_3o,Lifestyle_(sociology)
YsVHCKk2yQk,Role-playing_video_game
YsVHCKk2yQk,Video_game_culture
YseMYVssoSo,Action_game
YseMYVssoSo,Role-playing_video_game
YseMYVssoSo,Strategy_video_game
YseMYVssoSo,Video_game_culture
YsgRwg0GfJ4,Action_game
YsgRwg0GfJ4,Role-playing_video_game
YsgRwg0GfJ4,Video_game_culture
YtU0jxyOfVU,Action-adventure_game
YtU0jxyOfVU,Action_game
YtU0jxyOfVU,Video_game_culture
Yupa3pgyGDE,Sports_game
Yupa3pgyGDE,Video_game_culture
Yv7cUm11Tz4,Video_game_culture
YvKWMWgiaYU,Action_game
YvKWMWgiaYU,Video_game_culture
YvLpGCWTCJ8,Role-playing_video_game
YvLpGCWTCJ8,Video_game_culture
YvXmgFR0CsM,Action_game
YvXmgFR0CsM,Casual_game
YvXmgFR0CsM,Role-playing_video_game
YvXmgFR0CsM,Video_game_culture
YvafJq_bmVs,Video_game_culture
YwG58ow-wzs,Sports_game
YwG58ow-wzs,Video_game_culture
Yyku9IDOqa8,Action-adventure_game
Yyku9IDOqa8,Action_game
Yyku9IDOqa8,Role-playing_video_game
Yyku9IDOqa8,Video_game_culture
YztGDv5BK3g,Action_game
YztGDv5BK3g,Video_game_culture
YzyWzlJXRRg,Action_game
YzyWzlJXRRg,Role-playing_video_game
YzyWzlJXRRg,Video_game_culture
keGIc8cG_xQ,Action_game
keGIc8cG_xQ,Video_game_culture
kf7xoif71us,Action-adventure_game
kf7xoif71us,Action_game
kf7xoif71us,Video_game_culture
kfjoJvPLFF0,Action_game
kfjoJvPLFF0,Video_game_culture
khU1-nOPq1o,Video_game_culture
khypqQal_M8,Video_game_culture
khzQYIoyu28,Action_game
khzQYIoyu28,Video_game_culture
kijlz-92VL0,Sports_game
kijlz-92VL0,Video_game_culture
kjYH_MXWkwg,Action_game
kjYH_MXWkwg,Video_game_culture
kkRjQg_3RFs,Action_game
kkRjQg_3RFs,Video_game_culture
kl4XWMTVO6M,Action-adventure_game
kl4XWMTVO6M,Video_game_culture
klN6Z7c0yWQ,Action-adventure_game
klN6Z7c0yWQ,Action_game
klN6Z7c0yWQ,Video_game_culture
kmUyLOP91r8,Video_game_culture
knqbDEoGGNY,Action_game
knqbDEoGGNY,Role-playing_video_game
knqbDEoGGNY,Strategy_video_game
knqbDEoGGNY,Video_game_culture
knzcBEX32SU,Action-adventure_game
knzcBEX32SU,Action_game
knzcBEX32SU,Video_game_culture
koEQB7xyea8,Action-adventure_game
koEQB7xyea8,Video_game_culture
kr8ImVQ_GSE,Action-adventure_game
kr8ImVQ_GSE,Action_game
kr8ImVQ_GSE,Role-playing_video_game
kr8ImVQ_GSE,Video_game_culture
krAOpGgkweI,Action_game
krAOpGgkweI,Video_game_culture
ksAVivJa9EY,Video_game_culture
ksqJw-iKG98,Action-adventure_game
ksqJw-iKG98,Action_game
ksqJw-iKG98,Role-playing_video_game
ksqJw-iKG98,Video_game_culture
ktGweiHJ1hQ,Action_game
ktGweiHJ1hQ,Role-playing_video_game
ktGweiHJ1hQ,Video_game_culture
kvBO_wNPCL0,Action-adventure_game
kvBO_wNPCL0,Action_game
kvBO_wNPCL0,Role-playing_video_game
kvBO_wNPCL0,Strategy_video_game
kvBO_wNPCL0,Video_game_culture
kvDICPRGhs8,Action-adventure_game
kvDICPRGhs8,Action_game
kvDICPRGhs8,Role-playing_video_game
kvDICPRGhs8,Video_game_culture
kv_CudmPAkc,Action_game
kv_CudmPAkc,Video_game_culture
EIzSaJLNTtI,Food
EIzSaJLNTtI,Lifestyle_(sociology)
EJa1DaOPoKY,Sports_game
EJa1DaOPoKY,Video_game_culture
EK3uvYbakss,Action-adventure_game
EK3uvYbakss,Action_game
EK3uvYbakss,Video_game_culture
EKjxtxDG4hc,Association_football
EKjxtxDG4hc,Sport
EKvO6K0gOt8,Action-adventure_game
EKvO6K0gOt8,Action_game
EKvO6K0gOt8,Video_game_culture
ELhSD_UFDFY,Action_game
ELhSD_UFDFY,Video_game_culture
ELpF4vHJV58,Action-adventure_game
ELpF4vHJV58,Action_game
ELpF4vHJV58,Role-playing_video_game
ELpF4vHJV58,Video_game_culture
EMpAw2DkkyY,Action_game
EMpAw2DkkyY,Strategy_video_game
EMpAw2DkkyY,Video_game_culture
EMr1UrGpF5E,Action_game
EMr1UrGpF5E,Role-playing_video_game
EMr1UrGpF5E,Strategy_video_game
EMr1UrGpF5E,Video_game_culture
ENgBHvuOK3s,Action_game
ENgBHvuOK3s,Role-playing_video_game
ENgBHvuOK3s,Video_game_culture
EPhYfSPxRqQ,Video_game_culture
EQDKzJC-bRM,Role-playing_video_game
EQDKzJC-bRM,Video_game_culture
EQeuDeYFz2k,Video_game_culture
ER3LCHOJpnY,Action_game
ER3LCHOJpnY,Video_game_culture
ERj3oeb6USs,Sports_game
ERj3oeb6USs,Video_game_culture
EUFj-H8yYqs,Action_game
EUFj-H8yYqs,Strategy_video_game
EUFj-H8yYqs,Video_game_culture
EUlM9MFApb4,Action_game
EUlM9MFApb4,Role-playing_video_game
EUlM9MFApb4,Strategy_video_game
EUlM9MFApb4,Video_game_culture
EVmBlQzoBVw,Video_game_culture
EVqhLcfFyLo,Action-adventure_game
EVqhLcfFyLo,Action_game
EVqhLcfFyLo,Video_game_culture
EWm23IX5re8,Action_game
EWm23IX5re8,Video_game_culture
EXFyxx0ySu0,Video_game_culture
KEvpFhWivOA,Association_football
KEvpFhWivOA,Sport
KF9ohCCKWNc,Sports_game
KF9ohCCKWNc,Video_game_culture
KFEB7vx6RU8,Action_game
KFEB7vx6RU8,Strategy_video_game
KFEB7vx6RU8,Video_game_culture
KGIeUtoRRns,Action-adventure_game
KGIeUtoRRns,Action_game
KGIeUtoRRns,Video_game_culture
KHa8u7eI6U0,Entertainment
KHmpQp01FMQ,Action_game
KHmpQp01FMQ,Video_game_culture
KIT8m-CYkMg,Role-playing_video_game
KIT8m-CYkMg,Strategy_video_game
KIT8m-CYkMg,Video_game_culture
KIrI2htpPUk,Action_game
KIrI2htpPUk,Video_game_culture
KJ3wLDr-SQc,Action-adventure_game
KJ3wLDr-SQc,Action_game
KJ3wLDr-SQc,Role-playing_video_game
KJ3wLDr-SQc,Video_game_culture
KKawDzfe4AA,Sports_game
KKawDzfe4AA,Video_game_culture
KKjDbckw74s,Video_game_culture
KKu6TCp7Cos,Action_game
KKu6TCp7Cos,Strategy_video_game
KKu6TCp7Cos,Video_game_culture
KLwV5Aj_X7o,Action_game
KLwV5Aj_X7o,Strategy_video_game
KLwV5Aj_X7o,Video_game_culture
KMDymo2rQms,Action_game
KMDymo2rQms,Video_game_culture
KMUNCx03bdQ,Action-adventure_game
KMUNCx03bdQ,Simulation_video_game
KMUNCx03bdQ,Video_game_culture
KO0KM9jUDhw,Action-adventure_game
KO0KM9jUDhw,Role-playing_video_game
KO0KM9jUDhw,Video_game_culture
KQ2Ik68qt8g,Action_game
KQ2Ik68qt8g,Strategy_video_game
KQ2Ik68qt8g,Video_game_culture
KSQpA9l7a_E,Video_game_culture
KStqDboijRc,Strategy_video_game
KStqDboijRc,Video_game_culture
KSziD-Eq1dg,Action_game
KSziD-Eq1dg,Role-playing_video_game
KSziD-Eq1dg,Video_game_culture
KTqvSaFQrLM,Action_game
KTqvSaFQrLM,Role-playing_video_game
KTqvSaFQrLM,Video_game_culture
KTyfJJKyI-Q,Action_game
KTyfJJKyI-Q,Video_game_culture
XTUu1H-A1_4,Action-adventure_game
XTUu1H-A1_4,Action_game
XTUu1H-A1_4,Casual_game
XTUu1H-A1_4,Video_game_culture
XThugLvQmXk,Action-adventure_game
XThugLvQmXk,Role-playing_video_game
XThugLvQmXk,Video_game_culture
XTlpxcZq9ok,Video_game_culture
XU7CPy_4D0Y,Action-adventure_game
XU7CPy_4D0Y,Action_game
XU7CPy_4D0Y,Video_game_culture
XUUVfrY4L8Q,Association_football
XUUVfrY4L8Q,Sport
XV3IElM8WOc,Action-adventure_game
XV3IElM8WOc,Action_game
XV3IElM8WOc,Role-playing_video_game
XV3IElM8WOc,Video_game_culture
XVpt0Mk6l70,Role-playing_video_game
XVpt0Mk6l70,Strategy_video_game
XVpt0Mk6l70,Video_game_culture
XVxE2Uimc-4,Sports_game
XVxE2Uimc-4,Video_game_culture
XW03mNDKbOg,Role-playing_video_game
XW03mNDKbOg,Video_game_culture
XXR0SSbWKlg,Action-adventure_game
XXR0SSbWKlg,Action_game
XXR0SSbWKlg,Video_game_culture
X_8LuOgyR4s,Action-adventure_game
X_8LuOgyR4s,Puzzle_video_game
X_8LuOgyR4s,Strategy_video_game
X_8LuOgyR4s,Video_game_culture
Xa1ea8y0O9M,Sports_game
Xa1ea8y0O9M,Video_game_culture
XaGAaHrT1ZY,Sports_game
XaGAaHrT1ZY,Video_game_culture
XaHQWw0OkJ0,Action_game
XaHQWw0OkJ0,Video_game_culture
XeLt1Ha_HmQ,Video_game_culture
XeZqvXo_DuY,Action-adventure_game
XeZqvXo_DuY,Video_game_culture
Xet4Dz-VGPI,Action_game
Xet4Dz-VGPI,Role-playing_video_game
Xet4Dz-VGPI,Video_game_culture
XezWqg4BA7k,Action_game
XezWqg4BA7k,Video_game_culture
Xfcok92aYvo,Action-adventure_game
Xfcok92aYvo,Action_game
Xfcok92aYvo,Role-playing_video_game
Xfcok92aYvo,Video_game_culture
Xg0yVXOp1nc,Action_game
Xg0yVXOp1nc,Video_game_culture
XgfOBBXyCMM,Action_game
XgfOBBXyCMM,Video_game_culture
Xi1mPdZFRgs,Role-playing_video_game
Xi1mPdZFRgs,Video_game_culture
Xi6B12n_0w8,Video_game_culture
Xim9QCj638M,Role-playing_video_game
Xim9QCj638M,Video_game_culture
Xj9FG5UxM4c,Video_game_culture
XjE8U0NPaTg,Action_game
XjE8U0NPaTg,Video_game_culture
XjaewbKb73Q,Action-adventure_game
XjaewbKb73Q,Action_game
XjaewbKb73Q,Role-playing_video_game
XjaewbKb73Q,Video_game_culture
XjvAnkxUINI,Action_game
XjvAnkxUINI,Video_game_culture
UxOI0XWcXmI,Action-adventure_game
UxOI0XWcXmI,Action_game
UxOI0XWcXmI,Video_game_culture
UyrRPB8Uv60,Action_game
UyrRPB8Uv60,Role-playing_video_game
UyrRPB8Uv60,Strategy_video_game
UyrRPB8Uv60,Video_game_culture
UyzS3fGe3Gw,Role-playing_video_game
UyzS3fGe3Gw,Video_game_culture
UyznvTICm3M,Casual_game
UyznvTICm3M,Video_game_culture
Uz6AhqM-PF0,Action-adventure_game
Uz6AhqM-PF0,Action_game
Uz6AhqM-PF0,Role-playing_video_game
Uz6AhqM-PF0,Video_game_culture
V-6yRAAW6AA,Action_game
V-6yRAAW6AA,Video_game_culture
V-ZlhfKduXY,Sports_game
V-ZlhfKduXY,Video_game_culture
V0QKL6SAtqc,Sports_game
V0QKL6SAtqc,Video_game_culture
V0fMSfVPLwM,Video_game_culture
V19MoPwXmcE,Action_game
V19MoPwXmcE,Strategy_video_game
V19MoPwXmcE,Video_game_culture
V1Mbf_b6xCg,Video_game_culture
V1rrhmRB8zE,Action_game
V1rrhmRB8zE,Role-playing_video_game
V1rrhmRB8zE,Strategy_video_game
V1rrhmRB8zE,Video_game_culture
V2Nw9mjdA8g,Action-adventure_game
V2Nw9mjdA8g,Action_game
V2Nw9mjdA8g,Role-playing_video_game
V2Nw9mjdA8g,Strategy_video_game
V2Nw9mjdA8g,Video_game_culture
V2XFbEMBP2Y,Action-adventure_game
V2XFbEMBP2Y,Action_game
V2XFbEMBP2Y,Video_game_culture
V2mUW6svlYM,Role-playing_video_game
V2mUW6svlYM,Video_game_culture
V5xffmupjYs,Action_game
V5xffmupjYs,Strategy_video_game
V5xffmupjYs,Video_game_culture
V7WUkAbZd5s,Video_game_culture
V86xIGfo0H0,Action-adventure_game
V86xIGfo0H0,Action_game
V86xIGfo0H0,Role-playing_video_game
V86xIGfo0H0,Video_game_culture
V8HEBX7RVtI,Video_game_culture
V8arm5eZ-DI,Action_game
V8arm5eZ-DI,Video_game_culture
V9pBXrZJNCs,Action_game
V9pBXrZJNCs,Role-playing_video_game
V9pBXrZJNCs,Strategy_video_game
V9pBXrZJNCs,Video_game_culture
VAjfTVIokYk,Video_game_culture
VB5w55VB-lw,Action_game
VB5w55VB-lw,Strategy_video_game
VB5w55VB-lw,Video_game_culture
VBwSSr5qrYU,Action_game
VBwSSr5qrYU,Video_game_culture
VC0lE4zyi14,Video_game_culture
Co83Upms2Po,Action-adventure_game
Co83Upms2Po,Action_game
Co83Upms2Po,Video_game_culture
CpLxLsl4r_E,Action_game
CpLxLsl4r_E,Video_game_culture
Cpn9oS9JNqU,Video_game_culture
CpskA2zKdGQ,Action_game
CpskA2zKdGQ,Video_game_culture
CpwNqFa1XjY,Action-adventure_game
CpwNqFa1XjY,Action_game
CpwNqFa1XjY,Video_game_culture
CrH5UWiX1t0,Association_football
CrH5UWiX1t0,Sport
CrH5UWiX1t0,Sports_game
CsvBpkSNjRg,Casual_game
CsvBpkSNjRg,Simulation_video_game
CsvBpkSNjRg,Video_game_culture
CtyiajnSt9E,Action_game
CtyiajnSt9E,Video_game_culture
CwARy8Apwxo,Action_game
CwARy8Apwxo,Role-playing_video_game
CwARy8Apwxo,Strategy_video_game
CwARy8Apwxo,Video_game_culture
Cwce6GfPgJA,Sports_game
Cwce6GfPgJA,Video_game_culture
CwpZpOP3QKY,Food
Cwr1YYfOOSo,Sports_game
Cwr1YYfOOSo,Video_game_culture
Cx2igfDrdhM,Sports_game
Cx2igfDrdhM,Video_game_culture
Cx9d3BIF67Y,Video_game_culture
CxuX2uU4lXw,Casual_game
CxuX2uU4lXw,Video_game_culture
CzzRJn25zzM,Action_game
CzzRJn25zzM,Video_game_culture
wEduM2c7Yto,Role-playing_video_game
wEduM2c7Yto,Strategy_video_game
wEduM2c7Yto,Video_game_culture
wF0aZ6E-dtg,Action_game
wF0aZ6E-dtg,Role-playing_video_game
wF0aZ6E-dtg,Video_game_culture
wF3rjmF7JyQ,Action-adventure_game
wF3rjmF7JyQ,Action_game
wF3rjmF7JyQ,Video_game_culture
wG0IyfQ0C9s,Role-playing_video_game
wG0IyfQ0C9s,Video_game_culture
wGFiNhEIZFE,Association_football
wGFiNhEIZFE,Sport
wGReLsgOOdY,Video_game_culture
wGVVW8xyjsc,Action-adventure_game
wGVVW8xyjsc,Action_game
wGVVW8xyjsc,Casual_game
wGVVW8xyjsc,Video_game_culture
wGzN8vYyCwk,Action-adventure_game
wGzN8vYyCwk,Action_game
wGzN8vYyCwk,Video_game_culture
wHX9OyiaQl0,Action_game
wHX9OyiaQl0,Strategy_video_game
wHX9OyiaQl0,Video_game_culture
wHz6ig_mfEc,Action_game
wHz6ig_mfEc,Role-playing_video_game
wHz6ig_mfEc,Video_game_culture
wI7y8k0xV0s,Action-adventure_game
wI7y8k0xV0s,Action_game
wI7y8k0xV0s,Role-playing_video_game
wI7y8k0xV0s,Strategy_video_game
wI7y8k0xV0s,Video_game_culture
wID01vlPsXw,Association_football
wID01vlPsXw,Sport
wID01vlPsXw,Sports_game
wIORkqa1uVc,Video_game_culture
wIPWaTgaGFE,Action_game
wIPWaTgaGFE,Strategy_video_game
wIPWaTgaGFE,Video_game_culture
wIWAt0Wsv4c,Strategy_video_game
wIWAt0Wsv4c,Video_game_culture
wJINrGJrGD8,Action-adventure_game
wJINrGJrGD8,Action_game
wJINrGJrGD8,Simulation_video_game
wJINrGJrGD8,Strategy_video_game
wJINrGJrGD8,Video_game_culture
wK-s57O7fAc,Action-adventure_game
wK-s57O7fAc,Action_game
wK-s57O7fAc,Video_game_culture
wLWYg3e6dF0,Action-adventure_game
wLWYg3e6dF0,Action_game
wLWYg3e6dF0,Role-playing_video_game
wLWYg3e6dF0,Strategy_video_game
wLWYg3e6dF0,Video_game_culture
wLqDDeJPmVw,Role-playing_video_game
wLqDDeJPmVw,Strategy_video_game
wLqDDeJPmVw,Video_game_culture
wLun6I5Fp4k,Action-adventure_game
wLun6I5Fp4k,Action_game
wLun6I5Fp4k,Role-playing_video_game
wLun6I5Fp4k,Video_game_culture
wN7aWj7dong,Action_game
wN7aWj7dong,Role-playing_video_game
wN7aWj7dong,Strategy_video_game
wN7aWj7dong,Video_game_culture
wNGBQQ7-5Dc,Video_game_culture
wNd-L1RSjwU,Role-playing_video_game
wNd-L1RSjwU,Video_game_culture
wOLj3UJKckw,Video_game_culture
wOdvKD-xnc8,Action-adventure_game
wOdvKD-xnc8,Action_game
wOdvKD-xnc8,Video_game_culture
g4F3OEXeKfg,Sports_game
g4F3OEXeKfg,Video_game_culture
g5OSjwQaACY,Role-playing_video_game
g5OSjwQaACY,Video_game_culture
g5Y3lgg-4z0,Video_game_culture
g5d69rID8Xk,Action_game
g5d69rID8Xk,Video_game_culture
g6xfDd7KEhU,Strategy_video_game
g6xfDd7KEhU,Video_game_culture
g6zgy_yT1ms,Video_game_culture
g7gN5Z1dH2o,Action-adventure_game
g7gN5Z1dH2o,Action_game
g7gN5Z1dH2o,Role-playing_video_game
g7gN5Z1dH2o,Strategy_video_game
g7gN5Z1dH2o,Video_game_culture
g7obSFqpDEw,Action_game
g7obSFqpDEw,Role-playing_video_game
g7obSFqpDEw,Strategy_video_game
g7obSFqpDEw,Video_game_culture
g84ybSt8fvc,Video_game_culture
g8D0KZPXy4o,Action_game
g8D0KZPXy4o,Role-playing_video_game
g8D0KZPXy4o,Video_game_culture
g8JnnYVoIIs,Action-adventure_game
g8JnnYVoIIs,Action_game
g8JnnYVoIIs,Role-playing_video_game
g8JnnYVoIIs,Video_game_culture
g94zlxK5rNs,Role-playing_video_game
g94zlxK5rNs,Video_game_culture
g9bxtV3oZDI,Sports_game
g9bxtV3oZDI,Video_game_culture
g9q7llyO8eM,Action_game
g9q7llyO8eM,Strategy_video_game
g9q7llyO8eM,Video_game_culture
gA3BelLC8O8,Action-adventure_game
gA3BelLC8O8,Action_game
gA3BelLC8O8,Role-playing_video_game
gA3BelLC8O8,Video_game_culture
gB-CP0Bk0Ag,Action_game
gB-CP0Bk0Ag,Video_game_culture
gCVfDWISZAk,Strategy_video_game
gCVfDWISZAk,Video_game_culture
gCYs9F1rEeA,Action-adventure_game
gCYs9F1rEeA,Video_game_culture
gDn_xv9iOJ8,Association_football
gDn_xv9iOJ8,Sport
gEt4F494-ZU,Role-playing_video_game
gEt4F494-ZU,Video_game_culture
gF2T3_cnMj8,Action_game
gF2T3_cnMj8,Role-playing_video_game
gF2T3_cnMj8,Video_game_culture
gF_EQdVZw_M,Action-adventure_game
gF_EQdVZw_M,Action_game
gF_EQdVZw_M,Role-playing_video_game
gF_EQdVZw_M,Strategy_video_game
gF_EQdVZw_M,Video_game_culture
gFalPK0RWzE,Action_game
gFalPK0RWzE,Strategy_video_game
gFalPK0RWzE,Video_game_culture
gGdDO5cnIn0,Video_game_culture
gGqoteJGoYs,Action_game
gGqoteJGoYs,Video_game_culture
oumj_KuLde8,Action-adventure_game
oumj_KuLde8,Action_game
oumj_KuLde8,Video_game_culture
owFIRiKvuZg,Action_game
owFIRiKvuZg,Video_game_culture
owUmjiRWFWA,Action_game
owUmjiRWFWA,Video_game_culture
owZpjBIFhnk,Food
owz-jPIDLXE,Action-adventure_game
owz-jPIDLXE,Action_game
owz-jPIDLXE,Role-playing_video_game
owz-jPIDLXE,Video_game_culture
oyylPhz16ls,Action_game
oyylPhz16ls,Role-playing_video_game
oyylPhz16ls,Strategy_video_game
oyylPhz16ls,Video_game_culture
oz1wRBZMb1I,Association_football
oz1wRBZMb1I,Sport
ozByEXgjrbs,Action_game
ozByEXgjrbs,Video_game_culture
ozXlMYLP1ww,Action_game
ozXlMYLP1ww,Video_game_culture
oze_IXKO6Wc,Action-adventure_game
oze_IXKO6Wc,Action_game
oze_IXKO6Wc,Simulation_video_game
oze_IXKO6Wc,Strategy_video_game
oze_IXKO6Wc,Video_game_culture
ozgxBNIu1lc,Action_game
ozgxBNIu1lc,Sports_game
ozgxBNIu1lc,Strategy_video_game
ozgxBNIu1lc,Video_game_culture
p-P2BSAQ3WI,Action-adventure_game
p-P2BSAQ3WI,Action_game
p-P2BSAQ3WI,Video_game_culture
p-dNNKTxvKY,Video_game_culture
p-x5UpzTqR0,Action-adventure_game
p-x5UpzTqR0,Action_game
p-x5UpzTqR0,Video_game_culture
p059RoMFDM8,Video_game_culture
p0grJGd6Frs,Video_game_culture
p12zpH9jXc4,Casual_game
p12zpH9jXc4,Video_game_culture
p27JHMxSaEs,Sports_game
p27JHMxSaEs,Video_game_culture
p3--RHv8n9c,Action_game
p3--RHv8n9c,Role-playing_video_game
p3--RHv8n9c,Video_game_culture
p3-3W4lt4Wg,Action_game
p3-3W4lt4Wg,Role-playing_video_game
p3-3W4lt4Wg,Strategy_video_game
p3-3W4lt4Wg,Video_game_culture
p3aEWAsRato,Role-playing_video_game
p3aEWAsRato,Video_game_culture
p3smViHpT_o,Video_game_culture
p4HRBjsq-uE,Role-playing_video_game
p4HRBjsq-uE,Video_game_culture
p4wK6xwUFDc,Action_game
p4wK6xwUFDc,Video_game_culture
Gn4lIQY-_wg,Sports_game
Gn4lIQY-_wg,Video_game_culture
GnRLH3WtUag,Role-playing_video_game
GnRLH3WtUag,Video_game_culture
Gnpi72KeynQ,Video_game_culture
GoMh8fmyjFs,Action_game
GoMh8fmyjFs,Role-playing_video_game
GoMh8fmyjFs,Strategy_video_game
GoMh8fmyjFs,Video_game_culture
GoRmFSMooss,Action-adventure_game
GoRmFSMooss,Video_game_culture
GoXJoo48iEs,Association_football
GoXJoo48iEs,Sport
Go_srdDtCRg,Association_football
Go_srdDtCRg,Sport
GoaOgvzY-V4,Association_football
GoaOgvzY-V4,Sport
Gob5BtAxC_k,Action_game
Gob5BtAxC_k,Role-playing_video_game
Gob5BtAxC_k,Video_game_culture
GpMIXCpWRts,Action_game
GpMIXCpWRts,Video_game_culture
GrtaeU_GulA,Action_game
GrtaeU_GulA,Role-playing_video_game
GrtaeU_GulA,Strategy_video_game
GrtaeU_GulA,Video_game_culture
Gs2O1xbjXT0,Strategy_video_game
Gs2O1xbjXT0,Video_game_culture
GsK7aUa5vac,Action-adventure_game
GsK7aUa5vac,Action_game
GsK7aUa5vac,Video_game_culture
GsQzLBNPd00,Action_game
GsQzLBNPd00,Video_game_culture
GsdWn0SBkLE,Video_game_culture
GtPzByPDnuA,Action_game
GtPzByPDnuA,Video_game_culture
GtyrRnOCBBU,Association_football
GtyrRnOCBBU,Sport
GuDtctKeYEc,Role-playing_video_game
GuDtctKeYEc,Video_game_culture
GuNaTWC6e2M,Action-adventure_game
GuNaTWC6e2M,Action_game
GuNaTWC6e2M,Role-playing_video_game
GuNaTWC6e2M,Strategy_video_game
GuNaTWC6e2M,Video_game_culture
Gv88Gl4HK7k,Action_game
Gv88Gl4HK7k,Video_game_culture
GvWTltwhH3I,Action-adventure_game
GvWTltwhH3I,Action_game
GvWTltwhH3I,Role-playing_video_game
GvWTltwhH3I,Strategy_video_game
GvWTltwhH3I,Video_game_culture
GwTg_mO4uIE,Action-adventure_game
GwTg_mO4uIE,Action_game
GwTg_mO4uIE,Role-playing_video_game
GwTg_mO4uIE,Strategy_video_game
GwTg_mO4uIE,Video_game_culture
GwyN8zzGiNQ,Action_game
GwyN8zzGiNQ,Role-playing_video_game
GwyN8zzGiNQ,Video_game_culture
GxHqNLCym4g,Action_game
GxHqNLCym4g,Role-playing_video_game
GxHqNLCym4g,Video_game_culture
GxwgFRaYaM4,Action_game
GxwgFRaYaM4,Strategy_video_game
GxwgFRaYaM4,Video_game_culture
Gy_g0BRM_Kc,Action_game
Gy_g0BRM_Kc,Video_game_culture
Gz1esBkZ68E,Action-adventure_game
Gz1esBkZ68E,Action_game
Gz1esBkZ68E,Strategy_video_game
Gz1esBkZ68E,Video_game_culture
C-ML2LNOJUI,Action-adventure_game
C-ML2LNOJUI,Role-playing_video_game
C-ML2LNOJUI,Strategy_video_game
C-ML2LNOJUI,Video_game_culture
C0H_LLz1ERU,Role-playing_video_game
C0H_LLz1ERU,Video_game_culture
C0frAa_f9hM,Action_game
C0frAa_f9hM,Role-playing_video_game
C0frAa_f9hM,Strategy_video_game
C0frAa_f9hM,Video_game_culture
C0rUoOiYPOw,Action-adventure_game
C0rUoOiYPOw,Video_game_culture
C1OFR3NiL5E,Action_game
C1OFR3NiL5E,Role-playing_video_game
C1OFR3NiL5E,Video_game_culture
C1_RYasCRno,Video_game_culture
C2DyTve89P0,Association_football
C2DyTve89P0,Sport
C3IK8vSI9Sc,Action-adventure_game
C3IK8vSI9Sc,Role-playing_video_game
C3IK8vSI9Sc,Strategy_video_game
C3IK8vSI9Sc,Video_game_culture
C4AFrDPbqmM,Sports_game
C4AFrDPbqmM,Video_game_culture
C5FHs60X3Jk,Action-adventure_game
C5FHs60X3Jk,Action_game
C5FHs60X3Jk,Role-playing_video_game
C5FHs60X3Jk,Strategy_video_game
C5FHs60X3Jk,Video_game_culture
C6kEDWFQA94,Action_game
C6kEDWFQA94,Role-playing_video_game
C6kEDWFQA94,Video_game_culture
C7E-c_d9lt8,Role-playing_video_game
C7E-c_d9lt8,Video_game_culture
C7S5RjYFv1o,Action_game
C7S5RjYFv1o,Role-playing_video_game
C7S5RjYFv1o,Video_game_culture
C7c1ypPqTe0,Video_game_culture
C7pwmHbBR9c,Video_game_culture
C8N8KPLKtyw,Role-playing_video_game
C8N8KPLKtyw,Video_game_culture
C8b5V5Ehx_E,Action-adventure_game
C8b5V5Ehx_E,Action_game
C8b5V5Ehx_E,Role-playing_video_game
C8b5V5Ehx_E,Strategy_video_game
C8b5V5Ehx_E,Video_game_culture
C8smTEE1_5s,Action-adventure_game
C8smTEE1_5s,Action_game
C8smTEE1_5s,Role-playing_video_game
C8smTEE1_5s,Video_game_culture
C9ltndLbvsY,Sports_game
C9ltndLbvsY,Video_game_culture
CBB7CXijczk,Action_game
CBB7CXijczk,Strategy_video_game
CBB7CXijczk,Video_game_culture
CBK-SwGo4rc,Action_game
CBK-SwGo4rc,Role-playing_video_game
CBK-SwGo4rc,Strategy_video_game
CBK-SwGo4rc,Video_game_culture
CCCYN1IQbnw,Action_game
CCCYN1IQbnw,Strategy_video_game
CCCYN1IQbnw,Video_game_culture
qoTMqFf2YQo,Food
qoTMqFf2YQo,Lifestyle_(sociology)
qog41vWfR7c,Action_game
qog41vWfR7c,Role-playing_video_game
qog41vWfR7c,Strategy_video_game
qog41vWfR7c,Video_game_culture
qpbY3hcUzcI,Sports_game
qpbY3hcUzcI,Video_game_culture
qr14m9r3FoI,Action_game
qr14m9r3FoI,Video_game_culture
qrKNNEogq14,Action_game
qrKNNEogq14,Video_game_culture
qrKZEJHjIrI,Action_game
qrKZEJHjIrI,Video_game_culture
qu8TyzBQv6k,Action_game
qu8TyzBQv6k,Video_game_culture
quNSlrSqyPQ,Action-adventure_game
quNSlrSqyPQ,Action_game
quNSlrSqyPQ,Video_game_culture
quZIif9dj8M,Video_game_culture
quiGmTTiXXw,Action_game
quiGmTTiXXw,Video_game_culture
qurkMcAp2i4,Action_game
qurkMcAp2i4,Role-playing_video_game
qurkMcAp2i4,Strategy_video_game
qurkMcAp2i4,Video_game_culture
qwZeSgrLyns,Sports_game
qwZeSgrLyns,Video_game_culture
qwoCS8TwPWU,Action-adventure_game
qwoCS8TwPWU,Action_game
qwoCS8TwPWU,Video_game_culture
qxXpPmF2O3s,Action-adventure_game
qxXpPmF2O3s,Action_game
qxXpPmF2O3s,Video_game_culture
qyCy8Jlat5w,Video_game_culture
qyOv-wsaUFc,Action-adventure_game
qyOv-wsaUFc,Action_game
qyOv-wsaUFc,Video_game_culture
qySJ8uYqbZc,Video_game_culture
qza4ybfQ_N0,Video_game_culture
7M406lRPLEs,Action_game
7M406lRPLEs,Role-playing_video_game
7M406lRPLEs,Video_game_culture
7MD2QpLK06Y,Action_game
7MD2QpLK06Y,Video_game_culture
7NCbpx7AoUg,Video_game_culture
7NuzKiFl_kk,Sports_game
7NuzKiFl_kk,Video_game_culture
7QRV7DCpjmA,Video_game_culture
7QX4pqZuZuU,Action_game
7QX4pqZuZuU,Video_game_culture
7Qwu3-Bz1DQ,Role-playing_video_game
7Qwu3-Bz1DQ,Video_game_culture
7RC5HSD6SQI,Action_game
7RC5HSD6SQI,Strategy_video_game
7RC5HSD6SQI,Video_game_culture
7RQxwNWqECs,Action-adventure_game
7RQxwNWqECs,Action_game
7RQxwNWqECs,Video_game_culture
7RZio0AFbPA,Role-playing_video_game
7RZio0AFbPA,Video_game_culture
7VcfhKrOUlQ,Role-playing_video_game
7VcfhKrOUlQ,Video_game_culture
7VedObrwgQw,Role-playing_video_game
7VedObrwgQw,Video_game_culture
7VtM1lk5EX8,Action_game
7VtM1lk5EX8,Sports_game
7VtM1lk5EX8,Strategy_video_game
7VtM1lk5EX8,Video_game_culture
7WtCqXYw9wU,Action_game
7WtCqXYw9wU,Video_game_culture
7XPgfSn_CMQ,Simulation_video_game
7XPgfSn_CMQ,Video_game_culture
7YPmhI86_3M,Role-playing_video_game
7YPmhI86_3M,Video_game_culture
mb6RuzZ3kBE,Video_game_culture
mbd9MCKfah0,Role-playing_video_game
mbd9MCKfah0,Strategy_video_game
mbd9MCKfah0,Video_game_culture
mc2yF3NI-Cs,Action-adventure_game
mc2yF3NI-Cs,Video_game_culture
mcK-QU_51GE,Action_game
mcK-QU_51GE,Video_game_culture
mcKISCD6Q9M,Action_game
mcKISCD6Q9M,Role-playing_video_game
mcKISCD6Q9M,Video_game_culture
mdJ7wTN7eMs,Sports_game
mdJ7wTN7eMs,Video_game_culture
memfB6D8weg,Action_game
memfB6D8weg,Video_game_culture
mfjfHpjpKWo,Casual_game
mfjfHpjpKWo,Video_game_culture
mfuyU-RaUKQ,Action_game
mfuyU-RaUKQ,Video_game_culture
mgJJxMvGdgk,Action-adventure_game
mgJJxMvGdgk,Action_game
mgJJxMvGdgk,Video_game_culture
mh59pM2K7rI,Video_game_culture
mh6W9nQsFCo,Action_game
mh6W9nQsFCo,Role-playing_video_game
mh6W9nQsFCo,Strategy_video_game
mh6W9nQsFCo,Video_game_culture
mhM2d2nohrg,Action_game
mhM2d2nohrg,Role-playing_video_game
mhM2d2nohrg,Video_game_culture
mijfREQve7c,Action-adventure_game
mijfREQve7c,Action_game
mijfREQve7c,Video_game_culture
mj5KlvDkUxI,Action-adventure_game
mj5KlvDkUxI,Action_game
mj5KlvDkUxI,Role-playing_video_game
mj5KlvDkUxI,Strategy_video_game
mj5KlvDkUxI,Video_game_culture
mk5_Of21FVo,Action_game
mk5_Of21FVo,Video_game_culture
mk66u4jl_xY,Action_game
mk66u4jl_xY,Role-playing_video_game
mk66u4jl_xY,Strategy_video_game
mk66u4jl_xY,Video_game_culture
mkGoElerui0,Action_game
mkGoElerui0,Video_game_culture
mktsX6akCpA,Video_game_culture
mm5GapCblIk,Video_game_culture
mm7L5GoLT8A,Action_game
mm7L5GoLT8A,Role-playing_video_game
mm7L5GoLT8A,Strategy_video_game
mm7L5GoLT8A,Video_game_culture
mma95BlTj9I,Action_game
mma95BlTj9I,Role-playing_video_game
mma95BlTj9I,Strategy_video_game
mma95BlTj9I,Video_game_culture
mnLj4FD6wS4,Role-playing_video_game
mnLj4FD6wS4,Video_game_culture
mnYpPORW9hY,Action_game
mnYpPORW9hY,Role-playing_video_game
mnYpPORW9hY,Video_game_culture
Ba1b3Nuv1oU,Action-adventure_game
Ba1b3Nuv1oU,Action_game
Ba1b3Nuv1oU,Video_game_culture
BaXtgIU14W4,Strategy_video_game
BaXtgIU14W4,Video_game_culture
BaaRYpeES_g,Video_game_culture
Bf1-2cxsVAc,Simulation_video_game
Bf1-2cxsVAc,Video_game_culture
BfAvCg2KECA,Action-adventure_game
BfAvCg2KECA,Action_game
BfAvCg2KECA,Video_game_culture
BfT9S7yg0xM,Role-playing_video_game
BfT9S7yg0xM,Video_game_culture
BfddwS70PMM,Action_game
BfddwS70PMM,Video_game_culture
BhIQc1ASstU,Video_game_culture
BjYtVAvRoTo,Action_game
BjYtVAvRoTo,Role-playing_video_game
BjYtVAvRoTo,Video_game_culture
Bkn-s-pnock,Sports_game
Bkn-s-pnock,Video_game_culture
BloLx6B69Lw,Action_game
BloLx6B69Lw,Strategy_video_game
BloLx6B69Lw,Video_game_culture
BmVbDr3o5ZU,Video_game_culture
